"STATION","DATE","LATITUDE","LONGITUDE","ELEVATION","NAME","TEMP","TEMP_ATTRIBUTES","DEWP","DEWP_ATTRIBUTES","SLP","SLP_ATTRIBUTES","STP","STP_ATTRIBUTES","VISIB","VISIB_ATTRIBUTES","WDSP","WDSP_ATTRIBUTES","MXSPD","GUST","MAX","MAX_ATTRIBUTES","MIN","MIN_ATTRIBUTES","PRCP","PRCP_ATTRIBUTES","SNDP","FRSHTT"
"15314099999","2021-01-01","45.3","21.9166666","286.0","RESITA, RO","  39.0","24","  33.0","24","1015.9","24","981.3","24","  9.8","24","  3.8","24","  5.8"," 11.7","  48.6"," ","  32.9","*"," 0.21","G","999.9","000000"
"15314099999","2021-01-02","45.3","21.9166666","286.0","RESITA, RO","  41.6","24","  28.2","24","1018.3","24","983.9","24"," 12.4","24","  5.0","24"," 19.4"," 29.1","  55.0"," ","  28.6"," "," 0.00","G","999.9","000000"
"15314099999","2021-01-03","45.3","21.9166666","286.0","RESITA, RO","  49.3","24","  36.6","24","1015.3","24","981.5","24"," 11.7","24","  6.0","24"," 13.6"," 27.2","  53.4"," ","  38.8"," "," 0.00","G","999.9","010000"
"15314099999","2021-01-04","45.3","21.9166666","286.0","RESITA, RO","  44.2","24","  41.4","24","1012.0","24","977.9","24","  7.9","24","  3.0","23","  7.8"," 13.6","  52.7"," ","  41.7"," "," 0.06","G","  0.4","010000"
"15314099999","2021-01-05","45.3","21.9166666","286.0","RESITA, RO","  39.6","24","  38.1","23","1012.4","24","978.1","24","  4.2","24","  3.8","24","  7.8"," 13.6","  44.1"," ","  32.4","*"," 1.19","G","999.9","010000"
"15314099999","2021-01-06","45.3","21.9166666","286.0","RESITA, RO","  43.1","24","  35.3","24","1014.1","24","979.9","24","  7.5","24","  7.8","24"," 17.5"," 27.2","  52.0"," ","  30.4"," "," 0.09","G","999.9","010000"
"15314099999","2021-01-07","45.3","21.9166666","286.0","RESITA, RO","  37.8","24","  34.6","24","1016.1","24","981.5","24","  9.6","24","  3.6","24","  5.8"," 11.7","  45.9"," ","  33.3","*"," 0.69","G","999.9","010000"
"15314099999","2021-01-08","45.3","21.9166666","286.0","RESITA, RO","  33.6","24","  32.8","24","1014.8","24","980.0","24","  6.2","24","  3.3","23","  7.8","  9.7","  36.1"," ","  32.2"," "," 0.00","G","999.9","010000"
"15314099999","2021-01-09","45.3","21.9166666","286.0","RESITA, RO","  31.1","24","  29.3","24","1020.8","24","985.5","24","  4.0","24","  2.5","24","  3.9","999.9","  34.7"," ","  28.8"," "," 0.11","G","999.9","000000"
"15314099999","2021-01-10","45.3","21.9166666","286.0","RESITA, RO","  32.3","24","  31.0","24","1021.1","24","985.9","24","  3.6","24","  3.0","24","  5.8","  9.7","  35.6"," ","  30.0"," "," 0.05","G","999.9","011000"
"15314099999","2021-01-11","45.3","21.9166666","286.0","RESITA, RO","  32.1","24","  31.5","24","1019.8","24","984.7","24","  1.9","24","  2.3","24","  5.8","  9.7","  34.2"," ","  30.7"," "," 0.13","G","999.9","011000"
"15314099999","2021-01-12","45.3","21.9166666","286.0","RESITA, RO","  32.1","24","  31.7","24","1016.3","24","981.3","24","  1.6","24","  2.9","24","  5.8","  9.7","  33.1"," ","  30.7","*"," 0.12","G","999.9","011000"
"15314099999","2021-01-13","45.3","21.9166666","286.0","RESITA, RO","  30.9","24","  28.8","24","1013.2","24","978.2","24","  3.0","24","  3.7","24","  7.8"," 17.5","  32.5"," ","  29.7"," "," 0.05","G","999.9","001000"
"15314099999","2021-01-14","45.3","21.9166666","286.0","RESITA, RO","  30.5","24","  26.8","24","1010.9","24","975.9","24","  4.4","24","  5.6","24","  7.8"," 15.5","  32.7"," ","  28.9"," "," 0.03","G","999.9","001000"
"15314099999","2021-01-15","45.3","21.9166666","286.0","RESITA, RO","  29.0","24","  25.8","24","1017.1","24","981.8","24","  6.2","24","  4.3","24","  7.8"," 11.7","  30.9"," ","  27.9"," "," 0.07","G","999.9","001000"
"15314099999","2021-01-16","45.3","21.9166666","286.0","RESITA, RO","  22.2","24","  15.0","24","1019.8","24","983.9","24","  9.8","24","  4.3","24"," 11.7"," 15.5","  29.8"," ","  15.6"," "," 0.02","G","  0.8","001000"
"15314099999","2021-01-17","45.3","21.9166666","286.0","RESITA, RO","  21.8","24","  16.2","24","1019.3","24","983.4","24","  6.2","24","  2.3","24","  5.8","  9.7","  27.1"," ","  17.8"," "," 0.79","G","  0.8","000000"
"15314099999","2021-01-18","45.3","21.9166666","286.0","RESITA, RO","  22.0","24","  17.0","24","1024.8","24","988.7","24","  6.2","24","  3.5","24","  7.8"," 15.5","  26.1"," ","  18.3"," "," 0.79","G","999.9","001000"
"15314099999","2021-01-19","45.3","21.9166666","286.0","RESITA, RO","  27.2","24","  22.6","24","1025.1","24","989.4","24","  7.0","24","  2.3","24","  5.8","  9.7","  31.3","*","  21.4"," "," 0.01","G","999.9","001000"
"15314099999","2021-01-20","45.3","21.9166666","286.0","RESITA, RO","  36.6","24","  29.3","24","1022.1","24","987.2","24","  8.5","24","  4.9","24","  7.8"," 13.6","  41.9"," ","  28.8"," "," 0.01","G","999.9","010000"
"15314099999","2021-01-21","45.3","21.9166666","286.0","RESITA, RO","  45.5","24","  32.7","24","1019.3","24","985.1","24","  9.8","24","  6.5","23"," 11.7","999.9","  53.4"," ","  33.8"," "," 0.00","G","999.9","000000"
"15314099999","2021-01-22","45.3","21.9166666","286.0","RESITA, RO","  51.7","24","  34.9","24","1012.5","24","978.9","24"," 12.4","24"," 11.9","24"," 17.5"," 29.1","  56.3"," ","  46.2"," "," 0.00","G","999.9","000000"
"15314099999","2021-01-23","45.3","21.9166666","286.0","RESITA, RO","  53.2","24","  35.4","24","1003.9","24","970.7","24"," 12.4","24"," 14.9","24"," 21.4"," 31.1","  57.6"," ","  49.1","*"," 0.00","G","999.9","000000"
"15314099999","2021-01-24","45.3","21.9166666","286.0","RESITA, RO","  49.8","24","  35.8","24"," 999.3","24","966.0","24"," 10.9","24"," 10.2","24"," 21.4"," 35.0","  56.5"," ","  43.7"," "," 0.06","G","999.9","010000"
"15314099999","2021-01-25","45.3","21.9166666","286.0","RESITA, RO","  35.7","24","  32.1","24","1001.8","24","967.5","24","  5.9","24","  8.0","24"," 21.4"," 40.8","  52.3"," ","  31.6"," "," 0.17","G","999.9","011000"
"15314099999","2021-01-26","45.3","21.9166666","286.0","RESITA, RO","  33.0","24","  30.1","24","1010.3","24","975.5","24","  6.2","24","  4.0","24","  7.8"," 11.7","  35.4"," ","  31.5"," "," 0.14","G","  0.4","001000"
"15314099999","2021-01-27","45.3","21.9166666","286.0","RESITA, RO","  29.9","24","  25.1","24","1013.8","24","978.7","24","  9.1","24","  4.1","24","  9.7"," 17.5","  34.3"," ","  25.9"," "," 0.00","G","999.9","001000"
"15314099999","2021-01-28","45.3","21.9166666","286.0","RESITA, RO","  29.9","24","  24.0","24","1013.1","24","978.0","24","  8.3","24","  3.5","24","  7.8"," 13.6","  34.7"," ","  24.8"," "," 0.00","G","999.9","000000"
"15314099999","2021-01-29","45.3","21.9166666","286.0","RESITA, RO","  38.1","24","  35.0","24","1004.7","24","970.5","24","  6.3","24","  4.0","24","  7.8"," 17.5","  45.7"," ","  30.0"," "," 0.19","G","999.9","011000"
"15314099999","2021-01-30","45.3","21.9166666","286.0","RESITA, RO","  43.1","24","  38.9","24","1001.6","24","967.8","24","  6.2","24","  3.2","24","  5.8","  9.7","  49.5"," ","  38.8"," "," 0.29","G","999.9","010000"
"15314099999","2021-01-31","45.3","21.9166666","286.0","RESITA, RO","  43.0","24","  38.0","24","1001.2","24","967.4","24","  5.2","24","  3.4","24","  5.8"," 13.6","  46.4"," ","  40.5"," "," 0.00","G","  0.4","010000"
"15314099999","2021-02-01","45.3","21.9166666","286.0","RESITA, RO","  35.5","24","  34.9","24","1003.3","24","969.0","24","  3.0","24","  3.1","24","  5.8"," 13.6","  41.9"," ","  32.0"," "," 1.03","G","999.9","010000"
"15314099999","2021-02-02","45.3","21.9166666","286.0","RESITA, RO","  38.1","24","  36.7","24","1013.0","24","978.5","24","  2.9","24","  1.9","23","  3.9","999.9","  46.0"," ","  33.1","*"," 0.01","G","999.9","110000"
"15314099999","2021-02-03","45.3","21.9166666","286.0","RESITA, RO","  44.0","24","  37.8","23","1014.8","24","980.7","24","  8.4","24","  3.3","24","  5.8"," 11.7","  58.6"," ","  31.1"," "," 0.00","G","999.9","100000"
"15314099999","2021-02-04","45.3","21.9166666","286.0","RESITA, RO","  47.9","24","  42.9","24","1015.9","24","982.0","24","  7.8","24","  4.2","24","  5.8"," 11.7","  55.0"," ","  37.6","*"," 0.06","G","  0.4","010010"
"15314099999","2021-02-05","45.3","21.9166666","286.0","RESITA, RO","  46.7","24","  40.2","24","1018.2","24","984.1","24","  9.8","24","  3.7","24","  5.8"," 11.7","  63.3"," ","  34.0"," "," 0.31","G","999.9","000000"
"15314099999","2021-02-06","45.3","21.9166666","286.0","RESITA, RO","  50.9","24","  41.6","24","1013.8","24","980.2","24"," 12.4","24","  3.1","24","  3.9","  9.7","  63.1"," ","  41.5"," "," 0.00","G","999.9","000000"
"15314099999","2021-02-07","45.3","21.9166666","286.0","RESITA, RO","  53.9","24","  34.4","24","1005.5","24","972.3","24"," 12.4","24","  8.9","24"," 21.4"," 33.0","  61.0"," ","  40.8"," "," 0.00","G","999.9","000000"
"15314099999","2021-02-08","45.3","21.9166666","286.0","RESITA, RO","  53.0","24","  37.4","24"," 996.9","24","963.9","24"," 12.4","24"," 13.8","24"," 27.2"," 44.7","  57.9"," ","  43.2","*"," 0.00","G","999.9","010000"
"15314099999","2021-02-09","45.3","21.9166666","286.0","RESITA, RO","  48.0","22","  40.7","22","1003.6","22","970.1","22"," 10.7","22","  8.6","22"," 21.4"," 35.0","  58.8"," ","  37.8"," "," 0.07","G","999.9","010000"
"15314099999","2021-02-10","45.3","21.9166666","286.0","RESITA, RO","  48.4","13","  43.8","13","1006.3","13","972.7","13"," 11.0","13","  3.1","13","  7.8"," 15.5","  54.5","*","  44.6"," "," 0.13","G","999.9","010000"
"15314099999","2021-02-13","45.3","21.9166666","286.0","RESITA, RO","  18.5","14","   7.6","14","1034.1","14","997.5","14"," 11.5","14","  7.2","14"," 11.7"," 15.5","  22.1"," ","  14.0","*","99.99"," ","999.9","001000"
"15314099999","2021-02-14","45.3","21.9166666","286.0","RESITA, RO","  22.6","24","  14.4","24","1034.5","24","998.1","24"," 12.4","24","  4.2","24","  9.7"," 13.6","  30.9"," ","  10.8"," "," 0.00","G","999.9","000000"
"15314099999","2021-02-15","45.3","21.9166666","286.0","RESITA, RO","  28.2","24","  20.4","24","1034.9","24","999.0","24"," 12.4","24","  3.4","24","  9.7"," 15.5","  34.9"," ","  22.6","*"," 0.00","G","999.9","000000"
"15314099999","2021-02-16","45.3","21.9166666","286.0","RESITA, RO","  27.8","24","  16.8","24","1029.0","24","993.3","24"," 12.4","24","  2.8","24","  7.8"," 11.7","  37.9"," ","  17.6"," "," 0.00","G","999.9","000000"
"15314099999","2021-02-17","45.3","21.9166666","286.0","RESITA, RO","  34.4","24","  24.8","24","1021.0","24","986.0","24"," 10.6","24","  3.0","24","  5.8"," 13.6","  43.3"," ","  27.0"," "," 0.00","G","999.9","010000"
"15314099999","2021-02-18","45.3","21.9166666","286.0","RESITA, RO","  38.8","24","  34.4","24","1022.4","24","987.6","24","  6.7","24","  3.0","24","  7.8"," 11.7","  45.9"," ","  33.6"," "," 0.01","G","999.9","000000"
"15314099999","2021-02-19","45.3","21.9166666","286.0","RESITA, RO","  36.2","12","  31.2","12","1026.1","12","991.0","12"," 12.4","12","  4.0","12","  7.8"," 11.7","  48.4","*","  30.4"," "," 0.00","G","999.9","000000"
"15314099999","2021-02-20","45.3","21.9166666","286.0","RESITA, RO","  38.1","10","  34.8","10","1029.3","10","994.2","10","  6.2","10","  2.9","10","  5.8","  9.7","  45.9"," ","  31.6","*"," 0.00","I","999.9","000000"
"15314099999","2021-02-21","45.3","21.9166666","286.0","RESITA, RO","  37.4","17","  32.0","17","1030.8","17","995.6","17","  9.2","17","  2.7","17","  3.9","  9.7","  55.8"," ","  27.1","*"," 0.00","I","999.9","000000"
"15314099999","2021-02-22","45.3","21.9166666","286.0","RESITA, RO","  44.5","24","  32.0","24","1030.2","24","995.6","24"," 12.4","24","  3.7","24","  5.8","  9.7","  62.1"," ","  30.2"," "," 0.00","G","999.9","000000"
"15314099999","2021-02-23","45.3","21.9166666","286.0","RESITA, RO","  46.7","23","  37.4","23","1033.2","23","998.6","23"," 12.4","23","  4.3","23","  9.7"," 13.6","  61.7"," ","  35.2"," "," 0.00","G","999.9","000000"
"15314099999","2021-02-24","45.3","21.9166666","286.0","RESITA, RO","  45.0","24","  39.5","24","1036.8","24","002.0","24"," 12.4","24","  3.6","24","  7.8","  9.7","  58.6"," ","  35.6"," "," 0.00","G","999.9","000000"
"15314099999","2021-02-25","45.3","21.9166666","286.0","RESITA, RO","  49.2","24","  40.4","24","1034.1","24","999.7","24"," 12.4","24","  3.4","24","  7.8","  9.7","  65.8"," ","  32.9"," "," 0.00","G","999.9","000000"
"15314099999","2021-02-26","45.3","21.9166666","286.0","RESITA, RO","  51.3","24","  41.0","24","1027.3","24","993.2","24"," 12.4","24","  3.8","24","  7.8"," 11.7","  66.7"," ","  38.5"," "," 0.00","G","999.9","000000"
"15314099999","2021-02-27","45.3","21.9166666","286.0","RESITA, RO","  44.2","24","  36.7","24","1026.5","24","992.0","24"," 11.7","24","  6.2","24"," 19.4"," 27.2","  54.7"," ","  35.1","*"," 0.00","G","999.9","000000"
"15314099999","2021-02-28","45.3","21.9166666","286.0","RESITA, RO","  38.9","24","  29.0","24","1033.1","24","997.9","24"," 12.4","24","  5.3","24"," 13.6"," 21.4","  51.1"," ","  28.6"," "," 0.00","G","999.9","000000"
"15314099999","2021-03-01","45.3","21.9166666","286.0","RESITA, RO","  38.5","24","  29.7","24","1031.9","24","996.8","24","  9.6","24","  3.6","24","  7.8"," 15.5","  50.2"," ","  28.2"," "," 0.00","G","999.9","000000"
"15314099999","2021-03-02","45.3","21.9166666","286.0","RESITA, RO","  39.9","24","  29.3","24","1035.2","24","000.1","24"," 12.4","24","  4.1","24","  9.7"," 13.6","  52.2"," ","  27.9"," "," 0.00","G","999.9","000000"
"15314099999","2021-03-03","45.3","21.9166666","286.0","RESITA, RO","  43.5","24","  32.0","24","1031.8","24","997.0","24"," 12.4","24","  3.5","24","  7.8"," 11.7","  59.9"," ","  30.6"," "," 0.00","G","999.9","000000"
"15314099999","2021-03-04","45.3","21.9166666","286.0","RESITA, RO","  44.3","24","  28.2","24","1020.9","24","986.5","24"," 12.4","24","  4.0","24","  9.7"," 17.5","  60.1"," ","  32.0"," "," 0.00","G","999.9","000000"
"15314099999","2021-03-05","45.3","21.9166666","286.0","RESITA, RO","  44.7","24","  32.1","24","1016.8","24","982.6","24"," 10.9","24","  5.3","24"," 11.7"," 21.4","  56.5"," ","  33.8"," "," 0.00","G","999.9","010000"
"15314099999","2021-03-06","45.3","21.9166666","286.0","RESITA, RO","  34.7","24","  20.8","24","1029.5","24","994.2","24"," 10.4","24","  7.8","24"," 13.6"," 23.3","  44.6"," ","  26.8","*"," 0.04","G","999.9","000000"
"15314099999","2021-03-07","45.3","21.9166666","286.0","RESITA, RO","  33.7","24","  19.5","24","1026.7","24","991.4","24"," 12.4","24","  2.7","24","  7.8"," 13.6","  47.1"," ","  21.6"," "," 0.00","G","999.9","000000"
"15314099999","2021-03-08","45.3","21.9166666","286.0","RESITA, RO","  35.7","24","  20.7","24","1018.4","24","983.5","24"," 12.4","24","  3.9","24","  9.7"," 13.6","  47.7"," ","  25.0"," "," 0.00","G","999.9","000000"
"15314099999","2021-03-09","45.3","21.9166666","286.0","RESITA, RO","  35.9","24","  22.5","24","1019.7","24","984.8","24"," 12.4","24","  4.0","24","  9.7"," 15.5","  45.1"," ","  26.1"," "," 0.00","G","999.9","000000"
"15314099999","2021-03-10","45.3","21.9166666","286.0","RESITA, RO","  35.4","24","  21.1","24","1018.8","24","984.0","24"," 10.6","24","  3.1","24","  9.7"," 15.5","  41.7"," ","  28.6","*"," 0.00","G","999.9","001000"
"15314099999","2021-03-11","45.3","21.9166666","286.0","RESITA, RO","  36.5","24","  21.3","24","1021.3","24","986.4","24"," 12.4","24","  5.7","24"," 13.6"," 23.3","  48.0"," ","  23.0"," "," 0.00","G","999.9","000000"
"15314099999","2021-03-12","45.3","21.9166666","286.0","RESITA, RO","  45.1","24","  29.0","24","1016.0","24","981.8","24"," 12.2","24","  5.3","24","  9.7"," 17.5","  53.8"," ","  38.5"," "," 0.01","G","999.9","010000"
"15314099999","2021-03-13","45.3","21.9166666","286.0","RESITA, RO","  42.7","24","  38.5","24","1015.1","24","980.9","24","  5.0","24","  3.5","24","  5.8"," 11.7","  51.6"," ","  36.7","*"," 0.13","G","999.9","010000"
"15314099999","2021-03-14","45.3","21.9166666","286.0","RESITA, RO","  50.7","24","  39.7","24","1007.7","24","974.2","24","  8.0","24","  5.7","24"," 13.6"," 25.3","  61.3"," ","  36.7"," "," 0.05","G","999.9","010000"
"15314099999","2021-03-15","45.3","21.9166666","286.0","RESITA, RO","  41.4","24","  40.5","24","1001.4","24","967.5","24","  3.8","24","  3.7","24","  7.8"," 15.5","  47.3"," ","  37.6","*"," 0.49","G","  0.4","010000"
"15314099999","2021-03-16","45.3","21.9166666","286.0","RESITA, RO","  36.0","24","  34.5","24","1006.0","24","971.6","24","  3.5","24","  4.6","24","  9.7"," 13.6","  39.9"," ","  32.4"," "," 0.89","G","999.9","011000"
"15314099999","2021-03-17","45.3","21.9166666","286.0","RESITA, RO","  37.0","24","  33.7","24","1010.0","24","975.5","24","  5.7","24","  8.3","24"," 11.7"," 21.4","  40.1"," ","  32.9"," "," 0.14","G","999.9","011000"
"15314099999","2021-03-18","45.3","21.9166666","286.0","RESITA, RO","  33.5","24","  32.4","24","1014.4","24","979.5","24","  1.7","24","  4.2","24","  7.8"," 13.6","  38.5"," ","  32.2","*"," 0.15","G","  0.4","011000"
"15314099999","2021-03-19","45.3","21.9166666","286.0","RESITA, RO","  35.0","24","  27.5","24","1016.5","24","981.6","24","  7.9","24","  3.2","24","  7.8"," 11.7","  42.3"," ","  29.8","*"," 0.33","G","999.9","011000"
"15314099999","2021-03-20","45.3","21.9166666","286.0","RESITA, RO","  36.4","24","  24.0","24","1020.0","24","985.2","24"," 11.7","24","  3.6","24","  7.8"," 11.7","  46.2"," ","  26.1"," "," 0.00","G","999.9","000000"
"15314099999","2021-03-21","45.3","21.9166666","286.0","RESITA, RO","  37.6","24","  29.5","24","1016.1","24","981.5","24","  8.3","24","  2.8","24","  7.8"," 11.7","  42.4"," ","  32.2"," "," 0.00","G","999.9","000000"
"15314099999","2021-03-22","45.3","21.9166666","286.0","RESITA, RO","  36.5","24","  27.5","24","1009.9","24","975.4","24","  9.8","24","  4.4","24"," 13.6"," 19.4","  44.6"," ","  32.9"," "," 0.00","G","999.9","000000"
"15314099999","2021-03-23","45.3","21.9166666","286.0","RESITA, RO","  38.6","24","  24.0","24","1016.6","24","982.0","24"," 12.4","24","  6.7","24"," 15.5"," 25.3","  47.1"," ","  28.2"," "," 0.00","G","999.9","000000"
"15314099999","2021-03-24","45.3","21.9166666","286.0","RESITA, RO","  38.4","24","  18.9","24","1018.6","24","984.0","24"," 12.4","24","  7.0","24"," 13.6"," 21.4","  46.0"," ","  30.2","*"," 0.00","G","999.9","000000"
"15314099999","2021-03-25","45.3","21.9166666","286.0","RESITA, RO","  38.3","24","  18.8","24","1022.1","24","987.3","24"," 12.4","24","  3.6","24","  9.7"," 15.5","  49.6"," ","  27.1"," "," 0.00","G","999.9","000000"
"15314099999","2021-03-26","45.3","21.9166666","286.0","RESITA, RO","  41.5","24","  25.0","24","1025.2","24","990.5","24"," 12.4","24","  4.5","24","  9.7"," 15.5","  55.0"," ","  27.7"," "," 0.00","G","999.9","000000"
"15314099999","2021-03-27","45.3","21.9166666","286.0","RESITA, RO","  48.2","24","  27.3","24","1025.1","24","990.8","24"," 12.4","24","  3.7","24","  5.8"," 11.7","  64.2"," ","  30.6"," "," 0.00","G","999.9","000000"
"15314099999","2021-03-28","45.3","21.9166666","286.0","RESITA, RO","  47.4","24","  32.3","24","1031.0","24","996.5","24"," 10.9","24","  5.5","24"," 11.7"," 19.4","  55.8"," ","  37.4","*"," 0.02","G","999.9","010000"
"15314099999","2021-03-29","45.3","21.9166666","286.0","RESITA, RO","  44.5","24","  30.5","24","1033.3","24","998.5","24"," 12.4","24","  4.2","24","  9.7"," 15.5","  55.4"," ","  31.6"," "," 0.00","G","999.9","000000"
"15314099999","2021-03-30","45.3","21.9166666","286.0","RESITA, RO","  49.4","24","  34.7","24","1030.3","24","996.0","24"," 12.4","24","  4.5","24","  9.7"," 15.5","  63.5"," ","  35.6"," "," 0.00","G","999.9","000000"
"15314099999","2021-03-31","45.3","21.9166666","286.0","RESITA, RO","  51.9","24","  35.9","24","1025.7","24","991.7","24"," 12.4","24","  4.0","24","  7.8"," 13.6","  65.3"," ","  37.8","*"," 0.00","G","999.9","000000"
"15314099999","2021-04-01","45.3","21.9166666","286.0","RESITA, RO","  55.0","24","  42.2","24","1017.7","24","984.2","24"," 12.4","24","  3.9","24","  7.8"," 13.6","  69.3"," ","  40.1"," "," 0.00","G","999.9","000000"
"15314099999","2021-04-02","45.3","21.9166666","286.0","RESITA, RO","  55.9","24","  43.4","24","1011.6","24","978.3","24"," 12.4","24","  5.1","24","  9.7"," 15.5","  63.7"," ","  46.8"," "," 0.00","G","999.9","000000"
"15314099999","2021-04-03","45.3","21.9166666","286.0","RESITA, RO","  45.3","24","  40.2","24","1013.3","24","979.3","24","  8.5","24","  4.0","24","  7.8"," 13.6","  57.4"," ","  41.9","*"," 0.05","G","999.9","010000"
"15314099999","2021-04-04","45.3","21.9166666","286.0","RESITA, RO","  39.6","24","  36.7","24","1016.9","24","982.4","24","  5.7","24","  2.9","24","  5.8"," 11.7","  43.9"," ","  36.7"," "," 0.10","G","999.9","010000"
"15314099999","2021-04-05","45.3","21.9166666","286.0","RESITA, RO","  45.0","24","  32.9","24","1013.0","24","979.0","24","  9.3","24","  4.5","24"," 13.6"," 21.4","  54.1"," ","  36.3"," "," 0.15","G","999.9","000000"
"15314099999","2021-04-06","45.3","21.9166666","286.0","RESITA, RO","  40.9","24","  31.4","24","1005.7","24","971.6","24"," 10.9","24","  6.6","24"," 11.7"," 17.5","  49.8"," ","  32.2","*"," 0.00","G","999.9","011000"
"15314099999","2021-04-07","45.3","21.9166666","286.0","RESITA, RO","  36.0","24","  25.7","24","1011.7","24","977.1","24","  8.2","24","  5.0","24","  9.7"," 29.1","  46.4"," ","  30.4"," "," 0.17","G","999.9","001000"
"15314099999","2021-04-08","45.3","21.9166666","286.0","RESITA, RO","  35.8","24","  26.7","24","1024.4","24","989.3","24"," 10.6","24","  4.5","24"," 11.7"," 23.3","  45.7"," ","  28.6"," "," 0.00","G","999.9","000000"
"15314099999","2021-04-09","45.3","21.9166666","286.0","RESITA, RO","  40.6","24","  23.4","24","1028.8","24","994.0","24"," 12.4","24","  3.1","24","  5.8"," 11.7","  54.5","*","  26.8"," "," 0.00","G","999.9","000000"
"15314099999","2021-04-10","45.3","21.9166666","286.0","RESITA, RO","  48.0","24","  25.1","24","1023.5","24","989.3","24"," 12.4","24","  4.4","24","  9.7"," 17.5","  63.3"," ","  32.0"," "," 0.00","G","999.9","000000"
"15314099999","2021-04-11","45.3","21.9166666","286.0","RESITA, RO","  54.4","24","  27.8","24","1022.0","24","988.3","24"," 12.4","24","  5.0","24"," 13.6"," 19.4","  67.8"," ","  35.8"," "," 0.00","G","999.9","000000"
"15314099999","2021-04-12","45.3","21.9166666","286.0","RESITA, RO","  62.3","24","  35.2","24","1018.0","24","984.9","24"," 12.4","24","  3.0","24","  7.8"," 11.7","  75.4"," ","  48.2"," "," 0.00","G","999.9","000000"
"15314099999","2021-04-13","45.3","21.9166666","286.0","RESITA, RO","  49.8","24","  41.1","24","1016.5","24","982.7","24","  7.0","24","  5.3","24","  9.7"," 21.4","  67.6"," ","  39.2","*"," 0.00","G","999.9","010000"
"15314099999","2021-04-14","45.3","21.9166666","286.0","RESITA, RO","  37.0","24","  35.3","24","1018.5","24","983.8","24","  4.2","24","  4.5","24","  7.8"," 13.6","  43.7"," ","  33.6"," "," 0.28","G","999.9","011000"
"15314099999","2021-04-15","45.3","21.9166666","286.0","RESITA, RO","  38.0","24","  34.8","24","1021.0","24","986.2","24","  4.1","24","  3.6","24","  7.8"," 13.6","  44.6"," ","  34.3"," "," 0.18","G","999.9","010000"
"15314099999","2021-04-16","45.3","21.9166666","286.0","RESITA, RO","  38.5","24","  32.4","24","1021.9","24","987.2","24","  6.5","24","  3.2","24","  7.8"," 13.6","  43.9"," ","  32.4","*"," 0.02","G","999.9","000000"
"15314099999","2021-04-17","45.3","21.9166666","286.0","RESITA, RO","  40.6","24","  34.2","24","1018.6","24","984.0","24"," 10.9","24","  2.4","24","  3.9"," 11.7","  52.2"," ","  28.4"," "," 0.00","G","999.9","010000"
"15314099999","2021-04-18","45.3","21.9166666","286.0","RESITA, RO","  42.3","24","  40.6","24","1016.6","24","982.3","24","  3.3","24","  2.7","24","  3.9","  9.7","  45.7"," ","  39.6","*"," 0.16","G","999.9","010000"
"15314099999","2021-04-19","45.3","21.9166666","286.0","RESITA, RO","  45.9","24","  37.8","24","1015.0","24","980.9","24"," 10.9","24","  3.5","24","  7.8"," 13.6","  54.3"," ","  37.4"," "," 0.06","G","999.9","000000"
"15314099999","2021-04-20","45.3","21.9166666","286.0","RESITA, RO","  46.0","24","  40.8","24","1014.1","24","980.1","24","  8.0","24","  3.1","24","  5.8"," 13.6","  54.1"," ","  41.7"," "," 0.00","G","999.9","010000"
"15314099999","2021-04-21","45.3","21.9166666","286.0","RESITA, RO","  48.7","24","  41.6","24","1017.7","24","983.8","24","  9.6","24","  3.4","24","  9.7"," 11.7","  56.8"," ","  41.7"," "," 0.02","G","999.9","010000"
"15314099999","2021-04-22","45.3","21.9166666","286.0","RESITA, RO","  53.0","24","  39.9","24","1018.8","24","985.1","24"," 12.4","24","  4.1","24","  9.7"," 17.5","  65.7"," ","  39.6"," "," 0.07","G","999.9","000000"
"15314099999","2021-04-23","45.3","21.9166666","286.0","RESITA, RO","  49.2","24","  35.2","24","1022.2","24","988.1","24"," 12.4","24","  6.6","24"," 15.5"," 21.4","  59.5"," ","  39.2","*"," 0.00","G","999.9","000000"
"15314099999","2021-04-24","45.3","21.9166666","286.0","RESITA, RO","  48.2","24","  31.7","24","1023.3","24","989.2","24"," 12.4","24","  4.3","24"," 11.7"," 19.4","  59.9"," ","  34.2","*"," 0.00","G","999.9","000000"
"15314099999","2021-04-25","45.3","21.9166666","286.0","RESITA, RO","  51.6","24","  31.7","24","1018.4","24","984.6","24"," 12.4","24","  4.8","24","  9.7"," 15.5","  65.3"," ","  34.9"," "," 0.00","G","999.9","000000"
"15314099999","2021-04-26","45.3","21.9166666","286.0","RESITA, RO","  50.2","24","  31.9","24","1017.5","24","983.6","24"," 12.4","24","  3.7","24","  5.8"," 11.7","  58.8"," ","  41.5"," "," 0.00","G","999.9","010000"
"15314099999","2021-04-27","45.3","21.9166666","286.0","RESITA, RO","  47.5","24","  44.7","24","1013.3","24","979.4","24","  8.3","24","  2.6","24","  5.8","  9.7","  52.7"," ","  43.9"," "," 0.01","G","999.9","010000"
"15314099999","2021-04-28","45.3","21.9166666","286.0","RESITA, RO","  54.4","24","  45.3","24","1011.5","24","978.2","24","  9.5","24","  3.6","24","  9.7"," 15.5","  66.7"," ","  47.1"," "," 0.11","G","999.9","010000"
"15314099999","2021-04-29","45.3","21.9166666","286.0","RESITA, RO","  61.2","24","  46.5","24","1011.7","24","978.7","24"," 12.4","24","  3.5","24","  9.7"," 17.5","  73.4"," ","  49.3"," "," 0.00","G","999.9","000000"
"15314099999","2021-04-30","45.3","21.9166666","286.0","RESITA, RO","  63.8","24","  49.7","24","1012.7","24","979.9","24"," 12.4","24","  3.7","24","  7.8"," 15.5","  74.7"," ","  54.0"," "," 0.04","G","999.9","010000"
"15314099999","2021-05-01","45.3","21.9166666","286.0","RESITA, RO","  69.0","24","  51.3","24","1009.9","24","977.5","24"," 12.4","24","  6.2","24"," 15.5"," 27.2","  82.4"," ","  52.9"," "," 0.00","G","999.9","010000"
"15314099999","2021-05-02","45.3","21.9166666","286.0","RESITA, RO","  69.8","24","  52.5","24","1008.1","24","975.8","24"," 12.4","24","  7.1","24"," 13.6"," 21.4","  78.8"," ","  57.2","*"," 0.00","G","999.9","000000"
"15314099999","2021-05-03","45.3","21.9166666","286.0","RESITA, RO","  53.0","24","  38.8","24","1019.6","24","985.9","24"," 12.4","24","  6.6","24"," 13.6"," 19.4","  70.7"," ","  41.9","*"," 0.00","G","999.9","000000"
"15314099999","2021-05-04","45.3","21.9166666","286.0","RESITA, RO","  53.5","24","  33.8","24","1017.5","24","983.9","24"," 12.4","24","  3.1","24","  5.8"," 15.5","  68.7"," ","  35.6"," "," 0.00","G","999.9","000000"
"15314099999","2021-05-05","45.3","21.9166666","286.0","RESITA, RO","  61.1","24","  42.5","24","1008.8","24","975.9","24"," 11.4","24","  5.1","24"," 11.7"," 19.4","  72.5"," ","  46.9"," "," 0.00","G","999.9","010010"
"15314099999","2021-05-06","45.3","21.9166666","286.0","RESITA, RO","  53.5","24","  39.8","24","1015.3","24","981.8","24"," 10.1","24","  2.7","24","  5.8"," 11.7","  66.0"," ","  46.2"," "," 0.03","G","999.9","000000"
"15314099999","2021-05-07","45.3","21.9166666","286.0","RESITA, RO","  58.2","24","  47.3","24","1011.1","24","978.0","24"," 11.4","24","  5.2","24","  9.7"," 19.4","  69.6"," ","  48.6","*"," 0.00","G","999.9","010000"
"15314099999","2021-05-08","45.3","21.9166666","286.0","RESITA, RO","  49.5","24","  38.4","24","1021.6","24","987.6","24"," 10.9","24","  6.4","24"," 13.6"," 21.4","  58.8"," ","  39.6","*"," 0.19","G","999.9","010000"
"15314099999","2021-05-09","45.3","21.9166666","286.0","RESITA, RO","  54.4","24","  37.5","24","1023.6","24","989.8","24"," 12.4","24","  3.1","24","  7.8"," 11.7","  70.5"," ","  34.9"," "," 0.00","G","999.9","000000"
"15314099999","2021-05-10","45.3","21.9166666","286.0","RESITA, RO","  62.4","24","  42.1","24","1018.8","24","985.7","24"," 12.4","24","  4.1","24","  7.8"," 13.6","  78.3"," ","  42.4"," "," 0.00","G","999.9","000000"
"15314099999","2021-05-11","45.3","21.9166666","286.0","RESITA, RO","  65.4","24","  45.8","24","1013.7","24","980.9","24"," 12.4","24","  4.3","23","  9.7"," 15.5","  81.0"," ","  46.2"," "," 0.00","G","999.9","000000"
"15314099999","2021-05-12","45.3","21.9166666","286.0","RESITA, RO","  62.0","23","  47.3","23","1007.4","23","974.6","23"," 11.6","23","  4.8","23"," 13.6"," 23.3","  77.5"," ","  49.8"," "," 0.00","G","999.9","010000"
"15314099999","2021-05-13","45.3","21.9166666","286.0","RESITA, RO","  57.4","24","  50.2","24","1005.9","24","972.9","24"," 10.4","24","  4.7","24","  9.7"," 19.4","  68.5"," ","  50.9"," "," 0.02","G","999.9","010010"
"15314099999","2021-05-14","45.3","21.9166666","286.0","RESITA, RO","  55.3","24","  50.9","24","1009.6","24","976.4","24"," 10.4","24","  4.2","24","  9.7"," 15.5","  64.6"," ","  49.3","*"," 0.41","G","  0.4","010010"
"15314099999","2021-05-15","45.3","21.9166666","286.0","RESITA, RO","  57.9","24","  50.0","24","1010.1","24","977.0","24"," 12.2","24","  3.2","24","  7.8"," 25.3","  69.3"," ","  45.1"," "," 0.39","G","999.9","010010"
"15314099999","2021-05-16","45.3","21.9166666","286.0","RESITA, RO","  56.0","24","  51.4","24","1009.6","24","976.4","24"," 11.4","24","  2.7","24","  7.8"," 13.6","  65.3"," ","  49.1","*"," 0.17","G","  0.4","010000"
"15314099999","2021-05-17","45.3","21.9166666","286.0","RESITA, RO","  55.2","24","  51.8","24","1007.2","24","974.0","24"," 12.4","24","  4.6","24","  9.7"," 15.5","  62.1"," ","  46.6"," "," 0.35","G","999.9","010000"
"15314099999","2021-05-18","45.3","21.9166666","286.0","RESITA, RO","  55.3","24","  46.0","24","1011.1","24","977.8","24"," 12.4","24","  8.8","24"," 17.5"," 33.0","  64.6"," ","  47.5","*"," 0.19","G","999.9","010000"
"15314099999","2021-05-19","45.3","21.9166666","286.0","RESITA, RO","  53.9","24","  47.7","24","1011.5","24","978.1","24"," 11.1","24","  2.9","24","  5.8"," 13.6","  63.9"," ","  43.9"," "," 0.00","G","999.9","010000"
"15314099999","2021-05-20","45.3","21.9166666","286.0","RESITA, RO","  52.2","24","  50.3","24","1010.6","24","977.1","24","  6.2","24","  3.4","24","  5.8"," 11.7","  55.8"," ","  50.0"," "," 0.09","G","  0.4","010000"
"15314099999","2021-05-21","45.3","21.9166666","286.0","RESITA, RO","  56.8","24","  46.9","24","1017.7","24","984.3","24","  9.0","24","  3.7","24","  7.8"," 13.6","  68.0"," ","  48.0"," "," 0.51","G","999.9","010000"
"15314099999","2021-05-22","45.3","21.9166666","286.0","RESITA, RO","  61.6","24","  45.5","24","1015.5","24","982.5","24"," 12.4","24","  4.5","24","  9.7"," 13.6","  73.8"," ","  45.5"," "," 0.00","G","999.9","000000"
"15314099999","2021-05-23","45.3","21.9166666","286.0","RESITA, RO","  66.3","24","  50.5","24","1015.5","24","982.7","24"," 12.4","24","  4.8","24"," 11.7"," 19.4","  79.0"," ","  50.9"," "," 0.00","G","999.9","010000"
"15314099999","2021-05-24","45.3","21.9166666","286.0","RESITA, RO","  59.4","24","  53.8","24","1021.6","24","988.2","24"," 11.4","24","  3.2","24","  7.8"," 13.6","  73.2"," ","  51.1"," "," 0.06","G","999.9","000000"
"15314099999","2021-05-25","45.3","21.9166666","286.0","RESITA, RO","  72.4","24","  54.4","24","1015.0","24","982.7","24"," 12.4","24"," 10.3","24"," 17.5"," 31.1","  80.1"," ","  56.8"," "," 0.00","G","999.9","010000"
"15314099999","2021-05-26","45.3","21.9166666","286.0","RESITA, RO","  59.9","24","  48.0","24","1019.4","24","986.1","24"," 12.4","24","  4.4","24","  9.7"," 17.5","  73.8"," ","  52.2"," "," 0.01","G","999.9","010000"
"15314099999","2021-05-27","45.3","21.9166666","286.0","RESITA, RO","  63.2","24","  53.5","24","1014.3","24","981.4","24"," 11.9","24","  3.4","24","  7.8"," 11.7","  73.9"," ","  48.9"," "," 0.00","G","999.9","000000"
"15314099999","2021-05-28","45.3","21.9166666","286.0","RESITA, RO","  58.2","24","  53.5","24","1015.7","24","982.4","24"," 11.7","24","  3.9","24","  7.8"," 15.5","  68.0"," ","  54.7"," "," 0.00","G","999.9","010000"
"15314099999","2021-05-29","45.3","21.9166666","286.0","RESITA, RO","  59.9","24","  48.4","24","1017.1","24","983.8","24"," 12.4","24","  4.5","24","  9.7"," 15.5","  68.9"," ","  51.3"," "," 0.09","G","999.9","000000"
"15314099999","2021-05-30","45.3","21.9166666","286.0","RESITA, RO","  55.4","24","  45.1","24","1018.0","24","984.4","24"," 12.4","24","  4.0","24","  7.8"," 15.5","  67.3"," ","  46.8","*"," 0.00","G","999.9","010000"
"15314099999","2021-05-31","45.3","21.9166666","286.0","RESITA, RO","  51.9","24","  46.6","24","1016.4","24","982.7","24"," 10.9","24","  3.1","24","  9.7"," 15.5","  62.4"," ","  41.7"," "," 0.00","G","999.9","010000"
"15314099999","2021-06-01","45.3","21.9166666","286.0","RESITA, RO","  53.0","23","  50.3","23","1015.8","23","982.3","23","  9.3","23","  2.9","22","  5.8","  9.7","  60.6"," ","  46.9"," "," 0.13","G","999.9","010000"
"15314099999","2021-06-02","45.3","21.9166666","286.0","RESITA, RO","  56.1","24","  46.4","24","1019.8","24","986.3","24"," 12.4","24","  4.1","24","  9.7"," 15.5","  68.0"," ","  43.7"," "," 0.00","G","999.9","010000"
"15314099999","2021-06-03","45.3","21.9166666","286.0","RESITA, RO","  58.4","24","  46.9","24","1023.0","24","989.5","24"," 12.4","24","  3.6","24","  7.8"," 13.6","  69.4"," ","  44.1","*"," 0.00","G","999.9","000000"
"15314099999","2021-06-04","45.3","21.9166666","286.0","RESITA, RO","  64.1","24","  49.4","24","1023.8","24","990.6","24"," 12.4","24","  3.4","24","  7.8"," 13.6","  74.8"," ","  53.1","*"," 0.00","G","999.9","000000"
"15314099999","2021-06-05","45.3","21.9166666","286.0","RESITA, RO","  64.7","24","  49.4","24","1020.3","24","987.3","24"," 12.4","24","  3.6","24","  5.8"," 11.7","  78.1"," ","  48.7"," "," 0.00","G","999.9","000000"
"15314099999","2021-06-06","45.3","21.9166666","286.0","RESITA, RO","  65.2","24","  53.5","24","1016.7","24","983.8","24"," 12.4","24","  3.6","24","  7.8"," 15.5","  76.5"," ","  52.9"," "," 0.00","G","999.9","000000"
"15314099999","2021-06-07","45.3","21.9166666","286.0","RESITA, RO","  67.0","24","  54.5","24","1016.4","24","983.6","24"," 11.5","24","  3.7","24","  7.8"," 13.6","  79.0"," ","  53.8"," "," 0.00","G","999.9","000000"
"15314099999","2021-06-08","45.3","21.9166666","286.0","RESITA, RO","  67.0","24","  52.8","24","1015.4","24","982.7","24"," 12.4","24","  4.1","24","  9.7"," 15.5","  79.9"," ","  51.6"," "," 0.00","G","999.9","000000"
"15314099999","2021-06-09","45.3","21.9166666","286.0","RESITA, RO","  68.4","24","  53.8","24","1014.5","24","981.9","24"," 12.4","24","  4.2","24","  9.7"," 15.5","  82.6"," ","  52.2"," "," 0.00","G","999.9","000000"
"15314099999","2021-06-10","45.3","21.9166666","286.0","RESITA, RO","  66.7","24","  54.6","24","1014.4","24","981.7","24"," 12.4","24","  3.6","24","  9.7"," 23.3","  80.6"," ","  52.9"," "," 0.00","G","999.9","000000"
"15314099999","2021-06-11","45.3","21.9166666","286.0","RESITA, RO","  66.3","24","  53.5","24","1014.7","24","982.0","24"," 12.4","24","  4.0","24","  7.8"," 13.6","  78.3"," ","  52.3"," "," 0.00","G","999.9","000000"
"15314099999","2021-06-12","45.3","21.9166666","286.0","RESITA, RO","  66.8","24","  55.4","24","1015.2","24","982.5","24"," 12.4","24","  4.0","24"," 15.5"," 25.3","  78.4"," ","  54.7"," "," 0.00","G","999.9","000000"
"15314099999","2021-06-13","45.3","21.9166666","286.0","RESITA, RO","  63.0","24","  53.7","24","1015.4","24","982.5","24"," 10.4","24","  6.7","24"," 11.7"," 21.4","  70.9"," ","  52.2","*"," 0.37","G","999.9","010000"
"15314099999","2021-06-14","45.3","21.9166666","286.0","RESITA, RO","  56.1","24","  47.4","24","1017.8","24","984.4","24"," 11.7","24","  5.7","24"," 11.7"," 21.4","  66.6"," ","  46.4"," "," 0.02","G","999.9","010000"
"15314099999","2021-06-15","45.3","21.9166666","286.0","RESITA, RO","  61.5","24","  51.9","24","1016.5","24","983.4","24"," 12.4","24","  3.6","24","  5.8"," 13.6","  75.2"," ","  44.1"," "," 0.04","G","999.9","000000"
"15314099999","2021-06-16","45.3","21.9166666","286.0","RESITA, RO","  68.5","24","  57.3","24","1015.1","24","982.5","24"," 12.4","23","  3.9","24","  9.7"," 27.2","  81.5"," ","  56.7"," "," 0.00","G","  0.4","010000"
"15314099999","2021-06-17","45.3","21.9166666","286.0","RESITA, RO","  69.2","24","  60.1","24","1017.0","24","984.4","24"," 12.4","24","  3.2","24","  7.8"," 13.6","  83.1"," ","  57.4"," "," 0.35","G","999.9","000000"
"15314099999","2021-06-18","45.3","21.9166666","286.0","RESITA, RO","  70.8","24","  59.6","24","1016.4","24","983.8","24"," 12.4","24","  2.6","24","  7.8"," 11.7","  82.9"," ","  56.8"," "," 0.00","G","999.9","000000"
"15314099999","2021-06-19","45.3","21.9166666","286.0","RESITA, RO","  72.0","24","  59.3","24","1013.3","24","980.9","24"," 12.4","24","  3.4","24","  7.8"," 11.7","  83.1"," ","  61.2"," "," 0.00","G","999.9","000000"
"15314099999","2021-06-20","45.3","21.9166666","286.0","RESITA, RO","  71.3","24","  59.8","24","1012.3","24","980.0","24"," 12.4","24","  3.3","24","  7.8"," 11.7","  84.0"," ","  57.9"," "," 0.00","G","999.9","000000"
"15314099999","2021-06-21","45.3","21.9166666","286.0","RESITA, RO","  74.8","24","  62.0","24","1010.0","24","977.9","24"," 12.4","24","  3.1","24","  5.8"," 11.7","  87.3"," ","  60.6"," "," 0.00","G","999.9","000000"
"15314099999","2021-06-22","45.3","21.9166666","286.0","RESITA, RO","  78.1","24","  65.2","24","1010.9","24","979.0","24"," 12.4","24","  3.4","24","  5.8","  9.7","  91.6"," ","  63.3"," "," 0.00","G","999.9","000000"
"15314099999","2021-06-23","45.3","21.9166666","286.0","RESITA, RO","  80.7","24","  64.6","24","1014.6","24","982.8","24"," 12.4","24","  3.6","24","  5.8"," 11.7","  93.7"," ","  66.6"," "," 0.00","G","999.9","000000"
"15314099999","2021-06-24","45.3","21.9166666","286.0","RESITA, RO","  81.6","24","  63.9","24","1015.3","24","983.4","24"," 12.4","24","  2.8","24","  3.9","999.9","  97.0"," ","  64.8"," "," 0.00","G","999.9","000000"
"15314099999","2021-06-25","45.3","21.9166666","286.0","RESITA, RO","  79.1","24","  62.9","24","1013.5","24","981.5","24"," 12.2","24","  4.2","24"," 13.6"," 23.3","  94.3"," ","  68.5"," "," 0.00","E","999.9","000010"
"15314099999","2021-06-26","45.3","21.9166666","286.0","RESITA, RO","  73.1","24","  61.5","24","1013.9","24","981.6","24"," 11.9","24","  4.5","24"," 11.7"," 15.5","  86.5"," ","  63.3"," "," 0.00","G","999.9","010010"
"15314099999","2021-06-27","45.3","21.9166666","286.0","RESITA, RO","  72.8","24","  59.8","24","1015.5","24","983.1","24"," 12.4","24","  3.2","24","  5.8"," 11.7","  85.3"," ","  60.1"," "," 0.09","G","999.9","000000"
"15314099999","2021-06-28","45.3","21.9166666","286.0","RESITA, RO","  75.1","24","  57.4","24","1016.6","24","984.4","24"," 12.4","24","  2.4","24","  3.9"," 11.7","  88.3"," ","  59.7"," "," 0.00","G","999.9","000000"
"15314099999","2021-06-29","45.3","21.9166666","286.0","RESITA, RO","  79.1","24","  59.4","24","1012.6","24","980.7","24"," 12.4","24","  4.4","24","  9.7"," 15.5","  93.9"," ","  59.2"," "," 0.00","G","999.9","000000"
"15314099999","2021-06-30","45.3","21.9166666","286.0","RESITA, RO","  84.6","24","  62.1","24","1008.2","24","976.7","24"," 11.9","24","  6.3","24"," 11.7"," 21.4","  96.6"," ","  64.4","*"," 0.00","G","999.9","010010"
"15314099999","2021-07-01","45.3","21.9166666","286.0","RESITA, RO","  73.2","24","  62.8","24","1010.4","24","978.2","24"," 10.4","24","  5.3","24"," 11.7"," 19.4","  88.3"," ","  64.0"," "," 0.43","G","999.9","010000"
"15314099999","2021-07-02","45.3","21.9166666","286.0","RESITA, RO","  66.8","24","  57.0","24","1013.3","24","980.6","24"," 12.4","24","  4.5","24"," 11.7"," 19.4","  78.6"," ","  59.9"," "," 0.09","G","999.9","010000"
"15314099999","2021-07-03","45.3","21.9166666","286.0","RESITA, RO","  63.7","24","  58.5","24","1013.8","24","981.0","24"," 10.6","24","  2.9","24","  7.8"," 13.6","  72.3"," ","  59.4"," "," 0.04","G","999.9","010000"
"15314099999","2021-07-04","45.3","21.9166666","286.0","RESITA, RO","  68.8","24","  57.7","24","1011.5","24","979.0","24"," 11.4","24","  3.4","24","  7.8"," 13.6","  82.4"," ","  57.2"," "," 0.09","G","999.9","010000"
"15314099999","2021-07-05","45.3","21.9166666","286.0","RESITA, RO","  71.5","24","  56.3","24","1009.6","24","977.3","24"," 12.4","24","  4.1","24","  9.7"," 15.5","  84.0"," ","  55.9"," "," 0.00","G","999.9","000000"
"15314099999","2021-07-06","45.3","21.9166666","286.0","RESITA, RO","  73.9","24","  58.6","24","1013.2","24","980.9","24"," 12.4","24","  3.3","24","  9.7"," 15.5","  87.1"," ","  58.8"," "," 0.00","G","999.9","000000"
"15314099999","2021-07-07","45.3","21.9166666","286.0","RESITA, RO","  77.2","24","  59.1","24","1015.4","24","983.3","24"," 12.4","24","  3.2","24","  7.8"," 13.6","  91.6"," ","  61.5"," "," 0.00","G","999.9","000000"
"15314099999","2021-07-08","45.3","21.9166666","286.0","RESITA, RO","  80.9","24","  61.7","24","1018.1","24","986.1","24"," 12.4","24","  2.8","24","  5.8"," 11.7","  95.0"," ","  61.9"," "," 0.00","G","999.9","000000"
"15314099999","2021-07-09","45.3","21.9166666","286.0","RESITA, RO","  81.8","24","  60.9","24","1016.2","24","984.3","24"," 12.4","24","  4.6","24"," 11.7"," 17.5","  92.5"," ","  68.5"," "," 0.00","G","999.9","000000"
"15314099999","2021-07-10","45.3","21.9166666","286.0","RESITA, RO","  73.0","24","  61.7","24","1015.8","24","983.4","24"," 10.4","24","  2.8","24"," 13.6"," 23.3","  89.2"," ","  61.7","*"," 0.00","G","  0.4","010010"
"15314099999","2021-07-11","45.3","21.9166666","286.0","RESITA, RO","  74.3","24","  58.0","24","1013.5","24","981.3","24"," 10.9","24","  3.2","24","  9.7"," 15.5","  88.9"," ","  59.0"," "," 0.27","G","999.9","000000"
"15314099999","2021-07-12","45.3","21.9166666","286.0","RESITA, RO","  76.7","24","  60.4","24","1013.2","24","981.1","24"," 12.4","24","  2.8","24","  5.8"," 11.7","  91.6"," ","  59.7"," "," 0.00","G","999.9","000000"
"15314099999","2021-07-13","45.3","21.9166666","286.0","RESITA, RO","  79.8","24","  59.3","24","1011.8","24","980.0","24"," 12.4","24","  3.7","24","  7.8"," 11.7","  94.5"," ","  62.1"," "," 0.00","G","999.9","000000"
"15314099999","2021-07-14","45.3","21.9166666","286.0","RESITA, RO","  81.2","24","  61.3","24","1010.6","24","978.9","24"," 12.4","24","  4.7","24"," 15.5"," 23.3","  94.5"," ","  64.6"," "," 0.00","G","999.9","000000"
"15314099999","2021-07-15","45.3","21.9166666","286.0","RESITA, RO","  82.2","24","  62.3","24","1010.5","24","978.8","24"," 12.4","24","  3.5","24","  7.8"," 17.5","  94.3"," ","  71.1"," "," 0.00","G","999.9","000000"
"15314099999","2021-07-16","45.3","21.9166666","286.0","RESITA, RO","  72.6","24","  67.9","24","1011.3","24","979.1","24","  9.1","24","  2.3","24","  5.8"," 11.7","  85.5"," ","  66.6"," "," 0.00","G","999.9","010010"
"15314099999","2021-07-17","45.3","21.9166666","286.0","RESITA, RO","  73.2","24","  65.2","24","1009.2","24","977.0","24","  9.6","24","  4.0","24","  7.8"," 13.6","  88.9"," ","  65.7"," "," 0.15","G","999.9","010010"
"15314099999","2021-07-18","45.3","21.9166666","286.0","RESITA, RO","  74.8","24","  64.9","24","1008.0","24","976.0","24"," 10.7","24","  3.5","24","  7.8"," 15.5","  91.4","*","  63.1"," "," 0.19","G","999.9","010010"
"15314099999","2021-07-19","45.3","21.9166666","286.0","RESITA, RO","  68.6","24","  64.9","24","1009.8","24","977.4","24","  7.8","24","  3.8","24","  7.8"," 25.3","  84.2"," ","  63.9","*"," 0.17","G","  1.6","010010"
"15314099999","2021-07-20","45.3","21.9166666","286.0","RESITA, RO","  67.9","24","  64.8","24","1012.0","24","979.5","24","  8.8","24","  3.7","24","  7.8"," 13.6","  74.5"," ","  63.7"," "," 1.80","G","  0.4","010000"
"15314099999","2021-07-21","45.3","21.9166666","286.0","RESITA, RO","  67.3","24","  59.4","24","1017.3","24","984.6","24","  9.1","24","  5.1","24"," 11.7"," 21.4","  75.9"," ","  60.1","*"," 0.24","G","999.9","010000"
"15314099999","2021-07-22","45.3","21.9166666","286.0","RESITA, RO","  68.3","24","  56.0","24","1018.8","24","986.0","24"," 12.4","24","  4.0","24","  7.8"," 13.6","  80.1"," ","  55.6"," "," 0.00","G","999.9","000000"
"15314099999","2021-07-23","45.3","21.9166666","286.0","RESITA, RO","  68.4","24","  55.8","24","1016.5","24","983.8","24"," 12.4","24","  3.1","24","  5.8"," 11.7","  81.9"," ","  56.1"," "," 0.00","G","999.9","000000"
"15314099999","2021-07-24","45.3","21.9166666","286.0","RESITA, RO","  71.4","24","  56.5","24","1015.4","24","983.0","24"," 12.4","24","  3.0","24","  5.8","  9.7","  84.9"," ","  57.2"," "," 0.00","G","999.9","000000"
"15314099999","2021-07-25","45.3","21.9166666","286.0","RESITA, RO","  73.6","24","  57.4","24","1014.8","24","982.5","24"," 12.4","24","  5.4","23"," 15.5"," 21.4","  86.4"," ","  57.2"," "," 0.00","G","999.9","000000"
"15314099999","2021-07-26","45.3","21.9166666","286.0","RESITA, RO","  77.6","24","  59.0","24","1015.4","24","983.3","24"," 12.4","24","  4.5","24"," 15.5"," 23.3","  89.2"," ","  66.4"," "," 0.00","G","999.9","000000"
"15314099999","2021-07-27","45.3","21.9166666","286.0","RESITA, RO","  81.0","24","  61.0","24","1016.7","24","984.8","24"," 12.4","24","  4.0","24","  9.7"," 17.5","  93.9"," ","  66.6"," "," 0.00","G","999.9","000000"
"15314099999","2021-07-28","45.3","21.9166666","286.0","RESITA, RO","  81.2","24","  62.3","24","1014.1","24","982.2","24"," 12.4","24","  4.9","24","  9.7"," 17.5","  95.9"," ","  65.8"," "," 0.00","G","999.9","000000"
"15314099999","2021-07-29","45.3","21.9166666","286.0","RESITA, RO","  80.0","24","  62.3","24","1012.9","24","981.0","24"," 12.4","24","  4.8","24"," 11.7"," 19.4","  92.8"," ","  69.1"," "," 0.00","G","999.9","000000"
"15314099999","2021-07-30","45.3","21.9166666","286.0","RESITA, RO","  77.4","24","  61.1","24","1011.2","24","979.2","24"," 12.4","24","  2.7","24","  5.8","  9.7","  90.7"," ","  63.3"," "," 0.00","G","999.9","000000"
"15314099999","2021-07-31","45.3","21.9166666","286.0","RESITA, RO","  79.7","24","  61.9","24","1009.7","24","977.9","24"," 12.4","23","  4.6","24","  9.7"," 17.5","  93.6"," ","  64.2"," "," 0.00","G","999.9","000000"
"15314099999","2021-08-01","45.3","21.9166666","286.0","RESITA, RO","  81.9","24","  60.9","24","1007.8","24","976.2","24"," 11.7","24","  5.6","24"," 13.6"," 23.3","  98.1"," ","  65.5"," "," 0.00","G","999.9","010010"
"15314099999","2021-08-02","45.3","21.9166666","286.0","RESITA, RO","  73.3","24","  62.5","24","1011.6","24","979.4","24"," 12.4","24","  4.6","24"," 11.7"," 17.5","  92.1"," ","  64.4","*"," 0.01","G","999.9","010000"
"15314099999","2021-08-03","45.3","21.9166666","286.0","RESITA, RO","  71.8","24","  56.4","24","1015.2","24","982.8","24"," 12.4","24","  2.6","24","  7.8"," 15.5","  85.6"," ","  58.5"," "," 0.00","G","999.9","000000"
"15314099999","2021-08-04","45.3","21.9166666","286.0","RESITA, RO","  73.2","24","  55.8","24","1013.9","24","981.6","24"," 12.4","24","  4.3","24","  7.8"," 17.5","  86.5"," ","  59.2"," "," 0.00","G","999.9","000000"
"15314099999","2021-08-05","45.3","21.9166666","286.0","RESITA, RO","  71.0","24","  56.4","24","1006.9","24","974.7","24"," 12.4","24","  6.6","24"," 21.4"," 31.1","  93.6"," ","  58.5"," "," 0.00","G","999.9","000010"
"15314099999","2021-08-06","45.3","21.9166666","286.0","RESITA, RO","  67.9","24","  56.0","24","1008.5","24","976.0","24"," 12.4","24","  5.6","24"," 13.6"," 19.4","  78.4"," ","  59.4"," "," 0.15","G","999.9","000000"
"15314099999","2021-08-07","45.3","21.9166666","286.0","RESITA, RO","  70.7","24","  53.1","24","1012.4","24","980.0","24"," 12.4","24","  2.8","24","  5.8"," 11.7","  85.1"," ","  55.6"," "," 0.00","G","999.9","000000"
"15314099999","2021-08-08","45.3","21.9166666","286.0","RESITA, RO","  77.7","24","  53.5","24","1013.3","24","981.3","24"," 12.4","24","  4.0","24","  9.7"," 15.5","  96.6"," ","  55.8"," "," 0.00","G","999.9","000000"
"15314099999","2021-08-09","45.3","21.9166666","286.0","RESITA, RO","  80.6","24","  57.5","24","1016.3","24","984.3","24"," 12.4","24","  4.6","24","  9.7"," 17.5","  93.9"," ","  65.1"," "," 0.00","G","999.9","000000"
"15314099999","2021-08-10","45.3","21.9166666","286.0","RESITA, RO","  77.4","24","  60.0","24","1017.3","24","985.1","24"," 12.4","24","  3.9","24"," 11.7"," 17.5","  90.5"," ","  65.8","*"," 0.00","G","999.9","010010"
"15314099999","2021-08-11","45.3","21.9166666","286.0","RESITA, RO","  75.5","23","  54.2","23","1016.1","23","983.9","23"," 12.4","23","  3.8","22","  9.7","999.9","  92.7"," ","  58.8"," "," 0.00","G","999.9","000000"
"15314099999","2021-08-12","45.3","21.9166666","286.0","RESITA, RO","  73.7","24","  53.4","24","1020.0","24","987.5","24"," 12.4","24","  5.2","24"," 11.7"," 19.4","  86.7"," ","  60.4"," "," 0.00","G","999.9","000000"
"15314099999","2021-08-13","45.3","21.9166666","286.0","RESITA, RO","  73.0","24","  52.8","24","1022.6","24","990.1","24"," 12.4","24","  3.7","24","  7.8"," 13.6","  88.0"," ","  57.0"," "," 0.00","G","999.9","000000"
"15314099999","2021-08-14","45.3","21.9166666","286.0","RESITA, RO","  76.3","24","  56.5","24","1020.7","24","988.4","24"," 12.4","24","  3.2","24","  5.8"," 13.6","  91.6"," ","  59.7"," "," 0.00","G","999.9","000000"
"15314099999","2021-08-15","45.3","21.9166666","286.0","RESITA, RO","  79.8","24","  58.9","24","1015.9","24","984.0","24"," 12.4","24","  3.5","24","  5.8"," 13.6","  94.3"," ","  65.3"," "," 0.00","G","999.9","000000"
"15314099999","2021-08-16","45.3","21.9166666","286.0","RESITA, RO","  83.1","24","  53.3","24","1011.1","24","979.4","24"," 12.4","24","  5.7","23"," 11.7"," 19.4","  99.1"," ","  64.0"," "," 0.00","G","999.9","000000"
"15314099999","2021-08-17","45.3","21.9166666","286.0","RESITA, RO","  78.1","24","  54.7","24","1011.0","24","979.1","24"," 12.4","24","  9.1","24"," 17.5"," 25.3","  91.2"," ","  58.5","*"," 0.00","G","999.9","010010"
"15314099999","2021-08-18","45.3","21.9166666","286.0","RESITA, RO","  63.4","24","  49.9","24","1015.9","24","982.9","24"," 12.4","24","  4.1","24","  9.7"," 15.5","  75.0"," ","  54.3"," "," 0.04","G","999.9","000000"
"15314099999","2021-08-19","45.3","21.9166666","286.0","RESITA, RO","  64.0","24","  46.1","24","1016.4","24","983.4","24"," 12.4","24","  3.2","24","  5.8"," 11.7","  78.6"," ","  48.4"," "," 0.00","G","999.9","000000"
"15314099999","2021-08-20","45.3","21.9166666","286.0","RESITA, RO","  67.4","24","  46.9","24","1016.3","24","983.6","24"," 12.4","24","  3.5","24","  7.8"," 15.5","  83.1"," ","  50.5"," "," 0.00","G","999.9","000000"
"15314099999","2021-08-21","45.3","21.9166666","286.0","RESITA, RO","  69.4","24","  49.6","24","1018.1","24","985.5","24"," 12.4","24","  4.3","24","  9.7"," 17.5","  84.0"," ","  53.2"," "," 0.00","G","999.9","000000"
"15314099999","2021-08-22","45.3","21.9166666","286.0","RESITA, RO","  71.4","24","  50.0","24","1018.0","24","985.5","24"," 12.4","24","  3.3","24","  7.8"," 13.6","  87.1"," ","  55.0"," "," 0.00","G","999.9","000000"
"15314099999","2021-08-23","45.3","21.9166666","286.0","RESITA, RO","  74.7","24","  51.5","24","1014.5","24","982.3","24"," 12.4","24","  6.2","24"," 13.6"," 23.3","  91.0"," ","  54.7"," "," 0.00","G","999.9","010000"
"15314099999","2021-08-24","45.3","21.9166666","286.0","RESITA, RO","  65.6","24","  60.1","24","1016.8","24","984.0","24","  8.8","24","  3.6","24","  7.8"," 13.6","  82.4"," ","  61.9"," "," 0.00","G","999.9","010000"
"15314099999","2021-08-25","45.3","21.9166666","286.0","RESITA, RO","  59.8","24","  58.6","24","1015.6","24","982.4","24","  6.2","24","  3.3","24","  7.8"," 13.6","  67.3"," ","  54.0","*"," 0.13","G","  0.8","010000"
"15314099999","2021-08-26","45.3","21.9166666","286.0","RESITA, RO","  60.8","24","  53.7","24","1012.5","24","979.5","24"," 10.6","24","  2.6","24","  3.9","999.9","  71.6"," ","  52.3"," "," 0.58","G","999.9","010000"
"15314099999","2021-08-27","45.3","21.9166666","286.0","RESITA, RO","  55.6","24","  54.2","24","1013.0","24","979.7","24","  9.1","24","  2.5","24","  5.8"," 11.7","  65.5"," ","  51.1"," "," 0.00","G","999.9","010000"
"15314099999","2021-08-28","45.3","21.9166666","286.0","RESITA, RO","  58.5","24","  55.5","24","1014.2","24","981.0","24","  8.1","24","  4.3","24","  7.8"," 11.7","  65.5"," ","  54.5"," "," 0.12","G","999.9","010000"
"15314099999","2021-08-29","45.3","21.9166666","286.0","RESITA, RO","  56.7","23","  55.4","23","1011.5","23","978.3","23","  5.7","23","  2.4","23","  7.8"," 15.5","  61.3"," ","  54.7"," "," 0.54","G","  0.4","010000"
"15314099999","2021-08-30","45.3","21.9166666","286.0","RESITA, RO","  58.8","24","  52.1","24","1014.6","24","981.4","24"," 10.1","24","  4.1","24","  7.8"," 13.6","  70.5"," ","  51.3","*"," 0.24","G","999.9","000000"
"15314099999","2021-08-31","45.3","21.9166666","286.0","RESITA, RO","  59.4","24","  52.2","24","1016.6","24","983.3","24"," 12.2","24","  3.4","24","  5.8"," 11.7","  72.3"," ","  49.3"," "," 0.00","G","999.9","010000"
"15314099999","2021-09-01","45.3","21.9166666","286.0","RESITA, RO","  60.1","23","  53.0","23","1018.7","23","985.5","23","  8.4","23","  4.1","23","  7.8"," 13.6","  66.0"," ","  56.1"," "," 0.01","G","999.9","010000"
"15314099999","2021-09-02","45.3","21.9166666","286.0","RESITA, RO","  59.3","24","  51.3","24","1022.7","24","989.3","24","  7.8","24","  3.9","24","  9.7"," 15.5","  69.1"," ","  50.4","*"," 0.00","G","999.9","000000"
"15314099999","2021-09-03","45.3","21.9166666","286.0","RESITA, RO","  59.2","24","  46.9","24","1021.5","24","988.1","24"," 12.4","24","  3.4","24","  7.8"," 13.6","  73.8"," ","  45.3"," "," 0.00","G","999.9","000000"
"15314099999","2021-09-04","45.3","21.9166666","286.0","RESITA, RO","  61.0","24","  48.3","24","1017.7","24","984.5","24"," 12.4","24","  3.5","24","  7.8"," 11.7","  76.5"," ","  45.7"," "," 0.00","G","999.9","000000"
"15314099999","2021-09-05","45.3","21.9166666","286.0","RESITA, RO","  62.5","24","  51.3","24","1019.5","24","986.4","24"," 12.4","24","  2.7","24","  3.9","  9.7","  79.2"," ","  48.7"," "," 0.00","G","999.9","000000"
"15314099999","2021-09-06","45.3","21.9166666","286.0","RESITA, RO","  63.0","24","  51.7","24","1024.3","24","991.0","24"," 12.4","24","  3.2","24","  7.8"," 11.7","  75.2"," ","  53.6"," "," 0.00","G","999.9","000000"
"15314099999","2021-09-07","45.3","21.9166666","286.0","RESITA, RO","  61.8","24","  48.2","24","1025.5","24","992.1","24"," 12.4","24","  2.5","24","  3.9","  9.7","  77.4"," ","  48.9"," "," 0.00","G","999.9","000000"
"15314099999","2021-09-08","45.3","21.9166666","286.0","RESITA, RO","  62.2","24","  46.1","24","1024.0","24","990.7","24"," 12.4","24","  2.4","24","  3.9"," 11.7","  78.4"," ","  45.7"," "," 0.00","G","999.9","000000"
"15314099999","2021-09-09","45.3","21.9166666","286.0","RESITA, RO","  62.4","24","  44.1","24","1020.9","24","987.7","24"," 12.4","24","  2.6","24","  7.8"," 11.7","  77.9","*","  47.7"," "," 0.00","G","999.9","000000"
"15314099999","2021-09-10","45.3","21.9166666","286.0","RESITA, RO","  63.3","23","  45.8","23","1018.8","23","985.7","23"," 12.4","23","  2.7","23","  5.8","  9.7","  80.6"," ","  45.9"," "," 0.00","G","999.9","000000"
"15314099999","2021-09-11","45.3","21.9166666","286.0","RESITA, RO","  64.6","24","  46.8","24","1017.2","24","984.3","24"," 12.4","24","  3.1","24","  5.8"," 11.7","  81.3"," ","  47.3"," "," 0.00","G","999.9","000000"
"15314099999","2021-09-12","45.3","21.9166666","286.0","RESITA, RO","  65.8","24","  49.5","24","1015.4","24","982.6","24"," 12.4","24","  3.6","24","  5.8"," 11.7","  81.5"," ","  48.9"," "," 0.00","G","999.9","000000"
"15314099999","2021-09-13","45.3","21.9166666","286.0","RESITA, RO","  66.7","24","  47.3","24","1016.0","24","983.2","24"," 12.4","24","  4.1","24","  7.8"," 15.5","  81.5"," ","  52.0"," "," 0.00","G","999.9","000000"
"15314099999","2021-09-14","45.3","21.9166666","286.0","RESITA, RO","  67.6","24","  50.6","24","1017.2","24","984.5","24"," 12.4","24","  3.8","24","  7.8"," 13.6","  84.6"," ","  51.8"," "," 0.00","G","999.9","000000"
"15314099999","2021-09-15","45.3","21.9166666","286.0","RESITA, RO","  69.3","24","  51.6","24","1017.4","24","984.7","24"," 12.4","24","  3.2","24","  5.8","  9.7","  87.1"," ","  54.9"," "," 0.00","G","999.9","000000"
"15314099999","2021-09-16","45.3","21.9166666","286.0","RESITA, RO","  71.1","23","  53.2","23","1015.6","23","983.2","23"," 12.4","23","  4.0","23","  7.8"," 13.6","  86.2"," ","  55.4"," "," 0.00","G","999.9","010000"
"15314099999","2021-09-17","45.3","21.9166666","286.0","RESITA, RO","  69.8","24","  59.5","24","1011.4","24","979.0","24"," 12.4","24","  4.5","24","  9.7"," 19.4","  85.5"," ","  59.2","*"," 0.01","G","999.9","010000"
"15314099999","2021-09-18","45.3","21.9166666","286.0","RESITA, RO","  60.5","24","  51.0","24","1013.8","24","980.7","24"," 10.6","24","  4.9","24","  9.7"," 15.5","  70.3"," ","  51.3","*"," 0.20","G","999.9","010000"
"15314099999","2021-09-19","45.3","21.9166666","286.0","RESITA, RO","  60.4","24","  48.0","24","1013.6","24","980.6","24"," 12.4","24","  4.6","24","  9.7"," 17.5","  73.8"," ","  48.6"," "," 0.00","G","999.9","000000"
"15314099999","2021-09-20","45.3","21.9166666","286.0","RESITA, RO","  55.2","24","  52.7","24","1015.1","24","981.6","24","  9.1","24","  3.7","24"," 11.7"," 17.5","  61.5"," ","  50.0","*"," 0.08","G","999.9","010000"
"15314099999","2021-09-21","45.3","21.9166666","286.0","RESITA, RO","  53.3","24","  45.8","24","1024.1","24","990.3","24","  9.6","24","  2.4","24","  5.8"," 13.6","  62.8"," ","  46.8","*"," 0.06","G","999.9","000000"
"15314099999","2021-09-22","45.3","21.9166666","286.0","RESITA, RO","  48.4","24","  45.0","24","1022.5","24","988.4","24","  9.6","24","  3.2","24","  7.8"," 13.6","  55.6"," ","  44.1"," "," 0.00","G","999.9","010000"
"15314099999","2021-09-23","45.3","21.9166666","286.0","RESITA, RO","  48.6","24","  42.2","24","1022.7","24","988.6","24","  5.8","23","  3.6","24","  9.7"," 13.6","  58.6"," ","  41.9"," "," 0.07","G","999.9","000000"
"15314099999","2021-09-24","45.3","21.9166666","286.0","RESITA, RO","  58.7","24","  45.8","24","1016.8","24","983.6","24"," 10.9","24","  5.0","24"," 11.7"," 21.4","  72.9"," ","  42.8"," "," 0.00","G","999.9","000000"
"15314099999","2021-09-25","45.3","21.9166666","286.0","RESITA, RO","  60.6","23","  51.2","23","1021.2","23","987.9","23"," 12.4","23","  3.4","23","  7.8"," 13.6","  74.3"," ","  49.5"," "," 0.00","G","999.9","000000"
"15314099999","2021-09-26","45.3","21.9166666","286.0","RESITA, RO","  64.5","24","  50.8","24","1020.6","24","987.5","24"," 12.4","24","  3.2","24","  7.8"," 13.6","  84.0"," ","  48.7"," "," 0.00","G","999.9","000000"
"15314099999","2021-09-27","45.3","21.9166666","286.0","RESITA, RO","  64.4","24","  53.3","24","1016.9","24","983.9","24"," 12.4","24","  3.3","24","  5.8"," 11.7","  81.0"," ","  51.8"," "," 0.00","G","999.9","010000"
"15314099999","2021-09-28","45.3","21.9166666","286.0","RESITA, RO","  61.2","24","  57.2","24","1018.8","24","985.6","24","  7.5","24","  3.0","24","  7.8"," 13.6","  66.4"," ","  56.3"," "," 0.29","G","999.9","010000"
"15314099999","2021-09-29","45.3","21.9166666","286.0","RESITA, RO","  59.3","24","  51.4","24","1021.8","24","988.4","24"," 10.9","24","  3.0","24","  7.8"," 13.6","  70.7"," ","  51.8","*"," 0.02","G","999.9","000000"
"15314099999","2021-09-30","45.3","21.9166666","286.0","RESITA, RO","  58.3","24","  47.3","24","1025.4","24","991.8","24"," 12.4","24","  2.1","23","  3.9","  9.7","  67.3"," ","  49.6"," "," 0.00","G","999.9","000000"
"15314099999","2021-10-01","45.3","21.9166666","286.0","RESITA, RO","  56.6","24","  48.7","24","1027.3","24","993.6","24"," 12.4","24","  1.9","24","  3.9","999.9","  63.9"," ","  47.7","*"," 0.00","G","999.9","000000"
"15314099999","2021-10-02","45.3","21.9166666","286.0","RESITA, RO","  52.8","24","  40.0","24","1024.1","24","990.2","24"," 12.4","24","  2.6","24","  5.8","  9.7","  69.3"," ","  39.0"," "," 0.00","G","999.9","000000"
"15314099999","2021-10-03","45.3","21.9166666","286.0","RESITA, RO","  54.6","24","  39.4","24","1022.7","24","989.0","24"," 12.4","24","  4.1","24","  5.8"," 13.6","  73.0"," ","  37.4"," "," 0.00","G","999.9","000000"
"15314099999","2021-10-04","45.3","21.9166666","286.0","RESITA, RO","  57.9","24","  41.5","24","1022.4","24","988.9","24"," 12.4","24","  3.6","24","  5.8","  9.7","  77.2"," ","  41.2"," "," 0.00","G","999.9","000000"
"15314099999","2021-10-05","45.3","21.9166666","286.0","RESITA, RO","  58.7","24","  41.8","24","1021.0","24","987.6","24"," 12.4","24","  4.5","24"," 13.6"," 21.4","  73.0"," ","  43.5"," "," 0.00","G","999.9","000000"
"15314099999","2021-10-06","45.3","21.9166666","286.0","RESITA, RO","  59.2","23","  41.0","23","1019.4","23","986.1","23"," 12.4","23","  2.8","23","  5.8"," 13.6","  68.0"," ","  54.0","*"," 0.00","G","999.9","010000"
"15314099999","2021-10-07","45.3","21.9166666","286.0","RESITA, RO","  56.2","24","  41.5","24","1020.5","24","987.0","24"," 11.1","24","  6.2","24"," 11.7"," 23.3","  63.3"," ","  49.3","*"," 0.00","G","999.9","010000"
"15314099999","2021-10-08","45.3","21.9166666","286.0","RESITA, RO","  51.6","24","  41.3","24","1024.9","24","990.9","24","  8.0","24","  3.2","24","  7.8"," 17.5","  57.4"," ","  46.8","*"," 0.12","G","999.9","000000"
"15314099999","2021-10-09","45.3","21.9166666","286.0","RESITA, RO","  45.8","24","  43.0","24","1026.9","24","992.5","24","  6.5","24","  3.1","24","  5.8"," 13.6","  50.7"," ","  43.2"," "," 0.04","G","999.9","010000"
"15314099999","2021-10-10","45.3","21.9166666","286.0","RESITA, RO","  48.3","24","  41.8","24","1023.6","24","989.5","24","  8.3","24","  3.6","24","  7.8"," 13.6","  55.0"," ","  43.5"," "," 0.06","G","999.9","010000"
"15314099999","2021-10-11","45.3","21.9166666","286.0","RESITA, RO","  46.4","24","  45.6","24","1019.7","24","985.6","24","  3.4","24","  2.3","24","  5.8","999.9","  48.6"," ","  45.0"," "," 0.59","G","  0.8","010000"
"15314099999","2021-10-12","45.3","21.9166666","286.0","RESITA, RO","  46.4","24","  45.6","24","1015.2","24","981.2","24","  2.4","24","  2.9","24","  5.8"," 11.7","  49.5"," ","  41.4","*"," 0.76","G","999.9","010000"
"15314099999","2021-10-13","45.3","21.9166666","286.0","RESITA, RO","  44.5","24","  42.7","24","1017.2","24","983.0","24","  3.8","24","  2.3","24","  5.8"," 15.5","  52.3"," ","  39.2"," "," 0.12","G","999.9","010000"
"15314099999","2021-10-14","45.3","21.9166666","286.0","RESITA, RO","  42.3","24","  39.9","24","1024.1","24","989.6","24","  5.9","24","  2.4","24","  5.8","  9.7","  46.8"," ","  39.6","*"," 0.08","G","999.9","010000"
"15314099999","2021-10-15","45.3","21.9166666","286.0","RESITA, RO","  45.6","24","  43.1","24","1020.5","24","986.3","24","  4.5","24","  2.7","24","  5.8","  9.7","  54.1"," ","  39.2"," "," 0.00","G","999.9","010000"
"15314099999","2021-10-16","45.3","21.9166666","286.0","RESITA, RO","  49.5","24","  47.7","24","1018.3","24","984.4","24","  5.1","24","  2.3","24","  3.9","999.9","  53.8"," ","  45.7"," "," 0.09","G","999.9","010000"
"15314099999","2021-10-17","45.3","21.9166666","286.0","RESITA, RO","  51.4","24","  46.4","24","1021.8","24","987.9","24","  6.2","24","  2.7","24","  7.8"," 11.7","  62.1"," ","  44.1","*"," 0.00","G","999.9","000000"
"15314099999","2021-10-18","45.3","21.9166666","286.0","RESITA, RO","  48.4","24","  42.8","24","1025.6","24","991.4","24"," 10.6","24","  3.2","24","  7.8"," 11.7","  59.4"," ","  37.4"," "," 0.00","G","999.9","010000"
"15314099999","2021-10-19","45.3","21.9166666","286.0","RESITA, RO","  47.7","24","  40.7","24","1029.5","24","995.1","24"," 12.4","24","  2.9","24","  5.8"," 11.7","  60.8"," ","  37.4"," "," 0.01","G","999.9","000000"
"15314099999","2021-10-20","45.3","21.9166666","286.0","RESITA, RO","  51.0","24","  40.3","24","1025.5","24","991.5","24"," 12.4","24","  2.9","24","  5.8"," 11.7","  68.0"," ","  35.1"," "," 0.00","G","999.9","000000"
"15314099999","2021-10-21","45.3","21.9166666","286.0","RESITA, RO","  59.6","24","  43.0","24","1016.4","24","983.2","24"," 12.4","24","  4.6","24","  7.8"," 17.5","  69.6"," ","  45.5"," "," 0.00","G","999.9","000000"
"15314099999","2021-10-22","45.3","21.9166666","286.0","RESITA, RO","  56.5","24","  50.6","24","1018.3","24","984.8","24"," 11.1","24","  2.3","24","  3.9","  9.7","  62.6"," ","  53.2"," "," 0.00","G","999.9","010000"
"15314099999","2021-10-23","45.3","21.9166666","286.0","RESITA, RO","  48.8","24","  44.4","24","1025.2","24","991.0","24","  8.5","24","  3.6","24","  7.8"," 15.5","  56.1"," ","  38.7","*"," 0.18","G","999.9","010000"
"15314099999","2021-10-24","45.3","21.9166666","286.0","RESITA, RO","  41.9","24","  33.6","24","1032.3","24","997.4","24"," 12.4","24","  3.6","24","  7.8"," 13.6","  55.8"," ","  31.5"," "," 0.00","G","999.9","000000"
"15314099999","2021-10-25","45.3","21.9166666","286.0","RESITA, RO","  42.5","24","  33.2","24","1030.3","24","995.5","24"," 12.4","24","  2.8","24","  7.8"," 13.6","  59.7"," ","  29.3"," "," 0.00","G","999.9","000000"
"15314099999","2021-10-26","45.3","21.9166666","286.0","RESITA, RO","  43.2","24","  30.8","24","1025.7","24","991.1","24"," 12.4","24","  3.0","24","  5.8","  9.7","  62.6"," ","  29.8"," "," 0.00","G","999.9","000000"
"15314099999","2021-10-27","45.3","21.9166666","286.0","RESITA, RO","  42.2","24","  33.8","24","1028.4","24","993.6","24"," 12.4","24","  3.6","24","  5.8","  9.7","  57.0"," ","  29.7"," "," 0.00","G","999.9","000000"
"15314099999","2021-10-28","45.3","21.9166666","286.0","RESITA, RO","  44.6","24","  35.4","24","1027.8","24","993.3","24"," 12.4","24","  3.6","24","  5.8","  9.7","  61.9"," ","  30.9"," "," 0.00","G","999.9","000000"
"15314099999","2021-10-29","45.3","21.9166666","286.0","RESITA, RO","  47.5","24","  35.0","24","1024.1","24","989.8","24"," 12.4","24","  3.2","24","  7.8"," 17.5","  68.7"," ","  31.5"," "," 0.00","G","999.9","000000"
"15314099999","2021-10-30","45.3","21.9166666","286.0","RESITA, RO","  48.6","24","  36.5","24","1022.7","24","988.6","24"," 12.4","24","  3.0","24","  5.8","  9.7","  67.1"," ","  33.6"," "," 0.00","G","999.9","000000"
"15314099999","2021-10-31","45.3","21.9166666","286.0","RESITA, RO","  45.7","24","  35.7","24","1020.7","24","986.4","24"," 12.4","24","  3.2","24","  5.8","  9.7","  63.0"," ","  33.1"," "," 0.00","G","999.9","000000"
"15314099999","2021-11-01","45.3","21.9166666","286.0","RESITA, RO","  45.3","24","  34.9","24","1013.2","24","979.1","24"," 12.4","24","  3.8","24","  9.7"," 15.5","  62.6"," ","  30.4"," "," 0.00","G","999.9","000000"
"15314099999","2021-11-02","45.3","21.9166666","286.0","RESITA, RO","  50.2","24","  42.8","24","1005.6","24","972.2","24","  8.3","24","  3.9","24","  9.7"," 17.5","  59.2"," ","  39.4"," "," 0.00","G","999.9","010000"
"15314099999","2021-11-03","45.3","21.9166666","286.0","RESITA, RO","  57.1","24","  43.8","24","1011.9","24","978.7","24","  9.4","24","  6.2","24"," 21.4"," 33.0","  68.0"," ","  44.6"," "," 0.12","G","999.9","000000"
"15314099999","2021-11-04","45.3","21.9166666","286.0","RESITA, RO","  65.7","24","  49.6","24","1010.8","24","978.2","24"," 10.6","24"," 15.5","24"," 27.2"," 46.6","  74.3"," ","  57.2","*"," 0.00","G","999.9","010000"
"15314099999","2021-11-05","45.3","21.9166666","286.0","RESITA, RO","  55.1","24","  54.0","24","1018.6","24","985.1","24","  6.4","24","  3.3","24","  7.8"," 13.6","  60.1"," ","  49.3","*"," 0.80","G","999.9","010010"
"15314099999","2021-11-06","45.3","21.9166666","286.0","RESITA, RO","  46.7","24","  45.0","24","1028.3","24","993.9","24","  5.0","24","  3.2","24","  9.7"," 15.5","  54.7"," ","  45.3"," "," 0.28","G","999.9","010000"
"15314099999","2021-11-07","45.3","21.9166666","286.0","RESITA, RO","  47.7","24","  46.8","24","1022.1","24","987.9","24","  3.4","24","  1.8","21","  3.9","999.9","  51.3"," ","  44.6"," "," 0.05","G","999.9","010000"
"15314099999","2021-11-08","45.3","21.9166666","286.0","RESITA, RO","  47.4","24","  46.4","24","1020.1","24","986.0","24","  3.6","24","  3.2","24","  7.8"," 11.7","  49.8"," ","  44.1","*"," 0.00","G","  0.4","010000"
"15314099999","2021-11-09","45.3","21.9166666","286.0","RESITA, RO","  43.0","24","  40.6","24","1030.4","24","995.7","24","  5.8","24","  3.6","24","  7.8"," 11.7","  50.2"," ","  36.0","*"," 0.30","G","999.9","010000"
"15314099999","2021-11-10","45.3","21.9166666","286.0","RESITA, RO","  40.1","24","  34.2","24","1034.6","24","999.5","24","  9.9","24","  2.9","24","  5.8","  9.7","  56.3"," ","  31.1"," "," 0.13","G","999.9","000000"
"15314099999","2021-11-11","45.3","21.9166666","286.0","RESITA, RO","  41.1","23","  32.4","23","1028.3","23","993.5","23"," 12.4","23","  2.9","23","  7.8","  9.7","  59.5"," ","  29.8"," "," 0.00","G","999.9","000000"
"15314099999","2021-11-12","45.3","21.9166666","286.0","RESITA, RO","  39.0","24","  32.7","24","1023.6","24","988.8","24"," 12.4","24","  3.5","24","  7.8"," 11.7","  50.4"," ","  30.0"," "," 0.00","G","999.9","000000"
"15314099999","2021-11-13","45.3","21.9166666","286.0","RESITA, RO","  40.4","24","  33.3","24","1021.6","24","987.0","24"," 12.4","24","  2.3","24","  3.9","999.9","  57.4"," ","  29.1"," "," 0.00","G","999.9","000000"
"15314099999","2021-11-14","45.3","21.9166666","286.0","RESITA, RO","  43.6","24","  34.4","24","1021.7","24","987.3","24"," 12.4","24","  3.3","24","  5.8","  9.7","  59.5"," ","  32.4"," "," 0.00","G","999.9","000000"
"15314099999","2021-11-15","45.3","21.9166666","286.0","RESITA, RO","  42.6","24","  35.9","24","1026.9","24","992.2","24"," 10.4","24","  3.0","24","  7.8"," 11.7","  57.9"," ","  32.7"," "," 0.00","G","999.9","000000"
"15314099999","2021-11-16","45.3","21.9166666","286.0","RESITA, RO","  40.2","24","  31.8","24","1027.9","24","993.0","24"," 12.4","24","  3.0","24","  7.8"," 11.7","  54.5"," ","  30.9"," "," 0.00","G","999.9","000000"
"15314099999","2021-11-17","45.3","21.9166666","286.0","RESITA, RO","  41.0","24","  32.4","24","1023.9","24","989.3","24"," 12.2","24","  2.2","24","  5.8"," 13.6","  55.2"," ","  28.0"," "," 0.00","G","999.9","000000"
"15314099999","2021-11-18","45.3","21.9166666","286.0","RESITA, RO","  40.6","24","  37.8","24","1027.3","24","992.5","24","  4.4","24","  2.4","24","  5.8","  9.7","  46.4"," ","  37.8"," "," 0.00","G","999.9","010000"
"15314099999","2021-11-19","45.3","21.9166666","286.0","RESITA, RO","  40.2","24","  38.5","24","1027.9","24","993.0","24","  3.5","24","  2.3","24","  5.8","  9.7","  43.9","*","  35.6"," "," 0.01","G","999.9","010000"
"15314099999","2021-11-20","45.3","21.9166666","286.0","RESITA, RO","  43.8","24","  42.2","24","1023.7","24","989.2","24","  3.1","24","  2.1","24","  3.9","999.9","  45.5"," ","  41.4"," "," 0.02","G","999.9","010000"
"15314099999","2021-11-21","45.3","21.9166666","286.0","RESITA, RO","  42.3","24","  38.5","24","1015.8","24","981.5","24","  8.7","24","  2.5","24","  3.9","  9.7","  56.5"," ","  32.9"," "," 0.01","G","999.9","000000"
"15314099999","2021-11-22","45.3","21.9166666","286.0","RESITA, RO","  43.6","24","  38.4","24","1015.0","24","980.8","24"," 11.7","24","  3.0","24","  5.8","  9.7","  56.3"," ","  31.6"," "," 0.00","G","999.9","010000"
"15314099999","2021-11-23","45.3","21.9166666","286.0","RESITA, RO","  40.1","24","  39.2","24","1023.8","24","989.1","24","  2.9","24","  3.2","24","  7.8","  9.7","  47.1"," ","  31.1","*"," 0.09","G","999.9","010000"
"15314099999","2021-11-24","45.3","21.9166666","286.0","RESITA, RO","  34.2","24","  30.4","24","1027.3","24","992.0","24","  9.2","24","  2.4","23","  3.9","999.9","  47.5"," ","  26.6"," "," 0.00","G","999.9","000000"
"15314099999","2021-11-25","45.3","21.9166666","286.0","RESITA, RO","  40.3","24","  32.2","24","1017.8","24","983.2","24"," 12.4","24","  3.8","23","  9.7"," 15.5","  54.9"," ","  27.3"," "," 0.00","G","999.9","000000"
"15314099999","2021-11-26","45.3","21.9166666","286.0","RESITA, RO","  44.0","24","  35.1","24","1001.8","24","968.1","24","  9.6","24","  9.2","24"," 23.3"," 38.9","  51.4"," ","  35.2"," "," 0.00","G","999.9","010000"
"15314099999","2021-11-27","45.3","21.9166666","286.0","RESITA, RO","  52.8","24","  40.6","24"," 999.5","24","966.4","24"," 10.9","24","  9.1","24"," 21.4"," 29.1","  61.0"," ","  45.7"," "," 0.25","G","999.9","010000"
"15314099999","2021-11-28","45.3","21.9166666","286.0","RESITA, RO","  56.8","24","  40.7","24"," 996.4","24","963.6","24"," 12.4","24"," 16.3","24"," 25.3"," 35.0","  62.4"," ","  51.6"," "," 0.01","G","999.9","000000"
"15314099999","2021-11-29","45.3","21.9166666","286.0","RESITA, RO","  41.8","24","  36.9","24"," 999.3","24","965.5","24","  6.7","24","  5.4","24"," 15.5"," 25.3","  59.0"," ","  36.0","*"," 0.26","G","999.9","010000"
"15314099999","2021-11-30","45.3","21.9166666","286.0","RESITA, RO","  34.0","24","  28.4","24","1010.7","24","976.0","24","  6.2","24","  6.6","24","  9.7"," 19.4","  36.7"," ","  30.9"," "," 0.00","G","999.9","001000"
"15314099999","2021-12-01","45.3","21.9166666","286.0","RESITA, RO","  39.1","24","  32.0","24","1011.6","24","977.3","24","  8.2","24","  4.4","24","  7.8"," 13.6","  46.6"," ","  32.2"," "," 0.16","G","999.9","001000"
"15314099999","2021-12-02","45.3","21.9166666","286.0","RESITA, RO","  51.9","24","  33.8","24","1003.9","24","970.6","24"," 12.4","24"," 13.7","24"," 23.3"," 33.0","  56.8"," ","  37.6"," "," 0.00","G","999.9","000000"
"15314099999","2021-12-03","45.3","21.9166666","286.0","RESITA, RO","  41.6","24","  35.0","24","1008.8","24","974.7","24","  8.5","24","  7.3","24"," 17.5"," 31.1","  55.0"," ","  29.8","*"," 0.00","G","  0.4","010000"
"15314099999","2021-12-04","45.3","21.9166666","286.0","RESITA, RO","  31.4","24","  26.5","24","1012.9","24","977.9","24","  4.6","24","  2.1","24","  3.9","  9.7","  41.2"," ","  24.1"," "," 0.27","G","999.9","000000"
"15314099999","2021-12-05","45.3","21.9166666","286.0","RESITA, RO","  39.5","24","  34.3","24","1006.7","24","972.5","24","  7.2","24","  3.3","24","  7.8"," 17.5","  48.4"," ","  28.8"," "," 0.00","G","999.9","010000"
"15314099999","2021-12-06","45.3","21.9166666","286.0","RESITA, RO","  40.0","24","  38.0","24","1006.9","24","972.8","24","  3.6","24","  3.6","24"," 11.7"," 19.4","  48.2"," ","  35.8","*"," 0.29","G","999.9","010000"
"15314099999","2021-12-07","45.3","21.9166666","286.0","RESITA, RO","  34.0","24","  33.4","24","1008.4","24","973.8","24","  1.9","24","  2.7","24","  7.8"," 11.7","  36.9"," ","  32.0"," "," 0.19","G","  0.4","011000"
"15314099999","2021-12-08","45.3","21.9166666","286.0","RESITA, RO","  30.5","24","  29.6","24","1012.3","24","977.3","24","  2.0","24","  2.9","24","  5.8","  9.7","  32.9"," ","  25.0","*"," 0.46","G","999.9","011000"
"15314099999","2021-12-09","45.3","21.9166666","286.0","RESITA, RO","  37.1","24","  29.1","24","1006.3","24","972.0","24","  5.9","24","  5.1","24"," 15.5"," 29.1","  53.6"," ","  23.9"," "," 0.01","G","999.9","010000"
"15314099999","2021-12-10","45.3","21.9166666","286.0","RESITA, RO","  39.0","24","  37.6","24","1006.4","24","972.2","24","  2.9","24","  2.8","24","  5.8"," 13.6","  52.2"," ","  34.7","*"," 0.05","G","999.9","010000"
"15314099999","2021-12-11","45.3","21.9166666","286.0","RESITA, RO","  35.4","24","  34.7","24","1008.6","24","974.1","24","  4.2","24","  2.5","24","  3.9","  9.7","  40.3"," ","  28.2"," "," 0.00","G","999.9","010000"
"15314099999","2021-12-12","45.3","21.9166666","286.0","RESITA, RO","  36.0","24","  34.3","24","1011.9","24","977.3","24","  4.8","24","  5.4","24","  9.7"," 15.5","  40.3"," ","  32.0"," "," 0.56","G","999.9","010000"
"15314099999","2021-12-13","45.3","21.9166666","286.0","RESITA, RO","  32.9","24","  31.7","24","1023.7","24","988.5","24","  3.4","24","  3.2","24","  3.9","  9.7","  33.8"," ","  31.8"," "," 0.12","G","999.9","010000"
"15314099999","2021-12-14","45.3","21.9166666","286.0","RESITA, RO","  32.6","24","  31.4","24","1027.3","24","991.9","24","  2.0","24","  2.3","24","  3.9","999.9","  34.0"," ","  31.5"," "," 0.06","G","999.9","011000"
"15314099999","2021-12-15","45.3","21.9166666","286.0","RESITA, RO","  32.3","24","  30.1","24","1030.1","24","994.7","24","  4.1","24","  3.7","24","  5.8","  9.7","  35.4"," ","  30.7","*"," 0.02","G","999.9","001000"
"15314099999","2021-12-16","45.3","21.9166666","286.0","RESITA, RO","  34.3","24","  31.7","24","1030.2","24","994.8","24","  3.7","24","  3.2","24","  9.7"," 13.6","  39.9"," ","  30.7"," "," 0.00","G","999.9","010000"
"15314099999","2021-12-17","45.3","21.9166666","286.0","RESITA, RO","  36.8","24","  34.9","24","1026.9","24","991.9","24","  3.4","24","  4.2","24"," 11.7"," 17.5","  40.3"," ","  35.1","*"," 0.04","G","999.9","010000"
"15314099999","2021-12-18","45.3","21.9166666","286.0","RESITA, RO","  34.6","24","  30.2","24","1028.2","24","992.9","24","  9.8","24","  4.4","24","  7.8"," 13.6","  40.8"," ","  29.3","*"," 0.06","G","999.9","010000"
"15314099999","2021-12-19","45.3","21.9166666","286.0","RESITA, RO","  34.2","24","  32.4","24","1019.9","24","984.9","24","  7.2","24","  3.8","24","  9.7"," 15.5","  37.4","*","  28.9"," "," 0.01","G","999.9","011000"
"15314099999","2021-12-20","45.3","21.9166666","286.0","RESITA, RO","  34.5","24","  29.9","24","1016.4","24","981.6","24","  9.6","24","  6.8","24"," 11.7"," 17.5","  37.9"," ","  31.6"," "," 0.05","G","999.9","011000"
"15314099999","2021-12-21","45.3","21.9166666","286.0","RESITA, RO","  29.1","24","  18.9","24","1025.4","24","989.8","24"," 12.4","24","  5.3","24","  9.7"," 15.5","  33.8"," ","  23.0","*"," 0.04","G","999.9","001000"
"15314099999","2021-12-22","45.3","21.9166666","286.0","RESITA, RO","  26.6","24","  20.0","24","1029.4","24","993.5","24"," 10.9","24","  2.8","24","  7.8"," 11.7","  34.0"," ","  20.3","*"," 0.00","G","999.9","000000"
"15314099999","2021-12-23","45.3","21.9166666","286.0","RESITA, RO","  28.1","24","  18.2","24","1025.1","24","989.5","24"," 11.4","24","  3.8","24","  9.7"," 15.5","  37.4","*","  15.8"," "," 0.00","G","999.9","000000"
"15314099999","2021-12-24","45.3","21.9166666","286.0","RESITA, RO","  45.0","24","  32.1","24","1011.9","24","977.9","24"," 11.7","24","  6.2","24","  9.7"," 17.5","  51.1"," ","  34.7"," "," 0.00","G","999.9","010000"
"15314099999","2021-12-25","45.3","21.9166666","286.0","RESITA, RO","  47.6","24","  44.3","24","1010.0","24","976.3","24","  6.2","24","  5.8","24","  7.8"," 15.5","  51.1"," ","  45.0"," "," 0.28","G","  0.4","010000"
"15314099999","2021-12-26","45.3","21.9166666","286.0","RESITA, RO","  44.4","24","  43.2","24","1010.3","24","976.4","24","  4.7","24","  4.3","24","  7.8"," 15.5","  49.3"," ","  37.4","*"," 0.65","G","999.9","010000"
"15314099999","2021-12-27","45.3","21.9166666","286.0","RESITA, RO","  37.1","24","  36.4","22","1011.4","24","976.9","24","  3.3","24","  3.5","24","  7.8"," 17.5","  39.9"," ","  33.8","*"," 0.60","G","  0.4","010000"
"15314099999","2021-12-28","45.3","21.9166666","286.0","RESITA, RO","  36.4","24","  34.6","24","1011.7","24","977.1","24","  7.6","24","  1.8","24","  3.9","999.9","  44.8"," ","  31.1"," "," 0.47","G","999.9","000000"
"15314099999","2021-12-29","45.3","21.9166666","286.0","RESITA, RO","  39.1","24","  37.2","24","1010.4","24","976.1","24","  6.2","24","  2.8","24","  5.8","  9.7","  45.1"," ","  35.8"," "," 0.00","G","  0.4","010000"
"15314099999","2021-12-30","45.3","21.9166666","286.0","RESITA, RO","  38.6","24","  37.8","24","1021.4","24","986.6","24","  2.5","24","  3.2","24","  9.7"," 11.7","  43.7"," ","  36.5","*"," 0.20","G","999.9","010000"
"15314099999","2021-12-31","45.3","21.9166666","286.0","RESITA, RO","  42.0","23","  40.5","22","1024.4","23","989.8","23","  4.3","23","  2.4","23","  5.8","  9.7","  48.6"," ","  36.1"," "," 0.01","G","999.9","010000"
