"STATION","DATE","LATITUDE","LONGITUDE","ELEVATION","NAME","TEMP","TEMP_ATTRIBUTES","DEWP","DEWP_ATTRIBUTES","SLP","SLP_ATTRIBUTES","STP","STP_ATTRIBUTES","VISIB","VISIB_ATTRIBUTES","WDSP","WDSP_ATTRIBUTES","MXSPD","GUST","MAX","MAX_ATTRIBUTES","MIN","MIN_ATTRIBUTES","PRCP","PRCP_ATTRIBUTES","SNDP","FRSHTT"
"34398099999","2021-01-01","49.6666666","49.4833333","10.0","ZHALPAKTAL, KZ","  14.9"," 8","  13.4"," 8","1030.1"," 8","029.0"," 8","999.9"," 0","  4.9"," 8","  7.8","999.9","  18.3"," ","   7.9"," "," 0.00","I","  2.0","100000"
"34398099999","2021-01-02","49.6666666","49.4833333","10.0","ZHALPAKTAL, KZ","  15.3"," 8","  13.3"," 8","1030.2"," 8","029.0"," 8","999.9"," 0","  4.9"," 8","  7.8","999.9","  22.1","*","   7.0"," "," 0.00","I","  2.0","000000"
"34398099999","2021-01-03","49.6666666","49.4833333","10.0","ZHALPAKTAL, KZ","  27.5"," 7","  27.5"," 7","1034.9"," 7","033.8"," 7","999.9"," 0","  3.4"," 4","  3.9","999.9","  31.5"," ","  19.6"," "," 0.00","I","  2.0","100000"
"34398099999","2021-01-04","49.6666666","49.4833333","10.0","ZHALPAKTAL, KZ","  25.7"," 8","  25.0"," 8","1041.2"," 8","040.1"," 8","999.9"," 0","  4.2"," 7","  5.8","999.9","  27.3"," ","  22.3","*"," 0.00","I","  2.4","100000"
"34398099999","2021-01-05","49.6666666","49.4833333","10.0","ZHALPAKTAL, KZ","  10.6"," 8","   7.7"," 8","1040.4"," 8","039.3"," 8","999.9"," 0","  6.3"," 8","  9.7","999.9","  21.0","*","   4.5","*"," 0.00","I","  2.4","000000"
"34398099999","2021-01-06","49.6666666","49.4833333","10.0","ZHALPAKTAL, KZ","   6.9"," 8","   3.9"," 8","1037.0"," 8","035.9"," 8","999.9"," 0","  6.6"," 8","  9.7","999.9","  13.3"," ","   2.5"," "," 0.00","I","  2.4","000000"
"34398099999","2021-01-07","49.6666666","49.4833333","10.0","ZHALPAKTAL, KZ","  16.8"," 7","  14.4"," 5","1030.1"," 7","029.0"," 7","999.9"," 0","  8.6"," 7"," 11.7","999.9","  22.5","*","   5.5"," ","99.99"," ","  2.4","001000"
"34398099999","2021-01-08","49.6666666","49.4833333","10.0","ZHALPAKTAL, KZ","  24.4"," 7","  22.8"," 7","1024.0"," 7","023.0"," 7","999.9"," 0","  8.3"," 7"," 11.7","999.9","  27.7","*","  19.4"," ","99.99"," ","  2.8","010000"
"34398099999","2021-01-09","49.6666666","49.4833333","10.0","ZHALPAKTAL, KZ","  32.0"," 6","  30.7"," 6","1017.2"," 6","016.2"," 6","999.9"," 0","  8.4"," 6"," 15.5","999.9","  33.3","*","  23.9"," ","99.99"," ","999.9","010000"
"34398099999","2021-01-10","49.6666666","49.4833333","10.0","ZHALPAKTAL, KZ","  31.4"," 7","  28.2"," 7","1014.4"," 7","013.4"," 7","999.9"," 0","  6.9"," 7"," 13.6","999.9","  34.9"," ","  25.2","*","99.99"," ","999.9","010000"
"34398099999","2021-01-11","49.6666666","49.4833333","10.0","ZHALPAKTAL, KZ","  26.8"," 8","  25.1"," 8","1016.6"," 8","015.6"," 8","999.9"," 0","  4.4"," 8","  5.8","999.9","  30.7"," ","  21.2","*","99.99"," ","  2.4","001000"
"34398099999","2021-01-12","49.6666666","49.4833333","10.0","ZHALPAKTAL, KZ","  14.5"," 7","  10.9"," 7","1025.7"," 7","024.6"," 7","999.9"," 0","  4.5"," 6","  5.8","999.9","  20.1","*","   9.5","*"," 0.00","I","  2.4","000000"
"34398099999","2021-01-13","49.6666666","49.4833333","10.0","ZHALPAKTAL, KZ","  19.9"," 7","  18.2"," 7","1024.8"," 7","023.7"," 7","999.9"," 0"," 10.5"," 7"," 17.5","999.9","  24.3","*","  16.9"," ","99.99"," ","  2.4","001000"
"34398099999","2021-01-14","49.6666666","49.4833333","10.0","ZHALPAKTAL, KZ","  22.0"," 7","  18.8"," 7","1010.4"," 7","009.4"," 7","999.9"," 0"," 10.7"," 6"," 15.5","999.9","  25.0","*","  15.6"," "," 0.00","I","999.9","000000"
"34398099999","2021-01-15","49.6666666","49.4833333","10.0","ZHALPAKTAL, KZ","  25.4"," 7","  23.0"," 7","1004.1"," 7","003.1"," 7","999.9"," 0","  5.8"," 6","  9.7","999.9","  27.5"," ","  22.6","*","99.99"," ","  3.1","001000"
"34398099999","2021-01-16","49.6666666","49.4833333","10.0","ZHALPAKTAL, KZ","  18.0"," 7","  14.9"," 7","1011.8"," 7","010.8"," 7","999.9"," 0"," 10.3"," 7"," 13.6","999.9","  23.5"," ","  10.6","*"," 0.00","I","999.9","000000"
"34398099999","2021-01-17","49.6666666","49.4833333","10.0","ZHALPAKTAL, KZ","   6.8"," 7","   3.6"," 7","1015.4"," 7","014.3"," 7","999.9"," 0","  3.9"," 7","  5.8","999.9","  11.8"," ","   3.2","*"," 0.00","I","999.9","000000"
"34398099999","2021-01-18","49.6666666","49.4833333","10.0","ZHALPAKTAL, KZ","   8.5"," 8","   5.4"," 8","1012.9"," 8","011.8"," 8","999.9"," 0","  8.5"," 8"," 13.6","999.9","  11.7"," ","   2.3"," "," 0.00","I","  3.9","000000"
"34398099999","2021-01-19","49.6666666","49.4833333","10.0","ZHALPAKTAL, KZ","   4.7"," 8","   2.5"," 8","1017.1"," 8","016.0"," 8","999.9"," 0","  5.3"," 8","  7.8","999.9","   9.9","*","  -0.4","*"," 0.00","I","  3.9","000000"
"34398099999","2021-01-20","49.6666666","49.4833333","10.0","ZHALPAKTAL, KZ","   2.8"," 6","   0.6"," 6","1021.3"," 6","020.2"," 6","999.9"," 0","  3.6"," 6","  3.9","999.9","  13.1"," "," -12.1","*","99.99"," ","999.9","001000"
"34398099999","2021-01-21","49.6666666","49.4833333","10.0","ZHALPAKTAL, KZ","  -4.2"," 8","  -8.3"," 8","1026.6"," 8","025.5"," 8","999.9"," 0","  3.6"," 8","  5.8","999.9","   8.4","*"," -15.0"," "," 0.00","I","  4.3","000000"
"34398099999","2021-01-22","49.6666666","49.4833333","10.0","ZHALPAKTAL, KZ","  18.5"," 6","  17.1"," 6","1022.0"," 6","020.9"," 6","999.9"," 0","  7.1"," 6","  9.7","999.9","  23.0","*","  -3.8"," ","99.99"," ","999.9","001000"
"34398099999","2021-01-23","49.6666666","49.4833333","10.0","ZHALPAKTAL, KZ","  31.2"," 6","  29.4"," 6","1026.0"," 6","025.0"," 6","999.9"," 0","  5.2"," 6","  5.8","999.9","  34.5","*","  21.9"," "," 0.00","I","999.9","100000"
"34398099999","2021-01-24","49.6666666","49.4833333","10.0","ZHALPAKTAL, KZ","  31.1"," 8","  28.6"," 8","1029.6"," 8","028.6"," 8","999.9"," 0","  6.1"," 8","  9.7","999.9","  34.5"," ","  26.2","*"," 0.00","I","  5.1","000000"
"34398099999","2021-01-25","49.6666666","49.4833333","10.0","ZHALPAKTAL, KZ","  29.9"," 8","  29.9"," 8","1029.1"," 8","028.1"," 8","999.9"," 0","  9.7"," 8"," 11.7","999.9","  30.9"," ","  28.9","*"," 0.00","I","  5.1","000000"
"34398099999","2021-01-26","49.6666666","49.4833333","10.0","ZHALPAKTAL, KZ","  22.4"," 8","  19.3"," 8","1027.0"," 8","025.9"," 8","999.9"," 0","  6.1"," 8","  9.7","999.9","  27.3"," ","  18.3","*"," 0.00","I","  5.1","100000"
"34398099999","2021-01-27","49.6666666","49.4833333","10.0","ZHALPAKTAL, KZ","  19.3"," 8","  14.3"," 8","1024.6"," 8","023.5"," 8","999.9"," 0","  8.7"," 8"," 11.7","999.9","  26.6"," ","  15.6"," "," 0.00","I","  5.1","000000"
"34398099999","2021-01-28","49.6666666","49.4833333","10.0","ZHALPAKTAL, KZ","  22.1"," 8","  16.1"," 8","1014.1"," 8","013.0"," 8","999.9"," 0"," 10.7"," 8"," 15.5","999.9","  27.3","*","  14.9"," "," 0.00","I","  5.1","000000"
"34398099999","2021-01-29","49.6666666","49.4833333","10.0","ZHALPAKTAL, KZ","  29.1"," 8","  26.0"," 8","1010.3"," 8","009.3"," 8","999.9"," 0","  3.9"," 8","  5.8","999.9","  31.3"," ","  25.5"," "," 0.00","I","  5.1","000000"
"34398099999","2021-01-30","49.6666666","49.4833333","10.0","ZHALPAKTAL, KZ","  23.9"," 8","  23.9"," 8","1015.1"," 8","014.1"," 8","999.9"," 0","  4.6"," 8","  5.8","999.9","  26.8","*","  20.7","*"," 0.00","I","  5.1","100000"
"34398099999","2021-01-31","49.6666666","49.4833333","10.0","ZHALPAKTAL, KZ","  26.7"," 8","  26.7"," 8","1014.5"," 8","013.5"," 8","999.9"," 0","  5.6"," 8","  9.7","999.9","  31.3","*","  19.9"," "," 0.00","I","  5.1","100000"
"34398099999","2021-02-01","49.6666666","49.4833333","10.0","ZHALPAKTAL, KZ","  32.4"," 8","  32.4"," 8","1021.4"," 8","020.4"," 8","999.9"," 0","  5.3"," 8","  9.7","999.9","  33.4"," ","  28.6"," "," 0.00","I","  5.1","100000"
"34398099999","2021-02-02","49.6666666","49.4833333","10.0","ZHALPAKTAL, KZ","  34.1"," 8","  33.8"," 8","1020.1"," 8","019.1"," 8","999.9"," 0","  7.8"," 8"," 13.6","999.9","  35.6"," ","  32.5"," "," 0.00","I","  4.7","100000"
"34398099999","2021-02-03","49.6666666","49.4833333","10.0","ZHALPAKTAL, KZ","  33.7"," 7","  33.5"," 7","1017.8"," 7","016.8"," 7","999.9"," 0","  3.1"," 7","  3.9","999.9","  34.7","*","  32.7","*"," 0.00","I","  2.8","100000"
"34398099999","2021-02-04","49.6666666","49.4833333","10.0","ZHALPAKTAL, KZ","  35.4"," 7","  35.3"," 7","1014.4"," 7","013.4"," 7","999.9"," 0","  5.0"," 7","  7.8","999.9","  39.6"," ","  33.3"," ","99.99"," ","  2.0","110000"
"34398099999","2021-02-05","49.6666666","49.4833333","10.0","ZHALPAKTAL, KZ","  35.4"," 7","  35.4"," 7","1003.8"," 7","002.8"," 7","999.9"," 0","  8.0"," 7","  9.7","999.9","  38.3","*","  31.8"," ","99.99"," ","  0.8","110000"
"34398099999","2021-02-06","49.6666666","49.4833333","10.0","ZHALPAKTAL, KZ","  21.0"," 6","  16.3"," 6","1006.8"," 6","005.8"," 6","999.9"," 0"," 17.2"," 6"," 23.3","999.9","  29.7","*","  18.0","*","99.99"," ","999.9","011000"
"34398099999","2021-02-07","49.6666666","49.4833333","10.0","ZHALPAKTAL, KZ","  11.8"," 7","   8.6"," 7","1011.7"," 7","010.6"," 7","999.9"," 0"," 10.0"," 7"," 15.5","999.9","  20.3","*","   5.4","*"," 0.00","I","999.9","000000"
"34398099999","2021-02-08","49.6666666","49.4833333","10.0","ZHALPAKTAL, KZ","   9.7"," 8","   5.4"," 8","1019.9"," 8","018.8"," 8","999.9"," 0"," 10.4"," 8"," 15.5","999.9","  17.8"," ","   3.7","*"," 0.00","I","999.9","000000"
"34398099999","2021-02-09","49.6666666","49.4833333","10.0","ZHALPAKTAL, KZ","   4.2"," 7","  -1.4"," 7","1026.0"," 7","024.9"," 7","999.9"," 0","  8.3"," 7"," 13.6","999.9","   9.9"," ","  -1.7"," ","99.99"," ","999.9","001000"
"34398099999","2021-02-13","49.6666666","49.4833333","10.0","ZHALPAKTAL, KZ","  28.7"," 4","  24.5"," 4","1017.0"," 4","016.0"," 4","999.9"," 0"," 11.2"," 4"," 19.4","999.9","  34.3"," ","  27.9","*","99.99"," ","999.9","001000"
"34398099999","2021-02-14","49.6666666","49.4833333","10.0","ZHALPAKTAL, KZ","  21.1"," 6","  15.2"," 6","1019.3"," 6","018.3"," 6","999.9"," 0"," 11.3"," 6"," 17.5","999.9","  28.0"," ","  14.5","*"," 0.00","I","999.9","000000"
"34398099999","2021-02-15","49.6666666","49.4833333","10.0","ZHALPAKTAL, KZ","  13.1"," 8","   8.4"," 8","1022.9"," 8","021.8"," 8","999.9"," 0","  6.3"," 8","  9.7","999.9","  17.1"," ","   7.2","*"," 0.00","I","  0.4","000000"
"34398099999","2021-02-16","49.6666666","49.4833333","10.0","ZHALPAKTAL, KZ","   5.0"," 8","   0.8"," 8","1027.0"," 8","025.9"," 8","999.9"," 0","  6.8"," 8","  9.7","999.9","   9.9"," ","   2.3"," "," 0.00","I","  0.4","000000"
"34398099999","2021-02-17","49.6666666","49.4833333","10.0","ZHALPAKTAL, KZ","   6.1"," 8","   2.4"," 8","1021.6"," 8","020.5"," 8","999.9"," 0","  9.7"," 8"," 11.7","999.9","   9.9"," ","   3.2"," "," 0.00","I","  0.4","000000"
"34398099999","2021-02-18","49.6666666","49.4833333","10.0","ZHALPAKTAL, KZ","   3.6"," 8","  -0.4"," 8","1019.6"," 8","018.5"," 8","999.9"," 0","  6.6"," 8","  9.7","999.9","  10.0"," ","  -2.2"," "," 0.00","I","  0.4","000000"
"34398099999","2021-02-19","49.6666666","49.4833333","10.0","ZHALPAKTAL, KZ","   7.7"," 4","   5.4"," 4","1023.7"," 4","022.6"," 4","999.9"," 0","999.9"," 0","999.9","999.9","  19.4","*","   0.1"," ","99.99"," ","  0.4","001000"
"34398099999","2021-02-22","49.6666666","49.4833333","10.0","ZHALPAKTAL, KZ","   8.2"," 6","   7.2"," 6","1017.0"," 6","015.9"," 6","999.9"," 0","  6.8"," 6","  9.7","999.9","  17.1"," ","  -6.2","*","99.99"," ","999.9","001000"
"34398099999","2021-02-23","49.6666666","49.4833333","10.0","ZHALPAKTAL, KZ"," -10.7"," 8"," -13.9"," 8","1025.8"," 8","024.7"," 8","999.9"," 0"," 15.5"," 8"," 19.4","999.9","  -7.2"," "," -14.1","*"," 0.00","I","  3.1","000000"
"34398099999","2021-02-24","49.6666666","49.4833333","10.0","ZHALPAKTAL, KZ","  -6.2"," 8","  -9.6"," 8","1033.7"," 8","032.6"," 8","999.9"," 0"," 11.7"," 8"," 17.5","999.9","   0.9"," "," -12.6"," "," 0.00","I","  1.2","000000"
"34398099999","2021-02-25","49.6666666","49.4833333","10.0","ZHALPAKTAL, KZ","   2.1"," 7","  -1.1"," 7","1032.5"," 7","031.4"," 7","999.9"," 0","  7.4"," 6"," 11.7","999.9","  10.9","*"," -10.7"," ","99.99"," ","  1.2","001000"
"34398099999","2021-02-26","49.6666666","49.4833333","10.0","ZHALPAKTAL, KZ","  23.2"," 7","  22.5"," 7","1015.0"," 7","014.0"," 7","999.9"," 0","  6.2"," 6"," 11.7","999.9","  32.5","*","   9.7"," ","99.99"," ","999.9","011000"
"34398099999","2021-02-27","49.6666666","49.4833333","10.0","ZHALPAKTAL, KZ","  34.0"," 7","  34.0"," 7","1004.9"," 7","003.9"," 7","999.9"," 0","  6.4"," 7","  9.7","999.9","  34.9"," ","  24.4"," "," 0.00","I","999.9","100000"
"34398099999","2021-02-28","49.6666666","49.4833333","10.0","ZHALPAKTAL, KZ","  19.0"," 6","  13.3"," 6","1010.9"," 6","009.9"," 6","999.9"," 0","  8.3"," 4","  9.7","999.9","  33.3","*","  13.6","*","99.99"," ","  1.2","001000"
"34398099999","2021-03-01","49.6666666","49.4833333","10.0","ZHALPAKTAL, KZ","  16.3"," 8","  10.8"," 8","1022.9"," 8","021.8"," 8","999.9"," 0","  3.6"," 8","  5.8","999.9","  22.6"," ","  10.9"," "," 0.00","I","  1.2","000000"
"34398099999","2021-03-02","49.6666666","49.4833333","10.0","ZHALPAKTAL, KZ","  25.7"," 8","  22.5"," 8","1017.4"," 8","016.4"," 8","999.9"," 0","  9.0"," 8"," 13.6","999.9","  34.7"," ","  11.7"," ","99.99"," ","  1.2","001000"
"34398099999","2021-03-03","49.6666666","49.4833333","10.0","ZHALPAKTAL, KZ","  32.2"," 7","  29.5"," 7","1008.3"," 7","007.3"," 7","999.9"," 0","  6.7"," 7","  7.8","999.9","  36.1"," ","  27.1","*","99.99"," ","999.9","001000"
"34398099999","2021-03-04","49.6666666","49.4833333","10.0","ZHALPAKTAL, KZ","  31.4"," 8","  25.4"," 8","1013.6"," 8","012.6"," 8","999.9"," 0"," 10.2"," 8"," 13.6","999.9","  37.9"," ","  22.5"," "," 0.00","I","  1.2","000000"
"34398099999","2021-03-05","49.6666666","49.4833333","10.0","ZHALPAKTAL, KZ","  34.4"," 7","  32.1"," 7","1010.6"," 7","009.6"," 7","999.9"," 0"," 11.1"," 7"," 15.5","999.9","  36.0"," ","  32.7"," ","99.99"," ","999.9","010000"
"34398099999","2021-03-06","49.6666666","49.4833333","10.0","ZHALPAKTAL, KZ","  30.4"," 7","  30.4"," 7","1012.6"," 7","011.6"," 7","999.9"," 0","  6.8"," 6","  9.7","999.9","  32.7","*","  26.4","*","99.99"," ","  0.4","101000"
"34398099999","2021-03-07","49.6666666","49.4833333","10.0","ZHALPAKTAL, KZ","  23.5"," 6","  18.8"," 5","1015.4"," 6","014.4"," 6","999.9"," 0","  8.4"," 6"," 11.7","999.9","  27.5"," ","  18.9","*","99.99"," ","999.9","001000"
"34398099999","2021-03-08","49.6666666","49.4833333","10.0","ZHALPAKTAL, KZ","  29.2"," 8","  26.3"," 8","1011.8"," 8","010.8"," 8","999.9"," 0"," 12.6"," 8"," 15.5","999.9","  33.1"," ","  16.9"," ","99.99"," ","  4.3","001000"
"34398099999","2021-03-09","49.6666666","49.4833333","10.0","ZHALPAKTAL, KZ","  28.2"," 6","  26.8"," 6","1009.8"," 6","008.8"," 6","999.9"," 0","  7.1"," 6","  9.7","999.9","  33.4"," ","  16.7","*","99.99"," ","999.9","011000"
"34398099999","2021-03-10","49.6666666","49.4833333","10.0","ZHALPAKTAL, KZ","  11.4"," 8","   7.1"," 8","1017.8"," 8","016.7"," 8","999.9"," 0","  9.5"," 8"," 13.6","999.9","  17.6"," ","   5.5","*","99.99"," ","  3.5","001000"
"34398099999","2021-03-11","49.6666666","49.4833333","10.0","ZHALPAKTAL, KZ","   3.2"," 8","  -0.5"," 8","1025.5"," 8","024.4"," 8","999.9"," 0","  4.7"," 7","  9.7","999.9","   8.6"," ","  -0.8","*"," 0.00","I","  3.5","000000"
"34398099999","2021-03-12","49.6666666","49.4833333","10.0","ZHALPAKTAL, KZ","   6.9"," 8","   2.7"," 8","1031.6"," 8","030.4"," 8","999.9"," 0","  1.9"," 7","  1.9","999.9","  16.2"," ","  -3.5"," "," 0.00","I","  3.1","000000"
"34398099999","2021-03-13","49.6666666","49.4833333","10.0","ZHALPAKTAL, KZ","  15.3"," 8","  10.7"," 8","1034.5"," 8","033.5"," 8","999.9"," 0","  4.6"," 8","  7.8","999.9","  26.2"," ","   3.6"," "," 0.00","I","  3.1","000000"
"34398099999","2021-03-14","49.6666666","49.4833333","10.0","ZHALPAKTAL, KZ","  18.6"," 8","  13.1"," 8","1031.8"," 8","030.7"," 8"," 12.4"," 4","  6.1"," 8","  9.7","999.9","  30.4"," ","   9.9"," "," 0.00","I","  2.8","000000"
"34398099999","2021-03-15","49.6666666","49.4833333","10.0","ZHALPAKTAL, KZ","  21.4"," 8","  17.1"," 8","1030.0"," 8","028.9"," 8"," 12.4"," 5","  5.3"," 8","  9.7","999.9","  34.7"," ","   9.3"," "," 0.00","I","  2.8","000000"
"34398099999","2021-03-16","49.6666666","49.4833333","10.0","ZHALPAKTAL, KZ","  25.7"," 8","  22.1"," 8","1027.4"," 8","026.3"," 8"," 12.4"," 5","  9.7"," 8"," 13.6","999.9","  36.0"," ","  15.8"," "," 0.00","I","  2.0","000000"
"34398099999","2021-03-17","49.6666666","49.4833333","10.0","ZHALPAKTAL, KZ","  29.7"," 8","  25.8"," 8","1016.5"," 8","015.5"," 8"," 12.4"," 5"," 10.2"," 8"," 13.6","999.9","  34.5"," ","  23.2"," ","99.99"," ","  1.6","001000"
"34398099999","2021-03-18","49.6666666","49.4833333","10.0","ZHALPAKTAL, KZ","  31.4"," 7","  27.6"," 7","1004.8"," 7","003.8"," 7","  9.9"," 4","  5.3"," 7","  5.8","999.9","  34.7"," ","  23.4"," "," 0.00","I","999.9","000000"
"34398099999","2021-03-19","49.6666666","49.4833333","10.0","ZHALPAKTAL, KZ","  30.0"," 6","  28.5"," 6","1001.0"," 6","000.0"," 6","999.9"," 0","  9.4"," 6"," 11.7","999.9","  33.6"," ","  26.2"," ","99.99"," ","999.9","001000"
"34398099999","2021-03-20","49.6666666","49.4833333","10.0","ZHALPAKTAL, KZ","  31.9"," 7","  28.5"," 7","1010.1"," 7","009.1"," 7"," 12.4"," 4","  5.5"," 7","  7.8","999.9","  34.7"," ","  29.3"," ","99.99"," ","  4.7","001000"
"34398099999","2021-03-21","49.6666666","49.4833333","10.0","ZHALPAKTAL, KZ","  29.6"," 8","  26.4"," 8","1012.3"," 8","011.3"," 8"," 12.4"," 5","  3.6"," 8","  5.8","999.9","  38.1"," ","  21.4"," "," 0.00","I","  4.3","000000"
"34398099999","2021-03-22","49.6666666","49.4833333","10.0","ZHALPAKTAL, KZ","  29.8"," 8","  25.1"," 8","1013.8"," 8","012.8"," 8"," 12.4"," 5","  5.6"," 8","  7.8","999.9","  36.1"," ","  22.6"," "," 0.00","I","  3.5","000000"
"34398099999","2021-03-23","49.6666666","49.4833333","10.0","ZHALPAKTAL, KZ","  34.2"," 8","  30.4"," 8","1011.1"," 8","010.1"," 8"," 12.4"," 5","  6.8"," 8","  9.7","999.9","  37.2"," ","  25.9"," ","99.99"," ","  2.4","010000"
"34398099999","2021-03-24","49.6666666","49.4833333","10.0","ZHALPAKTAL, KZ","  34.8"," 7","  30.7"," 7","1007.0"," 7","006.0"," 7"," 12.4"," 4"," 12.5"," 7"," 15.5","999.9","  36.5"," ","  33.6","*"," 0.00","I","999.9","000000"
"34398099999","2021-03-25","49.6666666","49.4833333","10.0","ZHALPAKTAL, KZ","  33.8"," 6","  30.3"," 6","1004.6"," 6","003.6"," 6"," 12.4"," 4"," 19.1"," 6"," 23.3","999.9","  35.8"," ","  32.7"," ","99.99"," ","  0.4","010000"
"34398099999","2021-03-26","49.6666666","49.4833333","10.0","ZHALPAKTAL, KZ","  32.2"," 6","  32.2"," 6","1005.2"," 6","004.2"," 6","999.9"," 0","  9.4"," 6"," 11.7","999.9","  32.9"," ","  30.7"," ","99.99"," ","999.9","011000"
"34398099999","2021-03-27","49.6666666","49.4833333","10.0","ZHALPAKTAL, KZ","  37.3"," 7","  30.4"," 7","1012.8"," 7","011.8"," 7"," 12.4"," 4","  5.0"," 7","  7.8","999.9","  46.0","*","  30.4"," "," 0.00","I","999.9","000000"
"34398099999","2021-03-28","49.6666666","49.4833333","10.0","ZHALPAKTAL, KZ","  36.3"," 8","  33.5"," 8","1017.5"," 8","016.5"," 8"," 12.4"," 5","  4.3"," 5","  7.8","999.9","  40.8"," ","  32.9"," ","99.99"," ","999.9","010000"
"34398099999","2021-03-29","49.6666666","49.4833333","10.0","ZHALPAKTAL, KZ","  35.1"," 6","  34.0"," 6","1025.5"," 6","024.5"," 6","999.9"," 0","  6.2"," 6","  7.8","999.9","  38.8"," ","  33.1"," ","99.99"," ","999.9","010000"
"34398099999","2021-03-30","49.6666666","49.4833333","10.0","ZHALPAKTAL, KZ","  37.0"," 8","  28.4"," 8","1033.7"," 8","032.7"," 8"," 10.4"," 5","  4.6"," 8","  7.8","999.9","  48.2"," ","  28.4"," "," 0.00","I","999.9","000000"
"34398099999","2021-03-31","49.6666666","49.4833333","10.0","ZHALPAKTAL, KZ","  39.0"," 8","  29.9"," 8","1033.4"," 8","032.4"," 8"," 12.4"," 5","  3.6"," 7","  5.8","999.9","  50.0"," ","  28.4"," "," 0.00","I","999.9","000000"
"34398099999","2021-04-01","49.6666666","49.4833333","10.0","ZHALPAKTAL, KZ","  42.7"," 8","  31.3"," 8","1025.5"," 8","024.5"," 8"," 12.4"," 5","  5.8"," 8","  9.7","999.9","  56.7"," ","  30.9"," "," 0.00","I","999.9","000000"
"34398099999","2021-04-02","49.6666666","49.4833333","10.0","ZHALPAKTAL, KZ","  42.9"," 8","  34.8"," 8","1013.6"," 8","012.6"," 8"," 12.4"," 5","  5.8"," 8","  9.7","999.9","  53.8"," ","  32.2"," "," 0.00","I","999.9","000000"
"34398099999","2021-04-03","49.6666666","49.4833333","10.0","ZHALPAKTAL, KZ","  45.4"," 8","  36.8"," 8","1005.8"," 8","004.8"," 8"," 12.4"," 5","  5.3"," 8","  7.8","999.9","  55.8"," ","  37.4"," "," 0.00","I","999.9","000000"
"34398099999","2021-04-04","49.6666666","49.4833333","10.0","ZHALPAKTAL, KZ","  41.9"," 8","  36.2"," 8","1009.4"," 8","008.4"," 8"," 12.4"," 5","  8.6"," 7"," 15.5","999.9","  50.7"," ","  34.9","*"," 0.00","I","999.9","000000"
"34398099999","2021-04-05","49.6666666","49.4833333","10.0","ZHALPAKTAL, KZ","  37.2"," 7","  36.0"," 7","1012.9"," 7","011.9"," 7","  9.9"," 4","  7.8"," 7"," 17.5","999.9","  41.4"," ","  32.9"," ","99.99"," ","999.9","010000"
"34398099999","2021-04-06","49.6666666","49.4833333","10.0","ZHALPAKTAL, KZ","  39.6"," 6","  37.2"," 6","1003.3"," 6","002.3"," 6","999.9"," 0"," 12.0"," 6"," 15.5","999.9","  45.9"," ","  36.1"," ","99.99"," ","999.9","010000"
"34398099999","2021-04-07","49.6666666","49.4833333","10.0","ZHALPAKTAL, KZ","  45.2"," 7","  38.0"," 7","1014.5"," 7","013.5"," 7"," 12.4"," 4","  7.2"," 7"," 11.7","999.9","  55.0"," ","  36.0"," ","99.99"," ","999.9","010000"
"34398099999","2021-04-08","49.6666666","49.4833333","10.0","ZHALPAKTAL, KZ","  54.5"," 8","  41.3"," 8","1014.5"," 8","013.6"," 8"," 12.4"," 5","  7.0"," 8"," 11.7","999.9","  69.6"," ","  39.7"," "," 0.00","I","999.9","000000"
"34398099999","2021-04-09","49.6666666","49.4833333","10.0","ZHALPAKTAL, KZ","  59.0"," 8","  42.6"," 8","1014.6"," 8","013.6"," 8"," 12.4"," 5","  9.2"," 8"," 13.6","999.9","  72.7"," ","  48.6"," "," 0.00","I","999.9","000000"
"34398099999","2021-04-10","49.6666666","49.4833333","10.0","ZHALPAKTAL, KZ","  63.3"," 8","  44.6"," 8","1016.2"," 8","015.2"," 8"," 12.4"," 5","  8.7"," 8"," 17.5","999.9","  81.9"," ","  48.2"," "," 0.00","I","999.9","000000"
"34398099999","2021-04-11","49.6666666","49.4833333","10.0","ZHALPAKTAL, KZ","  64.0"," 8","  38.5"," 8","1023.6"," 8","022.6"," 8","  4.5"," 5"," 10.0"," 8"," 15.5","999.9","  79.5"," ","  52.9","*"," 0.00","I","999.9","000000"
"34398099999","2021-04-12","49.6666666","49.4833333","10.0","ZHALPAKTAL, KZ","  60.7"," 8","  32.2"," 8","1029.1"," 8","028.1"," 8"," 12.4"," 5","  8.7"," 8"," 13.6","999.9","  73.2"," ","  47.1"," "," 0.00","I","999.9","000000"
"34398099999","2021-04-13","49.6666666","49.4833333","10.0","ZHALPAKTAL, KZ","  59.0"," 8","  33.1"," 8","1029.2"," 8","028.2"," 8"," 12.4"," 5","  8.5"," 8"," 11.7","999.9","  74.1"," ","  42.3"," "," 0.00","I","999.9","000000"
"34398099999","2021-04-14","49.6666666","49.4833333","10.0","ZHALPAKTAL, KZ","  60.4"," 8","  34.9"," 8","1021.7"," 8","020.7"," 8"," 12.4"," 5","  9.5"," 8"," 13.6","999.9","  76.1"," ","  44.1"," "," 0.00","I","999.9","000000"
"34398099999","2021-04-15","49.6666666","49.4833333","10.0","ZHALPAKTAL, KZ","  60.9"," 8","  33.8"," 8","1015.1"," 8","014.1"," 8"," 12.4"," 5","  8.5"," 8"," 11.7","999.9","  73.4"," ","  47.3"," "," 0.00","I","999.9","000000"
"34398099999","2021-04-16","49.6666666","49.4833333","10.0","ZHALPAKTAL, KZ","  61.1"," 8","  40.9"," 8","1013.8"," 8","012.8"," 8"," 12.4"," 5","  5.1"," 8"," 11.7","999.9","  72.7"," ","  48.7"," "," 0.00","I","999.9","000000"
"34398099999","2021-04-17","49.6666666","49.4833333","10.0","ZHALPAKTAL, KZ","  62.4"," 8","  42.5"," 8","1016.5"," 8","015.5"," 8"," 12.4"," 5","  6.1"," 7"," 11.7","999.9","  77.9"," ","  47.8"," "," 0.00","I","999.9","000000"
"34398099999","2021-04-18","49.6666666","49.4833333","10.0","ZHALPAKTAL, KZ","  55.9"," 8","  45.4"," 8","1016.3"," 8","015.3"," 8"," 12.4"," 5","  4.4"," 8","  9.7","999.9","  65.5"," ","  48.0"," "," 0.00","I","999.9","000000"
"34398099999","2021-04-19","49.6666666","49.4833333","10.0","ZHALPAKTAL, KZ","  54.1"," 7","  46.2"," 7","1015.1"," 7","014.1"," 7"," 12.4"," 4","  7.2"," 7"," 17.5","999.9","  68.9"," ","  43.2","*","99.99"," ","999.9","010000"
"34398099999","2021-04-20","49.6666666","49.4833333","10.0","ZHALPAKTAL, KZ","  47.3"," 6","  32.6"," 6","1020.2"," 6","019.2"," 6","999.9"," 0"," 16.8"," 6"," 17.5","999.9","  55.6"," ","  40.8"," ","99.99"," ","999.9","010000"
"34398099999","2021-04-21","49.6666666","49.4833333","10.0","ZHALPAKTAL, KZ","  41.0"," 6","  38.8"," 6","1022.2"," 6","021.2"," 6","999.9"," 0"," 10.4"," 6"," 15.5","999.9","  43.7","*","  38.5"," ","99.99"," ","999.9","010000"
"34398099999","2021-04-22","49.6666666","49.4833333","10.0","ZHALPAKTAL, KZ","  47.2"," 7","  43.7"," 7","1023.1"," 7","022.1"," 7"," 12.4"," 4","  5.3"," 7","  7.8","999.9","  52.9"," ","  41.0"," "," 0.00","I","999.9","000000"
"34398099999","2021-04-23","49.6666666","49.4833333","10.0","ZHALPAKTAL, KZ","  45.6"," 7","  43.1"," 7","1019.8"," 7","018.8"," 7"," 12.4"," 4","  6.7"," 7","  7.8","999.9","  50.5"," ","  39.6"," ","99.99"," ","999.9","010000"
"34398099999","2021-04-24","49.6666666","49.4833333","10.0","ZHALPAKTAL, KZ","  54.1"," 6","  48.9"," 6","1014.5"," 6","013.5"," 6","999.9"," 0","  7.4"," 6"," 11.7","999.9","  66.2"," ","  39.9"," ","99.99"," ","999.9","010000"
"34398099999","2021-04-25","49.6666666","49.4833333","10.0","ZHALPAKTAL, KZ","  49.4"," 7","  39.6"," 7","1019.4"," 7","018.4"," 7"," 12.4"," 4","  7.1"," 6"," 11.7","999.9","  56.8"," ","  40.3","*"," 0.00","I","999.9","000000"
"34398099999","2021-04-26","49.6666666","49.4833333","10.0","ZHALPAKTAL, KZ","  47.4"," 8","  37.0"," 8","1016.8"," 8","015.8"," 8"," 12.4"," 5","  5.8"," 7","  9.7","999.9","  54.0"," ","  38.5"," "," 0.00","I","999.9","000000"
"34398099999","2021-04-27","49.6666666","49.4833333","10.0","ZHALPAKTAL, KZ","  47.2"," 6","  40.8"," 6","1013.9"," 6","012.9"," 6","999.9"," 0","  5.2"," 6"," 13.6","999.9","  56.1"," ","  41.2","*"," 0.00","I","999.9","000000"
"34398099999","2021-04-28","49.6666666","49.4833333","10.0","ZHALPAKTAL, KZ","  47.6"," 8","  38.9"," 8","1017.9"," 8","016.9"," 8"," 12.4"," 5","  5.0"," 7"," 13.6","999.9","  59.2"," ","  38.3"," "," 0.00","I","999.9","000000"
"34398099999","2021-04-29","49.6666666","49.4833333","10.0","ZHALPAKTAL, KZ","  50.3"," 8","  34.3"," 8","1022.7"," 8","021.7"," 8"," 12.4"," 5","  3.6"," 6","  3.9","999.9","  60.6"," ","  37.6"," "," 0.00","I","999.9","000000"
"34398099999","2021-04-30","49.6666666","49.4833333","10.0","ZHALPAKTAL, KZ","  54.2"," 8","  36.1"," 8","1023.8"," 8","022.8"," 8"," 12.4"," 5","  4.1"," 8","  5.8","999.9","  63.9"," ","  41.5"," "," 0.00","G","999.9","000000"
"34398099999","2021-05-01","49.6666666","49.4833333","10.0","ZHALPAKTAL, KZ","  61.2"," 8","  43.4"," 8","1017.7"," 8","016.7"," 8"," 12.4"," 5","  7.5"," 8"," 11.7","999.9","  73.9"," ","  45.9"," "," 0.00","I","999.9","000000"
"34398099999","2021-05-02","49.6666666","49.4833333","10.0","ZHALPAKTAL, KZ","  64.4"," 8","  53.1"," 8","1016.9"," 8","016.0"," 8"," 12.4"," 5","  3.3"," 7","  5.8","999.9","  75.6"," ","  51.8"," "," 0.00","I","999.9","000000"
"34398099999","2021-05-03","49.6666666","49.4833333","10.0","ZHALPAKTAL, KZ","  67.2"," 8","  51.7"," 8","1016.4"," 8","015.5"," 8"," 12.4"," 5","  5.3"," 8","  7.8","999.9","  79.5"," ","  52.3"," "," 0.00","I","999.9","000000"
"34398099999","2021-05-04","49.6666666","49.4833333","10.0","ZHALPAKTAL, KZ","  65.8"," 8","  43.8"," 8","1007.3"," 8","006.3"," 8"," 12.4"," 5","  7.0"," 8","  9.7","999.9","  83.1"," ","  50.4","*","99.99"," ","999.9","010000"
"34398099999","2021-05-05","49.6666666","49.4833333","10.0","ZHALPAKTAL, KZ","  54.2"," 7","  34.3"," 7","1014.5"," 7","013.5"," 7"," 12.4"," 4","  6.9"," 7"," 11.7","999.9","  62.1"," ","  43.5","*"," 0.00","I","999.9","000000"
"34398099999","2021-05-06","49.6666666","49.4833333","10.0","ZHALPAKTAL, KZ","  56.5"," 8","  36.6"," 8","1018.9"," 8","017.9"," 8"," 12.4"," 5","  3.1"," 7","  3.9","999.9","  68.7"," ","  39.4"," "," 0.00","I","999.9","000000"
"34398099999","2021-05-07","49.6666666","49.4833333","10.0","ZHALPAKTAL, KZ","  60.8"," 8","  37.4"," 8","1017.2"," 8","016.2"," 8"," 12.4"," 5","  2.9"," 6","  5.8","999.9","  71.1"," ","  44.1"," "," 0.00","I","999.9","000000"
"34398099999","2021-05-08","49.6666666","49.4833333","10.0","ZHALPAKTAL, KZ","  63.6"," 8","  42.9"," 8","1015.5"," 8","014.6"," 8"," 12.4"," 5","  3.5"," 5","  5.8","999.9","  76.3"," ","  47.7"," "," 0.00","G","999.9","000000"
"34398099999","2021-05-09","49.6666666","49.4833333","10.0","ZHALPAKTAL, KZ","  66.5"," 8","  43.8"," 8","1012.3"," 8","011.3"," 8"," 12.4"," 5","  5.3"," 8","  9.7","999.9","  79.7"," ","  52.0"," "," 0.00","G","999.9","000000"
"34398099999","2021-05-10","49.6666666","49.4833333","10.0","ZHALPAKTAL, KZ","  59.7"," 7","  45.7"," 7","1011.9"," 7","010.9"," 7"," 12.4"," 4","  8.3"," 7"," 13.6","999.9","  72.0"," ","  48.0","*","99.99"," ","999.9","010000"
"34398099999","2021-05-11","49.6666666","49.4833333","10.0","ZHALPAKTAL, KZ","  57.1"," 7","  45.9"," 7","1022.3"," 7","021.3"," 7"," 12.4"," 4","  5.0"," 7","  7.8","999.9","  64.9"," ","  45.3"," ","99.99"," ","999.9","010000"
"34398099999","2021-05-12","49.6666666","49.4833333","10.0","ZHALPAKTAL, KZ","  67.3"," 7","  56.6"," 7","1018.4"," 7","017.5"," 7"," 12.4"," 4","  8.0"," 7"," 13.6","999.9","  76.6"," ","  54.0"," ","99.99"," ","999.9","010000"
"34398099999","2021-05-13","49.6666666","49.4833333","10.0","ZHALPAKTAL, KZ","  72.2"," 6","  47.7"," 6","1017.7"," 6","016.8"," 6","999.9"," 0"," 10.0"," 6"," 13.6","999.9","  87.6"," ","  61.0","*"," 0.00","I","999.9","000010"
"34398099999","2021-05-14","49.6666666","49.4833333","10.0","ZHALPAKTAL, KZ","  73.7"," 8","  39.6"," 8","1019.4"," 8","018.5"," 8"," 12.4"," 5","  6.6"," 8","  9.7","999.9","  93.2"," ","  54.7"," "," 0.00","E","999.9","000000"
"34398099999","2021-05-15","49.6666666","49.4833333","10.0","ZHALPAKTAL, KZ","  76.6"," 8","  42.8"," 8","1018.9"," 8","018.0"," 8"," 12.4"," 5","  4.9"," 8","  7.8","999.9","  93.2"," ","  57.6"," "," 0.00","I","999.9","000000"
"34398099999","2021-05-16","49.6666666","49.4833333","10.0","ZHALPAKTAL, KZ","  78.8"," 8","  44.4"," 8","1016.5"," 8","015.5"," 8"," 12.4"," 5","  5.0"," 7","  9.7","999.9","  94.3"," ","  59.5"," "," 0.00","I","999.9","000000"
"34398099999","2021-05-17","49.6666666","49.4833333","10.0","ZHALPAKTAL, KZ","  77.0"," 8","  38.1"," 8","1014.5"," 8","013.6"," 8"," 12.4"," 5","  5.8"," 8","  9.7","999.9","  92.8"," ","  57.7"," "," 0.00","I","999.9","000000"
"34398099999","2021-05-18","49.6666666","49.4833333","10.0","ZHALPAKTAL, KZ","  80.6"," 8","  39.2"," 8","1011.0"," 8","010.0"," 8"," 12.4"," 5","  9.2"," 8"," 13.6","999.9","  95.4"," ","  59.5"," "," 0.00","G","999.9","000000"
"34398099999","2021-05-19","49.6666666","49.4833333","10.0","ZHALPAKTAL, KZ","  79.6"," 8","  44.4"," 8","1008.1"," 8","007.2"," 8"," 12.4"," 5","  8.3"," 8"," 13.6","999.9","  96.4"," ","  62.1"," "," 0.00","I","999.9","000000"
"34398099999","2021-05-20","49.6666666","49.4833333","10.0","ZHALPAKTAL, KZ","  69.1"," 8","  48.4"," 8","1011.8"," 8","010.8"," 8"," 12.4"," 5","  7.3"," 8","  9.7","999.9","  78.3"," ","  59.0","*"," 0.00","I","999.9","000000"
"34398099999","2021-05-21","49.6666666","49.4833333","10.0","ZHALPAKTAL, KZ","  73.9"," 8","  46.2"," 8","1015.5"," 8","014.5"," 8"," 12.4"," 5","  6.3"," 8"," 11.7","999.9","  87.1"," ","  55.2"," "," 0.00","I","999.9","000000"
"34398099999","2021-05-22","49.6666666","49.4833333","10.0","ZHALPAKTAL, KZ","  83.7"," 8","  41.3"," 8","1011.2"," 8","010.3"," 8"," 12.4"," 5"," 11.7"," 8"," 17.5","999.9"," 100.0"," ","  64.8"," "," 0.00","I","999.9","000000"
"34398099999","2021-05-23","49.6666666","49.4833333","10.0","ZHALPAKTAL, KZ","  84.2"," 8","  35.6"," 8","1010.6"," 8","009.7"," 8"," 12.4"," 6"," 10.0"," 8"," 17.5","999.9"," 100.0"," ","  67.5"," "," 0.00","I","999.9","000000"
"34398099999","2021-05-24","49.6666666","49.4833333","10.0","ZHALPAKTAL, KZ","  83.9"," 8","  38.0"," 7","1011.7"," 8","010.8"," 8"," 12.4"," 5","  5.6"," 8"," 15.5","999.9"," 100.9"," ","  60.1"," "," 0.00","I","999.9","000000"
"34398099999","2021-05-25","49.6666666","49.4833333","10.0","ZHALPAKTAL, KZ","  79.0"," 8","  53.1"," 8","1009.5"," 8","008.6"," 8"," 12.4"," 5","  5.8"," 8","  9.7","999.9","  94.5"," ","  62.6"," "," 0.00","I","999.9","000000"
"34398099999","2021-05-26","49.6666666","49.4833333","10.0","ZHALPAKTAL, KZ","  73.9"," 8","  41.8"," 8","1012.6"," 8","011.6"," 8"," 12.4"," 5"," 13.4"," 8"," 19.4","999.9","  84.9"," ","  62.6"," "," 0.00","I","999.9","000000"
"34398099999","2021-05-27","49.6666666","49.4833333","10.0","ZHALPAKTAL, KZ","  72.6"," 8","  39.1"," 8","1014.5"," 8","013.6"," 8","999.9"," 0","  8.5"," 8"," 15.5","999.9","  86.4"," ","  60.8"," "," 0.00","I","999.9","000000"
"34398099999","2021-05-28","49.6666666","49.4833333","10.0","ZHALPAKTAL, KZ","  75.7"," 8","  48.2"," 8","1009.1"," 8","008.2"," 8"," 12.4"," 5","  6.1"," 8","  9.7","999.9","  86.9"," ","  64.6"," "," 0.00","I","999.9","000000"
"34398099999","2021-05-29","49.6666666","49.4833333","10.0","ZHALPAKTAL, KZ","  69.8"," 6","  62.9"," 6","1003.8"," 6","002.9"," 6","999.9"," 0","  3.9"," 6","  5.8","999.9","  80.8"," ","  64.4","*","99.99"," ","999.9","010010"
"34398099999","2021-05-30","49.6666666","49.4833333","10.0","ZHALPAKTAL, KZ","  80.0"," 7","  57.4"," 7","1005.0"," 7","004.1"," 7"," 12.4"," 5","  6.1"," 7","  7.8","999.9","  90.7"," ","  62.1"," ","99.99"," ","999.9","010000"
"34398099999","2021-05-31","49.6666666","49.4833333","10.0","ZHALPAKTAL, KZ","  77.4"," 7","  61.6"," 7","1006.7"," 7","005.8"," 7"," 12.4"," 4","  3.9"," 5","  5.8","999.9","  87.3"," ","  65.5"," "," 0.00","I","999.9","000000"
"34398099999","2021-06-01","49.6666666","49.4833333","10.0","ZHALPAKTAL, KZ","  77.0"," 8","  61.2"," 8","1007.1"," 8","006.2"," 8"," 12.4"," 5","  5.6"," 8","  7.8","999.9","  90.9"," ","  64.9"," "," 0.00","I","999.9","000010"
"34398099999","2021-06-02","49.6666666","49.4833333","10.0","ZHALPAKTAL, KZ","  76.0"," 8","  60.5"," 8","1005.8"," 8","004.9"," 8"," 12.4"," 5","  7.8"," 8"," 13.6","999.9","  92.3"," ","  64.2","*","99.99"," ","999.9","010010"
"34398099999","2021-06-03","49.6666666","49.4833333","10.0","ZHALPAKTAL, KZ","  62.3"," 6","  59.1"," 6","1006.3"," 6","005.3"," 6","999.9"," 0","  7.4"," 6"," 11.7","999.9","  66.2"," ","  59.2","*","99.99"," ","999.9","010000"
"34398099999","2021-06-04","49.6666666","49.4833333","10.0","ZHALPAKTAL, KZ","  62.3"," 8","  55.0"," 8","1011.7"," 8","010.8"," 8"," 12.4"," 5","  5.0"," 7","  9.7","999.9","  70.9"," ","  56.8"," "," 0.00","I","999.9","000000"
"34398099999","2021-06-05","49.6666666","49.4833333","10.0","ZHALPAKTAL, KZ","  65.5"," 7","  59.3"," 7","1015.9"," 7","015.0"," 7"," 12.4"," 4","  4.4"," 4","  9.7","999.9","  75.2"," ","  55.6"," "," 0.00","G","999.9","010010"
"34398099999","2021-06-06","49.6666666","49.4833333","10.0","ZHALPAKTAL, KZ","  69.4"," 7","  58.2"," 7","1011.8"," 7","010.9"," 7"," 12.4"," 4","  4.2"," 7","  5.8","999.9","  79.0"," ","  59.2"," "," 0.00","I","999.9","000000"
"34398099999","2021-06-07","49.6666666","49.4833333","10.0","ZHALPAKTAL, KZ","  71.2"," 8","  61.6"," 8","1010.6"," 8","009.7"," 8"," 12.4"," 5","  5.6"," 8"," 11.7","999.9","  79.3"," ","  62.1"," ","99.99"," ","999.9","010010"
"34398099999","2021-06-08","49.6666666","49.4833333","10.0","ZHALPAKTAL, KZ","  68.6"," 6","  61.0"," 6","1008.9"," 6","007.9"," 6","999.9"," 0","  4.7"," 5","  5.8","999.9","  77.7"," ","  61.7"," ","99.99"," ","999.9","010010"
"34398099999","2021-06-09","49.6666666","49.4833333","10.0","ZHALPAKTAL, KZ","  72.7"," 7","  59.5"," 7","1008.9"," 7","008.0"," 7"," 12.4"," 4","  5.8"," 5"," 11.7","999.9","  81.1"," ","  59.4"," "," 0.00","I","999.9","000000"
"34398099999","2021-06-10","49.6666666","49.4833333","10.0","ZHALPAKTAL, KZ","  74.1"," 8","  59.1"," 8","1010.3"," 8","009.4"," 8"," 12.4"," 5","  3.1"," 7","  5.8","999.9","  81.3"," ","  64.6"," "," 0.00","I","999.9","000000"
"34398099999","2021-06-11","49.6666666","49.4833333","10.0","ZHALPAKTAL, KZ","  68.5"," 6","  63.6"," 6","1011.7"," 6","010.8"," 6","999.9"," 0","  2.4"," 4","  3.9","999.9","  75.7"," ","  64.0","*","99.99"," ","999.9","010010"
"34398099999","2021-06-12","49.6666666","49.4833333","10.0","ZHALPAKTAL, KZ","  73.8"," 8","  60.4"," 8","1012.2"," 8","011.3"," 8"," 12.4"," 5","  3.1"," 5","  5.8","999.9","  84.0"," ","  60.8"," "," 0.00","I","999.9","000000"
"34398099999","2021-06-13","49.6666666","49.4833333","10.0","ZHALPAKTAL, KZ","  78.5"," 8","  59.7"," 8","1011.3"," 8","010.4"," 8"," 12.4"," 5","  4.4"," 8","  5.8","999.9","  87.8"," ","  64.8"," "," 0.00","I","999.9","000000"
"34398099999","2021-06-14","49.6666666","49.4833333","10.0","ZHALPAKTAL, KZ","  72.3"," 7","  63.3"," 7","1011.9"," 7","011.0"," 7"," 12.4"," 4","  4.7"," 7","  7.8","999.9","  83.5"," ","  67.6"," ","99.99"," ","999.9","010000"
"34398099999","2021-06-15","49.6666666","49.4833333","10.0","ZHALPAKTAL, KZ","  81.1"," 8","  55.4"," 8","1007.6"," 8","006.7"," 8"," 12.4"," 5","  9.2"," 8"," 15.5","999.9","  94.3"," ","  68.4"," "," 0.00","I","999.9","000010"
"34398099999","2021-06-16","49.6666666","49.4833333","10.0","ZHALPAKTAL, KZ","  80.0"," 8","  63.4"," 8","1010.4"," 8","009.5"," 8"," 12.4"," 5","  4.1"," 8","  7.8","999.9","  89.6"," ","  65.7"," "," 0.00","I","999.9","000000"
"34398099999","2021-06-17","49.6666666","49.4833333","10.0","ZHALPAKTAL, KZ","  79.2"," 8","  60.8"," 8","1012.8"," 8","011.9"," 8"," 12.4"," 5","  5.1"," 8"," 11.7","999.9","  89.6"," ","  67.5","*"," 0.00","I","999.9","000000"
"34398099999","2021-06-18","49.6666666","49.4833333","10.0","ZHALPAKTAL, KZ","  71.9"," 8","  45.3"," 8","1019.9"," 8","019.0"," 8"," 12.4"," 5","  8.5"," 8"," 11.7","999.9","  82.6"," ","  60.4"," "," 0.00","I","999.9","000000"
"34398099999","2021-06-19","49.6666666","49.4833333","10.0","ZHALPAKTAL, KZ","  71.8"," 8","  42.4"," 8","1023.5"," 8","022.5"," 8"," 12.4"," 5","  7.0"," 8","  9.7","999.9","  84.2"," ","  53.8"," "," 0.00","I","999.9","000000"
"34398099999","2021-06-20","49.6666666","49.4833333","10.0","ZHALPAKTAL, KZ","  79.3"," 8","  47.2"," 8","1021.2"," 8","020.2"," 8"," 12.4"," 5","  4.7"," 7","  7.8","999.9","  93.2"," ","  57.7"," "," 0.00","I","999.9","000000"
"34398099999","2021-06-21","49.6666666","49.4833333","10.0","ZHALPAKTAL, KZ","  84.2"," 8","  53.0"," 8","1019.5"," 8","018.6"," 8"," 12.4"," 5","  5.3"," 8","  7.8","999.9","  97.0"," ","  65.5"," "," 0.00","I","999.9","000000"
"34398099999","2021-06-22","49.6666666","49.4833333","10.0","ZHALPAKTAL, KZ","  85.7"," 8","  45.6"," 8","1019.2"," 8","018.3"," 8"," 12.4"," 5","  5.6"," 8","  7.8","999.9","  98.4"," ","  68.9"," "," 0.00","I","999.9","000000"
"34398099999","2021-06-23","49.6666666","49.4833333","10.0","ZHALPAKTAL, KZ","  87.5"," 8","  43.4"," 8","1017.5"," 8","016.6"," 8"," 12.4"," 5","  3.3"," 7","  3.9","999.9"," 100.8"," ","  68.5"," "," 0.00","I","999.9","000000"
"34398099999","2021-06-24","49.6666666","49.4833333","10.0","ZHALPAKTAL, KZ","  88.4"," 8","  51.9"," 8","1015.7"," 8","014.8"," 8"," 12.4"," 5","  4.6"," 8","  5.8","999.9","  99.9"," ","  72.7"," "," 0.00","I","999.9","000000"
"34398099999","2021-06-25","49.6666666","49.4833333","10.0","ZHALPAKTAL, KZ","  87.5"," 8","  57.1"," 8","1012.9"," 8","012.0"," 8"," 12.4"," 5","  3.6"," 8","  5.8","999.9","  99.5"," ","  71.8"," "," 0.00","I","999.9","000000"
"34398099999","2021-06-26","49.6666666","49.4833333","10.0","ZHALPAKTAL, KZ","  88.2"," 8","  50.4"," 8","1010.7"," 8","009.8"," 8"," 12.4"," 6","  5.0"," 7","  7.8","999.9"," 100.2"," ","  72.3"," "," 0.00","I","999.9","000000"
"34398099999","2021-06-27","49.6666666","49.4833333","10.0","ZHALPAKTAL, KZ","  90.0"," 8","  53.3"," 8","1010.6"," 8","009.7"," 8"," 12.4"," 5","  4.9"," 8","  9.7","999.9"," 105.3"," ","  73.6"," "," 0.00","G","999.9","000010"
"34398099999","2021-06-28","49.6666666","49.4833333","10.0","ZHALPAKTAL, KZ","  92.0"," 8","  53.0"," 8","1009.9"," 8","009.0"," 8"," 12.4"," 5","  5.5"," 7","  9.7","999.9"," 105.8"," ","  75.6"," "," 0.00","I","999.9","000010"
"34398099999","2021-06-29","49.6666666","49.4833333","10.0","ZHALPAKTAL, KZ","  89.0"," 8","  56.5"," 8","1007.3"," 8","006.4"," 8"," 12.4"," 5","  5.1"," 8","  9.7","999.9"," 103.6"," ","  75.0"," "," 0.00","I","999.9","000000"
"34398099999","2021-06-30","49.6666666","49.4833333","10.0","ZHALPAKTAL, KZ","  77.7"," 7","  66.2"," 7","1009.8"," 7","008.9"," 7"," 12.4"," 4","999.9"," 0","999.9","999.9","  86.4"," ","  71.8","*"," 0.00","I","999.9","000010"
"34398099999","2021-07-01","49.6666666","49.4833333","10.0","ZHALPAKTAL, KZ","  80.5"," 8","  55.4"," 8","1009.9"," 8","009.0"," 8"," 12.4"," 5","  5.1"," 8","  9.7","999.9","  89.4"," ","  68.7"," "," 0.00","I","999.9","000000"
"34398099999","2021-07-02","49.6666666","49.4833333","10.0","ZHALPAKTAL, KZ","  82.8"," 8","  53.8"," 8","1007.5"," 8","006.6"," 8"," 12.4"," 5","  4.4"," 7","  9.7","999.9","  93.6"," ","  67.8"," "," 0.00","I","999.9","000000"
"34398099999","2021-07-03","49.6666666","49.4833333","10.0","ZHALPAKTAL, KZ","  84.6"," 8","  52.6"," 8","1006.3"," 8","005.4"," 8"," 12.4"," 5","  3.6"," 8","  5.8","999.9","  95.4"," ","  69.4"," "," 0.00","I","999.9","000000"
"34398099999","2021-07-04","49.6666666","49.4833333","10.0","ZHALPAKTAL, KZ","  87.1"," 8","  53.4"," 8","1004.5"," 8","003.6"," 8"," 12.4"," 5","  5.3"," 8","  7.8","999.9","  97.9"," ","  72.7"," "," 0.00","G","999.9","000000"
"34398099999","2021-07-05","49.6666666","49.4833333","10.0","ZHALPAKTAL, KZ","  85.1"," 8","  55.4"," 8","1004.1"," 8","003.2"," 8"," 12.4"," 5","  8.0"," 8"," 11.7","999.9","  95.4"," ","  73.9"," "," 0.00","I","999.9","000000"
"34398099999","2021-07-06","49.6666666","49.4833333","10.0","ZHALPAKTAL, KZ","  77.0"," 8","  57.0"," 8","1005.7"," 8","004.8"," 8"," 12.4"," 5"," 10.2"," 8"," 15.5","999.9","  87.8"," ","  68.2","*"," 0.00","I","999.9","000000"
"34398099999","2021-07-07","49.6666666","49.4833333","10.0","ZHALPAKTAL, KZ","  75.6"," 8","  47.1"," 8","1012.4"," 8","011.5"," 8"," 12.4"," 5","  9.7"," 8"," 17.5","999.9","  85.1"," ","  64.2"," "," 0.00","G","999.9","000000"
"34398099999","2021-07-08","49.6666666","49.4833333","10.0","ZHALPAKTAL, KZ","  68.4"," 7","  45.3"," 7","1014.5"," 7","013.5"," 7","  9.9"," 4","  8.9"," 7"," 19.4","999.9","  79.2"," ","  60.3","*","99.99"," ","999.9","010000"
"34398099999","2021-07-09","49.6666666","49.4833333","10.0","ZHALPAKTAL, KZ","  81.8"," 7","  44.4"," 7","1011.9"," 7","011.0"," 7"," 12.4"," 4","  8.7"," 6"," 13.6","999.9","  92.7"," ","  59.9"," "," 0.00","I","999.9","000000"
"34398099999","2021-07-10","49.6666666","49.4833333","10.0","ZHALPAKTAL, KZ","  85.3"," 8","  48.8"," 8","1010.2"," 8","009.3"," 8"," 12.4"," 5","  4.9"," 8","  7.8","999.9","  97.2"," ","  69.6"," "," 0.00","I","999.9","000000"
"34398099999","2021-07-11","49.6666666","49.4833333","10.0","ZHALPAKTAL, KZ","  83.0"," 8","  51.9"," 8","1008.8"," 8","007.9"," 8"," 12.4"," 5","  6.3"," 8","  9.7","999.9","  92.8"," ","  71.6"," "," 0.00","I","999.9","000000"
"34398099999","2021-07-12","49.6666666","49.4833333","10.0","ZHALPAKTAL, KZ","  76.8"," 8","  43.7"," 8","1011.9"," 8","011.0"," 8"," 12.4"," 5","  8.3"," 8"," 11.7","999.9","  86.5"," ","  65.1"," "," 0.00","I","999.9","000000"
"34398099999","2021-07-13","49.6666666","49.4833333","10.0","ZHALPAKTAL, KZ","  77.9"," 8","  43.8"," 8","1014.2"," 8","013.3"," 8"," 12.4"," 5","  6.3"," 8","  9.7","999.9","  89.4"," ","  59.2"," "," 0.00","I","999.9","000000"
"34398099999","2021-07-14","49.6666666","49.4833333","10.0","ZHALPAKTAL, KZ","  81.0"," 8","  51.8"," 8","1011.3"," 8","010.4"," 8"," 12.4"," 5","  6.3"," 8","  9.7","999.9","  91.9"," ","  67.5"," "," 0.00","I","999.9","000000"
"34398099999","2021-07-15","49.6666666","49.4833333","10.0","ZHALPAKTAL, KZ","  81.6"," 8","  46.4"," 8","1010.5"," 8","009.6"," 8"," 12.4"," 5","  3.1"," 7","  7.8","999.9","  94.6"," ","  65.7"," "," 0.00","I","999.9","000000"
"34398099999","2021-07-16","49.6666666","49.4833333","10.0","ZHALPAKTAL, KZ","  86.3"," 8","  53.1"," 8","1008.7"," 8","007.7"," 8"," 12.4"," 5","  2.5"," 7","  5.8","999.9","  97.7"," ","  66.6"," "," 0.00","I","999.9","000000"
"34398099999","2021-07-17","49.6666666","49.4833333","10.0","ZHALPAKTAL, KZ","  87.2"," 8","  54.2"," 8","1007.2"," 8","006.3"," 8"," 12.4"," 5","  3.2"," 8","  5.8","999.9","  97.3"," ","  78.4"," "," 0.00","I","999.9","000000"
"34398099999","2021-07-18","49.6666666","49.4833333","10.0","ZHALPAKTAL, KZ","  85.8"," 8","  57.2"," 8","1005.8"," 8","004.8"," 8"," 12.4"," 5","  3.6"," 6","  5.8","999.9","  99.5"," ","  74.8"," "," 0.00","I","999.9","000010"
"34398099999","2021-07-19","49.6666666","49.4833333","10.0","ZHALPAKTAL, KZ","  86.8"," 7","  60.5"," 7","1005.2"," 7","004.3"," 7"," 12.4"," 4","  5.8"," 5","  9.7","999.9"," 101.7"," ","  73.4"," "," 0.00","I","999.9","000000"
"34398099999","2021-07-20","49.6666666","49.4833333","10.0","ZHALPAKTAL, KZ","  83.4"," 8","  58.4"," 8","1005.1"," 8","004.2"," 8"," 12.4"," 4","  5.8"," 4","  7.8","999.9","  98.4"," ","  74.8"," "," 0.00","I","999.9","000010"
"34398099999","2021-07-21","49.6666666","49.4833333","10.0","ZHALPAKTAL, KZ","  87.9"," 8","  56.1"," 8","1003.4"," 8","002.5"," 8"," 12.4"," 5","  3.9"," 4","  7.8","999.9"," 100.6"," ","  70.5"," "," 0.00","I","999.9","000000"
"34398099999","2021-07-22","49.6666666","49.4833333","10.0","ZHALPAKTAL, KZ","  83.5"," 8","  60.4"," 8"," 999.8"," 8","998.9"," 8"," 12.4"," 5","  6.1"," 8","  9.7","999.9"," 101.7"," ","  70.2","*","99.99"," ","999.9","010010"
"34398099999","2021-07-23","49.6666666","49.4833333","10.0","ZHALPAKTAL, KZ","  69.3"," 6","  60.7"," 6","1003.1"," 6","002.2"," 6","999.9"," 0","  8.7"," 4","  9.7","999.9","  77.9"," ","  63.9"," ","99.99"," ","999.9","010000"
"34398099999","2021-07-24","49.6666666","49.4833333","10.0","ZHALPAKTAL, KZ","  75.0"," 8","  49.2"," 8","1008.9"," 8","008.0"," 8"," 12.4"," 5","  3.9"," 7","  5.8","999.9","  86.9"," ","  60.6"," "," 3.93","G","999.9","000000"
"34398099999","2021-07-25","49.6666666","49.4833333","10.0","ZHALPAKTAL, KZ","  76.2"," 8","  46.6"," 8","1017.0"," 8","016.1"," 8"," 12.4"," 5","  3.6"," 8","  5.8","999.9","  88.0"," ","  62.6"," "," 0.00","G","999.9","000000"
"34398099999","2021-07-26","49.6666666","49.4833333","10.0","ZHALPAKTAL, KZ","  73.6"," 8","  41.9"," 8","1021.0"," 8","020.1"," 8"," 12.4"," 5","  4.7"," 7","  7.8","999.9","  86.9"," ","  58.1"," "," 0.00","I","999.9","000000"
"34398099999","2021-07-27","49.6666666","49.4833333","10.0","ZHALPAKTAL, KZ","  75.9"," 8","  44.8"," 8","1017.9"," 8","017.0"," 8"," 12.4"," 5","  3.9"," 4","  5.8","999.9","  87.4"," ","  56.5"," "," 0.00","I","999.9","000000"
"34398099999","2021-07-28","49.6666666","49.4833333","10.0","ZHALPAKTAL, KZ","  78.6"," 8","  47.5"," 8","1013.7"," 8","012.8"," 8"," 12.4"," 5","  4.4"," 8","  7.8","999.9","  91.8"," ","  66.0"," "," 0.00","G","999.9","000000"
"34398099999","2021-07-29","49.6666666","49.4833333","10.0","ZHALPAKTAL, KZ","  81.4"," 8","  49.6"," 8","1012.0"," 8","011.0"," 8"," 12.4"," 5","  4.6"," 8","  5.8","999.9","  94.1"," ","  64.4"," "," 0.00","I","999.9","000000"
"34398099999","2021-07-30","49.6666666","49.4833333","10.0","ZHALPAKTAL, KZ","  86.3"," 8","  50.5"," 8","1008.9"," 8","008.0"," 8"," 12.4"," 5","  4.9"," 8","  7.8","999.9"," 100.6"," ","  70.2"," "," 0.00","G","999.9","000000"
"34398099999","2021-07-31","49.6666666","49.4833333","10.0","ZHALPAKTAL, KZ","  84.3"," 8","  51.7"," 8","1009.9"," 8","009.0"," 8"," 12.4"," 5","  4.1"," 8","  5.8","999.9","  99.7"," ","  67.3"," "," 0.00","I","999.9","000000"
"34398099999","2021-08-01","49.6666666","49.4833333","10.0","ZHALPAKTAL, KZ","  87.1"," 8","  52.0"," 8","1011.4"," 8","010.5"," 8"," 12.4"," 5","  3.2"," 8","  5.8","999.9"," 102.4"," ","  67.1"," "," 0.00","I","999.9","000000"
"34398099999","2021-08-02","49.6666666","49.4833333","10.0","ZHALPAKTAL, KZ","  89.1"," 8","  51.1"," 8","1011.3"," 8","010.4"," 8"," 12.4"," 5","  3.2"," 8","  3.9","999.9"," 105.4"," ","  71.2"," "," 0.00","I","999.9","000000"
"34398099999","2021-08-03","49.6666666","49.4833333","10.0","ZHALPAKTAL, KZ","  90.9"," 8","  45.8"," 8","1011.2"," 8","010.3"," 8"," 12.4"," 5","  2.9"," 6","  3.9","999.9"," 106.9"," ","  73.6"," "," 0.00","I","999.9","000000"
"34398099999","2021-08-04","49.6666666","49.4833333","10.0","ZHALPAKTAL, KZ","  89.8"," 8","  47.5"," 8","1010.0"," 8","009.1"," 8"," 12.4"," 5","  5.3"," 8","  9.7","999.9"," 105.6"," ","  71.6"," "," 0.00","I","999.9","000000"
"34398099999","2021-08-05","49.6666666","49.4833333","10.0","ZHALPAKTAL, KZ","  80.5"," 8","  50.8"," 8","1013.0"," 8","012.1"," 8"," 12.4"," 5","  5.8"," 8","  7.8","999.9","  90.0"," ","  72.3","*"," 0.00","I","999.9","000000"
"34398099999","2021-08-06","49.6666666","49.4833333","10.0","ZHALPAKTAL, KZ","  78.0"," 8","  42.9"," 8","1013.6"," 8","012.7"," 8"," 12.4"," 5","  5.8"," 8","  9.7","999.9","  89.6"," ","  64.4"," "," 0.00","I","999.9","000000"
"34398099999","2021-08-07","49.6666666","49.4833333","10.0","ZHALPAKTAL, KZ","  81.2"," 8","  44.7"," 8","1013.6"," 8","012.7"," 8"," 12.4"," 5","  6.3"," 8","  9.7","999.9","  95.4"," ","  63.3"," "," 0.00","I","999.9","000000"
"34398099999","2021-08-08","49.6666666","49.4833333","10.0","ZHALPAKTAL, KZ","  83.8"," 8","  43.6"," 8","1015.5"," 8","014.6"," 8"," 12.4"," 5","  9.0"," 8"," 11.7","999.9","  98.8"," ","  67.1"," "," 0.00","I","999.9","000000"
"34398099999","2021-08-09","49.6666666","49.4833333","10.0","ZHALPAKTAL, KZ","  82.8"," 8","  46.2"," 8","1016.6"," 8","015.7"," 8"," 12.4"," 5","  7.0"," 8","  9.7","999.9","  95.2"," ","  68.5"," "," 0.00","I","999.9","000000"
"34398099999","2021-08-10","49.6666666","49.4833333","10.0","ZHALPAKTAL, KZ","  84.4"," 8","  44.2"," 8","1013.6"," 8","012.7"," 8"," 12.4"," 5","  6.8"," 8","  9.7","999.9","  99.5"," ","  66.2"," "," 0.00","I","999.9","000000"
"34398099999","2021-08-11","49.6666666","49.4833333","10.0","ZHALPAKTAL, KZ","  87.6"," 8","  47.1"," 8","1011.5"," 8","010.6"," 8"," 12.4"," 5","  6.3"," 8","  7.8","999.9"," 100.6"," ","  73.2"," "," 0.00","I","999.9","000000"
"34398099999","2021-08-12","49.6666666","49.4833333","10.0","ZHALPAKTAL, KZ","  85.3"," 8","  49.1"," 8","1014.2"," 8","013.3"," 8"," 12.4"," 5"," 10.2"," 8"," 11.7","999.9","  97.7"," ","  74.5"," "," 0.00","G","999.9","000000"
"34398099999","2021-08-13","49.6666666","49.4833333","10.0","ZHALPAKTAL, KZ","  80.6"," 8","  43.7"," 8","1016.6"," 8","015.7"," 8"," 12.4"," 5","  6.8"," 8","  9.7","999.9","  93.2"," ","  68.0"," "," 0.00","I","999.9","000000"
"34398099999","2021-08-14","49.6666666","49.4833333","10.0","ZHALPAKTAL, KZ","  78.1"," 8","  38.6"," 8","1015.8"," 8","014.9"," 8"," 12.4"," 5","  4.9"," 8","  5.8","999.9","  93.2"," ","  61.7"," "," 0.00","I","999.9","000000"
"34398099999","2021-08-15","49.6666666","49.4833333","10.0","ZHALPAKTAL, KZ","  80.1"," 8","  41.1"," 8","1015.8"," 8","014.9"," 8"," 12.4"," 5","  3.9"," 8","  5.8","999.9","  99.9"," ","  62.6"," "," 0.00","I","999.9","000000"
"34398099999","2021-08-16","49.6666666","49.4833333","10.0","ZHALPAKTAL, KZ","  80.8"," 8","  37.6"," 8","1016.1"," 8","015.1"," 8"," 12.4"," 5","  4.7"," 7","  7.8","999.9","  97.3"," ","  65.1"," "," 0.00","I","999.9","000000"
"34398099999","2021-08-17","49.6666666","49.4833333","10.0","ZHALPAKTAL, KZ","  82.4"," 8","  39.1"," 8","1016.1"," 8","015.2"," 8"," 12.4"," 5","  4.5"," 6","  9.7","999.9"," 103.3"," ","  62.6"," "," 0.00","I","999.9","000000"
"34398099999","2021-08-18","49.6666666","49.4833333","10.0","ZHALPAKTAL, KZ","  85.4"," 8","  39.7"," 8","1014.4"," 8","013.5"," 8"," 12.4"," 5","  2.9"," 6","  3.9","999.9"," 101.1"," ","  66.4"," "," 0.00","I","999.9","000000"
"34398099999","2021-08-19","49.6666666","49.4833333","10.0","ZHALPAKTAL, KZ","  87.6"," 8","  33.8"," 8","1011.7"," 8","010.8"," 8"," 12.4"," 5","  4.4"," 8","  5.8","999.9"," 104.0"," ","  70.2"," "," 0.00","I","999.9","000000"
"34398099999","2021-08-20","49.6666666","49.4833333","10.0","ZHALPAKTAL, KZ","  87.4"," 8","  35.6"," 8","1012.4"," 8","011.5"," 8"," 12.4"," 5","  5.8"," 8","  9.7","999.9"," 103.8"," ","  68.0"," "," 0.00","I","999.9","000000"
"34398099999","2021-08-21","49.6666666","49.4833333","10.0","ZHALPAKTAL, KZ","  87.9"," 8","  39.0"," 8","1013.1"," 8","012.2"," 8"," 12.4"," 5","  4.6"," 8","  9.7","999.9"," 104.2"," ","  70.0"," "," 0.00","G","999.9","000000"
"34398099999","2021-08-22","49.6666666","49.4833333","10.0","ZHALPAKTAL, KZ","  85.8"," 8","  48.0"," 8","1013.1"," 8","012.2"," 8"," 12.4"," 5","  3.6"," 8","  5.8","999.9"," 100.0"," ","  68.7"," "," 0.00","I","999.9","000000"
"34398099999","2021-08-23","49.6666666","49.4833333","10.0","ZHALPAKTAL, KZ","  88.0"," 8","  41.0"," 8","1011.6"," 8","010.7"," 8"," 12.4"," 5","  5.1"," 8","  7.8","999.9"," 101.1"," ","  73.9"," "," 0.00","I","999.9","000000"
"34398099999","2021-08-24","49.6666666","49.4833333","10.0","ZHALPAKTAL, KZ","  79.0"," 8","  53.2"," 8","1011.6"," 8","010.7"," 8"," 12.4"," 5","  4.1"," 8","  7.8","999.9","  89.6"," ","  66.0","*"," 0.00","I","999.9","000000"
"34398099999","2021-08-25","49.6666666","49.4833333","10.0","ZHALPAKTAL, KZ","  75.0"," 8","  56.3"," 8","1011.6"," 8","010.7"," 8"," 12.4"," 5","  3.9"," 8","  5.8","999.9","  86.7"," ","  59.7"," "," 0.00","I","999.9","000000"
"34398099999","2021-08-26","49.6666666","49.4833333","10.0","ZHALPAKTAL, KZ","  78.3"," 8","  49.1"," 8","1012.1"," 8","011.2"," 8"," 12.4"," 5","  5.8"," 8","  7.8","999.9","  91.9"," ","  63.7"," "," 0.00","I","999.9","000000"
"34398099999","2021-08-27","49.6666666","49.4833333","10.0","ZHALPAKTAL, KZ","  81.2"," 8","  44.4"," 8","1012.4"," 8","011.5"," 8"," 12.4"," 5","  6.3"," 8"," 11.7","999.9","  96.4"," ","  65.1"," "," 0.00","I","999.9","000000"
"34398099999","2021-08-28","49.6666666","49.4833333","10.0","ZHALPAKTAL, KZ","  73.0"," 8","  39.9"," 8","1013.4"," 8","012.4"," 8"," 12.4"," 5","  6.3"," 8","  7.8","999.9","  82.0"," ","  64.0","*"," 0.00","I","999.9","000000"
"34398099999","2021-08-29","49.6666666","49.4833333","10.0","ZHALPAKTAL, KZ","  69.1"," 8","  37.7"," 8","1015.7"," 8","014.7"," 8"," 12.4"," 5","  5.8"," 8","  7.8","999.9","  82.2"," ","  55.9"," "," 0.00","I","999.9","000000"
"34398099999","2021-08-30","49.6666666","49.4833333","10.0","ZHALPAKTAL, KZ","  68.1"," 8","  30.4"," 8","1018.1"," 8","017.1"," 8"," 12.4"," 5","  4.6"," 8","  7.8","999.9","  83.3"," ","  49.6"," "," 0.00","I","999.9","000000"
"34398099999","2021-08-31","49.6666666","49.4833333","10.0","ZHALPAKTAL, KZ","  71.3"," 8","  30.6"," 8","1016.7"," 8","015.7"," 8"," 12.4"," 5","  4.1"," 8","  5.8","999.9","  86.4"," ","  53.6"," "," 0.00","I","999.9","000000"
"34398099999","2021-09-01","49.6666666","49.4833333","10.0","ZHALPAKTAL, KZ","  75.7"," 8","  38.4"," 8","1010.4"," 8","009.5"," 8"," 12.4"," 5","  6.3"," 8","  9.7","999.9","  91.2"," ","  54.5"," "," 0.00","I","999.9","000000"
"34398099999","2021-09-02","49.6666666","49.4833333","10.0","ZHALPAKTAL, KZ","  68.2"," 7","  64.8"," 7","1003.2"," 7","002.3"," 7"," 12.4"," 4","  4.5"," 6","  5.8","999.9","  77.7"," ","  64.4","*","99.99"," ","999.9","010010"
"34398099999","2021-09-03","49.6666666","49.4833333","10.0","ZHALPAKTAL, KZ","  63.0"," 7","  56.8"," 7"," 998.7"," 7","997.8"," 7"," 12.4"," 4"," 12.5"," 7"," 21.4","999.9","  72.1"," ","  50.4","*","99.99"," ","999.9","010000"
"34398099999","2021-09-04","49.6666666","49.4833333","10.0","ZHALPAKTAL, KZ","  62.0"," 7","  49.0"," 7","1009.2"," 7","008.2"," 7"," 12.4"," 4","  8.9"," 7"," 15.5","999.9","  71.2"," ","  49.5"," ","99.99"," ","999.9","010000"
"34398099999","2021-09-05","49.6666666","49.4833333","10.0","ZHALPAKTAL, KZ","  54.3"," 6","  49.9"," 6","1017.9"," 6","016.9"," 6","999.9"," 0","999.9"," 0","999.9","999.9","  58.1"," ","  51.3"," ","99.99"," ","999.9","010000"
"34398099999","2021-09-06","49.6666666","49.4833333","10.0","ZHALPAKTAL, KZ","  57.6"," 7","  45.8"," 7","1020.1"," 7","019.1"," 7"," 12.4"," 4","  3.9"," 5","  3.9","999.9","  67.8"," ","  50.4","*"," 0.00","I","999.9","000000"
"34398099999","2021-09-07","49.6666666","49.4833333","10.0","ZHALPAKTAL, KZ","  53.3"," 8","  36.6"," 8","1024.9"," 8","023.9"," 8"," 12.4"," 5","  6.9"," 7","  9.7","999.9","  64.6"," ","  42.3"," "," 0.00","I","999.9","000000"
"34398099999","2021-09-08","49.6666666","49.4833333","10.0","ZHALPAKTAL, KZ","  56.4"," 8","  37.7"," 8","1026.1"," 8","025.1"," 8"," 12.4"," 5","  5.2"," 6","  7.8","999.9","  69.6"," ","  41.0"," "," 0.00","I","999.9","000000"
"34398099999","2021-09-09","49.6666666","49.4833333","10.0","ZHALPAKTAL, KZ","  62.6"," 8","  36.3"," 8","1020.7"," 8","019.7"," 8"," 12.4"," 5","  5.6"," 8"," 11.7","999.9","  73.9"," ","  44.4"," "," 0.00","I","999.9","000000"
"34398099999","2021-09-10","49.6666666","49.4833333","10.0","ZHALPAKTAL, KZ","  70.4"," 8","  44.2"," 8","1014.4"," 8","013.4"," 8"," 12.4"," 5","  7.2"," 7"," 11.7","999.9","  80.6"," ","  59.5"," "," 0.00","I","999.9","000000"
"34398099999","2021-09-11","49.6666666","49.4833333","10.0","ZHALPAKTAL, KZ","  62.6"," 8","  38.7"," 8","1017.6"," 8","016.7"," 8"," 12.4"," 5","  5.6"," 8"," 11.7","999.9","  71.4"," ","  49.1","*"," 0.00","I","999.9","000000"
"34398099999","2021-09-12","49.6666666","49.4833333","10.0","ZHALPAKTAL, KZ","  58.9"," 8","  29.6"," 8","1019.0"," 8","018.0"," 8"," 12.4"," 5","  3.2"," 8","  3.9","999.9","  73.6"," ","  42.3"," "," 0.00","I","999.9","000000"
"34398099999","2021-09-13","49.6666666","49.4833333","10.0","ZHALPAKTAL, KZ","  60.0"," 8","  29.2"," 8","1016.3"," 8","015.3"," 8"," 12.4"," 5","  3.6"," 6","  5.8","999.9","  74.3"," ","  46.6"," "," 0.00","I","999.9","000000"
"34398099999","2021-09-14","49.6666666","49.4833333","10.0","ZHALPAKTAL, KZ","  65.1"," 8","  34.0"," 8","1012.5"," 8","011.6"," 8"," 12.4"," 5","  3.9"," 7","  5.8","999.9","  79.5"," ","  48.4"," "," 0.00","I","999.9","000000"
"34398099999","2021-09-15","49.6666666","49.4833333","10.0","ZHALPAKTAL, KZ","  64.6"," 8","  42.8"," 8","1009.2"," 8","008.2"," 8"," 12.4"," 5","  4.6"," 8","  5.8","999.9","  78.8"," ","  50.4","*"," 0.00","I","999.9","000000"
"34398099999","2021-09-16","49.6666666","49.4833333","10.0","ZHALPAKTAL, KZ","  55.1"," 8","  36.8"," 8","1012.1"," 8","011.1"," 8"," 12.4"," 5","  6.1"," 8","  9.7","999.9","  68.9"," ","  41.9","*"," 0.00","I","999.9","000000"
"34398099999","2021-09-17","49.6666666","49.4833333","10.0","ZHALPAKTAL, KZ","  50.6"," 8","  35.4"," 8","1017.2"," 8","016.2"," 8"," 12.4"," 5","  4.2"," 7","  7.8","999.9","  61.9"," ","  40.5"," "," 0.00","I","999.9","000000"
"34398099999","2021-09-18","49.6666666","49.4833333","10.0","ZHALPAKTAL, KZ","  49.8"," 8","  30.5"," 8","1019.2"," 8","018.2"," 8"," 12.4"," 5","  3.2"," 8","  7.8","999.9","  60.3"," ","  40.6"," "," 0.00","I","999.9","000000"
"34398099999","2021-09-19","49.6666666","49.4833333","10.0","ZHALPAKTAL, KZ","  51.9"," 8","  28.2"," 8","1022.9"," 8","021.9"," 8"," 12.4"," 5","  4.9"," 8","  7.8","999.9","  63.0"," ","  43.0"," "," 0.00","I","999.9","000000"
"34398099999","2021-09-20","49.6666666","49.4833333","10.0","ZHALPAKTAL, KZ","  57.7"," 8","  32.7"," 8","1018.7"," 8","017.7"," 8"," 12.4"," 4","  7.3"," 8"," 11.7","999.9","  69.6"," ","  38.7"," "," 0.00","I","999.9","000000"
"34398099999","2021-09-21","49.6666666","49.4833333","10.0","ZHALPAKTAL, KZ","  65.0"," 7","  41.1"," 7","1014.0"," 7","013.1"," 7"," 12.4"," 4","  7.5"," 7","  9.7","999.9","  78.1"," ","  55.9"," "," 0.00","I","999.9","000000"
"34398099999","2021-09-22","49.6666666","49.4833333","10.0","ZHALPAKTAL, KZ","  62.0"," 8","  29.5"," 8","1013.7"," 8","012.7"," 8"," 12.4"," 5","  6.3"," 8","  9.7","999.9","  67.1"," ","  57.6"," "," 0.00","I","999.9","000000"
"34398099999","2021-09-23","49.6666666","49.4833333","10.0","ZHALPAKTAL, KZ","  56.1"," 8","  40.3"," 8","1012.5"," 8","011.5"," 8"," 12.4"," 4","  7.0"," 5","  9.7","999.9","  63.3"," ","  50.4","*","99.99"," ","999.9","010000"
"34398099999","2021-09-24","49.6666666","49.4833333","10.0","ZHALPAKTAL, KZ","  56.2"," 8","  45.3"," 8","1008.8"," 8","007.8"," 8"," 12.4"," 4","  4.5"," 6","  7.8","999.9","  61.9"," ","  49.3","*"," 0.00","I","999.9","000000"
"34398099999","2021-09-25","49.6666666","49.4833333","10.0","ZHALPAKTAL, KZ","  51.0"," 8","  47.3"," 8","1011.0"," 8","010.0"," 8"," 12.4"," 5","  5.8"," 6","  7.8","999.9","  60.8"," ","  43.7"," "," 0.00","I","999.9","000000"
"34398099999","2021-09-26","49.6666666","49.4833333","10.0","ZHALPAKTAL, KZ","  56.2"," 8","  51.5"," 8","1007.4"," 8","006.4"," 8"," 12.4"," 4","  5.1"," 8","  9.7","999.9","  65.1"," ","  46.9"," ","99.99"," ","999.9","010000"
"34398099999","2021-09-27","49.6666666","49.4833333","10.0","ZHALPAKTAL, KZ","  51.0"," 6","  48.3"," 6","1003.9"," 6","002.9"," 6","999.9"," 0","  6.2"," 6","  7.8","999.9","  56.5"," ","  45.0","*","99.99"," ","999.9","010000"
"34398099999","2021-09-28","49.6666666","49.4833333","10.0","ZHALPAKTAL, KZ","  46.9"," 7","  39.8"," 7","1019.1"," 7","018.1"," 7","999.9"," 0","  5.8"," 7","  7.8","999.9","  51.3"," ","  39.9"," "," 0.00","I","999.9","000000"
"34398099999","2021-09-29","49.6666666","49.4833333","10.0","ZHALPAKTAL, KZ","  45.9"," 8","  35.5"," 8","1025.4"," 8","024.4"," 8"," 12.4"," 4","  4.6"," 8","  5.8","999.9","  52.9"," ","  37.8","*"," 0.00","G","999.9","000000"
"34398099999","2021-09-30","49.6666666","49.4833333","10.0","ZHALPAKTAL, KZ","  45.6"," 8","  30.8"," 8","1029.4"," 8","028.4"," 8"," 12.4"," 4","  4.2"," 7","  7.8","999.9","  54.5"," ","  36.3"," "," 0.00","I","999.9","000000"
"34398099999","2021-10-01","49.6666666","49.4833333","10.0","ZHALPAKTAL, KZ","  47.1"," 8","  33.3"," 8","1033.0"," 8","032.0"," 8"," 12.4"," 4","  2.8"," 7","  3.9","999.9","  58.8"," ","  36.3"," "," 0.00","I","999.9","000000"
"34398099999","2021-10-02","49.6666666","49.4833333","10.0","ZHALPAKTAL, KZ","  47.8"," 8","  31.8"," 8","1033.4"," 8","032.4"," 8"," 12.4"," 5","999.9"," 0","999.9","999.9","  60.1"," ","  36.7"," "," 0.00","I","999.9","000000"
"34398099999","2021-10-03","49.6666666","49.4833333","10.0","ZHALPAKTAL, KZ","  48.9"," 8","  34.4"," 8","1031.6"," 8","030.6"," 8"," 12.4"," 4","  1.9"," 4","  1.9","999.9","  59.9"," ","  40.3"," "," 0.00","I","999.9","000000"
"34398099999","2021-10-04","49.6666666","49.4833333","10.0","ZHALPAKTAL, KZ","  50.1"," 8","  42.1"," 8","1031.5"," 8","030.5"," 8"," 12.4"," 4","  5.2"," 6","  7.8","999.9","  57.2"," ","  39.9"," "," 0.00","I","999.9","000000"
"34398099999","2021-10-05","49.6666666","49.4833333","10.0","ZHALPAKTAL, KZ","  41.2"," 8","  23.3"," 8","1038.9"," 8","037.9"," 8"," 12.4"," 4","  9.0"," 8"," 11.7","999.9","  49.3"," ","  32.4","*"," 0.00","I","999.9","000000"
"34398099999","2021-10-06","49.6666666","49.4833333","10.0","ZHALPAKTAL, KZ","  39.5"," 8","  22.4"," 8","1041.1"," 8","040.1"," 8"," 12.4"," 4","  5.6"," 8","  9.7","999.9","  50.4"," ","  25.7"," "," 0.00","I","999.9","000000"
"34398099999","2021-10-07","49.6666666","49.4833333","10.0","ZHALPAKTAL, KZ","  41.0"," 8","  22.3"," 8","1042.0"," 8","041.0"," 8"," 12.4"," 4","  3.6"," 8","  5.8","999.9","  54.3"," ","  30.4"," "," 0.00","I","999.9","000000"
"34398099999","2021-10-08","49.6666666","49.4833333","10.0","ZHALPAKTAL, KZ","  42.9"," 8","  23.2"," 8","1039.4"," 8","038.3"," 8"," 12.4"," 4","  4.4"," 7","  7.8","999.9","  56.7"," ","  27.7"," "," 0.00","I","999.9","000000"
"34398099999","2021-10-09","49.6666666","49.4833333","10.0","ZHALPAKTAL, KZ","  46.8"," 8","  32.4"," 8","1032.8"," 8","031.8"," 8"," 12.4"," 4","  3.2"," 8","  3.9","999.9","  61.2"," ","  32.7"," "," 0.00","I","999.9","000000"
"34398099999","2021-10-10","49.6666666","49.4833333","10.0","ZHALPAKTAL, KZ","  47.4"," 8","  27.5"," 8","1030.4"," 8","029.4"," 8","999.9"," 0","  3.3"," 7","  3.9","999.9","  62.2"," ","  33.4"," "," 0.00","I","999.9","000000"
"34398099999","2021-10-11","49.6666666","49.4833333","10.0","ZHALPAKTAL, KZ","  48.1"," 8","  26.6"," 8","1028.9"," 8","027.9"," 8","999.9"," 0","  2.7"," 8","  3.9","999.9","  64.2"," ","  33.3"," "," 0.00","I","999.9","000000"
"34398099999","2021-10-12","49.6666666","49.4833333","10.0","ZHALPAKTAL, KZ","  49.2"," 8","  26.2"," 8","1026.4"," 8","025.4"," 8","999.9"," 0","  4.4"," 8","  7.8","999.9","  65.5"," ","  33.4"," "," 0.00","I","999.9","000000"
"34398099999","2021-10-13","49.6666666","49.4833333","10.0","ZHALPAKTAL, KZ","  50.0"," 8","  22.0"," 8","1024.9"," 8","023.9"," 8","999.9"," 0","  6.8"," 8","  9.7","999.9","  65.3"," ","  39.2"," "," 0.00","I","999.9","000000"
"34398099999","2021-10-14","49.6666666","49.4833333","10.0","ZHALPAKTAL, KZ","  49.8"," 8","  17.2"," 8","1024.1"," 8","023.1"," 8","999.9"," 0","  8.0"," 8"," 11.7","999.9","  64.4"," ","  38.1"," "," 0.00","I","999.9","000000"
"34398099999","2021-10-15","49.6666666","49.4833333","10.0","ZHALPAKTAL, KZ","  51.9"," 8","  37.9"," 8","1024.4"," 8","023.4"," 8","999.9"," 0","  3.3"," 7","  5.8","999.9","  62.4"," ","  39.6"," "," 0.00","I","999.9","000000"
"34398099999","2021-10-16","49.6666666","49.4833333","10.0","ZHALPAKTAL, KZ","  52.7"," 8","  38.2"," 8","1022.3"," 8","021.3"," 8","999.9"," 0","  6.3"," 8","  9.7","999.9","  61.2"," ","  47.1","*"," 0.00","I","999.9","000000"
"34398099999","2021-10-17","49.6666666","49.4833333","10.0","ZHALPAKTAL, KZ","  55.0"," 8","  30.0"," 8","1016.4"," 8","015.4"," 8","999.9"," 0","  3.3"," 7","  5.8","999.9","  67.1"," ","  45.0"," "," 0.00","G","999.9","000000"
"34398099999","2021-10-18","49.6666666","49.4833333","10.0","ZHALPAKTAL, KZ","  55.6"," 8","  38.1"," 8","1010.7"," 8","009.7"," 8","999.9"," 0","  4.9"," 6","  7.8","999.9","  66.2"," ","  46.9"," "," 0.00","G","999.9","000000"
"34398099999","2021-10-19","49.6666666","49.4833333","10.0","ZHALPAKTAL, KZ","  48.0"," 8","  38.3"," 8","1011.5"," 8","010.5"," 8","999.9"," 0","  5.3"," 7","  7.8","999.9","  56.7"," ","  39.2"," ","99.99"," ","999.9","010000"
"34398099999","2021-10-20","49.6666666","49.4833333","10.0","ZHALPAKTAL, KZ","  38.0"," 6","  33.9"," 6","1017.9"," 6","016.9"," 6","999.9"," 0","  6.5"," 6","  9.7","999.9","  45.0"," ","  31.8","*","99.99"," ","999.9","010000"
"34398099999","2021-10-21","49.6666666","49.4833333","10.0","ZHALPAKTAL, KZ","  42.6"," 8","  30.3"," 8","1020.5"," 8","019.5"," 8","999.9"," 0"," 10.9"," 8"," 17.5","999.9","  48.6","*","  30.6"," "," 0.00","I","999.9","000000"
"34398099999","2021-10-22","49.6666666","49.4833333","10.0","ZHALPAKTAL, KZ","  53.1"," 8","  35.2"," 8","1014.5"," 8","013.5"," 8","999.9"," 0"," 12.9"," 8"," 19.4","999.9","  64.0"," ","  43.9"," "," 0.00","I","999.9","000000"
"34398099999","2021-10-23","49.6666666","49.4833333","10.0","ZHALPAKTAL, KZ","  51.5"," 8","  42.9"," 8","1016.5"," 8","015.5"," 8","999.9"," 0","  3.4"," 8","  5.8","999.9","  62.6"," ","  41.2"," "," 0.00","I","999.9","000000"
"34398099999","2021-10-24","49.6666666","49.4833333","10.0","ZHALPAKTAL, KZ","  50.8"," 7","  42.5"," 7","1016.0"," 7","015.0"," 7","999.9"," 0","  4.2"," 7","  7.8","999.9","  58.5"," ","  45.7","*"," 0.00","G","999.9","010000"
"34398099999","2021-10-25","49.6666666","49.4833333","10.0","ZHALPAKTAL, KZ","  42.8"," 8","  36.1"," 8","1020.9"," 8","019.9"," 8","999.9"," 0","  5.8"," 8","  9.7","999.9","  49.3"," ","  40.1","*"," 0.00","I","999.9","000000"
"34398099999","2021-10-26","49.6666666","49.4833333","10.0","ZHALPAKTAL, KZ","  34.9"," 8","  27.3"," 8","1030.8"," 8","029.8"," 8","999.9"," 0","  4.4"," 8","  7.8","999.9","  39.2"," ","  24.8","*"," 0.00","I","999.9","000000"
"34398099999","2021-10-27","49.6666666","49.4833333","10.0","ZHALPAKTAL, KZ","  34.2"," 8","  21.7"," 8","1029.2"," 8","028.2"," 8","999.9"," 0","  4.1"," 8","  7.8","999.9","  48.6"," ","  21.4"," "," 0.00","I","999.9","000000"
"34398099999","2021-10-28","49.6666666","49.4833333","10.0","ZHALPAKTAL, KZ","  37.3"," 8","  31.6"," 8","1022.5"," 8","021.5"," 8","999.9"," 0","  5.8"," 8"," 11.7","999.9","  50.0"," ","  24.3"," "," 0.00","I","999.9","000000"
"34398099999","2021-10-29","49.6666666","49.4833333","10.0","ZHALPAKTAL, KZ","  42.7"," 8","  38.3"," 8","1023.9"," 8","022.9"," 8","999.9"," 0","  3.2"," 8","  3.9","999.9","  47.3"," ","  34.0"," "," 0.00","I","999.9","000000"
"34398099999","2021-10-30","49.6666666","49.4833333","10.0","ZHALPAKTAL, KZ","  43.7"," 8","  35.3"," 8","1032.1"," 8","031.1"," 8","999.9"," 0","  3.2"," 8","  7.8","999.9","  53.6"," ","  36.7","*"," 0.00","I","999.9","000000"
"34398099999","2021-10-31","49.6666666","49.4833333","10.0","ZHALPAKTAL, KZ","  43.7"," 8","  35.2"," 8","1031.3"," 8","030.3"," 8","999.9"," 0","  3.6"," 8","  5.8","999.9","  59.7"," ","  32.9"," "," 0.00","I","999.9","000000"
"34398099999","2021-11-01","49.6666666","49.4833333","10.0","ZHALPAKTAL, KZ","  43.5"," 8","  35.2"," 8","1027.9"," 8","026.9"," 8","999.9"," 0","  2.9"," 6","  3.9","999.9","  58.5"," ","  31.5"," "," 0.00","I","999.9","000000"
"34398099999","2021-11-02","49.6666666","49.4833333","10.0","ZHALPAKTAL, KZ","  45.7"," 8","  36.9"," 8","1024.1"," 8","023.1"," 8","999.9"," 0","  3.6"," 7","  5.8","999.9","  61.2"," ","  35.1"," "," 0.00","I","999.9","000000"
"34398099999","2021-11-03","49.6666666","49.4833333","10.0","ZHALPAKTAL, KZ","  39.6"," 8","  26.0"," 8","1030.1"," 8","029.1"," 8","999.9"," 0","  8.5"," 8"," 15.5","999.9","  48.9"," ","  32.2"," "," 0.00","G","999.9","000000"
"34398099999","2021-11-04","49.6666666","49.4833333","10.0","ZHALPAKTAL, KZ","  35.4"," 8","  -0.3"," 8","1038.0"," 8","037.0"," 8","999.9"," 0"," 10.4"," 8"," 13.6","999.9","  45.0"," ","  30.0"," "," 0.00","I","999.9","000000"
"34398099999","2021-11-05","49.6666666","49.4833333","10.0","ZHALPAKTAL, KZ","  32.1"," 8","   6.1"," 8","1038.7"," 8","037.6"," 8","999.9"," 0","  9.0"," 8"," 11.7","999.9","  42.6"," ","  24.6"," "," 0.00","I","999.9","000000"
"34398099999","2021-11-06","49.6666666","49.4833333","10.0","ZHALPAKTAL, KZ","  33.2"," 8","  12.1"," 8","1031.7"," 8","030.7"," 8","999.9"," 0","  8.9"," 7"," 11.7","999.9","  48.4"," ","  21.0"," "," 0.00","I","999.9","000000"
"34398099999","2021-11-07","49.6666666","49.4833333","10.0","ZHALPAKTAL, KZ","  39.1"," 8","  35.4"," 8","1021.5"," 8","020.4"," 8","999.9"," 0","  6.4"," 7","  9.7","999.9","  46.4"," ","  26.1"," "," 0.00","I","999.9","000000"
"34398099999","2021-11-08","49.6666666","49.4833333","10.0","ZHALPAKTAL, KZ","  42.6"," 8","  38.5"," 8","1020.5"," 8","019.5"," 8","999.9"," 0","  5.3"," 7","  7.8","999.9","  47.1"," ","  39.4"," "," 0.00","I","999.9","000000"
"34398099999","2021-11-09","49.6666666","49.4833333","10.0","ZHALPAKTAL, KZ","  45.4"," 7","  43.9"," 7","1014.1"," 7","013.1"," 7","999.9"," 0","  5.5"," 7","  7.8","999.9","  49.6"," ","  40.3"," ","99.99"," ","999.9","010000"
"34398099999","2021-11-10","49.6666666","49.4833333","10.0","ZHALPAKTAL, KZ","  34.1"," 6","  28.2"," 6","1022.4"," 6","021.4"," 6","999.9"," 0"," 10.0"," 6"," 15.5","999.9","  38.5"," ","  27.3","*"," 0.00","I","999.9","000000"
"34398099999","2021-11-11","49.6666666","49.4833333","10.0","ZHALPAKTAL, KZ","  27.7"," 8","  20.6"," 8","1031.7"," 8","030.6"," 8","999.9"," 0","  6.8"," 8"," 13.6","999.9","  32.7"," ","  22.8"," "," 0.00","I","999.9","000000"
"34398099999","2021-11-12","49.6666666","49.4833333","10.0","ZHALPAKTAL, KZ","  32.7"," 8","  26.4"," 8","1021.2"," 8","020.2"," 8","999.9"," 0","  8.7"," 8"," 11.7","999.9","  35.4"," ","  26.6"," "," 0.00","I","999.9","000000"
"34398099999","2021-11-13","49.6666666","49.4833333","10.0","ZHALPAKTAL, KZ","  38.8"," 8","  34.2"," 8","1014.5"," 8","013.5"," 8","999.9"," 0","  8.3"," 8"," 13.6","999.9","  44.8"," ","  32.9"," "," 0.00","I","999.9","000000"
"34398099999","2021-11-14","49.6666666","49.4833333","10.0","ZHALPAKTAL, KZ","  36.0"," 8","  28.9"," 8","1026.7"," 8","025.7"," 8","999.9"," 0","  5.0"," 7","  7.8","999.9","  38.1"," ","  33.4","*"," 0.00","I","999.9","000000"
"34398099999","2021-11-15","49.6666666","49.4833333","10.0","ZHALPAKTAL, KZ","  31.2"," 6","  29.0"," 6","1021.3"," 6","020.3"," 6","999.9"," 0","  7.8"," 6"," 19.4","999.9","  33.4"," ","  26.4","*","99.99"," ","999.9","001000"
"34398099999","2021-11-16","49.6666666","49.4833333","10.0","ZHALPAKTAL, KZ","  23.8"," 7","  17.6"," 7","1031.3"," 7","030.3"," 7","999.9"," 0","  8.0"," 7"," 15.5","999.9","  27.9"," ","  17.8"," "," 0.00","I","999.9","000000"
"34398099999","2021-11-17","49.6666666","49.4833333","10.0","ZHALPAKTAL, KZ","  27.7"," 8","  22.0"," 8","1025.2"," 8","024.2"," 8","999.9"," 0","  7.0"," 8"," 11.7","999.9","  33.8"," ","  21.4"," "," 0.00","I","999.9","000000"
"34398099999","2021-11-18","49.6666666","49.4833333","10.0","ZHALPAKTAL, KZ","  28.2"," 8","  24.9"," 8","1028.6"," 8","027.6"," 8","999.9"," 0","  3.6"," 7","  3.9","999.9","  31.1"," ","  23.9","*"," 0.00","I","999.9","000000"
"34398099999","2021-11-19","49.6666666","49.4833333","10.0","ZHALPAKTAL, KZ","  29.5"," 7","  26.1"," 6","1021.0"," 7","020.0"," 7","999.9"," 0","  7.8"," 7"," 11.7","999.9","  37.8"," ","  20.1"," ","99.99"," ","999.9","010000"
"34398099999","2021-11-20","49.6666666","49.4833333","10.0","ZHALPAKTAL, KZ","  36.7"," 6","  36.3"," 6","1003.0"," 6","002.0"," 6","999.9"," 0"," 11.3"," 6"," 19.4","999.9","  40.3","*","  32.7"," ","99.99"," ","999.9","110000"
"34398099999","2021-11-21","49.6666666","49.4833333","10.0","ZHALPAKTAL, KZ","  38.2"," 7","  35.0"," 7","1000.1"," 7","999.1"," 7","999.9"," 0"," 11.7"," 7"," 15.5","999.9","  42.3","*","  35.2","*","99.99"," ","999.9","010000"
"34398099999","2021-11-22","49.6666666","49.4833333","10.0","ZHALPAKTAL, KZ","  43.9"," 6","  39.0"," 6","1006.6"," 6","005.6"," 6","999.9"," 0"," 12.6"," 6"," 19.4","999.9","  49.8"," ","  34.2"," "," 0.00","I","999.9","000000"
"34398099999","2021-11-23","49.6666666","49.4833333","10.0","ZHALPAKTAL, KZ","  31.5"," 8","  27.1"," 8","1015.2"," 8","014.2"," 8","999.9"," 0","  3.2"," 8","  5.8","999.9","  34.5"," ","  28.2","*","99.99"," ","999.9","001000"
"34398099999","2021-11-24","49.6666666","49.4833333","10.0","ZHALPAKTAL, KZ","  24.1"," 7","  17.6"," 7","1020.4"," 7","019.3"," 7","999.9"," 0","  5.0"," 7","  9.7","999.9","  29.8"," ","  18.5","*"," 0.00","I","999.9","000000"
"34398099999","2021-11-25","49.6666666","49.4833333","10.0","ZHALPAKTAL, KZ","  25.9"," 8","  22.5"," 8","1024.4"," 8","023.4"," 8","999.9"," 0","  7.5"," 7"," 13.6","999.9","  30.6","*","  17.1"," "," 0.00","I","999.9","000000"
"34398099999","2021-11-26","49.6666666","49.4833333","10.0","ZHALPAKTAL, KZ","  28.8"," 8","  24.2"," 8","1029.1"," 8","028.1"," 8","999.9"," 0","  4.6"," 8","  5.8","999.9","  35.4"," ","  23.0","*"," 0.00","I","999.9","000000"
"34398099999","2021-11-27","49.6666666","49.4833333","10.0","ZHALPAKTAL, KZ","  25.2"," 8","  19.4"," 8","1025.8"," 8","024.7"," 8","999.9"," 0","  5.1"," 8","  5.8","999.9","  30.7","*","  17.2"," "," 0.00","I","999.9","000000"
"34398099999","2021-11-28","49.6666666","49.4833333","10.0","ZHALPAKTAL, KZ","  31.9"," 7","  27.0"," 7","1020.1"," 7","019.1"," 7","999.9"," 0","  6.7"," 7","  9.7","999.9","  35.2"," ","  27.1"," "," 0.00","I","999.9","000000"
"34398099999","2021-11-29","49.6666666","49.4833333","10.0","ZHALPAKTAL, KZ","  32.5"," 8","  28.0"," 8","1018.5"," 8","017.5"," 8","999.9"," 0","  6.6"," 8","  9.7","999.9","  41.0"," ","  28.9"," "," 0.00","I","999.9","000000"
"34398099999","2021-11-30","49.6666666","49.4833333","10.0","ZHALPAKTAL, KZ","  36.9"," 7","  33.5"," 7","1003.9"," 7","002.9"," 7","999.9"," 0","  9.4"," 7"," 13.6","999.9","  42.1","*","  28.8"," ","99.99"," ","999.9","010000"
"34398099999","2021-12-01","49.6666666","49.4833333","10.0","ZHALPAKTAL, KZ","  37.5"," 7","  35.4"," 7"," 995.8"," 7","994.8"," 7","999.9"," 0"," 10.3"," 7"," 19.4","999.9","  46.0"," ","  30.2","*"," 0.00","I","999.9","100000"
"34398099999","2021-12-02","49.6666666","49.4833333","10.0","ZHALPAKTAL, KZ","  31.8"," 8","  28.9"," 8","1011.1"," 8","010.1"," 8","999.9"," 0","  4.4"," 8","  5.8","999.9","  35.4"," ","  28.8"," "," 0.00","I","999.9","000000"
"34398099999","2021-12-03","49.6666666","49.4833333","10.0","ZHALPAKTAL, KZ","  35.5"," 8","  30.7"," 8","1019.6"," 8","018.6"," 8","999.9"," 0","  8.7"," 8"," 11.7","999.9","  40.1","*","  27.0"," "," 0.00","I","999.9","000000"
"34398099999","2021-12-04","49.6666666","49.4833333","10.0","ZHALPAKTAL, KZ","  40.0"," 8","  34.9"," 8","1018.1"," 8","017.1"," 8","999.9"," 0"," 11.4"," 8"," 15.5","999.9","  46.0"," ","  33.4"," "," 0.00","I","999.9","000000"
"34398099999","2021-12-05","49.6666666","49.4833333","10.0","ZHALPAKTAL, KZ","  38.6"," 6","  37.4"," 6","1014.3"," 6","013.3"," 6","999.9"," 0","  5.4"," 5","  7.8","999.9","  40.1"," ","  37.4","*","99.99"," ","999.9","110000"
"34398099999","2021-12-06","49.6666666","49.4833333","10.0","ZHALPAKTAL, KZ","  32.5"," 6","  30.7"," 6","1021.1"," 6","020.1"," 6","999.9"," 0","  7.4"," 5","  7.8","999.9","  37.8","*","  27.0","*","99.99"," ","999.9","010000"
"34398099999","2021-12-07","49.6666666","49.4833333","10.0","ZHALPAKTAL, KZ","  28.4"," 8","  26.9"," 8","1028.9"," 8","027.9"," 8","999.9"," 0","  6.8"," 8","  7.8","999.9","  32.4","*","  24.6","*","99.99"," ","999.9","110000"
"34398099999","2021-12-08","49.6666666","49.4833333","10.0","ZHALPAKTAL, KZ","  33.8"," 7","  30.8"," 7","1024.9"," 7","023.9"," 7","999.9"," 0"," 11.9"," 7"," 15.5","999.9","  36.0"," ","  29.8"," ","99.99"," ","999.9","010000"
"34398099999","2021-12-09","49.6666666","49.4833333","10.0","ZHALPAKTAL, KZ","  33.0"," 8","  27.7"," 8","1018.1"," 8","017.1"," 8","999.9"," 0","  6.6"," 8"," 11.7","999.9","  36.5"," ","  30.4"," "," 0.00","I","999.9","000000"
"34398099999","2021-12-10","49.6666666","49.4833333","10.0","ZHALPAKTAL, KZ","  31.5"," 6","  28.3"," 6","1018.6"," 6","017.6"," 6","999.9"," 0","  5.5"," 6","  7.8","999.9","  32.7","*","  29.1","*","99.99"," ","999.9","010000"
"34398099999","2021-12-11","49.6666666","49.4833333","10.0","ZHALPAKTAL, KZ","  26.4"," 8","  22.1"," 8","1027.6"," 8","026.5"," 8","999.9"," 0","  9.2"," 8"," 13.6","999.9","  30.9"," ","  20.7","*"," 0.00","I","999.9","000000"
"34398099999","2021-12-12","49.6666666","49.4833333","10.0","ZHALPAKTAL, KZ","  21.3"," 8","  14.6"," 8","1038.7"," 8","037.6"," 8","999.9"," 0","  6.8"," 8"," 11.7","999.9","  29.3"," ","  17.4"," "," 0.00","I","999.9","000000"
"34398099999","2021-12-13","49.6666666","49.4833333","10.0","ZHALPAKTAL, KZ","  21.0"," 8","  14.6"," 8","1040.1"," 8","039.0"," 8","999.9"," 0","  4.6"," 8","  7.8","999.9","  31.5"," ","  15.6"," "," 0.00","I","999.9","000000"
"34398099999","2021-12-14","49.6666666","49.4833333","10.0","ZHALPAKTAL, KZ","  21.8"," 8","  15.9"," 8","1034.4"," 8","033.4"," 8","999.9"," 0","  5.8"," 8","  9.7","999.9","  32.4"," ","  15.6"," "," 0.00","I","999.9","000000"
"34398099999","2021-12-15","49.6666666","49.4833333","10.0","ZHALPAKTAL, KZ","  25.0"," 8","  21.6"," 8","1026.5"," 8","025.5"," 8","999.9"," 0","  7.0"," 8","  9.7","999.9","  29.1"," ","  17.4"," "," 0.00","I","999.9","000000"
"34398099999","2021-12-16","49.6666666","49.4833333","10.0","ZHALPAKTAL, KZ","  29.1"," 6","  27.7"," 4","1019.1"," 6","018.1"," 6","999.9"," 0","  3.6"," 6","  5.8","999.9","  31.1"," ","  25.9"," ","99.99"," ","999.9","011000"
"34398099999","2021-12-17","49.6666666","49.4833333","10.0","ZHALPAKTAL, KZ","  30.0"," 6","  28.9"," 5","1014.2"," 6","013.2"," 6","999.9"," 0","  3.6"," 6","  5.8","999.9","  31.1","*","  28.8","*","99.99"," ","999.9","011000"
"34398099999","2021-12-18","49.6666666","49.4833333","10.0","ZHALPAKTAL, KZ","  33.2"," 6","  31.7"," 6","1007.9"," 6","006.9"," 6","999.9"," 0","  2.9"," 6","  3.9","999.9","  34.0"," ","  29.3"," ","99.99"," ","999.9","011000"
"34398099999","2021-12-19","49.6666666","49.4833333","10.0","ZHALPAKTAL, KZ","  31.5"," 6","  29.0"," 6","1004.4"," 6","003.4"," 6","999.9"," 0","  8.4"," 6"," 11.7","999.9","  33.1","*","  30.7","*","99.99"," ","999.9","011000"
"34398099999","2021-12-20","49.6666666","49.4833333","10.0","ZHALPAKTAL, KZ","  34.8"," 7","  29.9"," 7","1002.5"," 7","001.5"," 7","999.9"," 0"," 10.5"," 7"," 15.5","999.9","  38.8"," ","  30.6"," "," 3.91","G","999.9","000000"
"34398099999","2021-12-21","49.6666666","49.4833333","10.0","ZHALPAKTAL, KZ","  30.7"," 6","  28.0"," 6","1004.8"," 6","003.8"," 6","999.9"," 0","  4.3"," 5","  5.8","999.9","  35.2"," ","  23.0","*"," 0.00","G","999.9","000000"
"34398099999","2021-12-22","49.6666666","49.4833333","10.0","ZHALPAKTAL, KZ","  19.7"," 7","  14.5"," 7","1010.3"," 7","009.3"," 7","999.9"," 0","  7.8"," 7"," 17.5","999.9","  30.9"," ","   6.3","*"," 3.90","G","999.9","001000"
"34398099999","2021-12-23","49.6666666","49.4833333","10.0","ZHALPAKTAL, KZ","   1.5"," 7","  -2.8"," 7","1020.6"," 7","019.5"," 7","999.9"," 0","  5.3"," 7","  9.7","999.9","   6.6"," ","  -1.5","*"," 0.00","G","999.9","000000"
"34398099999","2021-12-24","49.6666666","49.4833333","10.0","ZHALPAKTAL, KZ","  -1.3"," 8","  -4.8"," 8","1027.2"," 8","026.1"," 8","999.9"," 0","  3.2"," 6","  3.9","999.9","   6.4"," ","  -5.4"," "," 0.00","I","  3.1","000000"
"34398099999","2021-12-25","49.6666666","49.4833333","10.0","ZHALPAKTAL, KZ","  13.5"," 7","   8.7"," 7","1022.1"," 7","021.0"," 7","999.9"," 0"," 11.4"," 7"," 21.4","999.9","  25.7","*","  -6.0"," "," 0.00","G","  3.1","001000"
"34398099999","2021-12-26","49.6666666","49.4833333","10.0","ZHALPAKTAL, KZ","  29.4"," 6","  28.0"," 6","1012.8"," 6","011.8"," 6","999.9"," 0"," 10.4"," 6"," 19.4","999.9","  35.2"," ","  22.6","*","99.99"," ","999.9","011000"
"34398099999","2021-12-27","49.6666666","49.4833333","10.0","ZHALPAKTAL, KZ","  10.4"," 7","   6.4"," 7","1022.0"," 7","020.9"," 7","999.9"," 0","  2.7"," 5","  3.9","999.9","  18.3"," ","   1.6","*"," 0.00","I","999.9","000000"
"34398099999","2021-12-28","49.6666666","49.4833333","10.0","ZHALPAKTAL, KZ","  -1.1"," 8","  -2.9"," 8","1028.1"," 8","027.0"," 8","999.9"," 0","  3.9"," 5","  5.8","999.9","   5.7"," ","  -8.1","*"," 0.00","I","  3.1","100000"
"34398099999","2021-12-29","49.6666666","49.4833333","10.0","ZHALPAKTAL, KZ","   4.4"," 8","   2.4"," 8","1029.0"," 8","027.9"," 8","999.9"," 0","  9.2"," 8"," 13.6","999.9","  13.3","*","  -8.1"," ","99.99"," ","  3.1","001000"
"34398099999","2021-12-30","49.6666666","49.4833333","10.0","ZHALPAKTAL, KZ","  19.3"," 6","  18.5"," 6","1024.2"," 6","023.1"," 6","999.9"," 0","  4.9"," 6"," 11.7","999.9","  22.1","*","  12.7"," ","99.99"," ","999.9","101000"
"34398099999","2021-12-31","49.6666666","49.4833333","10.0","ZHALPAKTAL, KZ","  24.8"," 7","  23.0"," 7","1019.7"," 7","018.7"," 7","999.9"," 0","  4.4"," 7","  5.8","999.9","  28.9","*","  21.4"," ","99.99"," ","999.9","001000"
