"STATION","DATE","LATITUDE","LONGITUDE","ELEVATION","NAME","TEMP","TEMP_ATTRIBUTES","DEWP","DEWP_ATTRIBUTES","SLP","SLP_ATTRIBUTES","STP","STP_ATTRIBUTES","VISIB","VISIB_ATTRIBUTES","WDSP","WDSP_ATTRIBUTES","MXSPD","GUST","MAX","MAX_ATTRIBUTES","MIN","MIN_ATTRIBUTES","PRCP","PRCP_ATTRIBUTES","SNDP","FRSHTT"
"71458099999","2021-01-01","53.5166666","-112.1","639.0","VEGREVILLE ALTA, CA","  14.0","24","  10.3","24","1012.4","24","933.7"," 8","999.9"," 0","  4.5","24","  8.0","999.9","  24.6"," ","   4.5"," "," 0.00","G","  7.1","000000"
"71458099999","2021-01-02","53.5166666","-112.1","639.0","VEGREVILLE ALTA, CA","  20.0","24","  14.9","24"," 997.9","24","920.8"," 8","999.9"," 0","  4.8","24","  7.0","999.9","  32.0","*","  10.0","*"," 0.00","G","  7.1","000000"
"71458099999","2021-01-03","53.5166666","-112.1","639.0","VEGREVILLE ALTA, CA","  34.5","24","  24.5","24"," 992.2","24","916.2"," 8","999.9"," 0","  9.3","24"," 14.0","999.9","  39.0","*","  30.0","*"," 0.00","G","  7.1","000000"
"71458099999","2021-01-04","53.5166666","-112.1","639.0","VEGREVILLE ALTA, CA","  22.5","24","  12.3","24","1005.6","24","928.1"," 8","999.9"," 0","  7.3","24","  9.9","999.9","  39.6"," ","  14.7"," "," 0.00","G","  7.1","000000"
"71458099999","2021-01-05","53.5166666","-112.1","639.0","VEGREVILLE ALTA, CA","  25.2","24","  16.8","24","1006.3","24","928.1"," 8","999.9"," 0","  6.0","24"," 12.0","999.9","  31.5","*","  21.7","*"," 0.00","G","  7.1","000000"
"71458099999","2021-01-06","53.5166666","-112.1","639.0","VEGREVILLE ALTA, CA","  25.7","24","  18.4","24","1009.5","24","931.7"," 8","999.9"," 0","  7.2","24"," 12.0","999.9","  37.6","*","  15.3","*"," 0.01","G","  7.1","000000"
"71458099999","2021-01-07","53.5166666","-112.1","639.0","VEGREVILLE ALTA, CA","  22.4","24","  13.5","24","1020.7","24","941.6"," 8","999.9"," 0","  5.6","24","  8.9","999.9","  38.7"," ","   6.1"," "," 0.00","G","  7.1","000000"
"71458099999","2021-01-08","53.5166666","-112.1","639.0","VEGREVILLE ALTA, CA","  11.6","11","   6.9","11","1029.1","11","948.6"," 5","999.9"," 0","  4.4","11","  7.0","999.9","  31.8"," ","   1.2"," "," 0.00","G","  7.1","000000"
"71458099999","2021-01-09","53.5166666","-112.1","639.0","VEGREVILLE ALTA, CA","  12.9","24","  10.3","24","1027.5","24","947.0"," 8","999.9"," 0","  4.5","24","  7.0","999.9","  20.7"," ","   1.2"," "," 0.00","G","  7.1","000000"
"71458099999","2021-01-10","53.5166666","-112.1","639.0","VEGREVILLE ALTA, CA","  10.4","24","   6.6","24","1020.1","24","940.2"," 8","999.9"," 0","  5.2","24","  8.9","999.9","  21.2","*","   5.2","*"," 0.00","G","  7.1","000000"
"71458099999","2021-01-11","53.5166666","-112.1","639.0","VEGREVILLE ALTA, CA","  17.1","24","  12.7","24","1014.3","24","935.4"," 8","999.9"," 0","  5.9","24","  8.0","999.9","  27.5","*","  10.8","*"," 0.00","G","  7.1","000000"
"71458099999","2021-01-12","53.5166666","-112.1","639.0","VEGREVILLE ALTA, CA","  22.4","24","  15.0","24","1006.7","24","929.2"," 8","999.9"," 0","  6.3","24","  8.9","999.9","  39.0"," ","   9.7"," "," 0.00","G","  6.7","000000"
"71458099999","2021-01-13","53.5166666","-112.1","639.0","VEGREVILLE ALTA, CA","  20.9","20","  18.4","20"," 995.8","20","918.9"," 8","999.9"," 0","  6.2","20"," 28.0","999.9","  31.3"," ","   9.7"," "," 0.00","G","  6.7","000000"
"71458099999","2021-01-14","53.5166666","-112.1","639.0","VEGREVILLE ALTA, CA","  28.6","23","  16.1","23","1020.3","23","940.8"," 8","999.9"," 0"," 18.9","23"," 25.1"," 29.9","  30.2","*","  26.4","*"," 0.00","G","  7.5","000000"
"71458099999","2021-01-15","53.5166666","-112.1","639.0","VEGREVILLE ALTA, CA","  18.2","24","  10.6","24","1023.3","24","944.5"," 8","999.9"," 0","  6.6","24"," 11.1"," 15.9","  30.4"," ","   6.6"," "," 0.00","G","  7.5","000000"
"71458099999","2021-01-16","53.5166666","-112.1","639.0","VEGREVILLE ALTA, CA","  32.3","24","  19.1","24","1016.8","24","938.8"," 8","999.9"," 0"," 12.5","24"," 20.0"," 24.9","  37.6","*","  21.9","*"," 0.00","G","  7.5","000000"
"71458099999","2021-01-17","53.5166666","-112.1","639.0","VEGREVILLE ALTA, CA","  25.5","24","  19.7","24","1014.7","24","937.0"," 8","999.9"," 0","  6.5","24"," 13.0","999.9","  36.0","*","  14.7","*"," 0.00","G","  7.5","000000"
"71458099999","2021-01-18","53.5166666","-112.1","639.0","VEGREVILLE ALTA, CA","  31.2","24","  26.3","24","1019.5","24","941.0"," 8","999.9"," 0"," 12.3","24"," 20.0"," 27.0","  36.5"," ","  14.5"," "," 0.00","G","  6.7","000000"
"71458099999","2021-01-19","53.5166666","-112.1","639.0","VEGREVILLE ALTA, CA","  26.6","23","  18.6","23","1019.6","23","941.6"," 8","999.9"," 0","  8.6","23"," 13.0","999.9","  35.2"," ","  18.7"," "," 0.00","G","  7.1","000000"
"71458099999","2021-01-20","53.5166666","-112.1","639.0","VEGREVILLE ALTA, CA","  32.3","20","  20.2","20","1002.2","20","925.5"," 7","999.9"," 0"," 20.7","20"," 31.1"," 42.0","  42.8"," ","  18.7"," "," 0.02","G","  6.3","000000"
"71458099999","2021-01-21","53.5166666","-112.1","639.0","VEGREVILLE ALTA, CA","  22.5"," 4","  16.3"," 4","1018.0"," 4","939.7"," 4","999.9"," 0"," 10.8"," 4"," 20.0","999.9","  34.0"," ","  12.0"," "," 0.00","G","  6.3","000000"
"71458099999","2021-01-22","53.5166666","-112.1","639.0","VEGREVILLE ALTA, CA","  19.9","24","  17.1","24","1019.5","24","940.7"," 8","999.9"," 0","  6.0","24"," 14.0"," 19.0","  26.8"," ","  12.0"," "," 0.02","G","  6.3","000000"
"71458099999","2021-01-23","53.5166666","-112.1","639.0","VEGREVILLE ALTA, CA","   0.2","24","  -5.6","24","1021.3","24","940.5"," 8","999.9"," 0","  6.6","24"," 15.9","999.9","  24.4"," "," -13.2"," "," 0.01","G","  6.3","000000"
"71458099999","2021-01-24","53.5166666","-112.1","639.0","VEGREVILLE ALTA, CA"," -12.6","18"," -18.9","18","1023.0","18","940.1"," 7","999.9"," 0","  4.7","18","  8.9","999.9","  -5.1","*"," -18.2","*"," 0.01","G","  6.3","000000"
"71458099999","2021-01-25","53.5166666","-112.1","639.0","VEGREVILLE ALTA, CA","  -8.7","24"," -15.2","24","1024.9","24","942.0"," 8","999.9"," 0","  7.6","24","  9.9","999.9","  -3.6","*"," -11.9","*"," 0.00","G","  6.3","000000"
"71458099999","2021-01-26","53.5166666","-112.1","639.0","VEGREVILLE ALTA, CA","  -3.5","24","  -8.8","24","1023.8","24","941.8"," 8","999.9"," 0","  7.9","24"," 11.1"," 15.9","   1.2","*","  -6.5","*"," 0.04","G","  6.7","000000"
"71458099999","2021-01-27","53.5166666","-112.1","639.0","VEGREVILLE ALTA, CA","   0.7","24","  -3.7","24","1021.5","24","940.1"," 8","999.9"," 0","  6.8","24","  9.9","999.9","   2.3"," ","  -6.7"," "," 0.02","G","  7.5","000000"
"71458099999","2021-01-28","53.5166666","-112.1","639.0","VEGREVILLE ALTA, CA","  -4.1","24","  -9.8","24","1022.2","24","940.5"," 8","999.9"," 0","  3.2","24","  8.0","999.9","   2.5"," "," -17.0"," "," 0.04","G","  8.7","000000"
"71458099999","2021-01-29","53.5166666","-112.1","639.0","VEGREVILLE ALTA, CA","  -3.1","24","  -8.7","24","1018.8","24","937.4"," 8","999.9"," 0","  2.7","24","  5.1","999.9","   1.9","*"," -13.0","*"," 0.00","G","  8.3","000000"
"71458099999","2021-01-30","53.5166666","-112.1","639.0","VEGREVILLE ALTA, CA","  -6.8","24"," -12.2","24","1019.4","24","937.2"," 8","999.9"," 0","  3.1","24","  5.1","999.9","   9.1","*"," -16.2","*"," 0.00","G","  7.9","000000"
"71458099999","2021-01-31","53.5166666","-112.1","639.0","VEGREVILLE ALTA, CA","  -3.2","24","  -8.6","24","1024.1","24","942.1"," 8","999.9"," 0","  3.3","24","  5.1","999.9","   9.9"," "," -16.8"," "," 0.00","G","  7.9","000000"
"71458099999","2021-02-01","53.5166666","-112.1","639.0","VEGREVILLE ALTA, CA","   3.8","24","  -1.5","24","1018.5","24","937.8"," 8","999.9"," 0","  3.6","24","  7.0","999.9","   9.5","*","  -2.4","*"," 0.00","G","  8.3","000000"
"71458099999","2021-02-02","53.5166666","-112.1","639.0","VEGREVILLE ALTA, CA","  10.0","24","   6.1","24","1013.4","24","933.6"," 8","999.9"," 0","  7.5","24"," 15.0","999.9","  14.9","*","   4.5","*"," 0.00","G","  8.3","000000"
"71458099999","2021-02-03","53.5166666","-112.1","639.0","VEGREVILLE ALTA, CA","  -1.8","24","  -8.7","24","1019.7","24","938.4"," 8","999.9"," 0"," 11.6","24"," 15.9"," 21.0","  14.0"," ","  -8.9"," "," 0.00","G","  8.3","000000"
"71458099999","2021-02-04","53.5166666","-112.1","639.0","VEGREVILLE ALTA, CA","  -9.7","24"," -15.7","24","1022.3","24","939.9"," 8","999.9"," 0","  4.6","24"," 11.1","999.9","   7.2","*"," -22.0","*"," 0.00","G","  7.9","000000"
"71458099999","2021-02-05","53.5166666","-112.1","639.0","VEGREVILLE ALTA, CA","  -9.2","24"," -15.4","24","1025.9","24","943.1"," 8","999.9"," 0","  6.1","24"," 12.0"," 15.9","   7.7"," "," -22.9"," "," 0.03","G","  7.9","000000"
"71458099999","2021-02-06","53.5166666","-112.1","639.0","VEGREVILLE ALTA, CA"," -21.5","23"," -29.6","23","1033.4","23","948.7"," 8","999.9"," 0","  2.5","23","  7.0","999.9","  -2.4"," "," -30.8"," "," 0.02","G","  8.3","000000"
"71458099999","2021-02-07","53.5166666","-112.1","639.0","VEGREVILLE ALTA, CA"," -31.7","24"," -40.9","24","1034.0","24","948.2"," 8","999.9"," 0","  2.6","24","  8.9","999.9"," -14.4"," "," -46.7"," "," 0.04","G","  8.3","000000"
"71458099999","2021-02-08","53.5166666","-112.1","639.0","VEGREVILLE ALTA, CA"," -30.0","24"," -38.4","24","1035.0","24","948.6"," 8","999.9"," 0","  6.3","24"," 15.9","999.9"," -13.0"," "," -46.7"," "," 0.04","G","  8.3","000000"
"71458099999","2021-02-09","53.5166666","-112.1","639.0","VEGREVILLE ALTA, CA"," -18.4","22"," -27.5","22","1034.9","22","950.1"," 7","999.9"," 0"," 16.0","22"," 19.0"," 26.0"," -15.0","*"," -22.0","*"," 0.00","G","  7.1","000000"
"71458099999","2021-02-10","53.5166666","-112.1","639.0","VEGREVILLE ALTA, CA"," -17.3","13"," -26.0","13","1034.9","13","949.7"," 4","999.9"," 0"," 12.2","13"," 14.0","999.9"," -14.8"," "," -22.2"," "," 0.00","G","999.9","000000"
"71458099999","2021-02-13","53.5166666","-112.1","639.0","VEGREVILLE ALTA, CA"," -10.5","14"," -19.6","14","1039.0","14","955.2"," 4","999.9"," 0","  4.0","14","  6.0","999.9","  -4.4"," "," -15.2"," "," 0.00","G","  5.9","000000"
"71458099999","2021-02-14","53.5166666","-112.1","639.0","VEGREVILLE ALTA, CA"," -17.2","24"," -25.2","24","1036.5","24","952.4"," 8","999.9"," 0","  7.5","24"," 14.0"," 20.0","  -3.1","*"," -25.6","*"," 0.00","G","  5.9","000000"
"71458099999","2021-02-15","53.5166666","-112.1","639.0","VEGREVILLE ALTA, CA"," -12.4","24"," -21.2","24","1022.8","24","940.3"," 8","999.9"," 0","  7.6","24","  9.9","999.9","  -3.8","*"," -17.7","*"," 0.00","G","  5.9","000000"
"71458099999","2021-02-16","53.5166666","-112.1","639.0","VEGREVILLE ALTA, CA","  -9.0","24"," -17.1","24","1015.2","24","933.2"," 8","999.9"," 0","  3.1","24","  7.0","999.9","   0.3","*"," -14.3","*"," 0.00","G","  5.9","000000"
"71458099999","2021-02-17","53.5166666","-112.1","639.0","VEGREVILLE ALTA, CA","   0.7","24","  -6.2","24","1022.7","24","940.5"," 8","999.9"," 0","  6.0","24","  8.9","999.9","  12.7","*","  -6.7","*"," 0.00","G","  5.9","000000"
"71458099999","2021-02-18","53.5166666","-112.1","639.0","VEGREVILLE ALTA, CA","   0.4","24","  -7.5","24","1026.7","24","945.4"," 8","999.9"," 0","  5.7","24","  8.9","999.9","  16.3","*"," -14.4","*"," 0.00","G","  5.9","000000"
"71458099999","2021-02-19","53.5166666","-112.1","639.0","VEGREVILLE ALTA, CA","  12.5","12","   4.8","12","1011.9","12","933.0"," 4","999.9"," 0","  8.2","12"," 13.0","999.9","  15.4","*","  10.2","*"," 0.00","G","999.9","000000"
"71458099999","2021-02-21","53.5166666","-112.1","639.0","VEGREVILLE ALTA, CA","  39.1"," 6","  23.9"," 6"," 994.2"," 6","999.9"," 0","999.9"," 0"," 13.7"," 6"," 15.9"," 22.0","  39.9","*","  37.9","*"," 0.00","G","999.9","000000"
"71458099999","2021-02-22","53.5166666","-112.1","639.0","VEGREVILLE ALTA, CA","  39.1","23","  24.5","23"," 997.2","23","921.2"," 8","999.9"," 0"," 13.8","23"," 18.1"," 22.9","  42.4"," ","  22.3"," "," 0.00","G","  5.5","000000"
"71458099999","2021-02-23","53.5166666","-112.1","639.0","VEGREVILLE ALTA, CA","  30.0","24","  19.3","24","1006.4","24","929.3"," 8","999.9"," 0","  8.9","24"," 16.9"," 20.0","  42.1"," ","  19.9"," "," 0.00","G","  5.1","000000"
"71458099999","2021-02-24","53.5166666","-112.1","639.0","VEGREVILLE ALTA, CA","  25.1","24","  19.5","24","1021.0","24","942.2"," 8","999.9"," 0","  7.7","24"," 13.0","999.9","  35.6"," ","  16.7"," "," 0.00","G","  5.5","000000"
"71458099999","2021-02-25","53.5166666","-112.1","639.0","VEGREVILLE ALTA, CA","  23.9","24","  15.5","24","1006.7","24","929.9"," 8","999.9"," 0","  6.0","24","  8.0","999.9","  41.0","*","  11.7","*"," 0.01","G","  5.5","000000"
"71458099999","2021-02-26","53.5166666","-112.1","639.0","VEGREVILLE ALTA, CA","  16.4","24","  10.2","23","1002.9","24","924.8"," 8","999.9"," 0","  9.8","24"," 17.1"," 21.0","  41.4"," ","   0.1"," "," 0.02","G","  5.1","000000"
"71458099999","2021-02-27","53.5166666","-112.1","639.0","VEGREVILLE ALTA, CA","   2.0","24","  -5.4","24","1018.9","24","937.8"," 8","999.9"," 0","  4.8","24","  8.9","999.9","  12.7","*","  -6.2","*"," 0.00","G","  5.5","000000"
"71458099999","2021-02-28","53.5166666","-112.1","639.0","VEGREVILLE ALTA, CA","  10.3","24","   4.5","24","1016.1","24","935.9"," 8","999.9"," 0","  7.1","24"," 12.0"," 15.0","  17.1","*","  -0.9","*"," 0.02","G","  5.5","000000"
"71458099999","2021-03-01","53.5166666","-112.1","639.0","VEGREVILLE ALTA, CA","  21.3","24","  14.8","24","1010.5","24","932.4"," 8","999.9"," 0","  7.6","24"," 14.0"," 16.9","  40.3","*","  14.0","*"," 0.04","G","  5.1","000000"
"71458099999","2021-03-02","53.5166666","-112.1","639.0","VEGREVILLE ALTA, CA","  28.6","23","  22.0","23","1005.8","23","928.5"," 8","999.9"," 0","  7.0","23"," 13.0"," 15.9","  41.0"," ","  10.6"," "," 0.00","G","  5.1","000000"
"71458099999","2021-03-03","53.5166666","-112.1","639.0","VEGREVILLE ALTA, CA","  26.5","24","  21.4","24","1008.9","24","931.0"," 8","999.9"," 0","  5.7","24","  8.9","999.9","  37.9"," ","  10.6"," "," 0.00","G","  5.1","000000"
"71458099999","2021-03-04","53.5166666","-112.1","639.0","VEGREVILLE ALTA, CA","  28.6","24","  23.7","24","1016.9","24","938.7"," 8","999.9"," 0","  3.6","24","  6.0","999.9","  38.5"," ","  17.1"," "," 0.00","G","  4.7","000000"
"71458099999","2021-03-05","53.5166666","-112.1","639.0","VEGREVILLE ALTA, CA","  29.8","24","  24.8","24","1017.7","24","940.2"," 8","999.9"," 0","  4.3","24","  7.0","999.9","  41.4","*","  20.7","*"," 0.00","G","  4.3","000000"
"71458099999","2021-03-06","53.5166666","-112.1","639.0","VEGREVILLE ALTA, CA","  34.7","24","  28.3","24","1006.0","24","929.6"," 8","999.9"," 0","  5.9","24","  8.9","999.9","  42.1"," ","  20.1"," "," 0.00","G","  3.9","000000"
"71458099999","2021-03-07","53.5166666","-112.1","639.0","VEGREVILLE ALTA, CA","  28.8","23","  21.0","23","1011.2","23","933.5"," 8","999.9"," 0","  5.0","23","  8.0","999.9","  41.9","*","  15.3","*"," 0.00","G","  3.5","000000"
"71458099999","2021-03-08","53.5166666","-112.1","639.0","VEGREVILLE ALTA, CA","  27.5","24","  22.9","24","1016.4","24","938.1"," 8","999.9"," 0","  5.2","24"," 12.0"," 15.0","  41.9"," ","  15.3"," "," 0.00","G","  3.5","000000"
"71458099999","2021-03-09","53.5166666","-112.1","639.0","VEGREVILLE ALTA, CA","  25.7","23","  22.2","23","1018.3","23","940.5"," 7","999.9"," 0","  6.4","23"," 12.0"," 16.9","  35.1","*","  20.5","*"," 0.00","G","  3.5","000000"
"71458099999","2021-03-10","53.5166666","-112.1","639.0","VEGREVILLE ALTA, CA","  21.4","22","  16.5","22","1014.4","22","936.2"," 8","999.9"," 0","  8.9","22"," 18.1"," 22.9","  35.6"," ","  12.4"," "," 0.00","G","  3.5","000000"
"71458099999","2021-03-11","53.5166666","-112.1","639.0","VEGREVILLE ALTA, CA","  11.9","24","   3.9","24","1022.7","24","942.7"," 8","999.9"," 0","  4.4","24","  9.9","999.9","  35.2","*","  -2.7","*"," 0.00","G","  3.9","000000"
"71458099999","2021-03-12","53.5166666","-112.1","639.0","VEGREVILLE ALTA, CA","  32.2","24","  19.2","24","1017.2","24","939.0"," 8","999.9"," 0","  5.3","24","  8.9","999.9","  45.1","*","  24.1","*"," 0.00","G","  3.5","000000"
"71458099999","2021-03-13","53.5166666","-112.1","639.0","VEGREVILLE ALTA, CA","  35.0","24","  25.2","24","1021.9","24","944.1"," 8","999.9"," 0","  5.0","24","  9.9","999.9","  51.6","*","  23.4","*"," 0.00","G","  3.9","000000"
"71458099999","2021-03-14","53.5166666","-112.1","639.0","VEGREVILLE ALTA, CA","  42.1","24","  26.8","24","1013.5","24","937.6"," 8","999.9"," 0"," 11.7","24"," 15.0"," 22.9","  57.0","*","  35.4","*"," 0.00","G","  4.3","000000"
"71458099999","2021-03-15","53.5166666","-112.1","639.0","VEGREVILLE ALTA, CA","  32.2","23","  21.9","23","1009.4","23","932.2"," 8","999.9"," 0"," 11.1","23"," 20.0"," 27.0","  57.4"," ","  22.8"," "," 0.00","G","  3.9","000000"
"71458099999","2021-03-16","53.5166666","-112.1","639.0","VEGREVILLE ALTA, CA","  26.5","24","  14.4","24","1019.7","24","941.3"," 8","999.9"," 0","  6.6","24"," 12.0","999.9","  46.9","*","  15.4","*"," 0.00","G","  3.5","000000"
"71458099999","2021-03-17","53.5166666","-112.1","639.0","VEGREVILLE ALTA, CA","  32.9","24","  20.4","24","1019.0","24","941.1"," 8","999.9"," 0","  5.6","24"," 12.0"," 18.1","  51.8","*","  18.9","*"," 0.00","G","  4.7","000000"
"71458099999","2021-03-18","53.5166666","-112.1","639.0","VEGREVILLE ALTA, CA","  38.4","22","  24.5","22","1014.1","22","937.4"," 8","999.9"," 0","  6.1","22","  8.9","999.9","  58.1","*","  24.1","*"," 0.00","G","  4.3","000000"
"71458099999","2021-03-19","53.5166666","-112.1","639.0","VEGREVILLE ALTA, CA","  41.2","24","  25.2","24","1005.7","24","930.0"," 8","999.9"," 0","  8.1","24"," 18.1"," 22.9","  58.6"," ","  21.7"," "," 0.00","G","  4.7","000000"
"71458099999","2021-03-20","53.5166666","-112.1","639.0","VEGREVILLE ALTA, CA","  38.7","24","  23.1","24","1006.4","24","930.5"," 8","999.9"," 0","  5.0","24","  9.9","999.9","  56.8"," ","  23.9"," "," 0.00","G","  4.7","000000"
"71458099999","2021-03-21","53.5166666","-112.1","639.0","VEGREVILLE ALTA, CA","  31.4","23","  14.4","23","1013.7","23","936.0"," 8","999.9"," 0","  9.9","23"," 15.9"," 22.9","  55.2"," ","  19.9"," "," 0.00","G","  4.7","000000"
"71458099999","2021-03-22","53.5166666","-112.1","639.0","VEGREVILLE ALTA, CA","  31.9","24","  18.5","24","1009.2","24","932.0"," 8","999.9"," 0","  7.2","24"," 13.0","999.9","  41.2"," ","  19.9"," "," 0.00","G","  4.7","000000"
"71458099999","2021-03-23","53.5166666","-112.1","639.0","VEGREVILLE ALTA, CA","  25.5","24","  12.6","24","1024.5","24","945.5"," 8","999.9"," 0","  8.4","24"," 13.0"," 16.9","  41.5","*","  14.0","*"," 0.00","G","  5.1","000000"
"71458099999","2021-03-24","53.5166666","-112.1","639.0","VEGREVILLE ALTA, CA","  34.9","24","  23.1","24","1007.4","24","931.3"," 8","999.9"," 0","  6.3","24"," 12.0"," 16.9","  43.2","*","  28.4","*"," 0.00","G","  5.1","000000"
"71458099999","2021-03-25","53.5166666","-112.1","639.0","VEGREVILLE ALTA, CA","  22.8","24","  17.7","23","1009.8","24","931.7"," 8","999.9"," 0"," 12.2","24"," 17.1"," 21.0","  44.6"," ","  15.1"," "," 0.07","G","  3.9","000000"
"71458099999","2021-03-26","53.5166666","-112.1","639.0","VEGREVILLE ALTA, CA","  26.1","24","  16.2","24","1014.9","24","936.5"," 8","999.9"," 0","  4.6","24","  8.9"," 15.9","  36.9","*","  19.9","*"," 0.00","G","  4.7","000000"
"71458099999","2021-03-27","53.5166666","-112.1","639.0","VEGREVILLE ALTA, CA","  31.0","24","  22.8","24","1017.4","24","939.5"," 8","999.9"," 0","  6.0","24","  8.9","999.9","  46.9","*","  22.1","*"," 0.00","G","  5.1","000000"
"71458099999","2021-03-28","53.5166666","-112.1","639.0","VEGREVILLE ALTA, CA","  40.6","24","  26.9","24","1000.9","24","926.0"," 8","999.9"," 0","  5.6","24","  9.9","999.9","  54.9","*","  27.1","*"," 0.00","G","  5.5","000000"
"71458099999","2021-03-29","53.5166666","-112.1","639.0","VEGREVILLE ALTA, CA","  25.3","24","  21.2","24","1002.0","24","924.6"," 8","999.9"," 0"," 23.7","24"," 31.9"," 42.9","  55.2"," ","  16.2"," "," 0.05","G","  3.9","000000"
"71458099999","2021-03-30","53.5166666","-112.1","639.0","VEGREVILLE ALTA, CA","  16.8","24","   5.0","24","1021.5","24","941.8"," 8","999.9"," 0","  9.6","24"," 24.1"," 30.9","  32.5"," ","   3.9"," "," 0.00","G","  4.3","000000"
"71458099999","2021-03-31","53.5166666","-112.1","639.0","VEGREVILLE ALTA, CA","  34.1","24","  18.4","24","1019.8","24","941.7"," 8","999.9"," 0","  7.5","24"," 12.0","999.9","  52.9","*","  21.7","*"," 0.00","G","  5.9","000000"
"71458099999","2021-04-01","53.5166666","-112.1","639.0","VEGREVILLE ALTA, CA","  39.8","24","  21.6","24","1006.6","24","931.2"," 8","999.9"," 0","  6.0","24"," 15.0"," 20.0","  63.5","*","  23.5","*"," 0.00","G","  6.7","000000"
"71458099999","2021-04-02","53.5166666","-112.1","639.0","VEGREVILLE ALTA, CA","  39.6","23","  17.5","23","1010.0","23","932.7"," 8","999.9"," 0","  6.1","23"," 15.0","999.9","  64.4"," ","  23.0"," "," 0.00","G","  5.5","000000"
"71458099999","2021-04-03","53.5166666","-112.1","639.0","VEGREVILLE ALTA, CA","  39.3","24","  24.0","24","1018.5","24","941.4"," 8","999.9"," 0","  3.5","24","  7.0","999.9","  52.5","*","  27.7","*"," 0.00","G","  6.3","000000"
"71458099999","2021-04-04","53.5166666","-112.1","639.0","VEGREVILLE ALTA, CA","  40.0","24","  26.2","24","1011.4","24","935.2"," 8","999.9"," 0"," 10.1","24"," 21.0"," 27.0","  53.6"," ","  24.4"," "," 0.00","G","  6.3","000000"
"71458099999","2021-04-05","53.5166666","-112.1","639.0","VEGREVILLE ALTA, CA","  36.3","23","  24.8","23","1013.7","23","936.7"," 8","999.9"," 0","  8.0","23"," 13.0"," 19.0","  52.0","*","  25.3","*"," 0.00","G","  5.5","000000"
"71458099999","2021-04-06","53.5166666","-112.1","639.0","VEGREVILLE ALTA, CA","  40.8","24","  21.6","24","1011.9","24","935.3"," 8","999.9"," 0","  5.4","24","  9.9","999.9","  53.8"," ","  25.0"," "," 0.00","G","  5.9","000000"
"71458099999","2021-04-07","53.5166666","-112.1","639.0","VEGREVILLE ALTA, CA","  43.5","24","  22.7","24","1007.5","24","932.1"," 8","999.9"," 0","  4.9","24","  9.9","999.9","  61.9","*","  28.8","*"," 0.00","G","  5.9","000000"
"71458099999","2021-04-08","53.5166666","-112.1","639.0","VEGREVILLE ALTA, CA","  40.4","24","  26.7","24","1005.8","24","929.5"," 8","999.9"," 0"," 13.4","24"," 20.0"," 26.0","  63.3"," ","  26.4"," "," 0.00","G","  5.5","000000"
"71458099999","2021-04-09","53.5166666","-112.1","639.0","VEGREVILLE ALTA, CA","  33.1","24","  15.5","24","1013.3","24","936.4"," 8","999.9"," 0","  6.3","24"," 15.0"," 20.0","  51.6","*","  18.9","*"," 0.00","G","  5.9","000000"
"71458099999","2021-04-10","53.5166666","-112.1","639.0","VEGREVILLE ALTA, CA","  38.4","24","  19.8","24","1003.1","24","927.0"," 8","999.9"," 0","  4.7","24"," 16.9"," 22.0","  52.7"," ","  18.3"," "," 0.00","G","  5.9","000000"
"71458099999","2021-04-11","53.5166666","-112.1","639.0","VEGREVILLE ALTA, CA","  28.4","24","  24.4","24","1022.0","24","943.2"," 8","999.9"," 0"," 10.2","24"," 15.9"," 21.0","  48.9"," ","  23.0"," "," 0.06","G","  5.1","000000"
"71458099999","2021-04-12","53.5166666","-112.1","639.0","VEGREVILLE ALTA, CA","  32.9","24","  21.1","24","1033.0","24","953.7"," 8","999.9"," 0","  5.9","24"," 11.1","999.9","  42.4","*","  25.3","*"," 0.00","G","  7.1","000000"
"71458099999","2021-04-13","53.5166666","-112.1","639.0","VEGREVILLE ALTA, CA","  32.7","24","  17.1","24","1037.7","24","958.6"," 8","999.9"," 0","  4.5","24","  8.9","999.9","  48.2","*","  18.7","*"," 0.00","G","  6.7","000000"
"71458099999","2021-04-14","53.5166666","-112.1","639.0","VEGREVILLE ALTA, CA","  35.7","24","  11.0","24","1033.1","24","954.7"," 8","999.9"," 0","  6.1","24","  9.9"," 23.9","  56.7","*","  17.6","*"," 0.00","G","  7.5","000000"
"71458099999","2021-04-15","53.5166666","-112.1","639.0","VEGREVILLE ALTA, CA","  41.7","24","  15.7","24","1027.6","24","950.0"," 8","999.9"," 0","  2.6","24","  6.0","999.9","  62.1","*","  21.9","*"," 0.00","G","  6.3","000000"
"71458099999","2021-04-16","53.5166666","-112.1","639.0","VEGREVILLE ALTA, CA","  44.8","24","  20.3","24","1027.4","24","950.2"," 8","999.9"," 0","  3.2","24","  7.0","999.9","  65.8","*","  23.0","*"," 0.01","G","999.9","000000"
"71458099999","2021-04-17","53.5166666","-112.1","639.0","VEGREVILLE ALTA, CA","  48.5","24","  23.1","24","1023.5","24","947.2"," 8","999.9"," 0","  6.1","24"," 12.0"," 15.9","  66.4"," ","  22.8"," "," 0.00","G","999.9","000000"
"71458099999","2021-04-18","53.5166666","-112.1","639.0","VEGREVILLE ALTA, CA","  39.5","24","  27.3","24","1029.8","24","951.9"," 8","999.9"," 0"," 11.6","24"," 22.0"," 30.9","  64.2"," ","  28.6"," "," 0.05","G","  6.7","000000"
"71458099999","2021-04-19","53.5166666","-112.1","639.0","VEGREVILLE ALTA, CA","  34.6","24","  21.3","24","1032.3","24","953.9"," 8","999.9"," 0"," 10.7","24"," 21.0"," 28.9","  47.3","*","  21.2","*"," 0.00","G","  7.9","000000"
"71458099999","2021-04-20","53.5166666","-112.1","639.0","VEGREVILLE ALTA, CA","  34.2","24","  13.1","24","1029.6","24","951.5"," 8","999.9"," 0","  5.3","24"," 15.9"," 21.0","  54.7","*","  15.4","*"," 0.00","G","  7.5","000000"
"71458099999","2021-04-21","53.5166666","-112.1","639.0","VEGREVILLE ALTA, CA","  43.5","24","  17.7","24","1014.4","24","938.6"," 8","999.9"," 0","  7.5","24","  9.9"," 16.9","  67.6","*","  23.5","*"," 0.00","G","999.9","000000"
"71458099999","2021-04-22","53.5166666","-112.1","639.0","VEGREVILLE ALTA, CA","  36.0","24","  16.3","24","1014.7","24","937.6"," 8","999.9"," 0"," 18.3","24"," 25.1"," 33.0","  65.7","*","  23.2","*"," 0.00","G","999.9","000000"
"71458099999","2021-04-23","53.5166666","-112.1","639.0","VEGREVILLE ALTA, CA","  26.8","24","   5.3","24","1022.2","24","943.6"," 8","999.9"," 0","  6.0","24"," 13.0"," 18.1","  40.6"," ","  12.6"," "," 0.00","G","999.9","000000"
"71458099999","2021-04-24","53.5166666","-112.1","639.0","VEGREVILLE ALTA, CA","  28.6","24","   8.1","24","1017.7","24","939.8"," 8","999.9"," 0","  5.0","24"," 12.0"," 19.0","  44.6","*","  11.5","*"," 0.00","G","  6.3","000000"
"71458099999","2021-04-25","53.5166666","-112.1","639.0","VEGREVILLE ALTA, CA","  32.5","24","   9.0","24","1011.1","24","934.2"," 8","999.9"," 0","  4.5","24"," 14.0"," 19.0","  49.3","*","  14.0","*"," 0.00","G","999.9","000000"
"71458099999","2021-04-26","53.5166666","-112.1","639.0","VEGREVILLE ALTA, CA","  40.5","24","  15.3","24","1002.0","24","926.3"," 8","999.9"," 0","  8.5","24"," 18.1"," 27.0","  59.9","*","  24.6","*"," 0.00","G","999.9","000000"
"71458099999","2021-04-27","53.5166666","-112.1","639.0","VEGREVILLE ALTA, CA","  32.6","24","  19.3","24","1011.2","24","933.9"," 8","999.9"," 0","  8.6","24"," 14.0"," 19.0","  60.3"," ","  23.0"," "," 0.00","G","  5.9","000000"
"71458099999","2021-04-28","53.5166666","-112.1","639.0","VEGREVILLE ALTA, CA","  33.6","24","  23.0","24","1019.3","24","941.4"," 8","999.9"," 0","  7.8","24"," 14.0"," 20.0","  51.3","*","  25.3","*"," 0.02","G","  7.1","000000"
"71458099999","2021-04-29","53.5166666","-112.1","639.0","VEGREVILLE ALTA, CA","  38.3","20","  28.6","20","1021.5","20","944.1"," 6","999.9"," 0","  5.3","20"," 14.0","999.9","  54.1","*","  33.1","*"," 0.00","B","999.9","000000"
"71458099999","2021-04-30","53.5166666","-112.1","639.0","VEGREVILLE ALTA, CA","  55.6","24","  30.4","24","1008.7","20","934.4"," 8","999.9"," 0"," 11.1","24"," 19.0"," 27.0","  74.1","*","  37.4","*"," 0.00","A","999.9","000000"
"71458099999","2021-05-01","53.5166666","-112.1","639.0","VEGREVILLE ALTA, CA","  53.8","24","  26.6","24","1005.4","24","930.9"," 8","999.9"," 0"," 11.6","24"," 19.0"," 27.0","  74.8"," ","  35.6"," "," 0.00","G","999.9","000000"
"71458099999","2021-05-02","53.5166666","-112.1","639.0","VEGREVILLE ALTA, CA","  43.1","24","  29.1","24","1014.7","24","938.2"," 8","999.9"," 0"," 10.7","24"," 21.0"," 26.0","  61.5"," ","  32.7"," "," 0.00","G","999.9","000000"
"71458099999","2021-05-03","53.5166666","-112.1","639.0","VEGREVILLE ALTA, CA","  33.3","24","  18.2","24","1023.4","24","945.6"," 8","999.9"," 0","  4.4","24"," 14.0"," 15.9","  51.8","*","  15.6","*"," 0.00","G","999.9","000000"
"71458099999","2021-05-04","53.5166666","-112.1","639.0","VEGREVILLE ALTA, CA","  46.0","24","  17.7","24","1018.1","24","941.5"," 8","999.9"," 0","  5.5","24"," 11.1","999.9","  59.4","*","  36.0","*"," 0.01","G","999.9","000000"
"71458099999","2021-05-05","53.5166666","-112.1","639.0","VEGREVILLE ALTA, CA","  47.8","24","  25.8","24","1021.6","24","944.9"," 8","999.9"," 0","  4.7","24","  8.9"," 15.9","  60.8","*","  33.4","*"," 0.00","C","999.9","000000"
"71458099999","2021-05-06","53.5166666","-112.1","639.0","VEGREVILLE ALTA, CA","  48.6","24","  21.2","24","1023.3","24","947.0"," 8","999.9"," 0","  6.4","24"," 15.0"," 23.9","  67.8","*","  28.4","*"," 0.00","G","999.9","000000"
"71458099999","2021-05-07","53.5166666","-112.1","639.0","VEGREVILLE ALTA, CA","  54.3","24","  16.2","24","1015.1","24","940.1"," 8","999.9"," 0"," 14.1","24"," 22.0"," 29.9","  65.5","*","  47.5","*"," 0.00","G","999.9","000000"
"71458099999","2021-05-08","53.5166666","-112.1","639.0","VEGREVILLE ALTA, CA","  45.0","24","  36.4","24","1016.7","24","940.2"," 8","999.9"," 0"," 11.6","24"," 18.1"," 26.0","  47.8","*","  41.9","*"," 0.13","G","999.9","000000"
"71458099999","2021-05-09","53.5166666","-112.1","639.0","VEGREVILLE ALTA, CA","  42.4","24","  29.3","23","1025.0","24","947.7"," 8","999.9"," 0","  3.9","24","  8.9","999.9","  59.5","*","  27.7","*"," 0.01","G","999.9","000000"
"71458099999","2021-05-10","53.5166666","-112.1","639.0","VEGREVILLE ALTA, CA","  45.7","24","  28.0","24","1023.2","24","946.5"," 8","999.9"," 0","  7.8","24"," 15.0"," 21.0","  61.7"," ","  26.4"," "," 0.00","G","999.9","000000"
"71458099999","2021-05-11","53.5166666","-112.1","639.0","VEGREVILLE ALTA, CA","  49.6","24","  31.9","24","1020.9","24","944.7"," 8","999.9"," 0","  6.1","24"," 14.0"," 19.0","  62.6"," ","  26.4"," "," 0.00","G","999.9","000000"
"71458099999","2021-05-12","53.5166666","-112.1","639.0","VEGREVILLE ALTA, CA","  47.4","24","  31.3","23","1021.6","24","945.2"," 8","999.9"," 0","  4.6","24"," 13.0"," 18.1","  66.6","*","  28.0","*"," 0.00","G","999.9","000000"
"71458099999","2021-05-13","53.5166666","-112.1","639.0","VEGREVILLE ALTA, CA","  55.8","24","  29.1","24","1017.8","24","942.4"," 8","999.9"," 0","  5.2","24"," 18.1"," 22.9","  70.3","*","  36.3","*"," 0.00","G","999.9","000000"
"71458099999","2021-05-14","53.5166666","-112.1","639.0","VEGREVILLE ALTA, CA","  54.7","24","  33.9","24","1018.6","24","943.1"," 8","999.9"," 0","  4.9","24"," 13.0"," 18.1","  72.3"," ","  33.6"," "," 0.00","G","999.9","000000"
"71458099999","2021-05-15","53.5166666","-112.1","639.0","VEGREVILLE ALTA, CA","  59.0","24","  34.9","24","1014.4","24","939.8"," 8","999.9"," 0","  7.1","24"," 14.0"," 22.0","  72.1","*","  44.6","*"," 0.00","G","999.9","000000"
"71458099999","2021-05-16","53.5166666","-112.1","639.0","VEGREVILLE ALTA, CA","  60.6","24","  33.8","24","1010.1","24","935.8"," 8","999.9"," 0","  6.7","24"," 15.0"," 20.0","  74.7","*","  42.1","*"," 0.00","G","999.9","000000"
"71458099999","2021-05-17","53.5166666","-112.1","639.0","VEGREVILLE ALTA, CA","  63.4","24","  39.6","24","1002.8","24","929.5"," 8","999.9"," 0","  6.7","24"," 19.0"," 23.9","  78.4","*","  45.0","*"," 0.00","G","999.9","000000"
"71458099999","2021-05-18","53.5166666","-112.1","639.0","VEGREVILLE ALTA, CA","  51.4","21","  47.0","21","1002.2","21","928.0"," 8","999.9"," 0"," 10.3","21"," 19.0"," 24.9","  78.8"," ","  44.1"," "," 0.44","G","999.9","000000"
"71458099999","2021-05-19","53.5166666","-112.1","639.0","VEGREVILLE ALTA, CA","  35.6","24","  32.8","24","1012.3","24","934.9"," 8","999.9"," 0"," 13.6","24"," 15.9"," 22.0","  52.9"," ","  32.2"," "," 1.16","G","999.9","000000"
"71458099999","2021-05-20","53.5166666","-112.1","639.0","VEGREVILLE ALTA, CA","  35.3","24","  25.9","24","1026.6","24","948.4"," 8","999.9"," 0","  7.6","24"," 13.0","999.9","  43.2","*","  29.3","*"," 0.00","G","999.9","000000"
"71458099999","2021-05-21","53.5166666","-112.1","639.0","VEGREVILLE ALTA, CA","  37.7","24","  24.8","24","1028.2","24","950.2"," 8","999.9"," 0","  3.5","24","  7.0","999.9","  51.8","*","  26.8","*"," 0.00","G","999.9","000000"
"71458099999","2021-05-22","53.5166666","-112.1","639.0","VEGREVILLE ALTA, CA","  45.5","24","  26.5","24","1027.2","24","950.0"," 8","999.9"," 0","  4.7","24"," 12.0"," 19.0","  62.4","*","  28.6","*"," 0.00","G","999.9","000000"
"71458099999","2021-05-23","53.5166666","-112.1","639.0","VEGREVILLE ALTA, CA","  51.2","24","  32.6","24","1017.5","24","942.2"," 8","999.9"," 0"," 10.2","24"," 15.0"," 21.0","  64.6","*","  37.6","*"," 0.00","G","999.9","000000"
"71458099999","2021-05-24","53.5166666","-112.1","639.0","VEGREVILLE ALTA, CA","  52.6","24","  44.3","24","1003.2","24","928.9"," 8","999.9"," 0","  7.4","24"," 13.0","999.9","  66.6"," ","  37.4"," "," 0.31","G","999.9","000000"
"71458099999","2021-05-25","53.5166666","-112.1","639.0","VEGREVILLE ALTA, CA","  46.3","24","  36.9","24","1014.2","24","937.6"," 8","999.9"," 0"," 12.9","24"," 22.0"," 27.0","  54.7"," ","  38.5"," "," 0.34","G","999.9","000000"
"71458099999","2021-05-26","53.5166666","-112.1","639.0","VEGREVILLE ALTA, CA","  47.2","24","  31.8","24","1021.0","24","944.6"," 8","999.9"," 0","  9.0","24"," 15.9"," 22.9","  60.8","*","  35.8","*"," 0.00","G","999.9","000000"
"71458099999","2021-05-27","53.5166666","-112.1","639.0","VEGREVILLE ALTA, CA","  57.8","24","  41.1","24","1010.3","24","936.0"," 8","999.9"," 0"," 14.0","24"," 20.0"," 26.0","  73.6","*","  46.4","*"," 0.00","G","999.9","000000"
"71458099999","2021-05-28","53.5166666","-112.1","639.0","VEGREVILLE ALTA, CA","  56.6","24","  40.2","24","1000.8","24","926.9"," 8","999.9"," 0"," 15.5","24"," 27.0"," 34.0","  74.8"," ","  46.4"," "," 0.00","G","999.9","000000"
"71458099999","2021-05-29","53.5166666","-112.1","639.0","VEGREVILLE ALTA, CA","  54.0","24","  38.7","24","1012.7","24","937.0"," 8","999.9"," 0"," 13.3","24"," 22.0"," 28.9","  69.1","*","  43.7","*"," 0.02","G","999.9","000000"
"71458099999","2021-05-30","53.5166666","-112.1","639.0","VEGREVILLE ALTA, CA","  56.5","24","  33.7","24","1017.9","24","942.5"," 8","999.9"," 0","  7.1","24"," 15.0"," 22.0","  76.3","*","  37.9","*"," 0.00","G","999.9","000000"
"71458099999","2021-05-31","53.5166666","-112.1","639.0","VEGREVILLE ALTA, CA","  64.0","24","  38.7","24","1014.6","24","940.2"," 8","999.9"," 0","  9.1","24"," 15.0"," 22.0","  75.9","*","  53.6","*"," 0.00","G","999.9","000000"
"71458099999","2021-06-01","53.5166666","-112.1","639.0","VEGREVILLE ALTA, CA","  60.8","15","  43.9","15","1016.6","15","941.9"," 6","999.9"," 0","  5.5","15"," 11.1"," 19.0","  73.9","*","  50.9","*"," 0.00","G","999.9","000000"
"71458099999","2021-06-02","53.5166666","-112.1","639.0","VEGREVILLE ALTA, CA","  75.8","11","  44.5","11","1009.0","11","936.1"," 6","999.9"," 0","  7.1","11"," 11.1","999.9","  84.2","*","  52.3","*"," 0.00","G","999.9","000000"
"71458099999","2021-06-03","53.5166666","-112.1","639.0","VEGREVILLE ALTA, CA","  71.0","24","  48.2","24","1004.2","24","931.4"," 8","999.9"," 0","  6.4","24"," 15.0"," 20.0","  85.3"," ","  50.5"," "," 0.00","G","999.9","000000"
"71458099999","2021-06-04","53.5166666","-112.1","639.0","VEGREVILLE ALTA, CA","  67.2","24","  43.3","24","1004.1","24","931.1"," 8","999.9"," 0","  7.2","24"," 18.1"," 26.0","  84.6"," ","  47.1"," "," 0.00","G","999.9","000000"
"71458099999","2021-06-05","53.5166666","-112.1","639.0","VEGREVILLE ALTA, CA","  57.2","24","  48.9","24","1001.3","24","927.8"," 8","999.9"," 0","  7.0","24"," 15.9"," 21.0","  64.8","*","  47.5","*"," 0.29","G","999.9","000000"
"71458099999","2021-06-06","53.5166666","-112.1","639.0","VEGREVILLE ALTA, CA","  56.6","24","  40.9","24","1001.1","24","926.8"," 8","999.9"," 0","  9.8","24"," 20.0"," 24.9","  69.1","*","  47.7","*"," 0.00","G","999.9","000000"
"71458099999","2021-06-07","53.5166666","-112.1","639.0","VEGREVILLE ALTA, CA","  54.9","24","  40.5","24","1004.2","24","929.8"," 8","999.9"," 0","  6.0","24"," 16.9"," 26.0","  69.6"," ","  45.5"," "," 0.26","G","999.9","000000"
"71458099999","2021-06-08","53.5166666","-112.1","639.0","VEGREVILLE ALTA, CA","  53.0","24","  45.5","24","1015.3","24","939.5"," 8","999.9"," 0","  7.3","24","  9.9","999.9","  62.2"," ","  46.8"," "," 0.07","G","999.9","000000"
"71458099999","2021-06-09","53.5166666","-112.1","639.0","VEGREVILLE ALTA, CA","  58.1","24","  46.8","24","1018.0","24","942.6"," 8","999.9"," 0","  5.1","24","  9.9"," 15.0","  65.3"," ","  46.8"," "," 0.00","G","999.9","000000"
"71458099999","2021-06-10","53.5166666","-112.1","639.0","VEGREVILLE ALTA, CA","  55.7","24","  53.4","24","1011.6","24","937.2"," 8","999.9"," 0","  3.9","24","  8.0","999.9","  65.3"," ","  50.0"," "," 0.17","G","999.9","000000"
"71458099999","2021-06-11","53.5166666","-112.1","639.0","VEGREVILLE ALTA, CA","  56.4","24","  45.1","24","1008.8","24","934.0"," 8","999.9"," 0"," 10.3","24"," 15.0"," 21.0","  67.3","*","  50.4","*"," 0.89","G","999.9","000000"
"71458099999","2021-06-12","53.5166666","-112.1","639.0","VEGREVILLE ALTA, CA","  56.8","24","  40.0","24","1010.0","24","935.3"," 8","999.9"," 0","  6.3","24"," 13.0"," 19.0","  71.6","*","  41.4","*"," 0.00","G","999.9","000000"
"71458099999","2021-06-13","53.5166666","-112.1","639.0","VEGREVILLE ALTA, CA","  61.9","24","  39.9","24","1014.0","24","939.2"," 8","999.9"," 0","  8.1","24"," 14.0"," 20.0","  79.2","*","  43.7","*"," 0.00","G","999.9","000000"
"71458099999","2021-06-14","53.5166666","-112.1","639.0","VEGREVILLE ALTA, CA","  70.1","24","  50.8","24","1011.1","24","937.4"," 8","999.9"," 0","  6.6","24"," 15.9"," 22.0","  84.6","*","  58.5","*"," 0.01","G","999.9","000000"
"71458099999","2021-06-15","53.5166666","-112.1","639.0","VEGREVILLE ALTA, CA","  71.5","24","  57.8","24","1006.5","24","933.8"," 8","999.9"," 0","  8.7","24"," 22.9"," 29.9","  86.2"," ","  57.6"," "," 0.02","G","999.9","000000"
"71458099999","2021-06-16","53.5166666","-112.1","639.0","VEGREVILLE ALTA, CA","  63.4","23","  44.1","23","1009.6","23","935.7"," 8","999.9"," 0"," 15.1","23"," 24.9"," 34.0","  78.3"," ","  53.8"," "," 0.00","G","999.9","000000"
"71458099999","2021-06-17","53.5166666","-112.1","639.0","VEGREVILLE ALTA, CA","  56.8","24","  40.8","24","1010.9","24","936.4"," 8","999.9"," 0"," 16.0","24"," 22.9"," 31.9","  73.8"," ","  52.3"," "," 0.00","G","999.9","000000"
"71458099999","2021-06-18","53.5166666","-112.1","639.0","VEGREVILLE ALTA, CA","  54.0","24","  48.4","24","1016.8","24","941.2"," 8","999.9"," 0","  8.8","24"," 15.0"," 20.0","  62.1","*","  50.4","*"," 0.04","G","999.9","000000"
"71458099999","2021-06-19","53.5166666","-112.1","639.0","VEGREVILLE ALTA, CA","  59.1","24","  49.5","24","1012.8","24","938.2"," 8","999.9"," 0","  7.4","24"," 15.0"," 22.0","  70.0","*","  49.8","*"," 0.01","G","999.9","000000"
"71458099999","2021-06-20","53.5166666","-112.1","639.0","VEGREVILLE ALTA, CA","  56.0","19","  44.8","19","1017.0","19","941.9"," 7","999.9"," 0","  6.5","19"," 13.0"," 16.9","  70.5"," ","  44.6"," "," 0.06","G","999.9","000000"
"71458099999","2021-06-21","53.5166666","-112.1","639.0","VEGREVILLE ALTA, CA","  60.6","24","  41.8","24","1015.4","24","940.9"," 8","999.9"," 0","  6.3","24","  9.9"," 15.0","  79.5","*","  41.9","*"," 0.00","G","999.9","000000"
"71458099999","2021-06-22","53.5166666","-112.1","639.0","VEGREVILLE ALTA, CA","  68.5","24","  49.2","24","1002.1","24","929.3"," 8","999.9"," 0","  6.3","24"," 15.0"," 18.1","  84.6","*","  53.2","*"," 0.00","G","999.9","000000"
"71458099999","2021-06-23","53.5166666","-112.1","639.0","VEGREVILLE ALTA, CA","  65.8","24","  46.4","24","1005.1","24","931.3"," 8","999.9"," 0"," 11.8","24"," 18.1"," 23.9","  85.1"," ","  52.7"," "," 0.00","G","999.9","000000"
"71458099999","2021-06-24","53.5166666","-112.1","639.0","VEGREVILLE ALTA, CA","  63.5","24","  47.4","24","1013.3","24","938.8"," 8","999.9"," 0","  4.5","24","  9.9","999.9","  74.7","*","  52.7","*"," 0.00","G","999.9","000000"
"71458099999","2021-06-25","53.5166666","-112.1","639.0","VEGREVILLE ALTA, CA","  69.1","24","  50.1","24","1012.0","24","938.3"," 8","999.9"," 0"," 10.3","24"," 17.1"," 23.9","  79.3","*","  58.1","*"," 0.00","G","999.9","000000"
"71458099999","2021-06-26","53.5166666","-112.1","639.0","VEGREVILLE ALTA, CA","  72.5","24","  52.5","24","1015.7","24","941.8"," 8","999.9"," 0","  8.7","24"," 18.1"," 24.9","  87.4","*","  56.7","*"," 0.00","G","999.9","000000"
"71458099999","2021-06-27","53.5166666","-112.1","639.0","VEGREVILLE ALTA, CA","  73.2","24","  52.2","24","1019.7","24","945.7"," 8","999.9"," 0","  5.7","24"," 17.1"," 22.9","  88.9"," ","  54.7"," "," 0.00","G","999.9","000000"
"71458099999","2021-06-28","53.5166666","-112.1","639.0","VEGREVILLE ALTA, CA","  73.7","24","  52.8","24","1017.8","24","944.2"," 8","999.9"," 0","  5.8","24","  9.9"," 15.0","  90.0","*","  56.8","*"," 0.00","G","999.9","000000"
"71458099999","2021-06-29","53.5166666","-112.1","639.0","VEGREVILLE ALTA, CA","  78.9","24","  55.1","24","1014.3","24","941.3"," 8","999.9"," 0","  5.1","24"," 11.1"," 18.1","  95.0","*","  59.2","*"," 0.00","G","999.9","000000"
"71458099999","2021-06-30","53.5166666","-112.1","639.0","VEGREVILLE ALTA, CA","  80.8","24","  53.1","24","1012.6","24","940.0"," 8","999.9"," 0","  8.6","24"," 14.0"," 22.0","  95.4"," ","  58.5"," "," 0.00","G","999.9","000000"
"71458099999","2021-07-01","53.5166666","-112.1","639.0","VEGREVILLE ALTA, CA","  81.3","24","  51.2","24","1009.5","24","937.3"," 8","999.9"," 0"," 10.5","24"," 13.0"," 19.0","  95.7"," ","  61.5"," "," 0.00","G","999.9","000000"
"71458099999","2021-07-02","53.5166666","-112.1","639.0","VEGREVILLE ALTA, CA","  76.0","24","  55.5","24","1004.8","24","932.3"," 8","999.9"," 0","  8.5","24"," 14.0"," 21.0","  92.7"," ","  58.5"," "," 0.00","G","999.9","000000"
"71458099999","2021-07-03","53.5166666","-112.1","639.0","VEGREVILLE ALTA, CA","  72.7","24","  54.0","24","1008.8","24","935.6"," 8","999.9"," 0","  9.7","24"," 15.0"," 22.9","  85.1"," ","  58.5"," "," 0.00","G","999.9","000000"
"71458099999","2021-07-04","53.5166666","-112.1","639.0","VEGREVILLE ALTA, CA","  63.5","24","  50.4","24","1014.3","24","940.0"," 8","999.9"," 0","  8.0","24"," 13.0"," 19.0","  81.1"," ","  56.1"," "," 0.00","G","999.9","000000"
"71458099999","2021-07-05","53.5166666","-112.1","639.0","VEGREVILLE ALTA, CA","  57.7","24","  46.6","24","1020.8","24","945.0"," 7","999.9"," 0","  5.8","24"," 11.1"," 15.9","  69.4"," ","  42.6"," "," 0.00","G","999.9","000000"
"71458099999","2021-07-06","53.5166666","-112.1","639.0","VEGREVILLE ALTA, CA","  57.8","24","  50.0","24","1022.4","24","947.0"," 8","999.9"," 0","  4.5","24","  8.9","999.9","  70.0"," ","  42.6"," "," 0.03","G","999.9","000000"
"71458099999","2021-07-07","53.5166666","-112.1","639.0","VEGREVILLE ALTA, CA","  62.9","24","  53.8","24","1014.7","24","940.7"," 7","999.9"," 0","  4.2","24","  8.0","999.9","  79.9","*","  49.6","*"," 0.00","G","999.9","000000"
"71458099999","2021-07-08","53.5166666","-112.1","639.0","VEGREVILLE ALTA, CA","  69.4","24","  52.5","24","1008.5","24","934.9"," 8","999.9"," 0","  2.9","24","  7.0","999.9","  86.2","*","  50.2","*"," 0.00","G","999.9","000000"
"71458099999","2021-07-09","53.5166666","-112.1","639.0","VEGREVILLE ALTA, CA","  71.6","24","  50.5","24","1013.3","24","939.4"," 8","999.9"," 0","  2.5","24","  6.0","999.9","  88.0","*","  52.3","*"," 0.00","G","999.9","000000"
"71458099999","2021-07-10","53.5166666","-112.1","639.0","VEGREVILLE ALTA, CA","  73.0","24","  53.8","24","1014.7","24","941.4"," 8","999.9"," 0","  6.8","24"," 16.9"," 22.0","  89.8","*","  55.9","*"," 0.00","G","999.9","000000"
"71458099999","2021-07-11","53.5166666","-112.1","639.0","VEGREVILLE ALTA, CA","  69.9","24","  49.0","24","1013.0","24","939.5"," 8","999.9"," 0","  8.0","24"," 14.0"," 20.0","  91.2"," ","  55.6"," "," 0.00","G","999.9","000000"
"71458099999","2021-07-12","53.5166666","-112.1","639.0","VEGREVILLE ALTA, CA","  65.9","24","  44.0","24","1017.2","24","942.7"," 8","999.9"," 0","  7.9","24"," 13.0"," 22.0","  79.3","*","  49.3","*"," 0.00","G","999.9","000000"
"71458099999","2021-07-13","53.5166666","-112.1","639.0","VEGREVILLE ALTA, CA","  65.7","24","  45.5","24","1018.5","24","944.1"," 8","999.9"," 0","  3.0","24","  9.9","999.9","  81.1","*","  45.5","*"," 0.01","G","999.9","000000"
"71458099999","2021-07-14","53.5166666","-112.1","639.0","VEGREVILLE ALTA, CA","  72.0","23","  49.8","23","1012.8","23","939.5"," 8","999.9"," 0","  7.3","23"," 12.0"," 15.9","  88.3","*","  55.9","*"," 0.00","G","999.9","000000"
"71458099999","2021-07-15","53.5166666","-112.1","639.0","VEGREVILLE ALTA, CA","  72.1","23","  52.4","23","1004.9","23","932.2"," 8","999.9"," 0","  5.8","23"," 12.0"," 15.0","  89.2"," ","  55.4"," "," 0.00","G","999.9","000000"
"71458099999","2021-07-16","53.5166666","-112.1","639.0","VEGREVILLE ALTA, CA","  66.1","24","  49.8","24","1011.9","24","937.9"," 8","999.9"," 0","  6.0","24"," 11.1","999.9","  85.6"," ","  55.4"," "," 0.00","G","999.9","000000"
"71458099999","2021-07-17","53.5166666","-112.1","639.0","VEGREVILLE ALTA, CA","  60.4","23","  50.7","23","1015.1","23","940.3"," 8","999.9"," 0","  9.1","23"," 12.0"," 18.1","  72.0"," ","  53.2"," "," 0.07","G","999.9","000000"
"71458099999","2021-07-18","53.5166666","-112.1","639.0","VEGREVILLE ALTA, CA","  55.4","24","  49.4","24","1022.5","24","946.6"," 8","999.9"," 0","  6.3","24","  8.9","999.9","  64.4"," ","  51.8"," "," 0.00","G","999.9","000000"
"71458099999","2021-07-19","53.5166666","-112.1","639.0","VEGREVILLE ALTA, CA","  58.9","24","  51.8","24","1023.9","24","948.3"," 8","999.9"," 0","  4.2","24","  8.0","999.9","  65.1","*","  51.8","*"," 0.00","G","999.9","000000"
"71458099999","2021-07-20","53.5166666","-112.1","639.0","VEGREVILLE ALTA, CA","  59.7","24","  54.0","24","1019.3","24","944.6"," 8","999.9"," 0","  6.5","24","  8.9","999.9","  66.6"," ","  51.4"," "," 0.00","G","999.9","000000"
"71458099999","2021-07-21","53.5166666","-112.1","639.0","VEGREVILLE ALTA, CA","  61.0","24","  58.2","24","1014.1","24","939.8"," 8","999.9"," 0","  5.3","24"," 12.0"," 16.9","  66.2","*","  58.1","*"," 0.00","G","999.9","000000"
"71458099999","2021-07-22","53.5166666","-112.1","639.0","VEGREVILLE ALTA, CA","  57.9","24","  52.9","24","1010.3","24","936.0"," 8","999.9"," 0","  7.0","24"," 15.0"," 22.9","  67.3"," ","  45.7"," "," 0.00","G","999.9","000000"
"71458099999","2021-07-23","53.5166666","-112.1","639.0","VEGREVILLE ALTA, CA","  59.2","24","  42.1","24","1011.4","24","936.5"," 8","999.9"," 0"," 12.1","24"," 24.1"," 31.9","  75.2","*","  48.0","*"," 0.19","G","999.9","000000"
"71458099999","2021-07-24","53.5166666","-112.1","639.0","VEGREVILLE ALTA, CA","  63.7","24","  43.0","24","1015.7","24","941.1"," 8","999.9"," 0","  9.7","24"," 18.1"," 26.0","  77.5","*","  48.9","*"," 0.00","G","999.9","000000"
"71458099999","2021-07-25","53.5166666","-112.1","639.0","VEGREVILLE ALTA, CA","  65.2","24","  48.2","24","1015.0","24","940.7"," 8","999.9"," 0","  6.1","24"," 14.0"," 19.0","  77.7"," ","  47.7"," "," 0.00","G","999.9","000000"
"71458099999","2021-07-26","53.5166666","-112.1","639.0","VEGREVILLE ALTA, CA","  65.3","24","  50.8","24","1014.3","24","940.2"," 8","999.9"," 0","  5.1","24","  8.9","999.9","  79.0"," ","  52.0"," "," 0.01","G","999.9","000000"
"71458099999","2021-07-27","53.5166666","-112.1","639.0","VEGREVILLE ALTA, CA","  65.5","24","  52.1","24","1013.2","24","938.9"," 8","999.9"," 0","  6.7","24"," 12.0"," 18.1","  78.8"," ","  52.0"," "," 0.00","G","999.9","000000"
"71458099999","2021-07-28","53.5166666","-112.1","639.0","VEGREVILLE ALTA, CA","  64.4","24","  45.7","24","1020.0","24","945.1"," 8","999.9"," 0","  5.3","24"," 11.1"," 15.9","  81.5","*","  45.5","*"," 0.00","G","999.9","000000"
"71458099999","2021-07-29","53.5166666","-112.1","639.0","VEGREVILLE ALTA, CA","  67.0","24","  50.0","24","1018.1","24","943.9"," 8","999.9"," 0","  4.1","24"," 12.0","999.9","  82.6"," ","  44.2"," "," 0.00","G","999.9","000000"
"71458099999","2021-07-30","53.5166666","-112.1","639.0","VEGREVILLE ALTA, CA","  70.0","24","  51.5","24","1020.3","24","945.9"," 8","999.9"," 0","  3.3","24","  8.0","999.9","  84.2","*","  53.8","*"," 0.00","G","999.9","000000"
"71458099999","2021-07-31","53.5166666","-112.1","639.0","VEGREVILLE ALTA, CA","  69.5","24","  51.0","24","1023.8","24","949.2"," 8","999.9"," 0","  4.0","24","  8.9"," 15.0","  86.9","*","  51.1","*"," 0.00","G","999.9","000000"
"71458099999","2021-08-01","53.5166666","-112.1","639.0","VEGREVILLE ALTA, CA","  73.7","24","  51.5","24","1020.2","24","946.6"," 8","999.9"," 0","  5.4","24","  8.9","999.9","  88.2"," ","  50.7"," "," 0.00","G","999.9","000000"
"71458099999","2021-08-02","53.5166666","-112.1","639.0","VEGREVILLE ALTA, CA","  70.8","24","  55.7","24","1016.6","24","942.8"," 8","999.9"," 0","  3.2","24","  7.0","999.9","  85.8","*","  56.3","*"," 0.00","G","999.9","000000"
"71458099999","2021-08-03","53.5166666","-112.1","639.0","VEGREVILLE ALTA, CA","  70.8","24","  59.0","24","1013.4","24","939.8"," 8","999.9"," 0","  7.3","24"," 13.0"," 18.1","  80.6","*","  63.9","*"," 0.00","G","999.9","000000"
"71458099999","2021-08-04","53.5166666","-112.1","639.0","VEGREVILLE ALTA, CA","  69.5","23","  54.0","23","1014.3","23","940.5"," 8","999.9"," 0","  6.2","23"," 18.1"," 28.0","  85.6","*","  55.2","*"," 0.00","G","999.9","000000"
"71458099999","2021-08-05","53.5166666","-112.1","639.0","VEGREVILLE ALTA, CA","  71.8","24","  52.2","24","1012.1","24","938.9"," 8","999.9"," 0","  5.5","24"," 11.1"," 16.9","  88.2","*","  54.1","*"," 0.02","G","999.9","000000"
"71458099999","2021-08-06","53.5166666","-112.1","639.0","VEGREVILLE ALTA, CA","  67.7","24","  52.5","24","1004.7","24","931.8"," 8","999.9"," 0","  5.9","24"," 18.1"," 23.9","  89.2"," ","  53.4"," "," 0.00","G","999.9","000000"
"71458099999","2021-08-07","53.5166666","-112.1","639.0","VEGREVILLE ALTA, CA","  58.6","24","  50.7","24","1005.6","24","931.9"," 8","999.9"," 0","  5.9","24"," 17.1"," 23.9","  74.3"," ","  50.4"," "," 0.32","G","999.9","000000"
"71458099999","2021-08-08","53.5166666","-112.1","639.0","VEGREVILLE ALTA, CA","  58.3","24","  48.9","24","1006.9","24","932.2"," 8","999.9"," 0","  9.2","24"," 14.0"," 20.0","  68.4"," ","  50.4"," "," 0.08","G","999.9","000000"
"71458099999","2021-08-09","53.5166666","-112.1","639.0","VEGREVILLE ALTA, CA","  61.4","24","  48.3","24","1010.6","24","936.5"," 8","999.9"," 0","  5.1","24"," 12.0"," 15.0","  79.2","*","  45.7","*"," 0.00","G","999.9","000000"
"71458099999","2021-08-10","53.5166666","-112.1","639.0","VEGREVILLE ALTA, CA","  67.6","19","  45.6","19","1002.8","19","929.9"," 7","999.9"," 0","  9.8","19"," 17.1"," 24.9","  80.8"," ","  45.1"," "," 0.00","G","999.9","000000"
"71458099999","2021-08-11","53.5166666","-112.1","639.0","VEGREVILLE ALTA, CA","  68.0","10","  41.4","10","1008.7","10","933.2"," 5","999.9"," 0"," 19.8","10"," 26.0"," 34.0","  73.8"," ","  57.9"," "," 0.00","G","999.9","000000"
"71458099999","2021-08-12","53.5166666","-112.1","639.0","VEGREVILLE ALTA, CA","  59.9","24","  43.0","24","1019.1","24","943.9"," 8","999.9"," 0","  7.7","24"," 15.0"," 22.0","  75.2","*","  45.1","*"," 0.01","G","999.9","000000"
"71458099999","2021-08-13","53.5166666","-112.1","639.0","VEGREVILLE ALTA, CA","  67.0","24","  45.8","24","1018.0","24","943.7"," 8","999.9"," 0","  7.5","24"," 13.0"," 19.0","  89.1","*","  49.3","*"," 0.00","G","999.9","000000"
"71458099999","2021-08-14","53.5166666","-112.1","639.0","VEGREVILLE ALTA, CA","  71.8","24","  47.1","24","1010.6","24","937.4"," 8","999.9"," 0","  7.0","24"," 12.0"," 16.9","  90.1","*","  52.2","*"," 0.00","G","999.9","000000"
"71458099999","2021-08-15","53.5166666","-112.1","639.0","VEGREVILLE ALTA, CA","  70.7","24","  50.2","24","1009.0","24","936.0"," 8","999.9"," 0","  6.6","24"," 13.0"," 20.0","  90.7"," ","  52.0"," "," 0.00","G","999.9","000000"
"71458099999","2021-08-16","53.5166666","-112.1","639.0","VEGREVILLE ALTA, CA","  66.6","24","  50.5","24","1003.7","24","930.5"," 8","999.9"," 0","  7.2","24"," 15.0"," 22.0","  83.1"," ","  55.4"," "," 0.08","G","999.9","000000"
"71458099999","2021-08-17","53.5166666","-112.1","639.0","VEGREVILLE ALTA, CA","  57.4","24","  42.6","24","1012.6","24","937.7"," 8","999.9"," 0","  6.3","24","  9.9"," 15.0","  68.0","*","  45.5","*"," 0.00","G","999.9","000000"
"71458099999","2021-08-18","53.5166666","-112.1","639.0","VEGREVILLE ALTA, CA","  54.8","24","  38.3","24","1017.7","24","942.3"," 8","999.9"," 0","  6.2","24"," 13.0"," 20.0","  75.2","*","  36.3","*"," 0.00","G","999.9","000000"
"71458099999","2021-08-19","53.5166666","-112.1","639.0","VEGREVILLE ALTA, CA","  60.4","24","  43.4","24","1014.0","24","939.4"," 8","999.9"," 0","  6.5","24"," 12.0"," 20.0","  72.7","*","  51.3","*"," 0.00","G","999.9","000000"
"71458099999","2021-08-20","53.5166666","-112.1","639.0","VEGREVILLE ALTA, CA","  58.3","24","  45.4","24","1014.5","24","939.6"," 8","999.9"," 0","  6.3","24"," 14.0"," 22.0","  72.0"," ","  45.3"," "," 0.00","G","999.9","000000"
"71458099999","2021-08-21","53.5166666","-112.1","639.0","VEGREVILLE ALTA, CA","  53.8","24","  39.5","24","1014.0","24","939.0"," 8","999.9"," 0","  3.4","24","  9.9","999.9","  71.4"," ","  33.6"," "," 0.00","G","999.9","000000"
"71458099999","2021-08-22","53.5166666","-112.1","639.0","VEGREVILLE ALTA, CA","  55.7","24","  45.6","24","1006.2","24","931.9"," 8","999.9"," 0","  8.3","24"," 15.9"," 23.9","  69.1","*","  48.9","*"," 0.46","G","999.9","000000"
"71458099999","2021-08-23","53.5166666","-112.1","639.0","VEGREVILLE ALTA, CA","  49.5","24","  46.2","24","1009.3","24","933.8"," 8","999.9"," 0"," 13.4","24"," 18.1"," 26.0","  58.8"," ","  47.7"," "," 0.37","G","999.9","000000"
"71458099999","2021-08-24","53.5166666","-112.1","639.0","VEGREVILLE ALTA, CA","  52.0","24","  45.6","24","1017.9","24","941.8"," 8","999.9"," 0","  6.4","24"," 14.0"," 20.0","  60.8","*","  47.7","*"," 0.29","G","999.9","000000"
"71458099999","2021-08-25","53.5166666","-112.1","639.0","VEGREVILLE ALTA, CA","  54.4","24","  41.3","24","1019.2","24","943.7"," 8","999.9"," 0","  6.8","24"," 13.0"," 19.0","  71.8","*","  41.2","*"," 0.00","G","999.9","000000"
"71458099999","2021-08-26","53.5166666","-112.1","639.0","VEGREVILLE ALTA, CA","  58.6","24","  42.2","24","1014.7","24","940.0"," 8","999.9"," 0","  8.0","24"," 15.0"," 21.0","  76.3","*","  43.3","*"," 0.00","G","999.9","000000"
"71458099999","2021-08-27","53.5166666","-112.1","639.0","VEGREVILLE ALTA, CA","  59.3","23","  48.5","23","1009.6","23","935.2"," 8","999.9"," 0","  5.7","23"," 11.1","999.9","  76.6"," ","  42.4"," "," 0.00","G","999.9","000000"
"71458099999","2021-08-28","53.5166666","-112.1","639.0","VEGREVILLE ALTA, CA","  60.0","24","  45.6","24","1013.2","24","938.5"," 8","999.9"," 0","  6.5","24","  9.9"," 15.0","  73.0","*","  47.5","*"," 0.00","G","999.9","000000"
"71458099999","2021-08-29","53.5166666","-112.1","639.0","VEGREVILLE ALTA, CA","  61.2","24","  43.5","24","1012.7","24","938.4"," 8","999.9"," 0","  5.1","24","  8.9","999.9","  79.2","*","  45.1","*"," 0.00","G","999.9","000000"
"71458099999","2021-08-30","53.5166666","-112.1","639.0","VEGREVILLE ALTA, CA","  64.5","24","  45.8","24","1008.0","24","934.5"," 8","999.9"," 0","  7.3","24"," 11.1","999.9","  80.4"," ","  45.0"," "," 0.00","G","999.9","000000"
"71458099999","2021-08-31","53.5166666","-112.1","639.0","VEGREVILLE ALTA, CA","  57.7","24","  50.9","24","1002.3","24","928.6"," 8","999.9"," 0","  7.6","24"," 12.0"," 15.9","  79.3"," ","  50.7"," "," 0.01","G","999.9","000000"
"71458099999","2021-09-01","53.5166666","-112.1","639.0","VEGREVILLE ALTA, CA","  51.9","24","  46.0","24","1005.1","24","930.4"," 8","999.9"," 0","  7.3","24"," 12.0"," 16.9","  63.7"," ","  48.0"," "," 0.00","G","999.9","000000"
"71458099999","2021-09-02","53.5166666","-112.1","639.0","VEGREVILLE ALTA, CA","  52.8","24","  48.0","24","1011.6","24","936.1"," 8","999.9"," 0"," 12.1","24"," 16.9"," 22.9","  60.8","*","  49.5","*"," 0.08","G","999.9","000000"
"71458099999","2021-09-03","53.5166666","-112.1","639.0","VEGREVILLE ALTA, CA","  53.7","24","  41.1","24","1016.3","24","940.8"," 8","999.9"," 0","  6.1","24"," 14.0"," 19.0","  69.1","*","  36.1","*"," 0.00","G","999.9","000000"
"71458099999","2021-09-04","53.5166666","-112.1","639.0","VEGREVILLE ALTA, CA","  55.0","24","  38.8","24","1014.8","24","939.7"," 8","999.9"," 0","  4.5","24","  9.9"," 16.9","  75.9","*","  37.4","*"," 0.00","G","999.9","000000"
"71458099999","2021-09-05","53.5166666","-112.1","639.0","VEGREVILLE ALTA, CA","  63.3","24","  39.9","24","1007.0","24","933.2"," 8","999.9"," 0","  6.7","24","  9.9"," 16.9","  77.4","*","  48.6","*"," 0.00","G","999.9","000000"
"71458099999","2021-09-06","53.5166666","-112.1","639.0","VEGREVILLE ALTA, CA","  61.6","24","  40.0","24","1008.9","24","934.7"," 8","999.9"," 0","  9.8","24"," 19.0"," 28.0","  78.6"," ","  48.2"," "," 0.00","G","999.9","000000"
"71458099999","2021-09-07","53.5166666","-112.1","639.0","VEGREVILLE ALTA, CA","  58.8","24","  37.8","24","1017.1","24","941.9"," 8","999.9"," 0","  9.0","24"," 14.0"," 22.0","  72.7"," ","  46.6"," "," 0.01","G","999.9","000000"
"71458099999","2021-09-08","53.5166666","-112.1","639.0","VEGREVILLE ALTA, CA","  57.1","24","  39.1","24","1017.7","24","942.8"," 8","999.9"," 0","  6.4","24"," 15.0"," 20.0","  78.1","*","  40.8","*"," 0.00","G","999.9","000000"
"71458099999","2021-09-09","53.5166666","-112.1","639.0","VEGREVILLE ALTA, CA","  60.8","24","  44.3","24","1008.3","24","934.2"," 8","999.9"," 0","  7.1","24"," 16.9"," 22.9","  79.2"," ","  40.1"," "," 0.00","G","999.9","000000"
"71458099999","2021-09-10","53.5166666","-112.1","639.0","VEGREVILLE ALTA, CA","  57.1","24","  44.7","24","1014.5","24","939.4"," 8","999.9"," 0","  5.4","24"," 14.0"," 19.0","  78.1"," ","  43.3"," "," 0.02","G","999.9","000000"
"71458099999","2021-09-11","53.5166666","-112.1","639.0","VEGREVILLE ALTA, CA","  55.1","24","  47.0","24","1017.1","24","941.9"," 8","999.9"," 0","  4.7","24","  8.9","999.9","  69.6"," ","  44.2"," "," 0.06","G","999.9","000000"
"71458099999","2021-09-12","53.5166666","-112.1","639.0","VEGREVILLE ALTA, CA","  53.1","24","  48.8","24","1015.6","24","940.4"," 8","999.9"," 0","  6.5","24","  9.9","999.9","  62.8"," ","  47.8"," "," 0.02","G","999.9","000000"
"71458099999","2021-09-13","53.5166666","-112.1","639.0","VEGREVILLE ALTA, CA","  53.3","24","  41.9","24","1013.6","24","938.2"," 8","999.9"," 0","  8.6","24"," 15.0"," 22.0","  67.1","*","  43.7","*"," 0.04","G","999.9","000000"
"71458099999","2021-09-14","53.5166666","-112.1","639.0","VEGREVILLE ALTA, CA","  55.8","24","  37.1","24","1012.2","24","937.4"," 8","999.9"," 0","  7.4","24"," 15.0"," 21.0","  71.4","*","  40.5","*"," 0.00","G","999.9","000000"
"71458099999","2021-09-15","53.5166666","-112.1","639.0","VEGREVILLE ALTA, CA","  54.4","24","  34.5","24","1002.1","24","928.1"," 8","999.9"," 0"," 11.3","24"," 20.0"," 28.0","  71.6"," ","  38.7"," "," 0.00","G","999.9","000000"
"71458099999","2021-09-16","53.5166666","-112.1","639.0","VEGREVILLE ALTA, CA","  48.3","23","  29.8","23","1006.2","23","931.1"," 8","999.9"," 0"," 18.9","23"," 24.9"," 35.0","  61.2"," ","  41.9"," "," 0.00","G","999.9","000000"
"71458099999","2021-09-17","53.5166666","-112.1","639.0","VEGREVILLE ALTA, CA","  42.2","20","  26.1","20","1011.4","20","935.8"," 7","999.9"," 0","  8.8","20"," 15.9"," 22.0","  63.7","*","  25.7","*"," 0.00","G","999.9","000000"
"71458099999","2021-09-18","53.5166666","-112.1","639.0","VEGREVILLE ALTA, CA","  50.3","24","  32.7","24"," 995.9","24","921.8"," 8","999.9"," 0","  4.3","24"," 12.0","999.9","  65.8","*","  37.6","*"," 0.00","G","999.9","000000"
"71458099999","2021-09-19","53.5166666","-112.1","639.0","VEGREVILLE ALTA, CA","  51.6","24","  38.3","24","1001.8","24","926.8"," 8","999.9"," 0","  8.4","24"," 19.0"," 26.0","  66.9"," ","  37.2"," "," 0.00","G","999.9","000000"
"71458099999","2021-09-20","53.5166666","-112.1","639.0","VEGREVILLE ALTA, CA","  46.4","24","  35.2","24","1015.5","24","939.0"," 8","999.9"," 0","  7.4","24"," 13.0"," 20.0","  62.4","*","  33.6","*"," 0.00","G","999.9","000000"
"71458099999","2021-09-21","53.5166666","-112.1","639.0","VEGREVILLE ALTA, CA","  49.0","24","  32.3","24","1018.4","24","942.4"," 8","999.9"," 0","  6.5","24"," 13.0"," 19.0","  72.9","*","  32.7","*"," 0.00","G","999.9","000000"
"71458099999","2021-09-22","53.5166666","-112.1","639.0","VEGREVILLE ALTA, CA","  51.4","24","  37.4","24","1010.5","24","935.6"," 8","999.9"," 0","  5.3","24"," 11.1"," 15.0","  74.1"," ","  32.4"," "," 0.00","G","999.9","000000"
"71458099999","2021-09-23","53.5166666","-112.1","639.0","VEGREVILLE ALTA, CA","  49.4","24","  34.3","24","1016.2","24","940.0"," 8","999.9"," 0"," 10.7","24"," 21.0"," 30.9","  67.8"," ","  36.1"," "," 0.07","G","999.9","000000"
"71458099999","2021-09-24","53.5166666","-112.1","639.0","VEGREVILLE ALTA, CA","  43.7","24","  27.3","24","1020.5","24","944.2"," 8","999.9"," 0","  7.1","24"," 14.0"," 19.0","  72.0","*","  24.4","*"," 0.01","G","999.9","000000"
"71458099999","2021-09-25","53.5166666","-112.1","639.0","VEGREVILLE ALTA, CA","  55.3","24","  39.8","24","1007.8","24","933.1"," 8","999.9"," 0","  4.7","24"," 14.0","999.9","  72.3","*","  39.4","*"," 0.00","G","999.9","000000"
"71458099999","2021-09-26","53.5166666","-112.1","639.0","VEGREVILLE ALTA, CA","  55.2","24","  38.9","24","1005.0","24","930.7"," 8","999.9"," 0","  6.5","24"," 16.9"," 23.9","  73.9","*","  44.6","*"," 0.00","G","999.9","000000"
"71458099999","2021-09-27","53.5166666","-112.1","639.0","VEGREVILLE ALTA, CA","  55.0","24","  39.4","24","1000.4","24","926.3"," 8","999.9"," 0","  3.6","24","  9.9","999.9","  77.5","*","  36.1","*"," 0.00","G","999.9","000000"
"71458099999","2021-09-28","53.5166666","-112.1","639.0","VEGREVILLE ALTA, CA","  55.9","24","  40.9","24"," 999.9","24","925.8"," 8","999.9"," 0","  6.2","24"," 14.0"," 20.0","  78.6"," ","  36.1"," "," 0.00","G","999.9","000000"
"71458099999","2021-09-29","53.5166666","-112.1","639.0","VEGREVILLE ALTA, CA","  47.8","24","  32.1","24","1009.7","24","934.0"," 8","999.9"," 0","  4.7","24"," 12.0"," 16.9","  66.9","*","  29.3","*"," 0.00","G","999.9","000000"
"71458099999","2021-09-30","53.5166666","-112.1","639.0","VEGREVILLE ALTA, CA","  49.3","24","  27.9","24","1012.0","24","936.6"," 8","999.9"," 0","  7.6","24"," 12.0"," 15.9","  74.8","*","  32.9","*"," 0.01","G","999.9","000000"
"71458099999","2021-10-01","53.5166666","-112.1","639.0","VEGREVILLE ALTA, CA","  56.8","24","  33.3","24","1015.4","24","939.9"," 8","999.9"," 0","  8.9","24"," 15.0"," 21.0","  77.2"," ","  33.4"," "," 0.00","G","999.9","000000"
"71458099999","2021-10-02","53.5166666","-112.1","639.0","VEGREVILLE ALTA, CA","  45.3","24","  26.5","24","1017.9","24","942.1"," 8","999.9"," 0","  7.2","24"," 15.0"," 20.0","  63.5","*","  31.1","*"," 0.00","G","999.9","000000"
"71458099999","2021-10-03","53.5166666","-112.1","639.0","VEGREVILLE ALTA, CA","  42.1","24","  27.6","24","1011.0","24","934.8"," 8","999.9"," 0","  4.8","24"," 18.1"," 24.9","  64.6"," ","  24.1"," "," 0.00","G","999.9","000000"
"71458099999","2021-10-04","53.5166666","-112.1","639.0","VEGREVILLE ALTA, CA","  37.9","24","  19.5","24","1018.7","24","941.5"," 8","999.9"," 0","  4.7","24"," 11.1","999.9","  61.7"," ","  20.3"," "," 0.00","G","999.9","000000"
"71458099999","2021-10-05","53.5166666","-112.1","639.0","VEGREVILLE ALTA, CA","  45.2","24","  20.6","24","1012.7","24","936.9"," 8","999.9"," 0","  6.1","24","  9.9"," 15.0","  59.7"," ","  20.3"," "," 0.00","G","999.9","000000"
"71458099999","2021-10-06","53.5166666","-112.1","639.0","VEGREVILLE ALTA, CA","  44.4","24","  29.7","24","1008.6","24","933.0"," 8","999.9"," 0","  5.8","24"," 12.0","999.9","  58.5"," ","  36.7"," "," 0.00","G","999.9","000000"
"71458099999","2021-10-07","53.5166666","-112.1","639.0","VEGREVILLE ALTA, CA","  40.2","24","  28.6","24","1016.4","24","939.5"," 8","999.9"," 0","  6.7","24"," 13.0"," 20.0","  56.1","*","  23.2","*"," 0.00","G","999.9","000000"
"71458099999","2021-10-08","53.5166666","-112.1","639.0","VEGREVILLE ALTA, CA","  36.2","24","  21.9","24","1015.2","24","938.2"," 8","999.9"," 0","  3.0","24","  5.1","999.9","  57.6","*","  16.7","*"," 0.00","G","999.9","000000"
"71458099999","2021-10-09","53.5166666","-112.1","639.0","VEGREVILLE ALTA, CA","  35.2","24","  16.4","24","1011.1","24","934.4"," 8","999.9"," 0","  5.3","24","  8.0","999.9","  61.0","*","  19.2","*"," 0.00","G","999.9","000000"
"71458099999","2021-10-10","53.5166666","-112.1","639.0","VEGREVILLE ALTA, CA","  42.5","24","  28.0","24","1003.6","24","928.1"," 8","999.9"," 0","  8.0","24"," 15.0"," 23.9","  53.4","*","  34.9","*"," 0.00","G","999.9","000000"
"71458099999","2021-10-11","53.5166666","-112.1","639.0","VEGREVILLE ALTA, CA","  39.0","24","  28.9","24","1013.6","24","936.4"," 8","999.9"," 0"," 12.6","24"," 15.9"," 22.0","  51.3"," ","  33.1"," "," 0.02","G","999.9","000000"
"71458099999","2021-10-12","53.5166666","-112.1","639.0","VEGREVILLE ALTA, CA","  31.3","24","  21.1","22","1021.9","24","944.2"," 8","999.9"," 0","  7.9","24"," 15.9"," 22.9","  50.0","*","  16.3","*"," 0.00","G","999.9","000000"
"71458099999","2021-10-13","53.5166666","-112.1","639.0","VEGREVILLE ALTA, CA","  35.8","24","  19.7","24","1013.4","24","936.5"," 8","999.9"," 0","  9.8","24"," 14.0"," 20.0","  50.7"," ","  15.8"," "," 0.00","G","999.9","000000"
"71458099999","2021-10-14","53.5166666","-112.1","639.0","VEGREVILLE ALTA, CA","  30.9","24","  20.0","24","1012.6","24","935.2"," 8","999.9"," 0","  4.3","24","  9.9","999.9","  50.7","*","  14.2","*"," 0.00","G","999.9","000000"
"71458099999","2021-10-15","53.5166666","-112.1","639.0","VEGREVILLE ALTA, CA","  36.8","24","  17.9","24","1012.6","24","935.8"," 8","999.9"," 0","  7.0","24"," 13.0"," 18.1","  59.2","*","  19.9","*"," 0.00","G","999.9","000000"
"71458099999","2021-10-16","53.5166666","-112.1","639.0","VEGREVILLE ALTA, CA","  41.0","24","  23.1","24","1011.3","24","935.0"," 8","999.9"," 0","  5.9","24"," 11.1"," 16.9","  66.4","*","  23.0","*"," 0.00","G","999.9","000000"
"71458099999","2021-10-17","53.5166666","-112.1","639.0","VEGREVILLE ALTA, CA","  41.9","24","  29.8","24","1004.5","24","929.1"," 8","999.9"," 0","  6.0","24"," 11.1","999.9","  67.1"," ","  21.9"," "," 0.00","G","999.9","000000"
"71458099999","2021-10-18","53.5166666","-112.1","639.0","VEGREVILLE ALTA, CA","  39.7","24","  31.8","24","1011.1","24","934.1"," 8","999.9"," 0"," 10.2","24"," 15.0"," 20.0","  50.9"," ","  26.4"," "," 0.00","G","999.9","000000"
"71458099999","2021-10-19","53.5166666","-112.1","639.0","VEGREVILLE ALTA, CA","  31.6","24","  24.5","24","1026.4","24","948.0"," 8","999.9"," 0","  6.7","24"," 15.0"," 21.0","  44.8","*","  16.3","*"," 0.00","G","999.9","000000"
"71458099999","2021-10-20","53.5166666","-112.1","639.0","VEGREVILLE ALTA, CA","  37.6","24","  21.4","24","1020.9","24","943.7"," 8","999.9"," 0"," 10.5","24"," 15.0"," 22.9","  55.2","*","  27.3","*"," 0.00","G","999.9","000000"
"71458099999","2021-10-21","53.5166666","-112.1","639.0","VEGREVILLE ALTA, CA","  36.0","24","  21.2","24","1017.7","24","940.4"," 8","999.9"," 0","  7.0","24"," 15.0"," 22.9","  55.4"," ","  23.9"," "," 0.00","G","999.9","000000"
"71458099999","2021-10-22","53.5166666","-112.1","639.0","VEGREVILLE ALTA, CA","  34.2","24","  26.5","24","1016.1","24","939.1"," 8","999.9"," 0","  8.4","24"," 15.9"," 24.9","  48.6","*","  25.9","*"," 0.00","G","999.9","000000"
"71458099999","2021-10-23","53.5166666","-112.1","639.0","VEGREVILLE ALTA, CA","  38.9","24","  31.7","24","1005.0","24","929.3"," 8","999.9"," 0"," 10.8","24"," 15.9"," 23.9","  49.8"," ","  25.3"," "," 0.02","G","999.9","000000"
"71458099999","2021-10-24","53.5166666","-112.1","639.0","VEGREVILLE ALTA, CA","  40.1","24","  35.3","24","1003.1","24","927.1"," 8","999.9"," 0","  6.5","24"," 13.0"," 15.0","  55.2","*","  32.2","*"," 0.15","G","999.9","000000"
"71458099999","2021-10-25","53.5166666","-112.1","639.0","VEGREVILLE ALTA, CA","  44.1","24","  36.8","24"," 997.2","24","922.4"," 8","999.9"," 0"," 12.4","24"," 19.0"," 27.0","  55.6"," ","  32.0"," "," 0.02","G","999.9","000000"
"71458099999","2021-10-26","53.5166666","-112.1","639.0","VEGREVILLE ALTA, CA","  35.1","24","  28.5","23"," 997.4","24","921.5"," 8","999.9"," 0","  3.5","24","  7.0","999.9","  57.6","*","  22.6","*"," 0.00","G","999.9","000000"
"71458099999","2021-10-27","53.5166666","-112.1","639.0","VEGREVILLE ALTA, CA","  34.7","24","  24.7","24","1001.6","24","925.1"," 8","999.9"," 0","  6.0","24"," 14.0"," 22.0","  57.9"," ","  19.6"," "," 0.01","G","999.9","000000"
"71458099999","2021-10-28","53.5166666","-112.1","639.0","VEGREVILLE ALTA, CA","  38.5","24","  21.6","24","1014.3","24","937.3"," 8","999.9"," 0","  7.2","24"," 14.0"," 19.0","  54.3"," ","  19.6"," "," 0.00","G","999.9","000000"
"71458099999","2021-10-29","53.5166666","-112.1","639.0","VEGREVILLE ALTA, CA","  35.9","24","  21.4","24","1011.5","24","934.8"," 8","999.9"," 0","  4.9","24"," 12.0","999.9","  50.2"," ","  24.8"," "," 0.00","G","999.9","000000"
"71458099999","2021-10-30","53.5166666","-112.1","639.0","VEGREVILLE ALTA, CA","  30.5","24","  16.7","24","1022.8","24","944.2"," 8","999.9"," 0"," 10.6","24"," 17.1"," 22.9","  44.4"," ","  23.7"," "," 0.00","G","999.9","000000"
"71458099999","2021-10-31","53.5166666","-112.1","639.0","VEGREVILLE ALTA, CA","  27.0","24","  14.4","24","1030.2","24","950.8"," 7","999.9"," 0","  5.5","24","  8.0","999.9","  40.6"," ","  16.9"," "," 0.00","G","999.9","000000"
"71458099999","2021-11-01","53.5166666","-112.1","639.0","VEGREVILLE ALTA, CA","  20.5","24","   9.6","24","1029.9","24","950.3"," 8","999.9"," 0","  6.1","24"," 14.0"," 20.0","  41.5","*","   9.3","*"," 0.00","G","999.9","000000"
"71458099999","2021-11-02","53.5166666","-112.1","639.0","VEGREVILLE ALTA, CA","  26.1","24","  13.6","24","1022.5","24","943.9"," 8","999.9"," 0","  6.2","24","  8.9","999.9","  42.1"," ","   7.7"," "," 0.00","G","999.9","000000"
"71458099999","2021-11-03","53.5166666","-112.1","639.0","VEGREVILLE ALTA, CA","  23.5","24","  14.4","24","1019.8","24","941.2"," 8","999.9"," 0","  4.0","24","  6.0","999.9","  48.0","*","  13.3","*"," 0.00","G","999.9","000000"
"71458099999","2021-11-04","53.5166666","-112.1","639.0","VEGREVILLE ALTA, CA","  30.7","24","  21.5","24","1008.8","24","932.1"," 8","999.9"," 0","  2.8","24","  7.0","999.9","  51.1","*","  19.6","*"," 0.00","G","999.9","000000"
"71458099999","2021-11-05","53.5166666","-112.1","639.0","VEGREVILLE ALTA, CA","  40.0","24","  31.4","24","1001.9","24","925.9"," 8","999.9"," 0","  5.4","24","  8.9","999.9","  52.5"," ","  18.1"," "," 0.00","G","999.9","000000"
"71458099999","2021-11-06","53.5166666","-112.1","639.0","VEGREVILLE ALTA, CA","  35.3","24","  28.5","24","1007.0","24","930.5"," 8","999.9"," 0","  5.0","24","  9.9","999.9","  51.8"," ","  26.4"," "," 0.07","G","999.9","000000"
"71458099999","2021-11-07","53.5166666","-112.1","639.0","VEGREVILLE ALTA, CA","  25.5","24","  17.8","24","1007.9","24","930.5"," 8","999.9"," 0","  4.1","24","  8.0","999.9","  46.6"," ","  12.6"," "," 0.00","G","999.9","000000"
"71458099999","2021-11-08","53.5166666","-112.1","639.0","VEGREVILLE ALTA, CA","  25.1","24","  16.0","24","1012.8","24","934.5"," 8","999.9"," 0","  6.4","24"," 15.9"," 21.0","  43.5"," ","  12.6"," "," 0.00","G","999.9","000000"
"71458099999","2021-11-09","53.5166666","-112.1","639.0","VEGREVILLE ALTA, CA","  23.0","24","  13.7","24","1015.7","24","937.8"," 8","999.9"," 0","  6.7","24"," 15.9"," 22.0","  43.2"," ","  10.9"," "," 0.00","G","999.9","000000"
"71458099999","2021-11-10","53.5166666","-112.1","639.0","VEGREVILLE ALTA, CA","  29.7","24","  20.4","24","1010.7","24","932.9"," 8","999.9"," 0","  7.7","24"," 14.0"," 22.9","  36.7","*","  17.4","*"," 0.00","G","999.9","000000"
"71458099999","2021-11-11","53.5166666","-112.1","639.0","VEGREVILLE ALTA, CA","  23.7","24","  22.3","22","1024.9","24","945.5"," 8","999.9"," 0","  3.4","24","  6.0","999.9","  37.4"," ","  16.5"," "," 0.00","G","999.9","000000"
"71458099999","2021-11-12","53.5166666","-112.1","639.0","VEGREVILLE ALTA, CA","  24.0","22","  20.6","21","1022.7","22","944.9"," 7","999.9"," 0","  8.3","22"," 20.0"," 28.0","  32.4","*","  18.5","*"," 0.00","G","999.9","000000"
"71458099999","2021-11-13","53.5166666","-112.1","639.0","VEGREVILLE ALTA, CA","  32.6","24","  22.4","24","1012.1","24","934.3"," 8","999.9"," 0"," 10.7","24"," 23.9"," 30.9","  47.1","*","  19.8","*"," 0.00","C","999.9","000000"
"71458099999","2021-11-14","53.5166666","-112.1","639.0","VEGREVILLE ALTA, CA","  30.8","24","  19.1","24","1011.3","24","934.5"," 8","999.9"," 0","  5.6","24"," 12.0","999.9","  47.5"," ","  18.0"," "," 0.00","G","999.9","000000"
"71458099999","2021-11-15","53.5166666","-112.1","639.0","VEGREVILLE ALTA, CA","  32.4","24","  27.3","23","1006.9","24","930.3"," 8","999.9"," 0","  4.5","24","  8.9","999.9","  38.1"," ","  24.6"," "," 0.00","G","999.9","000000"
"71458099999","2021-11-16","53.5166666","-112.1","639.0","VEGREVILLE ALTA, CA","  27.4","23","  25.9","21"," 998.4","23","921.1"," 8","999.9"," 0"," 18.9","23"," 27.0"," 35.0","  31.3","*","  22.1","*"," 0.26","G","  2.8","000000"
"71458099999","2021-11-17","53.5166666","-112.1","639.0","VEGREVILLE ALTA, CA","  15.8","24","  11.9","24","1026.4","24","946.2"," 8","999.9"," 0","  9.9","24"," 25.1"," 30.9","  31.3"," ","   6.1"," "," 0.03","G","  5.5","000000"
"71458099999","2021-11-18","53.5166666","-112.1","639.0","VEGREVILLE ALTA, CA","  15.4","24","  10.2","24","1019.2","24","940.2"," 8","999.9"," 0","  5.9","24","  8.9","999.9","  21.6","*","  10.2","*"," 0.00","G","  5.1","000000"
"71458099999","2021-11-19","53.5166666","-112.1","639.0","VEGREVILLE ALTA, CA","  14.8","24","  11.0","24","1014.1","24","934.7"," 8","999.9"," 0","  4.2","24","  8.0","999.9","  29.3","*","   2.1","*"," 0.01","G","  5.1","000000"
"71458099999","2021-11-20","53.5166666","-112.1","639.0","VEGREVILLE ALTA, CA","  17.8","22","  12.1","22","1017.4","22","937.9"," 8","999.9"," 0","  8.3","22"," 17.1"," 22.0","  28.2"," ","   1.8"," "," 0.00","G","  5.1","000000"
"71458099999","2021-11-21","53.5166666","-112.1","639.0","VEGREVILLE ALTA, CA","  11.5","24","   6.4","24","1027.7","24","947.7"," 8","999.9"," 0","  8.1","24"," 14.0"," 19.0","  30.0","*","   1.6","*"," 0.00","G","  4.7","000000"
"71458099999","2021-11-22","53.5166666","-112.1","639.0","VEGREVILLE ALTA, CA","  29.4","24","  24.3","24","1011.1","24","933.9"," 8","999.9"," 0","  6.8","24"," 11.1","999.9","  33.1","*","  23.4","*"," 0.00","G","  4.7","000000"
"71458099999","2021-11-23","53.5166666","-112.1","639.0","VEGREVILLE ALTA, CA","  24.0","24","  15.0","24","1005.7","24","927.8"," 8","999.9"," 0","  9.9","24"," 18.1"," 26.0","  41.7","*","   8.8","*"," 0.00","G","  4.7","000000"
"71458099999","2021-11-24","53.5166666","-112.1","639.0","VEGREVILLE ALTA, CA","   2.2","24","  -3.3","24","1025.8","24","944.4"," 8","999.9"," 0","  5.8","24","  9.9","999.9","  16.7","*"," -10.5","*"," 0.01","G","  4.7","000000"
"71458099999","2021-11-25","53.5166666","-112.1","639.0","VEGREVILLE ALTA, CA","  21.3","24","  16.9","24","1013.9","24","935.5"," 8","999.9"," 0","  5.9","24","  8.9","999.9","  35.4","*","   7.9","*"," 0.00","G","  4.7","000000"
"71458099999","2021-11-26","53.5166666","-112.1","639.0","VEGREVILLE ALTA, CA","  35.2","24","  26.7","24","1005.5","24","928.7"," 8","999.9"," 0","  6.4","24","  9.9","999.9","  43.3"," ","  16.9"," "," 0.00","G","  4.7","000000"
"71458099999","2021-11-27","53.5166666","-112.1","639.0","VEGREVILLE ALTA, CA","  23.6","24","  12.7","24","1019.8","24","941.3"," 8","999.9"," 0","  7.3","24","  9.9","999.9","  43.3"," ","  13.1"," "," 0.00","G","  4.3","000000"
"71458099999","2021-11-28","53.5166666","-112.1","639.0","VEGREVILLE ALTA, CA","  29.4","24","  23.5","24","1009.6","24","932.5"," 8","999.9"," 0","  6.0","24","  8.9","999.9","  35.1","*","  26.8","*"," 0.00","G","  4.3","000000"
"71458099999","2021-11-29","53.5166666","-112.1","639.0","VEGREVILLE ALTA, CA","  36.7","24","  28.8","24","1011.6","24","934.8"," 7","999.9"," 0","  7.3","24"," 11.1","999.9","  42.4"," ","  26.6"," "," 0.00","G","  4.3","000000"
"71458099999","2021-11-30","53.5166666","-112.1","639.0","VEGREVILLE ALTA, CA","  27.4","24","  22.2","24","1011.9","24","935.1"," 8","999.9"," 0","  4.8","24","  9.9"," 15.9","  41.2"," ","  19.6"," "," 0.00","G","  4.3","000000"
"71458099999","2021-12-01","53.5166666","-112.1","639.0","VEGREVILLE ALTA, CA","  38.3","24","  26.8","24","1001.2","24","924.8"," 8","999.9"," 0"," 10.6","24"," 20.0"," 26.0","  46.6"," ","  22.1"," "," 0.00","G","  3.5","000000"
"71458099999","2021-12-02","53.5166666","-112.1","639.0","VEGREVILLE ALTA, CA","  27.2","22","  20.7","21","1010.6","22","932.9"," 7","999.9"," 0","  8.2","22"," 20.0"," 26.0","  46.6"," ","  18.9"," "," 0.09","G","  3.5","000000"
"71458099999","2021-12-03","53.5166666","-112.1","639.0","VEGREVILLE ALTA, CA","  21.6","24","   9.2","24","1022.2","24","943.1"," 8","999.9"," 0","  9.7","24"," 13.0","999.9","  34.0"," ","  14.2"," "," 0.00","G","  3.9","000000"
"71458099999","2021-12-04","53.5166666","-112.1","639.0","VEGREVILLE ALTA, CA","   6.1","24","   0.5","24","1021.3","24","941.5"," 8","999.9"," 0","  4.9","24","  8.0","999.9","  25.3"," ","  -2.2"," "," 0.01","G","  3.9","000000"
"71458099999","2021-12-05","53.5166666","-112.1","639.0","VEGREVILLE ALTA, CA","   0.3","23","  -6.0","23","1027.3","23","944.8"," 8","999.9"," 0","  9.6","23"," 16.9"," 21.0","  11.1"," ","  -6.3"," "," 0.00","G","  3.9","000000"
"71458099999","2021-12-06","53.5166666","-112.1","639.0","VEGREVILLE ALTA, CA","  -3.5","24"," -10.2","24","1026.1","24","944.5"," 8","999.9"," 0","  5.1","24","  8.9","999.9","  11.1"," "," -12.5"," "," 0.00","G","  3.9","000000"
"71458099999","2021-12-07","53.5166666","-112.1","639.0","VEGREVILLE ALTA, CA","   6.6","24","   0.4","24","1012.8","24","933.0"," 8","999.9"," 0","  5.2","24","  9.9","999.9","  17.2","*","  -2.4","*"," 0.00","G","  3.9","000000"
"71458099999","2021-12-08","53.5166666","-112.1","639.0","VEGREVILLE ALTA, CA","  26.1","24","  21.3","23"," 995.1","24","918.5"," 8","999.9"," 0"," 10.2","24"," 22.9"," 28.0","  34.7","*","  18.1","*"," 0.17","G","  3.9","000000"
"71458099999","2021-12-09","53.5166666","-112.1","639.0","VEGREVILLE ALTA, CA","  21.7","24","  11.0","24"," 998.1","24","920.8"," 8","999.9"," 0","  9.9","24"," 22.0"," 30.9","  34.9"," ","  16.0"," "," 0.12","G","  4.3","000000"
"71458099999","2021-12-10","53.5166666","-112.1","639.0","VEGREVILLE ALTA, CA","  20.7","24","  10.2","24","1002.8","24","925.1"," 8","999.9"," 0","  8.3","24"," 13.0","999.9","  27.9"," ","  14.5"," "," 0.00","G","  4.3","000000"
"71458099999","2021-12-11","53.5166666","-112.1","639.0","VEGREVILLE ALTA, CA","  26.8","24","  14.9","24"," 990.2","24","914.3"," 8","999.9"," 0","  8.6","24"," 17.1"," 22.9","  33.8"," ","  15.1"," "," 0.00","G","  4.3","000000"
"71458099999","2021-12-12","53.5166666","-112.1","639.0","VEGREVILLE ALTA, CA","  22.2","24","  17.7","24"," 992.6","24","915.5"," 8","999.9"," 0","  4.4","24","  8.9","999.9","  31.1","*","  11.8","*"," 0.25","G","  4.3","000000"
"71458099999","2021-12-13","53.5166666","-112.1","639.0","VEGREVILLE ALTA, CA","  -2.2","24","  -6.0","24","1011.5","24","931.3"," 7","999.9"," 0","  1.0","24","  2.9","999.9","   8.2","*"," -15.9","*"," 0.04","G","  6.7","000000"
"71458099999","2021-12-14","53.5166666","-112.1","639.0","VEGREVILLE ALTA, CA","   8.8","24","   6.2","24","1013.2","24","933.3"," 8","999.9"," 0","  9.9","24"," 15.9"," 18.1","  12.9","*","   2.3","*"," 0.11","G","  5.5","000000"
"71458099999","2021-12-15","53.5166666","-112.1","639.0","VEGREVILLE ALTA, CA","  -8.6","24"," -13.7","24","1017.3","24","935.4"," 8","999.9"," 0","  7.6","24"," 13.0","999.9","  12.4"," "," -13.0"," "," 0.01","G","  5.5","000000"
"71458099999","2021-12-16","53.5166666","-112.1","639.0","VEGREVILLE ALTA, CA"," -20.3","24"," -26.4","24","1022.1","24","938.5"," 8","999.9"," 0","  3.0","24","  8.0","999.9","  -7.4"," "," -27.6"," "," 0.04","G","  5.5","000000"
"71458099999","2021-12-17","53.5166666","-112.1","639.0","VEGREVILLE ALTA, CA"," -15.1","24"," -20.9","24","1032.3","24","948.2"," 8","999.9"," 0","  6.8","24"," 11.1","999.9","  -5.4"," "," -28.8"," "," 0.06","G","  5.5","000000"
"71458099999","2021-12-18","53.5166666","-112.1","639.0","VEGREVILLE ALTA, CA"," -11.6","24"," -17.3","24","1022.6","24","940.1"," 8","999.9"," 0","  5.7","24","  8.9","999.9","  -1.7","*"," -21.8","*"," 0.00","G","  5.5","000000"
"71458099999","2021-12-19","53.5166666","-112.1","639.0","VEGREVILLE ALTA, CA","   2.4","24","  -2.7","24","1015.3","24","933.7"," 8","999.9"," 0"," 10.2","24"," 18.1","999.9","  11.7","*","  -3.8","*"," 0.00","G","  6.3","000000"
"71458099999","2021-12-20","53.5166666","-112.1","639.0","VEGREVILLE ALTA, CA","   3.8","24","  -2.8","24","1023.1","24","942.5"," 8","999.9"," 0","  8.2","24"," 15.9"," 21.0","  12.6"," ","  -9.2"," "," 0.00","G","  5.1","000000"
"71458099999","2021-12-21","53.5166666","-112.1","639.0","VEGREVILLE ALTA, CA","  10.8","24","   3.8","24","1011.4","24","931.7"," 8","999.9"," 0","  8.4","24"," 13.0","999.9","  23.0","*","  -1.8","*"," 0.00","G","  5.5","000000"
"71458099999","2021-12-22","53.5166666","-112.1","639.0","VEGREVILLE ALTA, CA","  18.3","24","  16.2","24","1005.7","24","927.6"," 8","999.9"," 0","  4.7","24"," 12.0","999.9","  23.5"," ","   5.0"," "," 0.05","G","  5.1","000000"
"71458099999","2021-12-23","53.5166666","-112.1","639.0","VEGREVILLE ALTA, CA","  11.9","24","   9.1","24"," 996.6","24","919.2"," 8","999.9"," 0","  7.2","24"," 13.0","999.9","  16.7","*","   4.8","*"," 0.06","G","  7.9","000000"
"71458099999","2021-12-24","53.5166666","-112.1","639.0","VEGREVILLE ALTA, CA","  -5.8","24"," -11.5","24","1004.4","24","923.6"," 8","999.9"," 0"," 13.1","24"," 16.9"," 22.0","  15.3"," "," -14.1"," "," 0.02","G","  7.5","000000"
"71458099999","2021-12-25","53.5166666","-112.1","639.0","VEGREVILLE ALTA, CA"," -15.6","24"," -22.7","24","1019.3","24","936.2"," 8","999.9"," 0","  8.0","24"," 12.0","999.9","  -4.5"," "," -22.4"," "," 0.00","G","  7.5","000000"
"71458099999","2021-12-26","53.5166666","-112.1","639.0","VEGREVILLE ALTA, CA"," -21.1","24"," -28.1","24","1024.2","24","940.1"," 8","999.9"," 0","  3.2","24","  7.0","999.9"," -12.3"," "," -31.2"," "," 0.11","G","  7.5","000000"
"71458099999","2021-12-27","53.5166666","-112.1","639.0","VEGREVILLE ALTA, CA"," -25.8","24"," -33.5","24","1020.9","24","937.4"," 8","999.9"," 0","  5.0","24","  8.9","999.9"," -16.6"," "," -35.5"," "," 0.07","G","  7.9","000000"
"71458099999","2021-12-28","53.5166666","-112.1","639.0","VEGREVILLE ALTA, CA"," -38.5","24"," -47.4","24","1014.1","24","928.9"," 8","999.9"," 0","  3.9","24","  8.9","999.9"," -19.1"," "," -48.3"," "," 0.04","G","  7.5","000000"
"71458099999","2021-12-29","53.5166666","-112.1","639.0","VEGREVILLE ALTA, CA"," -20.0","24"," -27.5","24","1018.3","24","934.7"," 8","999.9"," 0","  9.0","24"," 15.9"," 21.0"," -14.4","*"," -29.0","*"," 0.01","G","  7.5","000000"
"71458099999","2021-12-30","53.5166666","-112.1","639.0","VEGREVILLE ALTA, CA"," -30.1","24"," -37.6","24","1011.8","24","927.5"," 8","999.9"," 0","  3.3","24","  7.0","999.9"," -15.3"," "," -38.4"," "," 0.04","G","  7.1","000000"
"71458099999","2021-12-31","53.5166666","-112.1","639.0","VEGREVILLE ALTA, CA"," -27.6","24"," -35.1","24","1024.3","24","939.1"," 8","999.9"," 0","  4.2","24","  8.0","999.9"," -20.2"," "," -38.7"," "," 0.08","G","  7.1","000000"
