"STATION","DATE","LATITUDE","LONGITUDE","ELEVATION","NAME","TEMP","TEMP_ATTRIBUTES","DEWP","DEWP_ATTRIBUTES","SLP","SLP_ATTRIBUTES","STP","STP_ATTRIBUTES","VISIB","VISIB_ATTRIBUTES","WDSP","WDSP_ATTRIBUTES","MXSPD","GUST","MAX","MAX_ATTRIBUTES","MIN","MIN_ATTRIBUTES","PRCP","PRCP_ATTRIBUTES","SNDP","FRSHTT"
"72545314930","2021-01-01","41.40722","-95.04667","360.3","ATLANTIC MUNICIPAL AIRPORT, IA US","  16.6","24","  13.1","24","9999.9"," 0","975.3","18","  8.8","24","  4.8","24"," 11.1","999.9","  26.6","*","   5.0","*"," 0.00","I","999.9","000000"
"72545314930","2021-01-02","41.40722","-95.04667","360.3","ATLANTIC MUNICIPAL AIRPORT, IA US","  13.3","24","   8.9","24","9999.9"," 0","975.4","24","  7.8","24","  1.6","24","  8.0","999.9","  23.0","*","   5.0","*"," 0.00","I","999.9","000000"
"72545314930","2021-01-03","41.40722","-95.04667","360.3","ATLANTIC MUNICIPAL AIRPORT, IA US","  13.5","24","  10.2","24","9999.9"," 0","970.9","24","  6.0","24","  2.0","24","  9.9","999.9","  33.8","*","  -0.4","*"," 0.00","I","999.9","100000"
"72545314930","2021-01-04","41.40722","-95.04667","360.3","ATLANTIC MUNICIPAL AIRPORT, IA US","  31.6","24","  29.8","24","9999.9"," 0","970.6","24","  3.9","24","  8.2","24"," 13.0"," 15.9","  39.2","*","  24.8","*","99.99"," ","999.9","101000"
"72545314930","2021-01-05","41.40722","-95.04667","360.3","ATLANTIC MUNICIPAL AIRPORT, IA US","  23.8","24","  20.0","24","9999.9"," 0","975.5","24","  7.9","24","  2.5","24","  9.9","999.9","  41.0","*","  10.4","*"," 0.00","I","999.9","100000"
"72545314930","2021-01-06","41.40722","-95.04667","360.3","ATLANTIC MUNICIPAL AIRPORT, IA US","  37.9","24","  28.6","24","9999.9"," 0","975.7","24"," 10.0","24","  4.4","24"," 11.1"," 14.0","  41.0","*","  37.4","*","99.99"," ","999.9","010000"
"72545314930","2021-01-07","41.40722","-95.04667","360.3","ATLANTIC MUNICIPAL AIRPORT, IA US","  32.1","24","  28.6","24","9999.9"," 0","982.0","24","  6.0","24","  7.9","24"," 12.0"," 15.0","  35.6","*","  28.4","*","99.99"," ","999.9","010000"
"72545314930","2021-01-08","41.40722","-95.04667","360.3","ATLANTIC MUNICIPAL AIRPORT, IA US","  26.0","24","  23.7","24","9999.9"," 0","985.2","24","  5.0","24","  2.6","24","  8.0","999.9","  32.0","*","  21.2","*"," 0.00","I","999.9","100000"
"72545314930","2021-01-09","41.40722","-95.04667","360.3","ATLANTIC MUNICIPAL AIRPORT, IA US","  26.0","24","  21.7","24","9999.9"," 0","984.6","24","  8.6","24","  5.9","24","  8.9"," 11.1","  30.2","*","  23.0","*"," 0.00","I","999.9","000000"
"72545314930","2021-01-10","41.40722","-95.04667","360.3","ATLANTIC MUNICIPAL AIRPORT, IA US","  25.8","24","  23.6","24","9999.9"," 0","985.9","24","  6.8","24","  5.3","24"," 11.1","999.9","  33.8","*","  21.2","*"," 0.00","I","999.9","000000"
"72545314930","2021-01-11","41.40722","-95.04667","360.3","ATLANTIC MUNICIPAL AIRPORT, IA US","  30.0","24","  26.0","24","9999.9"," 0","981.3","24","  9.5","24","  8.2","24"," 17.1"," 20.0","  39.2","*","  19.4","*"," 0.00","I","999.9","000000"
"72545314930","2021-01-12","41.40722","-95.04667","360.3","ATLANTIC MUNICIPAL AIRPORT, IA US","  29.7","24","  26.0","24","9999.9"," 0","975.5","24","  9.6","24","  4.6","24","  8.9","999.9","  41.0","*","  19.4","*"," 0.00","I","999.9","000000"
"72545314930","2021-01-13","41.40722","-95.04667","360.3","ATLANTIC MUNICIPAL AIRPORT, IA US","  32.8","24","  27.6","24","9999.9"," 0","967.8","24"," 10.0","24","  5.1","24"," 11.1","999.9","  42.8","*","  26.6","*"," 0.00","I","999.9","000000"
"72545314930","2021-01-14","41.40722","-95.04667","360.3","ATLANTIC MUNICIPAL AIRPORT, IA US","  35.2","24","  32.3","24","9999.9"," 0","959.5","24","  8.5","24","  9.8","24"," 22.9"," 31.1","  41.0","*","  32.0","*","99.99"," ","999.9","011000"
"72545314930","2021-01-15","41.40722","-95.04667","360.3","ATLANTIC MUNICIPAL AIRPORT, IA US","  30.3","24","  28.0","24","9999.9"," 0","958.3","24","  1.8","24"," 21.8","24"," 28.9"," 36.9","  32.0","*","  28.4","*","99.99"," ","999.9","011000"
"72545314930","2021-01-16","41.40722","-95.04667","360.3","ATLANTIC MUNICIPAL AIRPORT, IA US","  27.6","24","  23.8","24","9999.9"," 0","968.3","24"," 10.0","24"," 14.4","24"," 22.9"," 28.9","  32.0","*","  24.8","*"," 0.00","I","999.9","000000"
"72545314930","2021-01-17","41.40722","-95.04667","360.3","ATLANTIC MUNICIPAL AIRPORT, IA US","  26.5","24","  22.2","24","9999.9"," 0","968.5","24","  9.8","24","  8.9","24"," 15.0"," 21.0","  32.0","*","  19.4","*","99.99"," ","999.9","001000"
"72545314930","2021-01-18","41.40722","-95.04667","360.3","ATLANTIC MUNICIPAL AIRPORT, IA US","  25.3","24","  21.2","24","9999.9"," 0","969.9","24"," 10.0","24","  3.0","24","  8.0","999.9","  32.0","*","  15.8","*"," 0.00","I","999.9","000000"
"72545314930","2021-01-19","41.40722","-95.04667","360.3","ATLANTIC MUNICIPAL AIRPORT, IA US","  27.3","24","  22.2","24","9999.9"," 0","979.3","24","  9.8","24","  8.6","24"," 24.1"," 29.9","  39.2","*","  15.8","*"," 0.00","I","999.9","000000"
"72545314930","2021-01-20","41.40722","-95.04667","360.3","ATLANTIC MUNICIPAL AIRPORT, IA US","  26.2","24","  18.8","24","9999.9"," 0","977.4","24"," 10.0","24","  7.7","24"," 19.0"," 25.1","  46.4","*","  12.2","*"," 0.00","I","999.9","000000"
"72545314930","2021-01-21","41.40722","-95.04667","360.3","ATLANTIC MUNICIPAL AIRPORT, IA US","  35.3","24","  23.8","24","9999.9"," 0","970.0","24"," 10.0","24","  8.4","24"," 15.0"," 20.0","  42.8","*","  26.6","*"," 0.00","I","999.9","000000"
"72545314930","2021-01-22","41.40722","-95.04667","360.3","ATLANTIC MUNICIPAL AIRPORT, IA US","  21.6","24","  12.2","24","9999.9"," 0","978.7","24"," 10.0","24","  6.7","24"," 14.0"," 19.0","  32.0","*","  14.0","*"," 0.00","I","999.9","000000"
"72545314930","2021-01-23","41.40722","-95.04667","360.3","ATLANTIC MUNICIPAL AIRPORT, IA US","  18.4","24","   8.6","24","9999.9"," 0","979.7","24"," 10.0","24","  3.4","24"," 11.1"," 19.0","  30.2","*","  10.4","*"," 0.00","I","999.9","100000"
"72545314930","2021-01-24","41.40722","-95.04667","360.3","ATLANTIC MUNICIPAL AIRPORT, IA US","  27.8","24","  22.3","24","9999.9"," 0","973.5","24","  9.8","24","  6.0","24"," 13.0"," 19.0","  30.2","*","  24.8","*"," 0.00","I","999.9","000000"
"72545314930","2021-01-25","41.40722","-95.04667","360.3","ATLANTIC MUNICIPAL AIRPORT, IA US","  23.7","24","  20.5","24","9999.9"," 0","970.4","24","  6.3","24"," 10.2","24"," 18.1"," 26.0","  26.6","*","  23.0","*"," 0.00","I","999.9","100000"
"72545314930","2021-01-26","41.40722","-95.04667","360.3","ATLANTIC MUNICIPAL AIRPORT, IA US","  18.7","24","  14.5","24","9999.9"," 0","971.7","24","  5.5","24"," 12.7","24"," 19.0"," 27.0","  23.0","*","  15.8","*","99.99"," ","999.9","001000"
"72545314930","2021-01-27","41.40722","-95.04667","360.3","ATLANTIC MUNICIPAL AIRPORT, IA US","  13.5","24","   8.5","24","9999.9"," 0","983.7","24","  9.1","24","  5.6","21","  8.9","999.9","  19.4","*","   6.8","*","99.99"," ","999.9","001000"
"72545314930","2021-01-28","41.40722","-95.04667","360.3","ATLANTIC MUNICIPAL AIRPORT, IA US","   8.8","24","   5.5","24","9999.9"," 0","990.2","24"," 10.0","24","  5.7","23"," 15.9"," 21.0","  24.8","*","  -7.6","*"," 0.00","I","999.9","000000"
"72545314930","2021-01-29","41.40722","-95.04667","360.3","ATLANTIC MUNICIPAL AIRPORT, IA US","  24.9","24","  21.6","24","9999.9"," 0","978.5","24","  9.2","24","  5.4","22"," 11.1"," 13.0","  35.6","*","  14.0","*"," 0.00","I","999.9","000000"
"72545314930","2021-01-30","41.40722","-95.04667","360.3","ATLANTIC MUNICIPAL AIRPORT, IA US","  35.1","24","  30.7","24","9999.9"," 0","966.5","14","  9.2","24","  8.2","24"," 15.0"," 21.0","  37.4","*","  32.0","*"," 0.00","I","999.9","000000"
"72545314930","2021-01-31","41.40722","-95.04667","360.3","ATLANTIC MUNICIPAL AIRPORT, IA US","  29.6","24","  27.3","24","9999.9"," 0","999.9"," 0","  6.0","24"," 16.3","24"," 20.0"," 28.0","  32.0","*","  26.6","*"," 0.00","I","999.9","000000"
"72545314930","2021-02-01","41.40722","-95.04667","360.3","ATLANTIC MUNICIPAL AIRPORT, IA US","  25.2","24","  22.3","24","9999.9"," 0","985.3","24","  8.6","24","  7.6","24"," 15.0"," 18.1","  26.6","*","  23.0","*"," 0.00","I","999.9","000000"
"72545314930","2021-02-02","41.40722","-95.04667","360.3","ATLANTIC MUNICIPAL AIRPORT, IA US","  22.8","24","  21.2","24","9999.9"," 0","982.4","24","  6.2","24","  4.9","24","  8.9"," 13.0","  30.2","*","  19.4","*"," 0.00","I","999.9","100000"
"72545314930","2021-02-03","41.40722","-95.04667","360.3","ATLANTIC MUNICIPAL AIRPORT, IA US","  27.6","24","  23.4","24","9999.9"," 0","972.7","24","  9.6","24","  6.1","24"," 13.0"," 18.1","  41.0","*","  17.6","*"," 0.00","I","999.9","000000"
"72545314930","2021-02-04","41.40722","-95.04667","360.3","ATLANTIC MUNICIPAL AIRPORT, IA US","  31.0","24","  25.6","24","9999.9"," 0","962.0","24","  6.4","24"," 12.7","23"," 34.0"," 45.1","  42.8","*","  17.6","*","99.99"," ","999.9","010000"
"72545314930","2021-02-05","41.40722","-95.04667","360.3","ATLANTIC MUNICIPAL AIRPORT, IA US","  16.0","24","   7.2","24","9999.9"," 0","967.5","24","  9.3","24","  8.8","24"," 15.0"," 19.0","  19.4","*","  12.2","*"," 0.00","I","999.9","000000"
"72545314930","2021-02-06","41.40722","-95.04667","360.3","ATLANTIC MUNICIPAL AIRPORT, IA US","   6.8","24","   2.0","24","9999.9"," 0","975.3","24","  7.1","24","  5.6","24"," 13.0"," 17.1","  14.0","*","  -0.4","*"," 0.00","I","999.9","000000"
"72545314930","2021-02-07","41.40722","-95.04667","360.3","ATLANTIC MUNICIPAL AIRPORT, IA US","  -3.8","24"," -10.5","24","9999.9"," 0","980.7","24","  8.7","24","  3.8","24"," 11.1"," 14.0","   1.4","*"," -14.8","*"," 0.00","I","999.9","000000"
"72545314930","2021-02-08","41.40722","-95.04667","360.3","ATLANTIC MUNICIPAL AIRPORT, IA US","  -2.1","24","  -7.1","24","9999.9"," 0","981.6","24","  7.9","24","  7.3","24"," 12.0"," 14.0","   3.2","*","  -9.4","*"," 0.00","I","999.9","000000"
"72545314930","2021-02-09","41.40722","-95.04667","360.3","ATLANTIC MUNICIPAL AIRPORT, IA US","  -7.8","24"," -15.0","24","9999.9"," 0","985.2","24","  9.9","24","  3.9","24","  9.9","999.9","   5.0","*"," -18.4","*"," 0.00","I","999.9","000000"
"72545314930","2021-02-10","41.40722","-95.04667","360.3","ATLANTIC MUNICIPAL AIRPORT, IA US","   6.9","24","  -3.9","24","9999.9"," 0","985.8","24"," 10.0","24","  5.5","24"," 11.1","999.9","  10.4","*","   3.2","*"," 0.00","I","999.9","000000"
"72545314930","2021-02-11","41.40722","-95.04667","360.3","ATLANTIC MUNICIPAL AIRPORT, IA US","   0.4","24","  -7.5","24","9999.9"," 0","988.6","24"," 10.0","24","  7.0","24"," 15.0"," 19.0","   6.8","*","  -7.6","*"," 0.00","I","999.9","000000"
"72545314930","2021-02-12","41.40722","-95.04667","360.3","ATLANTIC MUNICIPAL AIRPORT, IA US","  -5.3","24"," -13.2","24","9999.9"," 0","991.1","24","  8.8","24"," 10.1","24"," 15.0"," 22.9","  -0.4","*"," -11.2","*"," 0.00","I","999.9","000000"
"72545314930","2021-02-13","41.40722","-95.04667","360.3","ATLANTIC MUNICIPAL AIRPORT, IA US","  -3.9","24"," -11.0","24","9999.9"," 0","989.4","24","  6.7","24","  7.2","24","  9.9","999.9","  -0.4","*","  -5.8","*"," 0.00","I","999.9","000000"
"72545314930","2021-02-14","41.40722","-95.04667","360.3","ATLANTIC MUNICIPAL AIRPORT, IA US","  -7.8","24"," -16.8","24","9999.9"," 0","991.8","24","  9.8","24","  9.8","24"," 17.1"," 20.0","  -4.0","*"," -11.2","*"," 0.00","I","999.9","000000"
"72545314930","2021-02-15","41.40722","-95.04667","360.3","ATLANTIC MUNICIPAL AIRPORT, IA US","  -9.9","24"," -20.1","24","9999.9"," 0","990.1","24"," 10.0","24"," 10.0","24"," 13.0"," 15.9","  -5.8","*"," -14.8","*"," 0.00","I","999.9","000000"
"72545314930","2021-02-16","41.40722","-95.04667","360.3","ATLANTIC MUNICIPAL AIRPORT, IA US"," -11.2","20"," -22.1","20","9999.9"," 0","980.1","20"," 10.0","20","  2.7","20","  8.9","999.9","  -0.4","*"," -27.4","*"," 0.00","I","999.9","000000"
"72545314930","2021-02-17","41.40722","-95.04667","360.3","ATLANTIC MUNICIPAL AIRPORT, IA US","   4.2","24","  -6.2","24","9999.9"," 0","980.1","24","  9.8","24","  2.8","24","  8.0","999.9","  15.8","*","  -4.0","*"," 0.00","I","999.9","000000"
"72545314930","2021-02-18","41.40722","-95.04667","360.3","ATLANTIC MUNICIPAL AIRPORT, IA US","  13.5","24","   9.6","24","9999.9"," 0","984.5","24","  9.3","24","  2.4","24","  9.9","999.9","  17.6","*","  10.4","*"," 0.00","I","999.9","000000"
"72545314930","2021-02-19","41.40722","-95.04667","360.3","ATLANTIC MUNICIPAL AIRPORT, IA US","   9.7","24","   5.8","24","9999.9"," 0","983.4","24","  9.9","24","  4.0","24","  9.9","999.9","  23.0","*","  -2.2","*"," 0.00","I","999.9","000000"
"72545314930","2021-02-20","41.40722","-95.04667","360.3","ATLANTIC MUNICIPAL AIRPORT, IA US","  18.0","24","  14.4","24","9999.9"," 0","978.9","24","  8.6","24","  3.9","24","  8.9","999.9","  30.2","*","   8.6","*"," 0.00","I","999.9","000000"
"72545314930","2021-02-21","41.40722","-95.04667","360.3","ATLANTIC MUNICIPAL AIRPORT, IA US","  29.5","24","  26.3","24","9999.9"," 0","970.4","24","  6.3","24","  5.5","24"," 18.1"," 25.1","  33.8","*","  23.0","*"," 0.00","I","999.9","100000"
"72545314930","2021-02-22","41.40722","-95.04667","360.3","ATLANTIC MUNICIPAL AIRPORT, IA US","  26.6","24","  23.2","24","9999.9"," 0","968.2","24","  7.2","24"," 10.0","24"," 17.1"," 22.9","  39.2","*","   8.6","*"," 0.00","I","999.9","000000"
"72545314930","2021-02-23","41.40722","-95.04667","360.3","ATLANTIC MUNICIPAL AIRPORT, IA US","  36.4","24","  30.7","24","9999.9"," 0","966.5","24"," 10.0","24","  7.8","24"," 15.0","999.9","  44.6","*","  24.8","*"," 0.00","I","999.9","000000"
"72545314930","2021-02-24","41.40722","-95.04667","360.3","ATLANTIC MUNICIPAL AIRPORT, IA US","  37.8","24","  31.6","24","9999.9"," 0","970.7","24"," 10.0","24"," 12.2","24"," 22.0"," 31.1","  44.6","*","  33.8","*"," 0.00","I","999.9","000000"
"72545314930","2021-02-25","41.40722","-95.04667","360.3","ATLANTIC MUNICIPAL AIRPORT, IA US","  28.3","24","  26.1","24","9999.9"," 0","984.4","24","  9.7","24","  2.3","24","  6.0","999.9","  37.4","*","  19.4","*"," 0.00","I","999.9","000000"
"72545314930","2021-02-26","41.40722","-95.04667","360.3","ATLANTIC MUNICIPAL AIRPORT, IA US","  31.3","24","  27.0","24","9999.9"," 0","974.8","24","  9.4","24","  5.7","21"," 12.0"," 15.9","  44.6","*","  23.0","*"," 0.00","I","999.9","000000"
"72545314930","2021-02-27","41.40722","-95.04667","360.3","ATLANTIC MUNICIPAL AIRPORT, IA US","  35.3","24","  31.0","24","9999.9"," 0","967.8","22"," 10.0","24","  5.0","23"," 14.0"," 20.0","  50.0","*","  24.8","*"," 0.00","I","999.9","000000"
"72545314930","2021-02-28","41.40722","-95.04667","360.3","ATLANTIC MUNICIPAL AIRPORT, IA US","  37.8","24","  33.1","24","9999.9"," 0","967.7","24"," 10.0","24"," 11.2","24"," 22.0"," 31.1","  46.4","*","  32.0","*"," 0.00","I","999.9","000000"
"72545314930","2021-03-01","41.40722","-95.04667","360.3","ATLANTIC MUNICIPAL AIRPORT, IA US","  28.3","24","  24.2","24","9999.9"," 0","980.4","24"," 10.0","24","  5.8","24"," 15.9"," 18.1","  33.8","*","  19.4","*"," 0.00","I","999.9","000000"
"72545314930","2021-03-02","41.40722","-95.04667","360.3","ATLANTIC MUNICIPAL AIRPORT, IA US","  33.6","24","  26.8","24","9999.9"," 0","979.3","24"," 10.0","24","  9.0","23"," 19.0"," 24.1","  55.4","*","  23.0","*"," 0.00","I","999.9","000000"
"72545314930","2021-03-03","41.40722","-95.04667","360.3","ATLANTIC MUNICIPAL AIRPORT, IA US","  41.4","24","  31.0","24","9999.9"," 0","971.9","24"," 10.0","24","  2.7","24","  8.0","999.9","  62.6","*","  26.6","*"," 0.00","I","999.9","000000"
"72545314930","2021-03-04","41.40722","-95.04667","360.3","ATLANTIC MUNICIPAL AIRPORT, IA US","  43.2","24","  35.2","24","9999.9"," 0","977.2","24","  9.9","24","  5.1","24"," 13.0"," 18.1","  59.0","*","  26.6","*"," 0.00","I","999.9","000000"
"72545314930","2021-03-05","41.40722","-95.04667","360.3","ATLANTIC MUNICIPAL AIRPORT, IA US","  40.1","24","  29.9","24","9999.9"," 0","981.8","24","  9.7","24","  5.5","24"," 12.0"," 15.0","  55.4","*","  28.4","*"," 0.00","I","999.9","000000"
"72545314930","2021-03-06","41.40722","-95.04667","360.3","ATLANTIC MUNICIPAL AIRPORT, IA US","  40.6","24","  29.8","24","9999.9"," 0","981.2","24"," 10.0","24","  1.7","24","  7.0"," 12.0","  62.6","*","  24.8","*"," 0.00","I","999.9","000000"
"72545314930","2021-03-07","41.40722","-95.04667","360.3","ATLANTIC MUNICIPAL AIRPORT, IA US","  50.0","24","  35.2","24","9999.9"," 0","978.0","24"," 10.0","24"," 10.5","24"," 27.0"," 34.0","  66.2","*","  33.8","*"," 0.00","I","999.9","000000"
"72545314930","2021-03-08","41.40722","-95.04667","360.3","ATLANTIC MUNICIPAL AIRPORT, IA US","  49.9","24","  33.9","24","9999.9"," 0","979.0","24","  9.4","24","  6.6","24"," 12.0"," 17.1","  68.0","*","  33.8","*"," 0.00","I","999.9","000000"
"72545314930","2021-03-09","41.40722","-95.04667","360.3","ATLANTIC MUNICIPAL AIRPORT, IA US","  58.3","24","  38.7","24","9999.9"," 0","972.7","24","  8.5","24"," 12.8","24"," 25.1"," 34.0","  71.6","*","  48.2","*"," 0.00","I","999.9","000000"
"72545314930","2021-03-10","41.40722","-95.04667","360.3","ATLANTIC MUNICIPAL AIRPORT, IA US","  64.3","24","  50.5","24","9999.9"," 0","962.1","24"," 10.0","24"," 18.3","24"," 38.1"," 48.0","  75.2","*","  51.8","*","99.99"," ","999.9","010000"
"72545314930","2021-03-11","41.40722","-95.04667","360.3","ATLANTIC MUNICIPAL AIRPORT, IA US","  40.8","24","  29.9","24","9999.9"," 0","973.4","24"," 10.0","24"," 10.6","24"," 22.9"," 33.0","  53.6","*","  32.0","*"," 0.00","I","999.9","000000"
"72545314930","2021-03-12","41.40722","-95.04667","360.3","ATLANTIC MUNICIPAL AIRPORT, IA US","  36.4","24","  24.4","24","9999.9"," 0","985.1","24"," 10.0","24","  4.8","24"," 11.1"," 14.0","  50.0","*","  24.8","*"," 0.00","I","999.9","000000"
"72545314930","2021-03-13","41.40722","-95.04667","360.3","ATLANTIC MUNICIPAL AIRPORT, IA US","  41.7","24","  28.9","24","9999.9"," 0","985.4","24","  9.9","24","  5.9","24"," 12.0"," 18.1","  57.2","*","  26.6","*"," 0.00","I","999.9","000000"
"72545314930","2021-03-14","41.40722","-95.04667","360.3","ATLANTIC MUNICIPAL AIRPORT, IA US","  44.2","24","  37.1","24","9999.9"," 0","978.3","24","  7.0","24"," 14.2","24"," 22.0"," 35.9","  55.4","*","  39.2","*","99.99"," ","999.9","010000"
"72545314930","2021-03-15","41.40722","-95.04667","360.3","ATLANTIC MUNICIPAL AIRPORT, IA US","  36.2","24","  35.8","24","9999.9"," 0","970.6","24","  5.2","24"," 13.1","24"," 19.0"," 27.0","  41.0","*","  32.0","*","99.99"," ","999.9","011000"
"72545314930","2021-03-16","41.40722","-95.04667","360.3","ATLANTIC MUNICIPAL AIRPORT, IA US","  36.6","24","  35.7","24","9999.9"," 0","969.9","24","  4.9","24","  6.3","24"," 11.1"," 15.0","  44.6","*","  33.8","*"," 0.00","I","999.9","000000"
"72545314930","2021-03-17","41.40722","-95.04667","360.3","ATLANTIC MUNICIPAL AIRPORT, IA US","  39.1","24","  37.8","24","9999.9"," 0","971.1","24","  7.0","24","  8.4","24"," 19.0"," 27.0","  44.6","*","  35.6","*","99.99"," ","999.9","010000"
"72545314930","2021-03-18","41.40722","-95.04667","360.3","ATLANTIC MUNICIPAL AIRPORT, IA US","  38.5","24","  31.2","24","9999.9"," 0","976.5","24","  9.6","24"," 16.4","24"," 22.0"," 31.1","  50.0","*","  32.0","*"," 0.00","I","999.9","000000"
"72545314930","2021-03-19","41.40722","-95.04667","360.3","ATLANTIC MUNICIPAL AIRPORT, IA US","  36.6","24","  25.2","24","9999.9"," 0","986.9","24","  9.9","24","  5.6","24"," 14.0"," 22.9","  53.6","*","  21.2","*"," 0.00","I","999.9","000000"
"72545314930","2021-03-20","41.40722","-95.04667","360.3","ATLANTIC MUNICIPAL AIRPORT, IA US","  43.9","24","  24.4","24","9999.9"," 0","984.0","24"," 10.0","24"," 10.0","24"," 19.0"," 25.1","  60.8","*","  28.4","*"," 0.00","I","999.9","000000"
"72545314930","2021-03-21","41.40722","-95.04667","360.3","ATLANTIC MUNICIPAL AIRPORT, IA US","  52.4","24","  34.7","24","9999.9"," 0","973.6","24"," 10.0","24"," 15.6","24"," 28.9"," 39.0","  66.2","*","  44.6","*"," 0.00","I","999.9","000000"
"72545314930","2021-03-22","41.40722","-95.04667","360.3","ATLANTIC MUNICIPAL AIRPORT, IA US","  48.2","24","  40.8","24","9999.9"," 0","971.7","24","  9.4","24","  7.8","24"," 14.0"," 22.0","  60.8","*","  41.0","*","99.99"," ","999.9","010000"
"72545314930","2021-03-23","41.40722","-95.04667","360.3","ATLANTIC MUNICIPAL AIRPORT, IA US","  48.7","24","  47.0","24","9999.9"," 0","962.1","24","  7.8","24","  9.4","24"," 15.0"," 21.0","  55.4","*","  46.4","*","99.99"," ","999.9","010000"
"72545314930","2021-03-24","41.40722","-95.04667","360.3","ATLANTIC MUNICIPAL AIRPORT, IA US","  44.2","24","  42.9","24","9999.9"," 0","961.0","24","  8.3","24"," 10.7","24"," 20.0"," 27.0","  50.0","*","  39.2","*","99.99"," ","999.9","010000"
"72545314930","2021-03-25","41.40722","-95.04667","360.3","ATLANTIC MUNICIPAL AIRPORT, IA US","  40.6","24","  38.2","24","9999.9"," 0","968.7","24","  9.8","24","  4.1","24","  8.9"," 12.0","  44.6","*","  35.6","*","99.99"," ","999.9","010000"
"72545314930","2021-03-26","41.40722","-95.04667","360.3","ATLANTIC MUNICIPAL AIRPORT, IA US","  44.3","24","  39.2","24","9999.9"," 0","970.1","24","  8.8","24","  3.8","24","  9.9"," 14.0","  55.4","*","  35.6","*"," 0.00","I","999.9","000000"
"72545314930","2021-03-27","41.40722","-95.04667","360.3","ATLANTIC MUNICIPAL AIRPORT, IA US","  49.0","24","  44.1","24","9999.9"," 0","969.5","24","  9.9","24","  8.6","24"," 19.0"," 25.1","  53.6","*","  42.8","*","99.99"," ","999.9","010000"
"72545314930","2021-03-28","41.40722","-95.04667","360.3","ATLANTIC MUNICIPAL AIRPORT, IA US","  41.6","24","  30.2","24","9999.9"," 0","977.5","24","  9.9","24"," 10.8","24"," 22.9"," 28.9","  53.6","*","  32.0","*","99.99"," ","999.9","010000"
"72545314930","2021-03-29","41.40722","-95.04667","360.3","ATLANTIC MUNICIPAL AIRPORT, IA US","  54.1","24","  35.5","24","9999.9"," 0","967.1","24"," 10.0","24"," 16.2","24"," 33.0"," 45.1","  75.2","*","  44.6","*"," 0.00","I","999.9","000000"
"72545314930","2021-03-30","41.40722","-95.04667","360.3","ATLANTIC MUNICIPAL AIRPORT, IA US","  50.8","24","  23.2","24","9999.9"," 0","965.8","23"," 10.0","24"," 15.6","24"," 22.9"," 33.0","  71.6","*","  37.4","*"," 0.00","I","999.9","000000"
"72545314930","2021-03-31","41.40722","-95.04667","360.3","ATLANTIC MUNICIPAL AIRPORT, IA US","  35.4","24","  11.0","24","9999.9"," 0","982.6","23"," 10.0","24"," 12.8","24"," 25.1"," 33.0","  44.6","*","  24.8","*"," 0.00","I","999.9","000000"
"72545314930","2021-04-01","41.40722","-95.04667","360.3","ATLANTIC MUNICIPAL AIRPORT, IA US","  30.4","24","  11.5","24","9999.9"," 0","990.3","20"," 10.0","24","  4.4","24"," 18.1"," 21.0","  50.0","*","  14.0","*"," 0.00","I","999.9","000000"
"72545314930","2021-04-02","41.40722","-95.04667","360.3","ATLANTIC MUNICIPAL AIRPORT, IA US","  46.9","24","  19.4","24","9999.9"," 0","981.4","24","  9.9","24"," 14.2","24"," 27.0"," 36.9","  68.0","*","  35.6","*"," 0.00","I","999.9","000000"
"72545314930","2021-04-03","41.40722","-95.04667","360.3","ATLANTIC MUNICIPAL AIRPORT, IA US","  57.9","24","  31.4","24","9999.9"," 0","975.3","24"," 10.0","24","  9.5","24"," 17.1"," 27.0","  75.2","*","  44.6","*"," 0.00","I","999.9","000000"
"72545314930","2021-04-04","41.40722","-95.04667","360.3","ATLANTIC MUNICIPAL AIRPORT, IA US","  56.0","24","  36.9","24","9999.9"," 0","974.1","24","  9.9","24","  5.7","24"," 22.0"," 29.9","  84.2","*","  33.8","*"," 0.00","I","999.9","000000"
"72545314930","2021-04-05","41.40722","-95.04667","360.3","ATLANTIC MUNICIPAL AIRPORT, IA US","  68.8","24","  51.3","24","9999.9"," 0","966.9","24"," 10.0","24"," 13.9","24"," 24.1"," 32.1","  82.4","*","  59.0","*","99.99"," ","999.9","010000"
"72545314930","2021-04-06","41.40722","-95.04667","360.3","ATLANTIC MUNICIPAL AIRPORT, IA US","  67.8","24","  54.3","24","9999.9"," 0","962.8","24","  9.8","24"," 13.3","24"," 20.0"," 26.0","  77.0","*","  60.8","*","99.99"," ","999.9","010000"
"72545314930","2021-04-07","41.40722","-95.04667","360.3","ATLANTIC MUNICIPAL AIRPORT, IA US","  63.1","24","  56.0","24","9999.9"," 0","959.8","24","  9.5","24","  8.1","24"," 17.1"," 25.1","  73.4","*","  55.4","*","99.99"," ","999.9","010000"
"72545314930","2021-04-08","41.40722","-95.04667","360.3","ATLANTIC MUNICIPAL AIRPORT, IA US","  50.6","24","  50.1","24","9999.9"," 0","955.5","24","  5.1","24"," 10.6","24"," 15.9"," 19.0","  57.2","*","  46.4","*","99.99"," ","999.9","010000"
"72545314930","2021-04-09","41.40722","-95.04667","360.3","ATLANTIC MUNICIPAL AIRPORT, IA US","  48.5","24","  45.5","24","9999.9"," 0","959.8","24","  9.3","24"," 10.7","24"," 17.1"," 22.9","  57.2","*","  44.6","*","99.99"," ","999.9","010000"
"72545314930","2021-04-10","41.40722","-95.04667","360.3","ATLANTIC MUNICIPAL AIRPORT, IA US","  50.1","24","  43.0","24","9999.9"," 0","964.6","24"," 10.0","24"," 11.4","24"," 22.0"," 28.0","  59.0","*","  44.6","*","99.99"," ","999.9","010000"
"72545314930","2021-04-11","41.40722","-95.04667","360.3","ATLANTIC MUNICIPAL AIRPORT, IA US","  48.1","24","  34.8","24","9999.9"," 0","960.7","24"," 10.0","24","  6.7","24"," 15.9"," 22.9","  66.2","*","  32.0","*"," 0.00","I","999.9","000000"
"72545314930","2021-04-12","41.40722","-95.04667","360.3","ATLANTIC MUNICIPAL AIRPORT, IA US","  48.6","24","  32.9","24","9999.9"," 0","968.7","24"," 10.0","24"," 13.5","24"," 20.0"," 29.9","  62.6","*","  39.2","*"," 0.00","I","999.9","000000"
"72545314930","2021-04-13","41.40722","-95.04667","360.3","ATLANTIC MUNICIPAL AIRPORT, IA US","  42.9","24","  26.2","24","9999.9"," 0","977.4","24"," 10.0","24"," 10.8","24"," 19.0"," 28.0","  55.4","*","  30.2","*"," 0.00","I","999.9","000000"
"72545314930","2021-04-14","41.40722","-95.04667","360.3","ATLANTIC MUNICIPAL AIRPORT, IA US","  38.1","24","  24.3","24","9999.9"," 0","980.4","24"," 10.0","24","  8.9","24"," 15.0"," 21.0","  48.2","*","  28.4","*"," 0.00","I","999.9","000000"
"72545314930","2021-04-15","41.40722","-95.04667","360.3","ATLANTIC MUNICIPAL AIRPORT, IA US","  39.1","24","  30.4","24","9999.9"," 0","979.4","24"," 10.0","24","  7.1","24"," 12.0"," 17.1","  50.0","*","  28.4","*"," 0.00","I","999.9","000000"
"72545314930","2021-04-16","41.40722","-95.04667","360.3","ATLANTIC MUNICIPAL AIRPORT, IA US","  43.9","24","  33.9","24","9999.9"," 0","975.5","24"," 10.0","24","  4.3","24","  8.0","999.9","  48.2","*","  37.4","*"," 0.00","I","999.9","000000"
"72545314930","2021-04-17","41.40722","-95.04667","360.3","ATLANTIC MUNICIPAL AIRPORT, IA US","  46.7","24","  39.7","24","9999.9"," 0","974.3","24","  8.6","24","  7.0","24"," 15.0"," 19.0","  57.2","*","  39.2","*","99.99"," ","999.9","010000"
"72545314930","2021-04-18","41.40722","-95.04667","360.3","ATLANTIC MUNICIPAL AIRPORT, IA US","  49.6","24","  33.5","24","9999.9"," 0","973.3","24"," 10.0","24","  4.3","24"," 13.0"," 19.0","  60.8","*","  39.2","*"," 0.00","I","999.9","000000"
"72545314930","2021-04-19","41.40722","-95.04667","360.3","ATLANTIC MUNICIPAL AIRPORT, IA US","  39.6","24","  28.8","24","9999.9"," 0","973.0","24","  8.4","24"," 10.9","24"," 19.0"," 26.0","  59.0","*","  28.4","*","99.99"," ","999.9","011000"
"72545314930","2021-04-20","41.40722","-95.04667","360.3","ATLANTIC MUNICIPAL AIRPORT, IA US","  36.7","24","  17.6","24","9999.9"," 0","977.9","24"," 10.0","24","  8.3","24"," 15.9"," 22.9","  44.6","*","  30.2","*"," 0.00","I","999.9","000000"
"72545314930","2021-04-21","41.40722","-95.04667","360.3","ATLANTIC MUNICIPAL AIRPORT, IA US","  34.5","24","  18.5","24","9999.9"," 0","979.5","24"," 10.0","24","  7.0","24"," 15.9"," 24.1","  44.6","*","  24.8","*","99.99"," ","999.9","001000"
"72545314930","2021-04-22","41.40722","-95.04667","360.3","ATLANTIC MUNICIPAL AIRPORT, IA US","  38.8","24","  21.0","24","9999.9"," 0","977.5","24"," 10.0","24","  7.8","24"," 19.0"," 22.0","  57.2","*","  23.0","*"," 0.00","I","999.9","000000"
"72545314930","2021-04-23","41.40722","-95.04667","360.3","ATLANTIC MUNICIPAL AIRPORT, IA US","  50.8","24","  34.6","24","9999.9"," 0","971.0","17"," 10.0","24"," 10.2","24"," 15.9"," 21.0","  60.8","*","  46.4","*"," 0.00","I","999.9","000000"
"72545314930","2021-04-24","41.40722","-95.04667","360.3","ATLANTIC MUNICIPAL AIRPORT, IA US","  47.6","24","  37.1","24","9999.9"," 0","999.9"," 0","  9.3","24","  7.6","24"," 15.9"," 20.0","  59.0","*","  37.4","*"," 0.00","I","999.9","000000"
"72545314930","2021-04-25","41.40722","-95.04667","360.3","ATLANTIC MUNICIPAL AIRPORT, IA US","  49.0","24","  31.8","24","9999.9"," 0","966.4"," 6"," 10.0","24","  8.0","24"," 20.0"," 28.9","  71.6","*","  35.6","*"," 0.00","I","999.9","000000"
"72545314930","2021-04-26","41.40722","-95.04667","360.3","ATLANTIC MUNICIPAL AIRPORT, IA US","  68.0","24","  49.0","24","9999.9"," 0","960.7","24","  9.9","24"," 13.1","24"," 24.1"," 33.0","  87.8","*","  55.4","*"," 0.00","I","999.9","000000"
"72545314930","2021-04-27","41.40722","-95.04667","360.3","ATLANTIC MUNICIPAL AIRPORT, IA US","  71.9","24","  55.7","24","9999.9"," 0","959.0","24"," 10.0","24"," 10.2","24"," 20.0"," 24.1","  84.2","*","  62.6","*"," 0.00","I","999.9","000000"
"72545314930","2021-04-28","41.40722","-95.04667","360.3","ATLANTIC MUNICIPAL AIRPORT, IA US","  55.5","24","  49.4","24","9999.9"," 0","968.4","24","  8.9","24","  9.0","24"," 25.1","999.9","  66.2","*","  48.2","*","99.99"," ","999.9","010000"
"72545314930","2021-04-29","41.40722","-95.04667","360.3","ATLANTIC MUNICIPAL AIRPORT, IA US","  59.7","23","  45.3","23","9999.9"," 0","971.9","23","  9.7","23","  7.4","23"," 17.1"," 26.0","  75.2","*","  42.8","*"," 0.00","I","999.9","000000"
"72545314930","2021-04-30","41.40722","-95.04667","360.3","ATLANTIC MUNICIPAL AIRPORT, IA US","  57.8","22","  35.5","22","9999.9"," 0","978.1","21","  9.4","22","  2.7","22","  8.0"," 14.0","  80.6","*","  37.4","*"," 0.00","I","999.9","000000"
"72545314930","2021-05-01","41.40722","-95.04667","360.3","ATLANTIC MUNICIPAL AIRPORT, IA US","  69.9","24","  42.0","24","9999.9"," 0","966.4","18","  8.8","24"," 13.9","24"," 31.1"," 40.0","  86.0","*","  53.6","*"," 0.00","I","999.9","000000"
"72545314930","2021-05-02","41.40722","-95.04667","360.3","ATLANTIC MUNICIPAL AIRPORT, IA US","  69.7","24","  55.5","24","9999.9"," 0","959.4","24","  8.4","24"," 13.5","24"," 18.1"," 26.0","  80.6","*","  59.0","*"," 0.00","I","999.9","000000"
"72545314930","2021-05-03","41.40722","-95.04667","360.3","ATLANTIC MUNICIPAL AIRPORT, IA US","  64.0","24","  56.4","24","9999.9"," 0","959.3","24","  9.3","24"," 11.4","24"," 22.9"," 29.9","  78.8","*","  57.2","*","99.99"," ","999.9","010000"
"72545314930","2021-05-04","41.40722","-95.04667","360.3","ATLANTIC MUNICIPAL AIRPORT, IA US","  52.4","24","  33.0","24","9999.9"," 0","972.2","24"," 10.0","24"," 14.1","24"," 20.0"," 28.9","  62.6","*","  41.0","*"," 0.00","I","999.9","000000"
"72545314930","2021-05-05","41.40722","-95.04667","360.3","ATLANTIC MUNICIPAL AIRPORT, IA US","  47.6","24","  25.6","24","9999.9"," 0","976.6","24","  9.9","24","  4.1","24"," 19.0"," 25.1","  64.4","*","  28.4","*","99.99"," ","999.9","010000"
"72545314930","2021-05-06","41.40722","-95.04667","360.3","ATLANTIC MUNICIPAL AIRPORT, IA US","  51.9","24","  37.5","24","9999.9"," 0","979.1","24"," 10.0","24"," 10.4","24"," 20.0"," 24.1","  62.6","*","  41.0","*","99.99"," ","999.9","010000"
"72545314930","2021-05-07","41.40722","-95.04667","360.3","ATLANTIC MUNICIPAL AIRPORT, IA US","  54.0","24","  31.9","24","9999.9"," 0","976.6","24","  9.9","24","  6.6","24"," 13.0"," 18.1","  68.0","*","  41.0","*"," 0.00","I","999.9","000000"
"72545314930","2021-05-08","41.40722","-95.04667","360.3","ATLANTIC MUNICIPAL AIRPORT, IA US","  53.8","24","  28.8","24","9999.9"," 0","971.3","24"," 10.0","24"," 10.4","24"," 24.1"," 36.9","  64.4","*","  50.0","*"," 0.00","I","999.9","000000"
"72545314930","2021-05-09","41.40722","-95.04667","360.3","ATLANTIC MUNICIPAL AIRPORT, IA US","  46.6","24","  40.3","24","9999.9"," 0","970.3","24","  8.1","24"," 13.5","24"," 22.0"," 32.1","  57.2","*","  41.0","*","99.99"," ","999.9","010000"
"72545314930","2021-05-10","41.40722","-95.04667","360.3","ATLANTIC MUNICIPAL AIRPORT, IA US","  50.2","24","  38.5","24","9999.9"," 0","977.2","24"," 10.0","24","  3.9","24"," 11.1"," 15.9","  60.8","*","  39.2","*"," 0.00","I","999.9","000000"
"72545314930","2021-05-11","41.40722","-95.04667","360.3","ATLANTIC MUNICIPAL AIRPORT, IA US","  50.4","24","  35.2","24","9999.9"," 0","981.8","24"," 10.0","24","  6.8","24"," 11.1"," 20.0","  59.0","*","  37.4","*","99.99"," ","999.9","010000"
"72545314930","2021-05-12","41.40722","-95.04667","360.3","ATLANTIC MUNICIPAL AIRPORT, IA US","  48.8","24","  31.6","24","9999.9"," 0","986.2","24"," 10.0","24","  5.1","24"," 11.1"," 19.0","  62.6","*","  32.0","*"," 0.00","I","999.9","000000"
"72545314930","2021-05-13","41.40722","-95.04667","360.3","ATLANTIC MUNICIPAL AIRPORT, IA US","  52.8","24","  31.0","24","9999.9"," 0","985.2","24"," 10.0","24","  6.2","24"," 14.0"," 20.0","  66.2","*","  33.8","*"," 0.00","I","999.9","000000"
"72545314930","2021-05-14","41.40722","-95.04667","360.3","ATLANTIC MUNICIPAL AIRPORT, IA US","  57.6","24","  37.5","24","9999.9"," 0","979.6","24","  9.7","24","  7.1","24"," 11.1"," 18.1","  68.0","*","  51.8","*","99.99"," ","999.9","010000"
"72545314930","2021-05-15","41.40722","-95.04667","360.3","ATLANTIC MUNICIPAL AIRPORT, IA US","  61.8","24","  54.0","24","9999.9"," 0","974.8","24","  9.8","24","  4.7","24"," 11.1","999.9","  73.4","*","  48.2","*","99.99"," ","999.9","010000"
"72545314930","2021-05-16","41.40722","-95.04667","360.3","ATLANTIC MUNICIPAL AIRPORT, IA US","  58.9","24","  56.4","24","9999.9"," 0","974.7","24","  7.4","24","  5.0","24"," 12.0"," 19.0","  68.0","*","  51.8","*","99.99"," ","999.9","010000"
"72545314930","2021-05-17","41.40722","-95.04667","360.3","ATLANTIC MUNICIPAL AIRPORT, IA US","  60.2","24","  58.7","24","9999.9"," 0","973.2","24","  7.3","24","  8.1","24"," 15.9"," 20.0","  68.0","*","  57.2","*","99.99"," ","999.9","010000"
"72545314930","2021-05-18","41.40722","-95.04667","360.3","ATLANTIC MUNICIPAL AIRPORT, IA US","  62.8","24","  61.3","24","9999.9"," 0","972.2","24","  7.3","24","  6.5","24"," 12.0"," 17.1","  68.0","*","  60.8","*","99.99"," ","999.9","010000"
"72545314930","2021-05-19","41.40722","-95.04667","360.3","ATLANTIC MUNICIPAL AIRPORT, IA US","  67.8","24","  64.8","24","9999.9"," 0","971.2","24","  9.1","24","  5.7","24"," 15.0"," 22.0","  75.2","*","  60.8","*","99.99"," ","999.9","010000"
"72545314930","2021-05-20","41.40722","-95.04667","360.3","ATLANTIC MUNICIPAL AIRPORT, IA US","  67.9","24","  65.0","24","9999.9"," 0","972.6","24","  9.2","24","  8.5","24"," 14.0"," 19.0","  73.4","*","  64.4","*","99.99"," ","999.9","010000"
"72545314930","2021-05-21","41.40722","-95.04667","360.3","ATLANTIC MUNICIPAL AIRPORT, IA US","  69.4","24","  66.2","24","9999.9"," 0","975.9","24","  9.7","24"," 11.0","24"," 19.0"," 24.1","  78.8","*","  62.6","*","99.99"," ","999.9","010000"
"72545314930","2021-05-22","41.40722","-95.04667","360.3","ATLANTIC MUNICIPAL AIRPORT, IA US","  70.5","24","  67.2","24","9999.9"," 0","980.2","24","  8.5","24","  8.9","24"," 14.0"," 22.0","  78.8","*","  66.2","*","99.99"," ","999.9","010000"
"72545314930","2021-05-23","41.40722","-95.04667","360.3","ATLANTIC MUNICIPAL AIRPORT, IA US","  70.6","24","  66.4","24","9999.9"," 0","978.9","24","  9.9","24","  8.4","24"," 17.1"," 22.0","  80.6","*","  64.4","*","99.99"," ","999.9","010000"
"72545314930","2021-05-24","41.40722","-95.04667","360.3","ATLANTIC MUNICIPAL AIRPORT, IA US","  73.1","24","  65.0","24","9999.9"," 0","974.8","24"," 10.0","24"," 13.0","24"," 24.1"," 26.0","  80.6","*","  66.2","*","99.99"," ","999.9","010000"
"72545314930","2021-05-25","41.40722","-95.04667","360.3","ATLANTIC MUNICIPAL AIRPORT, IA US","  73.2","23","  64.6","23","9999.9"," 0","970.7","23"," 10.0","23"," 12.3","23"," 15.9"," 22.0","  80.6","*","  68.0","*"," 0.00","I","999.9","000000"
"72545314930","2021-05-26","41.40722","-95.04667","360.3","ATLANTIC MUNICIPAL AIRPORT, IA US","  67.6","24","  56.1","24","9999.9"," 0","974.2","24","  8.4","24","  4.0","24"," 13.0"," 24.1","  80.6","*","  53.6","*","99.99"," ","999.9","010000"
"72545314930","2021-05-27","41.40722","-95.04667","360.3","ATLANTIC MUNICIPAL AIRPORT, IA US","  68.1","24","  59.6","24","9999.9"," 0","970.8","24","  9.2","24","  8.1","24"," 15.0"," 20.0","  80.6","*","  59.0","*","99.99"," ","999.9","010000"
"72545314930","2021-05-28","41.40722","-95.04667","360.3","ATLANTIC MUNICIPAL AIRPORT, IA US","  48.2","24","  45.3","24","9999.9"," 0","975.8","24","  8.6","24"," 11.3","24"," 15.9"," 20.0","  57.2","*","  44.6","*","99.99"," ","999.9","010000"
"72545314930","2021-05-29","41.40722","-95.04667","360.3","ATLANTIC MUNICIPAL AIRPORT, IA US","  49.9","24","  41.5","24","9999.9"," 0","979.9","24","  9.8","24","  5.1","24"," 13.0"," 17.1","  64.4","*","  37.4","*"," 0.00","I","999.9","000000"
"72545314930","2021-05-30","41.40722","-95.04667","360.3","ATLANTIC MUNICIPAL AIRPORT, IA US","  57.3","24","  43.8","24","9999.9"," 0","979.8","24"," 10.0","24","  4.2","24","  8.9"," 14.0","  64.4","*","  50.0","*"," 0.00","I","999.9","000000"
"72545314930","2021-05-31","41.40722","-95.04667","360.3","ATLANTIC MUNICIPAL AIRPORT, IA US","  57.7","24","  49.1","24","9999.9"," 0","980.1","24"," 10.0","24","  1.0","24","  8.0","  9.9","  73.4","*","  46.4","*"," 0.00","I","999.9","000000"
"72545314930","2021-06-01","41.40722","-95.04667","360.3","ATLANTIC MUNICIPAL AIRPORT, IA US","  64.2","24","  52.9","24","9999.9"," 0","977.9","18","  8.6","24","  4.2","24"," 11.1"," 13.0","  77.0","*","  50.0","*"," 0.00","I","999.9","100000"
"72545314930","2021-06-02","41.40722","-95.04667","360.3","ATLANTIC MUNICIPAL AIRPORT, IA US","  67.1","24","  50.8","24","9999.9"," 0","973.7","24","  9.9","24","  2.9","24","  9.9"," 17.1","  80.6","*","  50.0","*"," 0.00","I","999.9","000000"
"72545314930","2021-06-03","41.40722","-95.04667","360.3","ATLANTIC MUNICIPAL AIRPORT, IA US","  69.1","24","  48.9","24","9999.9"," 0","971.1","24"," 10.0","24","  5.1","24"," 13.0"," 19.0","  86.0","*","  51.8","*"," 0.00","I","999.9","000000"
"72545314930","2021-06-04","41.40722","-95.04667","360.3","ATLANTIC MUNICIPAL AIRPORT, IA US","  74.2","24","  52.2","24","9999.9"," 0","970.5","24","  9.8","24","  7.0","24"," 15.0"," 18.1","  89.6","*","  57.2","*"," 0.00","I","999.9","000000"
"72545314930","2021-06-05","41.40722","-95.04667","360.3","ATLANTIC MUNICIPAL AIRPORT, IA US","  78.6","24","  59.8","24","9999.9"," 0","967.8","24"," 10.0","24"," 10.8","24"," 19.0"," 27.0","  91.4","*","  64.4","*"," 0.00","I","999.9","000000"
"72545314930","2021-06-06","41.40722","-95.04667","360.3","ATLANTIC MUNICIPAL AIRPORT, IA US","  75.7","24","  62.4","24","9999.9"," 0","966.7","24"," 10.0","24"," 12.5","24"," 20.0"," 27.0","  87.8","*","  64.4","*"," 0.00","I","999.9","000000"
"72545314930","2021-06-07","41.40722","-95.04667","360.3","ATLANTIC MUNICIPAL AIRPORT, IA US","  75.7","24","  64.9","24","9999.9"," 0","967.3","24","  9.8","24","  5.9","24"," 14.0"," 25.1","  87.8","*","  64.4","*"," 0.00","I","999.9","000000"
"72545314930","2021-06-08","41.40722","-95.04667","360.3","ATLANTIC MUNICIPAL AIRPORT, IA US","  78.7","24","  65.5","24","9999.9"," 0","970.5","24","  9.8","24","  4.7","24"," 12.0"," 17.1","  89.6","*","  64.4","*","99.99"," ","999.9","010000"
"72545314930","2021-06-09","41.40722","-95.04667","360.3","ATLANTIC MUNICIPAL AIRPORT, IA US","  78.9","24","  66.5","24","9999.9"," 0","972.8","24","  9.8","24","  3.2","24"," 11.1"," 15.9","  89.6","*","  64.4","*","99.99"," ","999.9","010000"
"72545314930","2021-06-10","41.40722","-95.04667","360.3","ATLANTIC MUNICIPAL AIRPORT, IA US","  81.0","24","  66.4","24","9999.9"," 0","971.3","24","  9.8","24","  3.1","24"," 12.0"," 15.0","  93.2","*","  66.2","*"," 0.00","I","999.9","000000"
"72545314930","2021-06-11","41.40722","-95.04667","360.3","ATLANTIC MUNICIPAL AIRPORT, IA US","  78.8","24","  67.3","24","9999.9"," 0","967.4","24","  9.4","24","  8.3","24"," 20.0"," 28.9","  91.4","*","  68.0","*","99.99"," ","999.9","010000"
"72545314930","2021-06-12","41.40722","-95.04667","360.3","ATLANTIC MUNICIPAL AIRPORT, IA US","  74.8","24","  57.0","24","9999.9"," 0","972.5","24"," 10.0","24","  7.6","24"," 15.0"," 20.0","  86.0","*","  60.8","*","99.99"," ","999.9","010000"
"72545314930","2021-06-13","41.40722","-95.04667","360.3","ATLANTIC MUNICIPAL AIRPORT, IA US","  72.9","24","  52.5","24","9999.9"," 0","974.9","24"," 10.0","24","  3.2","24","  8.0"," 11.1","  91.4","*","  53.6","*"," 0.00","I","999.9","000000"
"72545314930","2021-06-14","41.40722","-95.04667","360.3","ATLANTIC MUNICIPAL AIRPORT, IA US","  75.7","24","  58.9","24","9999.9"," 0","974.4","24","  9.8","24","  3.2","24","  8.9"," 17.1","  87.8","*","  60.8","*"," 0.00","I","999.9","000000"
"72545314930","2021-06-15","41.40722","-95.04667","360.3","ATLANTIC MUNICIPAL AIRPORT, IA US","  75.1","24","  55.4","24","9999.9"," 0","976.0","24","  9.9","24","  3.2","24","  8.9"," 13.0","  89.6","*","  55.4","*"," 0.00","I","999.9","000000"
"72545314930","2021-06-16","41.40722","-95.04667","360.3","ATLANTIC MUNICIPAL AIRPORT, IA US","  76.5","24","  56.8","24","9999.9"," 0","974.2","24","  9.9","24","  5.4","24"," 15.0"," 19.0","  91.4","*","  59.0","*"," 0.00","I","999.9","000000"
"72545314930","2021-06-17","41.40722","-95.04667","360.3","ATLANTIC MUNICIPAL AIRPORT, IA US","  86.0","24","  64.0","24","9999.9"," 0","969.1","24","  9.8","24"," 12.4","24"," 24.1"," 35.0"," 100.4","*","  69.8","*","99.99"," ","999.9","010000"
"72545314930","2021-06-18","41.40722","-95.04667","360.3","ATLANTIC MUNICIPAL AIRPORT, IA US","  81.0","24","  66.7","24","9999.9"," 0","966.5","24","  9.8","24","  6.8","24"," 13.0"," 18.1","  95.0","*","  69.8","*","99.99"," ","999.9","010000"
"72545314930","2021-06-19","41.40722","-95.04667","360.3","ATLANTIC MUNICIPAL AIRPORT, IA US","  76.6","24","  62.5","24","9999.9"," 0","967.4","24","  8.5","24","  5.8","24"," 13.0"," 15.0","  87.8","*","  64.4","*","99.99"," ","999.9","110000"
"72545314930","2021-06-20","41.40722","-95.04667","360.3","ATLANTIC MUNICIPAL AIRPORT, IA US","  76.2","24","  67.6","24","9999.9"," 0","962.4","24","  8.9","24","  7.4","24"," 26.0"," 36.9","  86.0","*","  64.4","*","99.99"," ","999.9","010000"
"72545314930","2021-06-21","41.40722","-95.04667","360.3","ATLANTIC MUNICIPAL AIRPORT, IA US","  66.0","24","  52.1","24","9999.9"," 0","969.7","24"," 10.0","24"," 12.1","24"," 22.9"," 31.1","  77.0","*","  55.4","*"," 0.00","I","999.9","000000"
"72545314930","2021-06-22","41.40722","-95.04667","360.3","ATLANTIC MUNICIPAL AIRPORT, IA US","  65.0","24","  52.9","24","9999.9"," 0","970.8","24","  9.8","24","  5.6","24"," 18.1"," 19.0","  86.0","*","  50.0","*"," 0.00","I","999.9","000000"
"72545314930","2021-06-23","41.40722","-95.04667","360.3","ATLANTIC MUNICIPAL AIRPORT, IA US","  75.0","24","  62.1","24","9999.9"," 0","966.7","24","  9.8","24","  9.4","24"," 18.1"," 25.1","  87.8","*","  64.4","*","99.99"," ","999.9","010000"
"72545314930","2021-06-24","41.40722","-95.04667","360.3","ATLANTIC MUNICIPAL AIRPORT, IA US","  76.9","24","  70.9","24","9999.9"," 0","967.0","24","  9.3","24","  9.0","24"," 24.1"," 32.1","  86.0","*","  69.8","*","99.99"," ","999.9","010000"
"72545314930","2021-06-25","41.40722","-95.04667","360.3","ATLANTIC MUNICIPAL AIRPORT, IA US","  74.6","24","  71.4","24","9999.9"," 0","966.8","24","  8.7","24","  4.0","22"," 11.1"," 15.9","  82.4","*","  66.2","*","99.99"," ","999.9","110000"
"72545314930","2021-06-26","41.40722","-95.04667","360.3","ATLANTIC MUNICIPAL AIRPORT, IA US","  72.4","24","  69.8","24","9999.9"," 0","964.7","24","  8.2","24","  7.0","24"," 15.0"," 21.0","  80.6","*","  68.0","*","99.99"," ","999.9","010000"
"72545314930","2021-06-27","41.40722","-95.04667","360.3","ATLANTIC MUNICIPAL AIRPORT, IA US","  68.8","24","  64.1","24","9999.9"," 0","970.8","24","  8.4","24","  2.8","24","  9.9"," 13.0","  80.6","*","  59.0","*"," 0.00","I","999.9","100000"
"72545314930","2021-06-28","41.40722","-95.04667","360.3","ATLANTIC MUNICIPAL AIRPORT, IA US","  73.0","24","  67.9","24","9999.9"," 0","974.6","24","  8.7","24","  2.6","24"," 11.1"," 18.1","  82.4","*","  64.4","*","99.99"," ","999.9","010000"
"72545314930","2021-06-29","41.40722","-95.04667","360.3","ATLANTIC MUNICIPAL AIRPORT, IA US","  73.8","24","  71.4","24","9999.9"," 0","976.9","24","  8.8","24","  3.1","24"," 11.1"," 13.0","  80.6","*","  68.0","*"," 0.00","I","999.9","000000"
"72545314930","2021-06-30","41.40722","-95.04667","360.3","ATLANTIC MUNICIPAL AIRPORT, IA US","  72.8","24","  67.5","24","9999.9"," 0","977.6","14","  7.8","24","  3.3","24"," 13.0"," 22.0","  84.2","*","  64.4","*","99.99"," ","999.9","010000"
"72545314930","2021-07-01","41.40722","-95.04667","360.3","ATLANTIC MUNICIPAL AIRPORT, IA US","  73.5","24","  64.5","24","9999.9"," 0","975.3","24","  9.5","24","  4.7","24","  9.9"," 19.0","  84.2","*","  60.8","*"," 0.00","I","999.9","000000"
"72545314930","2021-07-02","41.40722","-95.04667","360.3","ATLANTIC MUNICIPAL AIRPORT, IA US","  73.2","24","  65.2","24","9999.9"," 0","976.3","24","  9.7","24","  3.0","24","  8.9"," 14.0","  86.0","*","  59.0","*"," 0.00","I","999.9","000000"
"72545314930","2021-07-03","41.40722","-95.04667","360.3","ATLANTIC MUNICIPAL AIRPORT, IA US","  74.6","24","  66.9","23","9999.9"," 0","974.9","24","  8.8","24","  2.2","24","  6.0"," 11.1","  86.0","*","  62.6","*"," 0.00","I","999.9","000000"
"72545314930","2021-07-04","41.40722","-95.04667","360.3","ATLANTIC MUNICIPAL AIRPORT, IA US","  76.2","24","  68.4","24","9999.9"," 0","972.1","24","  9.4","24","  6.2","24"," 15.0"," 21.0","  86.0","*","  66.2","*"," 0.00","I","999.9","000000"
"72545314930","2021-07-05","41.40722","-95.04667","360.3","ATLANTIC MUNICIPAL AIRPORT, IA US","  77.0","24","  68.8","24","9999.9"," 0","972.2","24","  9.3","24","  6.8","24"," 14.0"," 18.1","  87.8","*","  64.4","*"," 0.00","I","999.9","000000"
"72545314930","2021-07-06","41.40722","-95.04667","360.3","ATLANTIC MUNICIPAL AIRPORT, IA US","  77.1","24","  68.4","24","9999.9"," 0","973.3","24","  9.7","24","  6.0","24"," 13.0"," 15.9","  87.8","*","  64.4","*"," 0.00","I","999.9","000000"
"72545314930","2021-07-07","41.40722","-95.04667","360.3","ATLANTIC MUNICIPAL AIRPORT, IA US","  72.2","24","  69.1","24","9999.9"," 0","971.6","24","  7.7","24","  5.8","24"," 17.1"," 21.0","  82.4","*","  68.0","*","99.99"," ","999.9","010000"
"72545314930","2021-07-08","41.40722","-95.04667","360.3","ATLANTIC MUNICIPAL AIRPORT, IA US","  64.9","24","  60.7","24","9999.9"," 0","972.6","24","  8.7","24","  4.2","24","  9.9"," 14.0","  75.2","*","  55.4","*","99.99"," ","999.9","010000"
"72545314930","2021-07-09","41.40722","-95.04667","360.3","ATLANTIC MUNICIPAL AIRPORT, IA US","  73.6","24","  68.5","24","9999.9"," 0","971.1","24","  9.8","24","  7.8","24"," 17.1"," 22.9","  86.0","*","  64.4","*","99.99"," ","999.9","010000"
"72545314930","2021-07-10","41.40722","-95.04667","360.3","ATLANTIC MUNICIPAL AIRPORT, IA US","  71.5","24","  68.8","24","9999.9"," 0","969.5","24","  8.4","24","  7.2","24"," 22.9"," 35.0","  86.0","*","  62.6","*","99.99"," ","999.9","010000"
"72545314930","2021-07-11","41.40722","-95.04667","360.3","ATLANTIC MUNICIPAL AIRPORT, IA US","  68.4","24","  63.7","24","9999.9"," 0","972.1","24","  9.2","24","  9.6","24"," 15.0"," 19.0","  77.0","*","  62.6","*","99.99"," ","999.9","010000"
"72545314930","2021-07-12","41.40722","-95.04667","360.3","ATLANTIC MUNICIPAL AIRPORT, IA US","  66.7","24","  59.4","24","9999.9"," 0","974.6","24"," 10.0","24","  3.0","24","  8.0","  9.9","  78.8","*","  53.6","*"," 0.00","I","999.9","000000"
"72545314930","2021-07-13","41.40722","-95.04667","360.3","ATLANTIC MUNICIPAL AIRPORT, IA US","  68.6","24","  63.9","24","9999.9"," 0","975.0","24","  9.3","24","  3.5","24"," 11.1"," 15.0","  82.4","*","  53.6","*"," 0.00","I","999.9","000000"
"72545314930","2021-07-14","41.40722","-95.04667","360.3","ATLANTIC MUNICIPAL AIRPORT, IA US","  76.6","24","  73.2","24","9999.9"," 0","972.4","24","  9.2","24","  6.8","24"," 15.0"," 22.0","  86.0","*","  69.8","*"," 0.00","I","999.9","000000"
"72545314930","2021-07-15","41.40722","-95.04667","360.3","ATLANTIC MUNICIPAL AIRPORT, IA US","  72.5","24","  69.7","24","9999.9"," 0","972.4","24","  9.1","24","  5.1","24","  8.9"," 15.0","  80.6","*","  64.4","*","99.99"," ","999.9","010000"
"72545314930","2021-07-16","41.40722","-95.04667","360.3","ATLANTIC MUNICIPAL AIRPORT, IA US","  70.0","24","  65.5","24","9999.9"," 0","973.0","24","  8.5","24","  4.0","24","  7.0","  9.9","  78.8","*","  59.0","*"," 0.00","I","999.9","000000"
"72545314930","2021-07-17","41.40722","-95.04667","360.3","ATLANTIC MUNICIPAL AIRPORT, IA US","  71.2","24","  66.4","24","9999.9"," 0","975.5","24","  7.5","24","  4.2","24"," 12.0"," 14.0","  80.6","*","  60.8","*","99.99"," ","999.9","010000"
"72545314930","2021-07-18","41.40722","-95.04667","360.3","ATLANTIC MUNICIPAL AIRPORT, IA US","  70.9","24","  64.1","24","9999.9"," 0","979.2","24","  8.8","24","  4.0","24","  8.9"," 12.0","  80.6","*","  59.0","*"," 0.00","I","999.9","000000"
"72545314930","2021-07-19","41.40722","-95.04667","360.3","ATLANTIC MUNICIPAL AIRPORT, IA US","  70.8","24","  65.4","24","9999.9"," 0","979.7","24","  8.5","24","  3.7","24","  7.0"," 14.0","  82.4","*","  57.2","*"," 0.00","I","999.9","000000"
"72545314930","2021-07-20","41.40722","-95.04667","360.3","ATLANTIC MUNICIPAL AIRPORT, IA US","  72.0","24","  65.8","24","9999.9"," 0","978.8","24","  8.8","24","  2.5","24","  6.0","999.9","  82.4","*","  59.0","*"," 0.00","I","999.9","000000"
"72545314930","2021-07-21","41.40722","-95.04667","360.3","ATLANTIC MUNICIPAL AIRPORT, IA US","  71.2","24","  65.5","24","9999.9"," 0","977.1","24","  8.9","24","  2.9","24","  8.9"," 13.0","  84.2","*","  57.2","*"," 0.00","I","999.9","000000"
"72545314930","2021-07-22","41.40722","-95.04667","360.3","ATLANTIC MUNICIPAL AIRPORT, IA US","  74.1","24","  69.0","24","9999.9"," 0","976.2","24","  8.7","24","  6.0","24"," 15.0"," 20.0","  84.2","*","  64.4","*"," 0.00","I","999.9","000000"
"72545314930","2021-07-23","41.40722","-95.04667","360.3","ATLANTIC MUNICIPAL AIRPORT, IA US","  76.6","24","  71.0","24","9999.9"," 0","974.3","24","  8.1","24","  7.5","24"," 15.0"," 18.1","  89.6","*","  66.2","*"," 0.00","I","999.9","000000"
"72545314930","2021-07-24","41.40722","-95.04667","360.3","ATLANTIC MUNICIPAL AIRPORT, IA US","  78.9","24","  75.3","24","9999.9"," 0","971.4","24","  8.9","24","  5.3","24","  8.9"," 13.0","  89.6","*","  71.6","*"," 0.00","I","999.9","000000"
"72545314930","2021-07-25","41.40722","-95.04667","360.3","ATLANTIC MUNICIPAL AIRPORT, IA US","  74.7","24","  71.6","24","9999.9"," 0","973.7","24","  7.4","24","  2.5","24","  7.0","999.9","  86.0","*","  62.6","*"," 0.00","I","999.9","100000"
"72545314930","2021-07-26","41.40722","-95.04667","360.3","ATLANTIC MUNICIPAL AIRPORT, IA US","  73.0","24","  66.6","24","9999.9"," 0","974.5","24","  8.9","24","  3.1","24"," 11.1"," 14.0","  87.8","*","  57.2","*"," 0.00","I","999.9","000000"
"72545314930","2021-07-27","41.40722","-95.04667","360.3","ATLANTIC MUNICIPAL AIRPORT, IA US","  75.4","24","  71.2","24","9999.9"," 0","973.7","24","  9.3","24","  5.0","24"," 13.0"," 14.0","  91.4","*","  60.8","*"," 0.00","I","999.9","000000"
"72545314930","2021-07-28","41.40722","-95.04667","360.3","ATLANTIC MUNICIPAL AIRPORT, IA US","  80.7","24","  76.9","24","9999.9"," 0","974.0","24","  8.0","24","  5.3","24","  9.9"," 14.0","  93.2","*","  69.8","*"," 0.00","I","999.9","000000"
"72545314930","2021-07-29","41.40722","-95.04667","360.3","ATLANTIC MUNICIPAL AIRPORT, IA US","  81.9","24","  79.2","24","9999.9"," 0","972.8","24","  9.1","24","  5.8","24"," 11.1"," 12.0","  89.6","*","  75.2","*"," 0.00","I","999.9","000000"
"72545314930","2021-07-30","41.40722","-95.04667","360.3","ATLANTIC MUNICIPAL AIRPORT, IA US","  75.9","24","  72.3","24","9999.9"," 0","976.1","24","  5.9","24","  6.2","24"," 11.1"," 15.9","  84.2","*","  68.0","*","99.99"," ","999.9","010000"
"72545314930","2021-07-31","41.40722","-95.04667","360.3","ATLANTIC MUNICIPAL AIRPORT, IA US","  71.8","24","  69.7","24","9999.9"," 0","975.2","24","  5.6","24","  7.9","24"," 20.0"," 27.0","  78.8","*","  66.2","*","99.99"," ","999.9","010000"
"72545314930","2021-08-01","41.40722","-95.04667","360.3","ATLANTIC MUNICIPAL AIRPORT, IA US","  71.4","22","  63.8","22","9999.9"," 0","978.3","15","  6.5","22","  6.5","22"," 14.0"," 20.0","  78.8","*","  60.8","*"," 0.00","I","999.9","000000"
"72545314930","2021-08-02","41.40722","-95.04667","360.3","ATLANTIC MUNICIPAL AIRPORT, IA US","  65.0","24","  58.1","24","9999.9"," 0","979.3","24","  7.6","24","  2.7","23","  7.0"," 12.0","  77.0","*","  51.8","*"," 0.00","I","999.9","000000"
"72545314930","2021-08-03","41.40722","-95.04667","360.3","ATLANTIC MUNICIPAL AIRPORT, IA US","  65.8","24","  59.9","24","9999.9"," 0","977.5","24","  9.3","24","  2.3","24","  7.0","999.9","  77.0","*","  53.6","*"," 0.00","I","999.9","000000"
"72545314930","2021-08-04","41.40722","-95.04667","360.3","ATLANTIC MUNICIPAL AIRPORT, IA US","  66.5","24","  60.9","24","9999.9"," 0","976.7","24","  9.8","24","  4.5","24"," 13.0"," 17.1","  78.8","*","  53.6","*"," 0.00","I","999.9","000000"
"72545314930","2021-08-05","41.40722","-95.04667","360.3","ATLANTIC MUNICIPAL AIRPORT, IA US","  72.7","24","  68.4","24","9999.9"," 0","973.0","24","  9.1","24","  5.6","24","  8.9"," 15.0","  82.4","*","  66.2","*","99.99"," ","999.9","010000"
"72545314930","2021-08-06","41.40722","-95.04667","360.3","ATLANTIC MUNICIPAL AIRPORT, IA US","  74.5","24","  71.7","24","9999.9"," 0","970.9","24","  8.8","24","  6.4","24"," 17.1"," 27.0","  86.0","*","  64.4","*","99.99"," ","999.9","010000"
"72545314930","2021-08-07","41.40722","-95.04667","360.3","ATLANTIC MUNICIPAL AIRPORT, IA US","  77.6","24","  75.7","24","9999.9"," 0","968.5","24","  8.5","24","  7.7","24"," 14.0"," 19.0","  84.2","*","  75.2","*","99.99"," ","999.9","010000"
"72545314930","2021-08-08","41.40722","-95.04667","360.3","ATLANTIC MUNICIPAL AIRPORT, IA US","  74.2","24","  72.1","24","9999.9"," 0","965.8","24","  8.8","24","  7.8","24"," 14.0"," 22.0","  82.4","*","  66.2","*","99.99"," ","999.9","010000"
"72545314930","2021-08-09","41.40722","-95.04667","360.3","ATLANTIC MUNICIPAL AIRPORT, IA US","  78.7","22","  75.5","22","9999.9"," 0","966.0","22","  7.0","22","  5.2","22","  9.9"," 13.0","  89.6","*","  64.4","*"," 0.00","I","999.9","100000"
"72545314930","2021-08-10","41.40722","-95.04667","360.3","ATLANTIC MUNICIPAL AIRPORT, IA US","  81.3","24","  79.6","24","9999.9"," 0","967.7","24","  7.9","24","  5.6","24"," 14.0","999.9","  89.6","*","  75.2","*"," 0.00","I","999.9","000000"
"72545314930","2021-08-11","41.40722","-95.04667","360.3","ATLANTIC MUNICIPAL AIRPORT, IA US","  81.2","24","  78.1","24","9999.9"," 0","966.3","24","  8.5","24","  7.3","24"," 13.0"," 20.0","  87.8","*","  75.2","*"," 0.00","I","999.9","000000"
"72545314930","2021-08-12","41.40722","-95.04667","360.3","ATLANTIC MUNICIPAL AIRPORT, IA US","  75.3","24","  72.1","23","9999.9"," 0","969.6","24","  9.0","24","  4.5","22"," 14.0"," 17.1","  86.0","*","  64.4","*","99.99"," ","999.9","010000"
"72545314930","2021-08-13","41.40722","-95.04667","360.3","ATLANTIC MUNICIPAL AIRPORT, IA US","  71.5","24","  63.3","24","9999.9"," 0","977.1","24"," 10.0","24","  3.8","24","  8.9","  9.9","  82.4","*","  62.6","*"," 0.00","I","999.9","000000"
"72545314930","2021-08-14","41.40722","-95.04667","360.3","ATLANTIC MUNICIPAL AIRPORT, IA US","  67.2","24","  57.6","24","9999.9"," 0","981.5","24"," 10.0","24","  3.4","24","  8.9"," 13.0","  82.4","*","  50.0","*","99.99"," ","999.9","010000"
"72545314930","2021-08-15","41.40722","-95.04667","360.3","ATLANTIC MUNICIPAL AIRPORT, IA US","  66.3","24","  58.8","24","9999.9"," 0","978.8","24","  9.9","24","  4.8","24","  9.9"," 13.0","  82.4","*","  50.0","*"," 0.00","I","999.9","000000"
"72545314930","2021-08-16","41.40722","-95.04667","360.3","ATLANTIC MUNICIPAL AIRPORT, IA US","  70.7","24","  63.9","24","9999.9"," 0","974.2","24","  9.9","24","  4.1","24","  9.9"," 13.0","  84.2","*","  57.2","*"," 0.00","I","999.9","000000"
"72545314930","2021-08-17","41.40722","-95.04667","360.3","ATLANTIC MUNICIPAL AIRPORT, IA US","  74.6","24","  68.5","24","9999.9"," 0","971.6","24","  9.6","24","  5.5","24"," 11.1"," 15.0","  86.0","*","  64.4","*"," 0.00","I","999.9","000000"
"72545314930","2021-08-18","41.40722","-95.04667","360.3","ATLANTIC MUNICIPAL AIRPORT, IA US","  76.1","24","  72.0","24","9999.9"," 0","972.6","24","  9.6","24","  6.4","24"," 13.0"," 17.1","  86.0","*","  66.2","*"," 0.00","I","999.9","000000"
"72545314930","2021-08-19","41.40722","-95.04667","360.3","ATLANTIC MUNICIPAL AIRPORT, IA US","  77.1","24","  73.1","24","9999.9"," 0","973.9","24","  9.2","24","  3.8","24"," 12.0"," 15.9","  87.8","*","  68.0","*","99.99"," ","999.9","010000"
"72545314930","2021-08-20","41.40722","-95.04667","360.3","ATLANTIC MUNICIPAL AIRPORT, IA US","  79.5","24","  75.4","24","9999.9"," 0","968.4","24","  9.5","24","  9.0","24"," 19.0"," 27.0","  89.6","*","  71.6","*"," 0.00","I","999.9","000000"
"72545314930","2021-08-21","41.40722","-95.04667","360.3","ATLANTIC MUNICIPAL AIRPORT, IA US","  72.1","24","  67.5","24","9999.9"," 0","968.9","24","  9.6","24","  8.4","24"," 15.9"," 22.0","  82.4","*","  62.6","*","99.99"," ","999.9","010000"
"72545314930","2021-08-22","41.40722","-95.04667","360.3","ATLANTIC MUNICIPAL AIRPORT, IA US","  66.1","24","  60.9","24","9999.9"," 0","973.8","24","  9.5","24","  5.4","24"," 13.0"," 19.0","  82.4","*","  53.6","*"," 0.00","I","999.9","000000"
"72545314930","2021-08-23","41.40722","-95.04667","360.3","ATLANTIC MUNICIPAL AIRPORT, IA US","  80.7","24","  75.1","24","9999.9"," 0","968.9","24","  9.3","24","  5.8","24","  8.9"," 15.0","  93.2","*","  73.4","*"," 0.00","I","999.9","000000"
"72545314930","2021-08-24","41.40722","-95.04667","360.3","ATLANTIC MUNICIPAL AIRPORT, IA US","  82.7","24","  76.2","24","9999.9"," 0","968.0","24","  9.3","24","  7.9","24"," 15.9"," 20.0","  91.4","*","  73.4","*"," 0.00","I","999.9","000000"
"72545314930","2021-08-25","41.40722","-95.04667","360.3","ATLANTIC MUNICIPAL AIRPORT, IA US","  81.7","24","  74.8","24","9999.9"," 0","972.5","24","  9.8","24","  3.9","24"," 14.0"," 21.0","  91.4","*","  71.6","*","99.99"," ","999.9","010000"
"72545314930","2021-08-26","41.40722","-95.04667","360.3","ATLANTIC MUNICIPAL AIRPORT, IA US","  78.1","24","  75.4","24","9999.9"," 0","975.2","24","  9.1","24","  7.6","24"," 17.1"," 24.1","  89.6","*","  69.8","*"," 0.00","I","999.9","000000"
"72545314930","2021-08-27","41.40722","-95.04667","360.3","ATLANTIC MUNICIPAL AIRPORT, IA US","  82.6","24","  77.5","24","9999.9"," 0","970.2","24"," 10.0","24","  9.9","24"," 20.0"," 26.0","  91.4","*","  73.4","*"," 0.00","I","999.9","000000"
"72545314930","2021-08-28","41.40722","-95.04667","360.3","ATLANTIC MUNICIPAL AIRPORT, IA US","  82.1","24","  75.2","24","9999.9"," 0","970.9","24"," 10.0","24"," 10.7","24"," 18.1"," 24.1","  89.6","*","  73.4","*"," 0.00","I","999.9","000000"
"72545314930","2021-08-29","41.40722","-95.04667","360.3","ATLANTIC MUNICIPAL AIRPORT, IA US","  75.4","24","  71.3","24","9999.9"," 0","973.6","24","  9.8","24","  7.4","24"," 13.0"," 21.0","  84.2","*","  68.0","*","99.99"," ","999.9","010000"
"72545314930","2021-08-30","41.40722","-95.04667","360.3","ATLANTIC MUNICIPAL AIRPORT, IA US","  70.8","24","  66.4","24","9999.9"," 0","973.2","24","  9.5","24","  3.4","24","  8.9"," 12.0","  86.0","*","  59.0","*"," 0.00","I","999.9","000000"
"72545314930","2021-08-31","41.40722","-95.04667","360.3","ATLANTIC MUNICIPAL AIRPORT, IA US","  70.1","24","  67.0","24","9999.9"," 0","967.8","24","  8.4","24","  6.8","24"," 22.0"," 41.0","  82.4","*","  62.6","*","99.99"," ","999.9","010000"
"72545314930","2021-09-01","41.40722","-95.04667","360.3","ATLANTIC MUNICIPAL AIRPORT, IA US","  67.8","22","  63.9","21","9999.9"," 0","971.6","18","  9.4","22","  6.4","21"," 13.0"," 20.0","  78.8","*","  55.4","*"," 0.00","I","999.9","000000"
"72545314930","2021-09-02","41.40722","-95.04667","360.3","ATLANTIC MUNICIPAL AIRPORT, IA US","  69.3","24","  65.7","24","9999.9"," 0","972.5","24"," 10.0","24","  7.3","24"," 15.0"," 22.0","  75.2","*","  64.4","*","99.99"," ","999.9","010000"
"72545314930","2021-09-03","41.40722","-95.04667","360.3","ATLANTIC MUNICIPAL AIRPORT, IA US","  69.6","24","  68.4","24","9999.9"," 0","969.8","24","  9.1","24","  7.5","24"," 12.0"," 15.9","  75.2","*","  66.2","*","99.99"," ","999.9","010000"
"72545314930","2021-09-04","41.40722","-95.04667","360.3","ATLANTIC MUNICIPAL AIRPORT, IA US","  67.9","24","  66.3","24","9999.9"," 0","971.9","24","  9.1","24","  5.1","24"," 11.1","999.9","  75.2","*","  64.4","*"," 0.00","I","999.9","000000"
"72545314930","2021-09-05","41.40722","-95.04667","360.3","ATLANTIC MUNICIPAL AIRPORT, IA US","  66.8","24","  62.0","24","9999.9"," 0","972.9","24","  9.5","24","  3.3","24","  9.9"," 14.0","  82.4","*","  55.4","*"," 0.00","I","999.9","000000"
"72545314930","2021-09-06","41.40722","-95.04667","360.3","ATLANTIC MUNICIPAL AIRPORT, IA US","  69.8","24","  66.7","24","9999.9"," 0","971.3","24","  9.9","24","  4.5","24"," 15.0","999.9","  86.0","*","  57.2","*"," 0.00","I","999.9","000000"
"72545314930","2021-09-07","41.40722","-95.04667","360.3","ATLANTIC MUNICIPAL AIRPORT, IA US","  73.3","24","  66.5","24","9999.9"," 0","967.5","24"," 10.0","24","  7.9","24"," 15.0"," 22.9","  82.4","*","  64.4","*"," 0.00","I","999.9","000000"
"72545314930","2021-09-08","41.40722","-95.04667","360.3","ATLANTIC MUNICIPAL AIRPORT, IA US","  65.5","24","  54.4","24","9999.9"," 0","972.9","24"," 10.0","24","  5.8","24"," 15.0"," 21.0","  78.8","*","  53.6","*"," 0.00","I","999.9","000000"
"72545314930","2021-09-09","41.40722","-95.04667","360.3","ATLANTIC MUNICIPAL AIRPORT, IA US","  61.6","24","  53.2","24","9999.9"," 0","975.0","24"," 10.0","24","  1.2","24","  6.0","999.9","  78.8","*","  46.4","*","99.99"," ","999.9","010000"
"72545314930","2021-09-10","41.40722","-95.04667","360.3","ATLANTIC MUNICIPAL AIRPORT, IA US","  67.3","24","  61.6","24","9999.9"," 0","971.9","24"," 10.0","24","  3.1","24","  7.0","999.9","  84.2","*","  55.4","*","99.99"," ","999.9","010000"
"72545314930","2021-09-11","41.40722","-95.04667","360.3","ATLANTIC MUNICIPAL AIRPORT, IA US","  71.2","24","  67.2","24","9999.9"," 0","969.0","24","  9.5","24","  4.0","24"," 15.0"," 19.0","  87.8","*","  57.2","*"," 0.00","I","999.9","000000"
"72545314930","2021-09-12","41.40722","-95.04667","360.3","ATLANTIC MUNICIPAL AIRPORT, IA US","  71.5","24","  69.6","24","9999.9"," 0","970.7","24"," 10.0","24","  5.3","24"," 13.0"," 18.1","  80.6","*","  66.2","*","99.99"," ","999.9","010000"
"72545314930","2021-09-13","41.40722","-95.04667","360.3","ATLANTIC MUNICIPAL AIRPORT, IA US","  71.5","24","  67.5","24","9999.9"," 0","971.5","24"," 10.0","24","  5.8","24"," 15.9"," 24.1","  84.2","*","  64.4","*"," 0.00","I","999.9","000000"
"72545314930","2021-09-14","41.40722","-95.04667","360.3","ATLANTIC MUNICIPAL AIRPORT, IA US","  70.2","24","  67.1","24","9999.9"," 0","969.0","24","  9.5","24","  5.4","24"," 13.0","999.9","  78.8","*","  64.4","*"," 0.00","I","999.9","000000"
"72545314930","2021-09-15","41.40722","-95.04667","360.3","ATLANTIC MUNICIPAL AIRPORT, IA US","  62.9","24","  56.9","24","9999.9"," 0","973.4","24"," 10.0","24","  3.8","24","  9.9"," 15.0","  80.6","*","  48.2","*"," 0.00","I","999.9","000000"
"72545314930","2021-09-16","41.40722","-95.04667","360.3","ATLANTIC MUNICIPAL AIRPORT, IA US","  72.0","24","  63.9","24","9999.9"," 0","970.6","24"," 10.0","24","  9.8","24"," 18.1"," 26.0","  87.8","*","  60.8","*"," 0.00","I","999.9","000000"
"72545314930","2021-09-17","41.40722","-95.04667","360.3","ATLANTIC MUNICIPAL AIRPORT, IA US","  72.2","24","  67.2","24","9999.9"," 0","972.8","21"," 10.0","24","  7.9","24"," 18.1"," 25.1","  82.4","*","  66.2","*","99.99"," ","999.9","010000"
"72545314930","2021-09-18","41.40722","-95.04667","360.3","ATLANTIC MUNICIPAL AIRPORT, IA US","  65.9","24","  59.0","24","9999.9"," 0","978.3","22"," 10.0","24","  4.1","24"," 11.1"," 15.0","  86.0","*","  51.8","*"," 0.00","I","999.9","000000"
"72545314930","2021-09-19","41.40722","-95.04667","360.3","ATLANTIC MUNICIPAL AIRPORT, IA US","  75.3","24","  68.3","24","9999.9"," 0","972.5","24","  9.8","24","  7.4","24"," 18.1"," 25.1","  87.8","*","  60.8","*","99.99"," ","999.9","010000"
"72545314930","2021-09-20","41.40722","-95.04667","360.3","ATLANTIC MUNICIPAL AIRPORT, IA US","  72.3","24","  67.9","24","9999.9"," 0","965.7","24"," 10.0","24"," 10.0","24"," 22.0"," 27.0","  82.4","*","  64.4","*","99.99"," ","999.9","010000"
"72545314930","2021-09-21","41.40722","-95.04667","360.3","ATLANTIC MUNICIPAL AIRPORT, IA US","  60.4","24","  51.6","24","9999.9"," 0","977.8","24"," 10.0","24"," 10.8","24"," 19.0"," 26.0","  71.6","*","  50.0","*"," 0.00","I","999.9","000000"
"72545314930","2021-09-22","41.40722","-95.04667","360.3","ATLANTIC MUNICIPAL AIRPORT, IA US","  54.4","24","  42.9","24","9999.9"," 0","983.5","24"," 10.0","24","  3.2","24","  9.9"," 14.0","  69.8","*","  37.4","*"," 0.00","I","999.9","000000"
"72545314930","2021-09-23","41.40722","-95.04667","360.3","ATLANTIC MUNICIPAL AIRPORT, IA US","  54.1","24","  42.5","24","9999.9"," 0","976.7","23","  9.8","24","  4.7","24"," 14.0"," 15.9","  78.8","*","  35.6","*"," 0.00","I","999.9","000000"
"72545314930","2021-09-24","41.40722","-95.04667","360.3","ATLANTIC MUNICIPAL AIRPORT, IA US","  60.4","24","  53.5","24","9999.9"," 0","970.9","24","  9.9","24","  6.4","24"," 19.0"," 27.0","  71.6","*","  50.0","*","99.99"," ","999.9","010000"
"72545314930","2021-09-25","41.40722","-95.04667","360.3","ATLANTIC MUNICIPAL AIRPORT, IA US","  53.4","24","  43.3","24","9999.9"," 0","975.7","24"," 10.0","24","  4.2","24"," 19.0"," 21.0","  77.0","*","  33.8","*"," 0.00","I","999.9","000000"
"72545314930","2021-09-26","41.40722","-95.04667","360.3","ATLANTIC MUNICIPAL AIRPORT, IA US","  64.9","24","  52.7","24","9999.9"," 0","968.7","24"," 10.0","24","  7.3","24"," 15.9"," 21.0","  86.0","*","  50.0","*"," 0.00","I","999.9","000000"
"72545314930","2021-09-27","41.40722","-95.04667","360.3","ATLANTIC MUNICIPAL AIRPORT, IA US","  69.0","24","  56.2","24","9999.9"," 0","965.5","24"," 10.0","24","  3.4","24","  8.0"," 12.0","  91.4","*","  51.8","*"," 0.00","I","999.9","000000"
"72545314930","2021-09-28","41.40722","-95.04667","360.3","ATLANTIC MUNICIPAL AIRPORT, IA US","  69.6","24","  58.9","24","9999.9"," 0","968.6","24","  9.7","24","  5.1","24"," 12.0"," 20.0","  91.4","*","  53.6","*"," 0.00","I","999.9","000000"
"72545314930","2021-09-29","41.40722","-95.04667","360.3","ATLANTIC MUNICIPAL AIRPORT, IA US","  69.9","24","  60.7","24","9999.9"," 0","969.7","24"," 10.0","24","  4.8","24"," 14.0"," 20.0","  84.2","*","  53.6","*"," 0.00","I","999.9","000000"
"72545314930","2021-09-30","41.40722","-95.04667","360.3","ATLANTIC MUNICIPAL AIRPORT, IA US","  72.6","24","  68.5","24","9999.9"," 0","973.5","24","  9.5","24","  5.7","24"," 14.0"," 22.9","  84.2","*","  64.4","*","99.99"," ","999.9","010000"
"72545314930","2021-10-01","41.40722","-95.04667","360.3","ATLANTIC MUNICIPAL AIRPORT, IA US","  68.4","24","  67.9","24","9999.9"," 0","974.7","18","  9.9","24","  5.5","24"," 15.9"," 22.0","  75.2","*","  62.6","*","99.99"," ","999.9","010000"
"72545314930","2021-10-02","41.40722","-95.04667","360.3","ATLANTIC MUNICIPAL AIRPORT, IA US","  64.1","24","  63.8","23","9999.9"," 0","973.2","24","  8.6","24","  3.7","24"," 11.1"," 13.0","  69.8","*","  57.2","*"," 0.00","I","999.9","100000"
"72545314930","2021-10-03","41.40722","-95.04667","360.3","ATLANTIC MUNICIPAL AIRPORT, IA US","  65.7","24","  57.2","24","9999.9"," 0","972.2","24","  9.4","24","  6.9","24"," 13.0"," 18.1","  75.2","*","  59.0","*"," 0.00","I","999.9","000000"
"72545314930","2021-10-04","41.40722","-95.04667","360.3","ATLANTIC MUNICIPAL AIRPORT, IA US","  59.5","24","  48.7","23","9999.9"," 0","974.9","24"," 10.0","24","  1.8","24","  8.0"," 15.0","  78.8","*","  44.6","*"," 0.00","I","999.9","000000"
"72545314930","2021-10-05","41.40722","-95.04667","360.3","ATLANTIC MUNICIPAL AIRPORT, IA US","  58.2","24","  54.5","24","9999.9"," 0","979.0","24"," 10.0","24","  3.9","24","  9.9"," 15.0","  75.2","*","  44.6","*"," 0.00","I","999.9","000000"
"72545314930","2021-10-06","41.40722","-95.04667","360.3","ATLANTIC MUNICIPAL AIRPORT, IA US","  60.7","24","  58.1","24","9999.9"," 0","979.1","24","  9.5","24","  2.6","23","  6.0","999.9","  73.4","*","  50.0","*"," 0.00","I","999.9","000000"
"72545314930","2021-10-07","41.40722","-95.04667","360.3","ATLANTIC MUNICIPAL AIRPORT, IA US","  67.1","24","  64.2","24","9999.9"," 0","975.4","24","  8.4","24","  2.4","24","  6.0"," 11.1","  73.4","*","  62.6","*"," 0.00","I","999.9","000000"
"72545314930","2021-10-08","41.40722","-95.04667","360.3","ATLANTIC MUNICIPAL AIRPORT, IA US","  64.8","24","  58.3","24","9999.9"," 0","972.1","24","  9.6","24","  3.0","24","  9.9"," 15.9","  84.2","*","  50.0","*"," 0.00","I","999.9","000000"
"72545314930","2021-10-09","41.40722","-95.04667","360.3","ATLANTIC MUNICIPAL AIRPORT, IA US","  69.5","24","  64.4","24","9999.9"," 0","965.8","24"," 10.0","24","  4.7","24"," 14.0"," 24.1","  77.0","*","  60.8","*"," 0.00","I","999.9","000000"
"72545314930","2021-10-10","41.40722","-95.04667","360.3","ATLANTIC MUNICIPAL AIRPORT, IA US","  64.3","24","  60.4","24","9999.9"," 0","961.0","24","  9.9","24","  4.9","24"," 13.0"," 19.0","  71.6","*","  59.0","*","99.99"," ","999.9","010000"
"72545314930","2021-10-11","41.40722","-95.04667","360.3","ATLANTIC MUNICIPAL AIRPORT, IA US","  58.9","24","  53.5","24","9999.9"," 0","963.3","24","  9.9","24","  5.0","24"," 12.0"," 14.0","  69.8","*","  53.6","*","99.99"," ","999.9","010000"
"72545314930","2021-10-12","41.40722","-95.04667","360.3","ATLANTIC MUNICIPAL AIRPORT, IA US","  54.3","24","  44.9","24","9999.9"," 0","969.6","24","  9.6","24","  1.4","24","  6.0"," 12.0","  77.0","*","  37.4","*"," 0.00","I","999.9","000000"
"72545314930","2021-10-13","41.40722","-95.04667","360.3","ATLANTIC MUNICIPAL AIRPORT, IA US","  65.0","20","  50.3","20","9999.9"," 0","963.1","20","  9.8","20"," 13.0","20"," 26.0"," 35.9","  71.6","*","  59.0","*","99.99"," ","999.9","010000"
"72545314930","2021-10-14","41.40722","-95.04667","360.3","ATLANTIC MUNICIPAL AIRPORT, IA US","  52.3","24","  40.0","24","9999.9"," 0","968.8","24"," 10.0","24","  5.8","24"," 11.1"," 14.0","  64.4","*","  39.2","*","99.99"," ","999.9","010000"
"72545314930","2021-10-15","41.40722","-95.04667","360.3","ATLANTIC MUNICIPAL AIRPORT, IA US","  52.4","24","  40.8","24","9999.9"," 0","973.8","24"," 10.0","24","  7.0","24"," 17.1"," 24.1","  59.0","*","  44.6","*","99.99"," ","999.9","010000"
"72545314930","2021-10-16","41.40722","-95.04667","360.3","ATLANTIC MUNICIPAL AIRPORT, IA US","  48.0","24","  35.5","24","9999.9"," 0","978.4","24"," 10.0","24","  7.2","24"," 13.0"," 19.0","  62.6","*","  33.8","*"," 0.00","I","999.9","000000"
"72545314930","2021-10-17","41.40722","-95.04667","360.3","ATLANTIC MUNICIPAL AIRPORT, IA US","  49.4","24","  37.8","24","9999.9"," 0","979.2","24"," 10.0","24","  4.4","24"," 12.0"," 17.1","  71.6","*","  33.8","*"," 0.00","I","999.9","000000"
"72545314930","2021-10-18","41.40722","-95.04667","360.3","ATLANTIC MUNICIPAL AIRPORT, IA US","  53.8","24","  42.2","24","9999.9"," 0","974.2","24"," 10.0","24","  5.0","24"," 18.1"," 29.9","  75.2","*","  37.4","*"," 0.00","I","999.9","000000"
"72545314930","2021-10-19","41.40722","-95.04667","360.3","ATLANTIC MUNICIPAL AIRPORT, IA US","  61.5","24","  48.7","24","9999.9"," 0","970.5","24"," 10.0","24","  9.6","24"," 15.9"," 25.1","  75.2","*","  53.6","*"," 0.00","I","999.9","000000"
"72545314930","2021-10-20","41.40722","-95.04667","360.3","ATLANTIC MUNICIPAL AIRPORT, IA US","  59.6","24","  56.0","24","9999.9"," 0","969.7","24","  9.8","24","  9.1","24"," 17.1"," 24.1","  68.0","*","  50.0","*"," 0.00","I","999.9","000000"
"72545314930","2021-10-21","41.40722","-95.04667","360.3","ATLANTIC MUNICIPAL AIRPORT, IA US","  44.3","24","  42.8","24","9999.9"," 0","975.7","24"," 10.0","24"," 12.4","24"," 19.0"," 26.0","  48.2","*","  41.0","*"," 0.00","I","999.9","000000"
"72545314930","2021-10-22","41.40722","-95.04667","360.3","ATLANTIC MUNICIPAL AIRPORT, IA US","  38.5","24","  35.8","24","9999.9"," 0","977.0","24","  7.5","24","  2.2","24","  9.9"," 14.0","  51.8","*","  28.4","*"," 0.00","I","999.9","100000"
"72545314930","2021-10-23","41.40722","-95.04667","360.3","ATLANTIC MUNICIPAL AIRPORT, IA US","  43.6","24","  38.5","24","9999.9"," 0","972.5","24","  9.6","24","  6.3","24"," 14.0"," 19.0","  57.2","*","  35.6","*"," 0.00","I","999.9","000000"
"72545314930","2021-10-24","41.40722","-95.04667","360.3","ATLANTIC MUNICIPAL AIRPORT, IA US","  46.4","20","  43.7","20","9999.9"," 0","964.1","20","  7.0","20"," 10.7","20"," 15.9"," 21.0","  51.8","*","  44.6","*","99.99"," ","999.9","010000"
"72545314930","2021-10-25","41.40722","-95.04667","360.3","ATLANTIC MUNICIPAL AIRPORT, IA US","  45.1","24","  42.5","23","9999.9"," 0","972.9","24","  9.8","24","  8.1","24"," 17.1"," 22.9","  53.6","*","  37.4","*","99.99"," ","999.9","010000"
"72545314930","2021-10-26","41.40722","-95.04667","360.3","ATLANTIC MUNICIPAL AIRPORT, IA US","  48.3","21","  43.0","21","9999.9"," 0","971.5","21","  9.8","21","  9.2","21"," 19.0"," 27.0","  57.2","*","  37.4","*"," 0.00","I","999.9","000000"
"72545314930","2021-10-27","41.40722","-95.04667","360.3","ATLANTIC MUNICIPAL AIRPORT, IA US","  54.3","24","  48.8","24","9999.9"," 0","962.9","24","  9.5","24","  9.5","24"," 18.1"," 25.1","  57.2","*","  50.0","*","99.99"," ","999.9","010000"
"72545314930","2021-10-28","41.40722","-95.04667","360.3","ATLANTIC MUNICIPAL AIRPORT, IA US","  49.0","24","  48.9","24","9999.9"," 0","961.9","24","  5.0","24"," 10.2","24"," 21.0"," 29.9","  50.0","*","  48.2","*","99.99"," ","999.9","010000"
"72545314930","2021-10-29","41.40722","-95.04667","360.3","ATLANTIC MUNICIPAL AIRPORT, IA US","  49.5","24","  46.3","24","9999.9"," 0","969.1","24","  9.4","24"," 15.8","24"," 22.9"," 31.1","  57.2","*","  44.6","*","99.99"," ","999.9","010000"
"72545314930","2021-10-30","41.40722","-95.04667","360.3","ATLANTIC MUNICIPAL AIRPORT, IA US","  43.0","24","  35.6","24","9999.9"," 0","968.8","24"," 10.0","24","  2.7","24","  8.0","999.9","  64.4","*","  28.4","*"," 0.00","I","999.9","000000"
"72545314930","2021-10-31","41.40722","-95.04667","360.3","ATLANTIC MUNICIPAL AIRPORT, IA US","  45.7","24","  37.7","24","9999.9"," 0","976.4","24"," 10.0","24"," 10.2","24"," 21.0"," 28.9","  51.8","*","  35.6","*"," 0.00","I","999.9","000000"
"72545314930","2021-11-01","41.40722","-95.04667","360.3","ATLANTIC MUNICIPAL AIRPORT, IA US","  36.6","24","  31.5","24","9999.9"," 0","985.4","18"," 10.0","24","  5.0","24"," 13.0"," 14.0","  44.6","*","  28.4","*"," 0.00","I","999.9","000000"
"72545314930","2021-11-02","41.40722","-95.04667","360.3","ATLANTIC MUNICIPAL AIRPORT, IA US","  33.0","24","  26.5","23","9999.9"," 0","987.0","24"," 10.0","24","  4.1","24"," 13.0"," 17.1","  48.2","*","  21.2","*"," 0.00","I","999.9","000000"
"72545314930","2021-11-03","41.40722","-95.04667","360.3","ATLANTIC MUNICIPAL AIRPORT, IA US","  33.5","24","  31.2","23","9999.9"," 0","984.8","24"," 10.0","24","  3.7","24"," 12.0"," 17.1","  46.4","*","  23.0","*"," 0.00","I","999.9","000000"
"72545314930","2021-11-04","41.40722","-95.04667","360.3","ATLANTIC MUNICIPAL AIRPORT, IA US","  43.5","24","  36.6","24","9999.9"," 0","980.7","24"," 10.0","24","  7.0","24"," 15.0"," 22.0","  55.4","*","  30.2","*"," 0.00","I","999.9","000000"
"72545314930","2021-11-05","41.40722","-95.04667","360.3","ATLANTIC MUNICIPAL AIRPORT, IA US","  46.1","24","  41.5","24","9999.9"," 0","976.8","24"," 10.0","24"," 12.8","24"," 24.1"," 33.0","  59.0","*","  37.4","*"," 0.00","I","999.9","000000"
"72545314930","2021-11-06","41.40722","-95.04667","360.3","ATLANTIC MUNICIPAL AIRPORT, IA US","  48.2","24","  43.5","24","9999.9"," 0","975.6","24","  9.8","24","  8.5","24"," 13.0"," 17.1","  66.2","*","  33.8","*"," 0.00","I","999.9","000000"
"72545314930","2021-11-07","41.40722","-95.04667","360.3","ATLANTIC MUNICIPAL AIRPORT, IA US","  53.9","24","  49.1","23","9999.9"," 0","972.2","24"," 10.0","24","  9.0","24"," 18.1"," 24.1","  68.0","*","  46.4","*"," 0.00","I","999.9","000000"
"72545314930","2021-11-08","41.40722","-95.04667","360.3","ATLANTIC MUNICIPAL AIRPORT, IA US","  47.4","24","  45.8","23","9999.9"," 0","973.2","24","  9.4","24","  4.7","24"," 17.1"," 22.0","  60.8","*","  33.8","*"," 0.00","I","999.9","000000"
"72545314930","2021-11-09","41.40722","-95.04667","360.3","ATLANTIC MUNICIPAL AIRPORT, IA US","  49.2","24","  34.8","24","9999.9"," 0","979.6","24","  9.7","24","  7.6","24"," 12.0"," 17.1","  60.8","*","  41.0","*"," 0.00","I","999.9","000000"
"72545314930","2021-11-10","41.40722","-95.04667","360.3","ATLANTIC MUNICIPAL AIRPORT, IA US","  48.8","24","  46.5","24","9999.9"," 0","971.4","24","  6.6","24","  4.3","24","  8.9"," 15.9","  53.6","*","  41.0","*","99.99"," ","999.9","010000"
"72545314930","2021-11-11","41.40722","-95.04667","360.3","ATLANTIC MUNICIPAL AIRPORT, IA US","  46.0","24","  39.1","24","9999.9"," 0","964.6","24","  8.9","24"," 14.9","24"," 24.1"," 35.0","  53.6","*","  37.4","*","99.99"," ","999.9","010000"
"72545314930","2021-11-12","41.40722","-95.04667","360.3","ATLANTIC MUNICIPAL AIRPORT, IA US","  34.9","24","  29.4","24","9999.9"," 0","968.0","24","  9.0","24"," 18.9","24"," 26.0"," 38.1","  44.6","*","  32.0","*","99.99"," ","999.9","011000"
"72545314930","2021-11-13","41.40722","-95.04667","360.3","ATLANTIC MUNICIPAL AIRPORT, IA US","  31.4","24","  27.8","24","9999.9"," 0","975.9","24"," 10.0","24"," 11.8","24"," 20.0"," 31.1","  39.2","*","  28.4","*","99.99"," ","999.9","010000"
"72545314930","2021-11-14","41.40722","-95.04667","360.3","ATLANTIC MUNICIPAL AIRPORT, IA US","  36.7","24","  32.9","24","9999.9"," 0","972.6","24"," 10.0","24"," 11.5","24"," 24.1"," 35.9","  46.4","*","  28.4","*","99.99"," ","999.9","010000"
"72545314930","2021-11-15","41.40722","-95.04667","360.3","ATLANTIC MUNICIPAL AIRPORT, IA US","  41.9","24","  36.7","24","9999.9"," 0","970.9","24"," 10.0","24","  3.2","24","  8.0","  9.9","  53.6","*","  35.6","*"," 0.00","I","999.9","000000"
"72545314930","2021-11-16","41.40722","-95.04667","360.3","ATLANTIC MUNICIPAL AIRPORT, IA US","  45.7","24","  41.1","24","9999.9"," 0","966.4","24"," 10.0","24","  6.4","24"," 18.1"," 22.0","  69.8","*","  33.8","*"," 0.00","I","999.9","000000"
"72545314930","2021-11-17","41.40722","-95.04667","360.3","ATLANTIC MUNICIPAL AIRPORT, IA US","  46.4","21","  33.3","20","9999.9"," 0","968.7","21"," 10.0","21"," 10.3","21"," 18.1"," 26.0","  57.2","*","  39.2","*"," 0.00","I","999.9","000000"
"72545314930","2021-11-18","41.40722","-95.04667","360.3","ATLANTIC MUNICIPAL AIRPORT, IA US","  32.6","24","  19.3","24","9999.9"," 0","983.5","24"," 10.0","24"," 10.6","24"," 19.0"," 25.1","  39.2","*","  26.6","*"," 0.00","I","999.9","000000"
"72545314930","2021-11-19","41.40722","-95.04667","360.3","ATLANTIC MUNICIPAL AIRPORT, IA US","  30.5","24","  20.6","24","9999.9"," 0","982.9","24","  9.8","24","  8.1","24"," 20.0"," 29.9","  46.4","*","  15.8","*"," 0.00","I","999.9","000000"
"72545314930","2021-11-20","41.40722","-95.04667","360.3","ATLANTIC MUNICIPAL AIRPORT, IA US","  43.9","24","  28.5","24","9999.9"," 0","974.4","24"," 10.0","24","  6.2","24"," 11.1"," 15.9","  59.0","*","  32.0","*"," 0.00","I","999.9","000000"
"72545314930","2021-11-21","41.40722","-95.04667","360.3","ATLANTIC MUNICIPAL AIRPORT, IA US","  40.4","24","  28.0","24","9999.9"," 0","979.0","24"," 10.0","24","  7.7","24"," 22.9"," 28.0","  48.2","*","  26.6","*"," 0.00","I","999.9","000000"
"72545314930","2021-11-22","41.40722","-95.04667","360.3","ATLANTIC MUNICIPAL AIRPORT, IA US","  29.6","24","  17.4","24","9999.9"," 0","982.5","24"," 10.0","24","  4.8","24"," 11.1"," 15.0","  44.6","*","  17.6","*"," 0.00","I","999.9","000000"
"72545314930","2021-11-23","41.40722","-95.04667","360.3","ATLANTIC MUNICIPAL AIRPORT, IA US","  36.9","24","  26.3","24","9999.9"," 0","973.5","24","  9.8","24","  7.0","24"," 22.0"," 27.0","  62.6","*","  23.0","*"," 0.00","I","999.9","000000"
"72545314930","2021-11-24","41.40722","-95.04667","360.3","ATLANTIC MUNICIPAL AIRPORT, IA US","  50.5","24","  36.9","24","9999.9"," 0","963.9","24"," 10.0","24"," 11.8","24"," 18.1"," 26.0","  53.6","*","  42.8","*"," 0.00","I","999.9","000000"
"72545314930","2021-11-25","41.40722","-95.04667","360.3","ATLANTIC MUNICIPAL AIRPORT, IA US","  27.7","24","  15.2","24","9999.9"," 0","983.9","24"," 10.0","24"," 15.0","24"," 24.1"," 34.0","  41.0","*","  17.6","*"," 0.00","I","999.9","000000"
"72545314930","2021-11-26","41.40722","-95.04667","360.3","ATLANTIC MUNICIPAL AIRPORT, IA US","  27.6","24","  18.3","24","9999.9"," 0","978.1","24"," 10.0","24","  5.9","24"," 15.0"," 17.1","  48.2","*","  14.0","*"," 0.00","I","999.9","000000"
"72545314930","2021-11-27","41.40722","-95.04667","360.3","ATLANTIC MUNICIPAL AIRPORT, IA US","  40.4","24","  32.4","24","9999.9"," 0","968.9","24","  9.9","24","  6.1","24"," 22.0"," 28.9","  60.8","*","  26.6","*"," 0.00","I","999.9","000000"
"72545314930","2021-11-28","41.40722","-95.04667","360.3","ATLANTIC MUNICIPAL AIRPORT, IA US","  33.9","24","  26.8","23","9999.9"," 0","979.0","24"," 10.0","24","  3.7","24","  8.9"," 11.1","  44.6","*","  17.6","*"," 0.00","I","999.9","000000"
"72545314930","2021-11-29","41.40722","-95.04667","360.3","ATLANTIC MUNICIPAL AIRPORT, IA US","  42.4","24","  32.4","24","9999.9"," 0","971.3","24"," 10.0","24","  7.0","24"," 13.0"," 15.0","  64.4","*","  32.0","*"," 0.00","I","999.9","000000"
"72545314930","2021-11-30","41.40722","-95.04667","360.3","ATLANTIC MUNICIPAL AIRPORT, IA US","  44.1","24","  36.8","24","9999.9"," 0","975.0","24"," 10.0","24","  3.3","24","  9.9"," 11.1","  57.2","*","  30.2","*"," 0.00","I","999.9","000000"
"72545314930","2021-12-01","41.40722","-95.04667","360.3","ATLANTIC MUNICIPAL AIRPORT, IA US","  45.3","24","  38.3","24","9999.9"," 0","969.2","18","  9.9","24","  6.2","24"," 13.0"," 15.0","  59.0","*","  30.2","*","99.99"," ","999.9","010000"
"72545314930","2021-12-02","41.40722","-95.04667","360.3","ATLANTIC MUNICIPAL AIRPORT, IA US","  49.0","24","  38.0","24","9999.9"," 0","969.4","24"," 10.0","24","  4.9","24","  8.9"," 13.0","  62.6","*","  35.6","*"," 0.00","I","999.9","000000"
"72545314930","2021-12-03","41.40722","-95.04667","360.3","ATLANTIC MUNICIPAL AIRPORT, IA US","  45.4","24","  36.4","24","9999.9"," 0","971.4","24"," 10.0","24","  4.8","24"," 15.0"," 17.1","  57.2","*","  32.0","*"," 0.00","I","999.9","000000"
"72545314930","2021-12-04","41.40722","-95.04667","360.3","ATLANTIC MUNICIPAL AIRPORT, IA US","  37.3","24","  27.6","24","9999.9"," 0","981.7","24","  9.7","24","  7.5","24"," 14.0"," 19.0","  44.6","*","  30.2","*"," 0.00","I","999.9","000000"
"72545314930","2021-12-05","41.40722","-95.04667","360.3","ATLANTIC MUNICIPAL AIRPORT, IA US","  42.2","24","  26.8","24","9999.9"," 0","967.8","24"," 10.0","24","  9.9","24"," 22.0"," 28.0","  50.0","*","  35.6","*"," 0.00","I","999.9","000000"
"72545314930","2021-12-06","41.40722","-95.04667","360.3","ATLANTIC MUNICIPAL AIRPORT, IA US","  28.1","24","  14.7","24","9999.9"," 0","978.0","24"," 10.0","24"," 16.0","24"," 27.0"," 39.0","  46.4","*","  15.8","*"," 0.00","I","999.9","000000"
"72545314930","2021-12-07","41.40722","-95.04667","360.3","ATLANTIC MUNICIPAL AIRPORT, IA US","  23.2","24","  12.6","24","9999.9"," 0","976.1","24","  9.8","24","  7.6","23"," 22.0"," 27.0","  41.0","*","   8.6","*"," 0.00","I","999.9","000000"
"72545314930","2021-12-08","41.40722","-95.04667","360.3","ATLANTIC MUNICIPAL AIRPORT, IA US","  26.3","24","  18.9","24","9999.9"," 0","971.4","24"," 10.0","24","  4.6","24"," 12.0"," 15.9","  41.0","*","  14.0","*"," 0.00","I","999.9","000000"
"72545314930","2021-12-09","41.40722","-95.04667","360.3","ATLANTIC MUNICIPAL AIRPORT, IA US","  41.3","23","  28.9","23","9999.9"," 0","960.8","23"," 10.0","23","  8.3","23"," 15.9"," 22.0","  55.4","*","  32.0","*"," 0.00","I","999.9","000000"
"72545314930","2021-12-10","41.40722","-95.04667","360.3","ATLANTIC MUNICIPAL AIRPORT, IA US","  37.3","24","  30.9","24","9999.9"," 0","963.0","24","  9.0","24","  9.7","24"," 19.0"," 33.0","  42.8","*","  32.0","*"," 0.00","I","999.9","000000"
"72545314930","2021-12-11","41.40722","-95.04667","360.3","ATLANTIC MUNICIPAL AIRPORT, IA US","  31.9","24","  28.9","23","9999.9"," 0","965.3","24","  7.9","24"," 14.2","24"," 22.0"," 29.9","  41.0","*","  26.6","*","99.99"," ","999.9","011000"
"72545314930","2021-12-12","41.40722","-95.04667","360.3","ATLANTIC MUNICIPAL AIRPORT, IA US","  35.7","24","  21.1","24","9999.9"," 0","972.1","24"," 10.0","24"," 11.2","24"," 22.0"," 27.0","  53.6","*","  24.8","*"," 0.00","I","999.9","000000"
"72545314930","2021-12-13","41.40722","-95.04667","360.3","ATLANTIC MUNICIPAL AIRPORT, IA US","  38.9","24","  25.8","24","9999.9"," 0","973.8","24"," 10.0","24","  5.7","24"," 15.9"," 21.0","  53.6","*","  23.0","*"," 0.00","I","999.9","000000"
"72545314930","2021-12-14","41.40722","-95.04667","360.3","ATLANTIC MUNICIPAL AIRPORT, IA US","  42.8","24","  36.2","24","9999.9"," 0","974.7","24"," 10.0","24","  5.8","24"," 17.1"," 22.0","  57.2","*","  33.8","*"," 0.00","I","999.9","000000"
"72545314930","2021-12-15","41.40722","-95.04667","360.3","ATLANTIC MUNICIPAL AIRPORT, IA US","  59.3","24","  57.4","24","9999.9"," 0","961.4","24"," 10.0","24"," 14.9","24"," 31.1"," 44.1","  73.4","*","  50.0","*"," 0.00","I","999.9","000000"
"72545314930","2021-12-16","41.40722","-95.04667","360.3","ATLANTIC MUNICIPAL AIRPORT, IA US","  37.0"," 8","  22.3"," 8","9999.9"," 0","974.8"," 8"," 10.0"," 8"," 11.1"," 8"," 15.0"," 21.0","  41.0","*","  28.4","*"," 0.00","I","999.9","000000"
"72545314930","2021-12-17","41.40722","-95.04667","360.3","ATLANTIC MUNICIPAL AIRPORT, IA US","  26.8","24","  22.8","24","9999.9"," 0","976.0","24"," 10.0","24","  6.8","24"," 18.1"," 22.9","  39.2","*","  17.6","*"," 0.00","I","999.9","000000"
"72545314930","2021-12-18","41.40722","-95.04667","360.3","ATLANTIC MUNICIPAL AIRPORT, IA US","  28.3","24","  24.3","23","9999.9"," 0","979.4","24"," 10.0","24","  9.3","24"," 17.1"," 20.0","  35.6","*","  21.2","*"," 0.00","I","999.9","000000"
"72545314930","2021-12-19","41.40722","-95.04667","360.3","ATLANTIC MUNICIPAL AIRPORT, IA US","  20.0","24","  17.3","24","9999.9"," 0","982.2","24"," 10.0","24","  7.6","24"," 20.0"," 26.0","  35.6","*","   8.6","*"," 0.00","I","999.9","000000"
"72545314930","2021-12-20","41.40722","-95.04667","360.3","ATLANTIC MUNICIPAL AIRPORT, IA US","  27.9","24","  22.8","24","9999.9"," 0","975.7","24"," 10.0","24"," 10.6","24"," 18.1"," 25.1","  35.6","*","  17.6","*"," 0.00","I","999.9","000000"
"72545314930","2021-12-21","41.40722","-95.04667","360.3","ATLANTIC MUNICIPAL AIRPORT, IA US","  21.9","24","  16.1","24","9999.9"," 0","974.6","24"," 10.0","24","  7.4","24"," 22.9"," 31.1","  42.8","*","  10.4","*"," 0.00","I","999.9","000000"
"72545314930","2021-12-22","41.40722","-95.04667","360.3","ATLANTIC MUNICIPAL AIRPORT, IA US","  25.2","24","  17.3","24","9999.9"," 0","972.3","24"," 10.0","24","  7.0","24"," 19.0"," 24.1","  46.4","*","  10.4","*"," 0.00","I","999.9","000000"
"72545314930","2021-12-23","41.40722","-95.04667","360.3","ATLANTIC MUNICIPAL AIRPORT, IA US","  34.2","24","  28.3","23","9999.9"," 0","965.2","24"," 10.0","24","  4.5","24","  9.9","999.9","  46.4","*","  24.8","*"," 0.00","I","999.9","000000"
"72545314930","2021-12-24","41.40722","-95.04667","360.3","ATLANTIC MUNICIPAL AIRPORT, IA US","  41.8","24","  39.9","24","9999.9"," 0","956.3","24","  6.4","24","  6.7","24"," 14.0"," 15.9","  50.0","*","  33.8","*"," 0.00","I","999.9","100000"
"72545314930","2021-12-25","41.40722","-95.04667","360.3","ATLANTIC MUNICIPAL AIRPORT, IA US","  36.4","24","  32.5","24","9999.9"," 0","962.2","24"," 10.0","24","  7.9","24"," 14.0"," 19.0","  46.4","*","  21.2","*","99.99"," ","999.9","010000"
"72545314930","2021-12-26","41.40722","-95.04667","360.3","ATLANTIC MUNICIPAL AIRPORT, IA US","  27.1","24","  25.7","24","9999.9"," 0","968.5","24"," 10.0","24","  5.5","24"," 19.0"," 27.0","  46.4","*","  17.6","*"," 0.00","I","999.9","000000"
"72545314930","2021-12-27","41.40722","-95.04667","360.3","ATLANTIC MUNICIPAL AIRPORT, IA US","  33.4","24","  27.6","24","9999.9"," 0","962.9","24","  8.4","24","  8.3","24"," 21.0"," 31.1","  44.6","*","  24.8","*"," 0.00","I","999.9","100000"
"72545314930","2021-12-28","41.40722","-95.04667","360.3","ATLANTIC MUNICIPAL AIRPORT, IA US","  31.4","24","  23.7","24","9999.9"," 0","960.7","24"," 10.0","24","  6.8","24"," 19.0"," 25.1","  44.6","*","  21.2","*"," 0.00","I","999.9","000000"
"72545314930","2021-12-29","41.40722","-95.04667","360.3","ATLANTIC MUNICIPAL AIRPORT, IA US","  14.1","24","   8.6","24","9999.9"," 0","969.6","24"," 10.0","24","  8.3","24"," 15.9"," 22.9","  21.2","*","   8.6","*"," 0.00","I","999.9","000000"
"72545314930","2021-12-30","41.40722","-95.04667","360.3","ATLANTIC MUNICIPAL AIRPORT, IA US","  22.9","24","  21.7","24","9999.9"," 0","967.7","24","  9.5","24","  6.5","24"," 17.1"," 22.0","  35.6","*","  14.0","*"," 0.00","I","999.9","000000"
"72545314930","2021-12-31","41.40722","-95.04667","360.3","ATLANTIC MUNICIPAL AIRPORT, IA US","  25.8","24","  25.3","24","9999.9"," 0","961.3","24","  4.4","24","  6.0","24"," 21.0"," 27.0","  30.2","*","  17.6","*"," 0.00","I","999.9","100000"
