"STATION","DATE","LATITUDE","LONGITUDE","ELEVATION","NAME","TEMP","TEMP_ATTRIBUTES","DEWP","DEWP_ATTRIBUTES","SLP","SLP_ATTRIBUTES","STP","STP_ATTRIBUTES","VISIB","VISIB_ATTRIBUTES","WDSP","WDSP_ATTRIBUTES","MXSPD","GUST","MAX","MAX_ATTRIBUTES","MIN","MIN_ATTRIBUTES","PRCP","PRCP_ATTRIBUTES","SNDP","FRSHTT"
"84673099999","2021-01-01","-13.154819","-74.204417","2717.9","CORONEL FAP ALFREDO MENDIVIL DUARTE, PE","  63.9"," 7","  49.1"," 7","9999.9"," 0","999.9"," 0","  6.2"," 7","  1.5"," 7","  2.9","999.9","  69.8","*","  53.6"," "," 0.00","I","999.9","000000"
"84673099999","2021-01-02","-13.154819","-74.204417","2717.9","CORONEL FAP ALFREDO MENDIVIL DUARTE, PE","  62.7"," 8","  49.0"," 8","9999.9"," 0","999.9"," 0","  5.8"," 8","  3.1"," 8","  4.1","999.9","  73.4","*","  51.6"," "," 0.01","A","999.9","010000"
"84673099999","2021-01-03","-13.154819","-74.204417","2717.9","CORONEL FAP ALFREDO MENDIVIL DUARTE, PE","  55.3"," 7","  50.1"," 7","9999.9"," 0","999.9"," 0","  3.3"," 7","  3.8"," 7","  8.0","999.9","  59.5","*","  50.0"," "," 1.26","G","999.9","010000"
"84673099999","2021-01-04","-13.154819","-74.204417","2717.9","CORONEL FAP ALFREDO MENDIVIL DUARTE, PE","  61.6"," 7","  48.9"," 7","9999.9"," 0","999.9"," 0","  6.2"," 7","  2.0"," 7","  5.1","999.9","  71.6","*","  48.6"," "," 0.39","G","999.9","010000"
"84673099999","2021-01-05","-13.154819","-74.204417","2717.9","CORONEL FAP ALFREDO MENDIVIL DUARTE, PE","  61.8"," 7","  50.0"," 7","9999.9"," 0","999.9"," 0","  6.2"," 7","  4.4"," 7","  8.0","999.9","  70.0","*","  51.4"," "," 0.59","G","999.9","000010"
"84673099999","2021-01-06","-13.154819","-74.204417","2717.9","CORONEL FAP ALFREDO MENDIVIL DUARTE, PE","  64.7"," 7","  48.6"," 7","9999.9"," 0","999.9"," 0","  6.2"," 7","  3.7"," 7","  7.0","999.9","  71.6","*","  53.6"," "," 0.00","G","999.9","010000"
"84673099999","2021-01-07","-13.154819","-74.204417","2717.9","CORONEL FAP ALFREDO MENDIVIL DUARTE, PE","  56.9"," 7","  47.8"," 7","9999.9"," 0","999.9"," 0","  5.2"," 7","  3.1"," 7","  8.0","999.9","  62.6","*","  49.1"," "," 0.55","G","999.9","000000"
"84673099999","2021-01-08","-13.154819","-74.204417","2717.9","CORONEL FAP ALFREDO MENDIVIL DUARTE, PE","  66.1"," 9","  45.2"," 9","9999.9"," 0","999.9"," 0","  6.2"," 9","  3.3"," 9","  6.0","999.9","  75.2","*","  51.1"," "," 0.00","G","999.9","000000"
"84673099999","2021-01-09","-13.154819","-74.204417","2717.9","CORONEL FAP ALFREDO MENDIVIL DUARTE, PE","  65.0","11","  48.9","11","9999.9"," 0","999.9"," 0","  6.2","11","  4.4","11","  8.9","999.9","  71.6","*","  52.9"," "," 0.31","G","999.9","000010"
"84673099999","2021-01-10","-13.154819","-74.204417","2717.9","CORONEL FAP ALFREDO MENDIVIL DUARTE, PE","  63.6"," 7","  45.6"," 7","9999.9"," 0","999.9"," 0","  6.2"," 7","  3.4"," 7","  6.0","999.9","  69.8","*","  53.6"," "," 0.00","G","999.9","000000"
"84673099999","2021-01-11","-13.154819","-74.204417","2717.9","CORONEL FAP ALFREDO MENDIVIL DUARTE, PE","  65.1"," 7","  45.6"," 7","9999.9"," 0","999.9"," 0","  6.2"," 7","  3.1"," 7","  5.1","999.9","  73.4","*","  53.2"," "," 0.00","I","999.9","000000"
"84673099999","2021-01-12","-13.154819","-74.204417","2717.9","CORONEL FAP ALFREDO MENDIVIL DUARTE, PE","  61.8"," 7","  46.6"," 7","9999.9"," 0","999.9"," 0","  6.2"," 7","  3.8"," 7","  5.1","999.9","  68.4","*","  52.3"," "," 0.00","I","999.9","000000"
"84673099999","2021-01-13","-13.154819","-74.204417","2717.9","CORONEL FAP ALFREDO MENDIVIL DUARTE, PE","  63.6"," 9","  46.1"," 9","9999.9"," 0","999.9"," 0","  6.2"," 9","  3.0"," 9","  4.1","999.9","  69.8","*","  52.5"," "," 0.00","I","999.9","000000"
"84673099999","2021-01-14","-13.154819","-74.204417","2717.9","CORONEL FAP ALFREDO MENDIVIL DUARTE, PE","  60.5","11","  49.8","11","9999.9"," 0","733.6"," 4","  6.0","10","  3.3","11","  6.0","999.9","  64.4","*","  53.4"," "," 0.16","G","999.9","010000"
"84673099999","2021-01-15","-13.154819","-74.204417","2717.9","CORONEL FAP ALFREDO MENDIVIL DUARTE, PE","  60.8"," 7","  51.0"," 7","9999.9"," 0","999.9"," 0","  4.3"," 7","  1.9"," 7","  2.9","999.9","  66.9","*","  50.5"," "," 0.20","G","999.9","000000"
"84673099999","2021-01-16","-13.154819","-74.204417","2717.9","CORONEL FAP ALFREDO MENDIVIL DUARTE, PE","  60.3"," 7","  49.6"," 7","9999.9"," 0","999.9"," 0","  4.6"," 7","  2.4"," 7","  4.1","999.9","  66.7","*","  49.8"," "," 0.28","G","999.9","000000"
"84673099999","2021-01-17","-13.154819","-74.204417","2717.9","CORONEL FAP ALFREDO MENDIVIL DUARTE, PE","  59.0"," 7","  51.4"," 7","9999.9"," 0","999.9"," 0","  4.0"," 7","  1.4"," 7","  4.1","999.9","  64.4","*","  51.8"," "," 0.67","G","999.9","000000"
"84673099999","2021-01-18","-13.154819","-74.204417","2717.9","CORONEL FAP ALFREDO MENDIVIL DUARTE, PE","  57.6"," 7","  52.3"," 7","9999.9"," 0","999.9"," 0","  4.3"," 7","  2.7"," 7","  6.0","999.9","  59.0","*","  52.7"," "," 0.04","G","999.9","010000"
"84673099999","2021-01-19","-13.154819","-74.204417","2717.9","CORONEL FAP ALFREDO MENDIVIL DUARTE, PE","  60.4"," 7","  51.5"," 7","9999.9"," 0","999.9"," 0","  4.6"," 7","  3.6"," 7","  8.0","999.9","  68.0","*","  53.6","*"," 0.00","G","999.9","010000"
"84673099999","2021-01-20","-13.154819","-74.204417","2717.9","CORONEL FAP ALFREDO MENDIVIL DUARTE, PE","  64.2"," 8","  51.8"," 8","9999.9"," 0","999.9"," 0","  6.2"," 8","  2.2"," 8","  4.1","999.9","  71.6","*","  53.6"," "," 0.12","G","999.9","000000"
"84673099999","2021-01-21","-13.154819","-74.204417","2717.9","CORONEL FAP ALFREDO MENDIVIL DUARTE, PE","  63.4"," 9","  49.5"," 9","9999.9"," 0","999.9"," 0","  6.1"," 9","  2.5"," 9","  4.1","999.9","  68.0","*","  54.0"," "," 0.08","G","999.9","010010"
"84673099999","2021-01-22","-13.154819","-74.204417","2717.9","CORONEL FAP ALFREDO MENDIVIL DUARTE, PE","  62.1"," 8","  48.3"," 8","9999.9"," 0","999.9"," 0","  6.2"," 8","  2.4"," 8","  5.1","999.9","  68.0","*","  52.5"," "," 0.12","G","999.9","000000"
"84673099999","2021-01-23","-13.154819","-74.204417","2717.9","CORONEL FAP ALFREDO MENDIVIL DUARTE, PE","  65.5"," 7","  47.6"," 7","9999.9"," 0","999.9"," 0","  6.2"," 7","  2.7"," 7","  4.1","999.9","  70.2","*","  52.9"," "," 0.00","G","999.9","000000"
"84673099999","2021-01-24","-13.154819","-74.204417","2717.9","CORONEL FAP ALFREDO MENDIVIL DUARTE, PE","  59.3"," 7","  48.0"," 7","9999.9"," 0","999.9"," 0","  6.2"," 7","  4.9"," 7","  6.0","999.9","  62.6","*","  51.8"," "," 0.03","G","999.9","010000"
"84673099999","2021-01-25","-13.154819","-74.204417","2717.9","CORONEL FAP ALFREDO MENDIVIL DUARTE, PE","  65.3"," 8","  47.4"," 8","9999.9"," 0","999.9"," 0","  6.2"," 8","  4.8"," 8"," 11.1","999.9","  71.6","*","  57.2","*"," 0.00","G","999.9","000000"
"84673099999","2021-01-26","-13.154819","-74.204417","2717.9","CORONEL FAP ALFREDO MENDIVIL DUARTE, PE","  61.5"," 8","  50.7"," 8","9999.9"," 0","999.9"," 0","  5.6"," 8","  4.6"," 8","  8.0","999.9","  68.0","*","  50.4"," "," 0.03","G","999.9","010000"
"84673099999","2021-01-27","-13.154819","-74.204417","2717.9","CORONEL FAP ALFREDO MENDIVIL DUARTE, PE","  65.7"," 7","  42.6"," 7","9999.9"," 0","999.9"," 0","  6.2"," 7","  3.2"," 7","  4.1","999.9","  75.2","*","  53.6"," "," 0.12","G","999.9","000000"
"84673099999","2021-01-28","-13.154819","-74.204417","2717.9","CORONEL FAP ALFREDO MENDIVIL DUARTE, PE","  66.6"," 9","  47.3"," 9","9999.9"," 0","999.9"," 0","  6.2"," 9","  3.5"," 9","  7.0","999.9","  75.2","*","  52.3"," "," 0.00","G","999.9","000000"
"84673099999","2021-01-29","-13.154819","-74.204417","2717.9","CORONEL FAP ALFREDO MENDIVIL DUARTE, PE","  63.6"," 7","  43.3"," 7","9999.9"," 0","999.9"," 0","  6.2"," 7","  3.2"," 7","  5.1","999.9","  71.8","*","  53.6","*"," 0.00","I","999.9","000000"
"84673099999","2021-01-30","-13.154819","-74.204417","2717.9","CORONEL FAP ALFREDO MENDIVIL DUARTE, PE","  62.9"," 7","  44.9"," 7","9999.9"," 0","999.9"," 0","  6.2"," 7","  4.6"," 7","  7.0","999.9","  66.2","*","  53.8"," "," 0.00","B","999.9","010000"
"84673099999","2021-01-31","-13.154819","-74.204417","2717.9","CORONEL FAP ALFREDO MENDIVIL DUARTE, PE","  62.8"," 7","  47.0"," 7","9999.9"," 0","999.9"," 0","  6.2"," 7","  4.0"," 7","  6.0","999.9","  70.0","*","  52.2"," "," 0.20","G","999.9","000000"
"84673099999","2021-02-01","-13.154819","-74.204417","2717.9","CORONEL FAP ALFREDO MENDIVIL DUARTE, PE","  66.7"," 7","  45.2"," 7","9999.9"," 0","999.9"," 0","  6.2"," 7","  3.9"," 7","  7.0","999.9","  73.8","*","  51.8"," "," 0.00","G","999.9","000000"
"84673099999","2021-02-02","-13.154819","-74.204417","2717.9","CORONEL FAP ALFREDO MENDIVIL DUARTE, PE","  63.9"," 6","  48.8"," 6","9999.9"," 0","999.9"," 0","  6.2"," 6","  4.3"," 6","  6.0","999.9","  71.6","*","  53.2"," "," 0.00","I","999.9","000000"
"84673099999","2021-02-03","-13.154819","-74.204417","2717.9","CORONEL FAP ALFREDO MENDIVIL DUARTE, PE","  61.1"," 8","  48.7"," 8","9999.9"," 0","999.9"," 0","  5.7"," 8","  4.0"," 8","  7.0","999.9","  68.0","*","  55.4","*"," 0.00","I","999.9","000000"
"84673099999","2021-02-04","-13.154819","-74.204417","2717.9","CORONEL FAP ALFREDO MENDIVIL DUARTE, PE","  60.6"," 9","  48.5"," 9","9999.9"," 0","999.9"," 0","  6.2"," 9","  3.5"," 9","  6.0","999.9","  68.0","*","  53.6","*"," 0.00","I","999.9","000000"
"84673099999","2021-02-05","-13.154819","-74.204417","2717.9","CORONEL FAP ALFREDO MENDIVIL DUARTE, PE","  64.6"," 7","  47.7"," 7","9999.9"," 0","999.9"," 0","  6.2"," 7","  3.6"," 7","  6.0","999.9","  69.8","*","  52.0"," "," 0.00","I","999.9","000000"
"84673099999","2021-02-06","-13.154819","-74.204417","2717.9","CORONEL FAP ALFREDO MENDIVIL DUARTE, PE","  66.1","10","  48.0","10","9999.9"," 0","734.5"," 4","  6.2","10","  4.1","10","  6.0","999.9","  75.2","*","  54.3"," "," 0.00","I","999.9","000000"
"84673099999","2021-02-07","-13.154819","-74.204417","2717.9","CORONEL FAP ALFREDO MENDIVIL DUARTE, PE","  59.5"," 7","  50.2"," 7","9999.9"," 0","999.9"," 0","  5.9"," 7","  2.0"," 7","  4.1","999.9","  66.2","*","  53.6"," ","99.99"," ","999.9","110000"
"84673099999","2021-02-08","-13.154819","-74.204417","2717.9","CORONEL FAP ALFREDO MENDIVIL DUARTE, PE","  58.8"," 7","  48.9"," 7","9999.9"," 0","999.9"," 0","  6.0"," 7","  2.3"," 7","  5.1","999.9","  64.4","*","  53.4","*"," 0.24","G","999.9","100000"
"84673099999","2021-02-09","-13.154819","-74.204417","2717.9","CORONEL FAP ALFREDO MENDIVIL DUARTE, PE","  62.3"," 7","  51.9"," 7","9999.9"," 0","999.9"," 0","  5.0"," 7","  2.7"," 7","  4.1","999.9","  71.6","*","  52.9"," "," 0.71","G","999.9","000000"
"84673099999","2021-02-13","-13.154819","-74.204417","2717.9","CORONEL FAP ALFREDO MENDIVIL DUARTE, PE","  61.4"," 7","  50.4"," 7","9999.9"," 0","999.9"," 0","  6.2"," 7","  3.5"," 7","  5.1","999.9","  69.8","*","  51.8","*"," 0.00","G","999.9","100000"
"84673099999","2021-02-14","-13.154819","-74.204417","2717.9","CORONEL FAP ALFREDO MENDIVIL DUARTE, PE","  65.6"," 9","  40.3"," 9","9999.9"," 0","999.9"," 0","  6.2"," 9","  2.8"," 9","  4.1","999.9","  75.2","*","  51.1"," "," 0.00","I","999.9","000000"
"84673099999","2021-02-15","-13.154819","-74.204417","2717.9","CORONEL FAP ALFREDO MENDIVIL DUARTE, PE","  60.7"," 7","  37.2"," 7","9999.9"," 0","999.9"," 0","  6.2"," 7","  2.2"," 7","  6.0","999.9","  69.8","*","  48.9"," "," 0.00","I","999.9","000000"
"84673099999","2021-02-16","-13.154819","-74.204417","2717.9","CORONEL FAP ALFREDO MENDIVIL DUARTE, PE","  63.4"," 7","  37.5"," 7","9999.9"," 0","999.9"," 0","  6.2"," 7","  2.2"," 7","  4.1","999.9","  73.4","*","  48.7"," "," 0.00","I","999.9","000000"
"84673099999","2021-02-17","-13.154819","-74.204417","2717.9","CORONEL FAP ALFREDO MENDIVIL DUARTE, PE","  63.8"," 7","  30.7"," 7","9999.9"," 0","999.9"," 0","  6.2"," 7","  3.0"," 7","  6.0","999.9","  72.3","*","  48.9"," "," 0.00","I","999.9","000000"
"84673099999","2021-02-18","-13.154819","-74.204417","2717.9","CORONEL FAP ALFREDO MENDIVIL DUARTE, PE","  64.9"," 9","  26.8"," 9","9999.9"," 0","999.9"," 0","  6.2"," 9","  3.3"," 9","  7.0","999.9","  73.4","*","  49.3"," "," 0.00","I","999.9","000000"
"84673099999","2021-02-22","-13.154819","-74.204417","2717.9","CORONEL FAP ALFREDO MENDIVIL DUARTE, PE","  60.1"," 6","  50.3"," 6","9999.9"," 0","999.9"," 0","  4.9"," 6","  4.3"," 6","  7.0","999.9","  62.6","*","  51.1"," "," 0.16","G","999.9","100000"
"84673099999","2021-02-23","-13.154819","-74.204417","2717.9","CORONEL FAP ALFREDO MENDIVIL DUARTE, PE","  60.9"," 7","  49.4"," 7","9999.9"," 0","999.9"," 0","  6.2"," 7","  2.3"," 7","  6.0","999.9","  68.0","*","  55.0","*"," 0.00","G","999.9","010000"
"84673099999","2021-02-24","-13.154819","-74.204417","2717.9","CORONEL FAP ALFREDO MENDIVIL DUARTE, PE","  60.0"," 7","  51.2"," 7","9999.9"," 0","999.9"," 0","  5.9"," 7","  3.4"," 7","  5.1","999.9","  64.4","*","  53.6"," "," 0.08","G","999.9","110000"
"84673099999","2021-02-25","-13.154819","-74.204417","2717.9","CORONEL FAP ALFREDO MENDIVIL DUARTE, PE","  63.9"," 7","  46.6"," 7","9999.9"," 0","999.9"," 0","  6.2"," 7","  3.0"," 7","  5.1","999.9","  71.6","*","  53.6","*"," 0.02","G","999.9","000000"
"84673099999","2021-02-26","-13.154819","-74.204417","2717.9","CORONEL FAP ALFREDO MENDIVIL DUARTE, PE","  64.4"," 7","  44.8"," 7","9999.9"," 0","999.9"," 0","  6.2"," 7","  3.6"," 7","  5.1","999.9","  73.4","*","  53.6","*"," 0.00","G","999.9","000000"
"84673099999","2021-02-27","-13.154819","-74.204417","2717.9","CORONEL FAP ALFREDO MENDIVIL DUARTE, PE","  61.7"," 7","  50.0"," 7","9999.9"," 0","999.9"," 0","  5.9"," 7","  4.9"," 7"," 11.1","999.9","  66.2","*","  53.8"," "," 0.08","G","999.9","010010"
"84673099999","2021-02-28","-13.154819","-74.204417","2717.9","CORONEL FAP ALFREDO MENDIVIL DUARTE, PE","  61.8"," 7","  48.8"," 7","9999.9"," 0","999.9"," 0","  6.2"," 7","  3.2"," 7","  5.1","999.9","  68.0","*","  55.8"," "," 0.04","G","999.9","000000"
"84673099999","2021-03-01","-13.154819","-74.204417","2717.9","CORONEL FAP ALFREDO MENDIVIL DUARTE, PE","  65.9"," 9","  46.9"," 9","9999.9"," 0","999.9"," 0","  6.2"," 9","  3.9"," 9","  8.9","999.9","  71.6","*","  57.2","*"," 0.00","G","999.9","000000"
"84673099999","2021-03-02","-13.154819","-74.204417","2717.9","CORONEL FAP ALFREDO MENDIVIL DUARTE, PE","  59.6"," 7","  48.4"," 7","9999.9"," 0","999.9"," 0","  5.7"," 7","  3.0"," 7","  8.0","999.9","  66.2","*","  51.4"," "," 0.51","G","999.9","010000"
"84673099999","2021-03-03","-13.154819","-74.204417","2717.9","CORONEL FAP ALFREDO MENDIVIL DUARTE, PE","  61.8"," 7","  48.8"," 7","9999.9"," 0","999.9"," 0","  6.2"," 7","  3.8"," 7","  7.0","999.9","  69.8","*","  50.4"," "," 0.12","G","999.9","000000"
"84673099999","2021-03-04","-13.154819","-74.204417","2717.9","CORONEL FAP ALFREDO MENDIVIL DUARTE, PE","  62.2"," 7","  48.4"," 7","9999.9"," 0","999.9"," 0","  6.2"," 7","  5.6"," 7","  8.0","999.9","  68.0","*","  55.4","*"," 0.00","G","999.9","000000"
"84673099999","2021-03-05","-13.154819","-74.204417","2717.9","CORONEL FAP ALFREDO MENDIVIL DUARTE, PE","  62.8"," 7","  46.4"," 7","9999.9"," 0","999.9"," 0","  6.2"," 7","  3.2"," 7","  5.1","999.9","  69.8","*","  53.2"," "," 0.02","G","999.9","000000"
"84673099999","2021-03-06","-13.154819","-74.204417","2717.9","CORONEL FAP ALFREDO MENDIVIL DUARTE, PE","  61.4","10","  50.8","10","9999.9"," 0","734.6"," 4","  5.7","10","  3.1","10","  7.0","999.9","  68.0","*","  53.6","*"," 0.63","G","999.9","110000"
"84673099999","2021-03-07","-13.154819","-74.204417","2717.9","CORONEL FAP ALFREDO MENDIVIL DUARTE, PE","  65.3"," 9","  49.6"," 9","9999.9"," 0","999.9"," 0","  6.2"," 9","  5.0"," 9"," 12.0","999.9","  73.4","*","  53.6"," "," 0.00","G","999.9","000000"
"84673099999","2021-03-08","-13.154819","-74.204417","2717.9","CORONEL FAP ALFREDO MENDIVIL DUARTE, PE","  58.1"," 7","  49.9"," 7","9999.9"," 0","999.9"," 0","  4.7"," 7","  2.1"," 7","  5.1","999.9","  64.4","*","  50.4"," "," 1.57","G","999.9","010000"
"84673099999","2021-03-09","-13.154819","-74.204417","2717.9","CORONEL FAP ALFREDO MENDIVIL DUARTE, PE","  58.5"," 7","  52.0"," 7","9999.9"," 0","999.9"," 0","  6.0"," 7","  3.2"," 7","  7.0","999.9","  62.6","*","  53.6","*"," 0.00","G","999.9","010000"
"84673099999","2021-03-10","-13.154819","-74.204417","2717.9","CORONEL FAP ALFREDO MENDIVIL DUARTE, PE","  56.9"," 7","  49.1"," 7","9999.9"," 0","999.9"," 0","  5.9"," 7","  4.0"," 7","  7.0","999.9","  60.8","*","  49.6"," "," 0.59","G","999.9","100000"
"84673099999","2021-03-11","-13.154819","-74.204417","2717.9","CORONEL FAP ALFREDO MENDIVIL DUARTE, PE","  62.8","10","  48.0","10","9999.9"," 0","999.9"," 0","  5.8","10","  4.9","10"," 11.1","999.9","  69.8","*","  52.3"," "," 0.00","G","999.9","000000"
"84673099999","2021-03-12","-13.154819","-74.204417","2717.9","CORONEL FAP ALFREDO MENDIVIL DUARTE, PE","  62.6"," 7","  47.4"," 7","9999.9"," 0","999.9"," 0","  6.2"," 7","  2.6"," 7","  4.1","999.9","  69.8","*","  50.7"," "," 0.00","I","999.9","000000"
"84673099999","2021-03-13","-13.154819","-74.204417","2717.9","CORONEL FAP ALFREDO MENDIVIL DUARTE, PE","  61.1","11","  47.6","11","9999.9"," 0","999.9"," 0","  5.8","11","  4.0","11"," 13.0","999.9","  68.4","*","  51.8","*","99.99"," ","999.9","010000"
"84673099999","2021-03-14","-13.154819","-74.204417","2717.9","CORONEL FAP ALFREDO MENDIVIL DUARTE, PE","  61.0"," 7","  49.1"," 7","9999.9"," 0","999.9"," 0","  6.2"," 7","  4.4"," 7"," 27.0","999.9","  64.4","*","  55.4","*"," 0.00","I","999.9","000000"
"84673099999","2021-03-15","-13.154819","-74.204417","2717.9","CORONEL FAP ALFREDO MENDIVIL DUARTE, PE","  61.6"," 7","  46.6"," 7","9999.9"," 0","999.9"," 0","  6.2"," 7","  3.4"," 7","  5.1","999.9","  68.0","*","  53.6"," "," 0.00","I","999.9","000000"
"84673099999","2021-03-16","-13.154819","-74.204417","2717.9","CORONEL FAP ALFREDO MENDIVIL DUARTE, PE","  64.8"," 7","  48.4"," 7","9999.9"," 0","999.9"," 0","  6.2"," 7","  4.1"," 7","  8.9","999.9","  71.6","*","  53.6"," "," 0.00","I","999.9","000000"
"84673099999","2021-03-17","-13.154819","-74.204417","2717.9","CORONEL FAP ALFREDO MENDIVIL DUARTE, PE","  59.1"," 7","  49.4"," 7","9999.9"," 0","999.9"," 0","  4.5"," 7","  2.0"," 7","  4.1","999.9","  66.2","*","  48.2"," "," 0.31","G","999.9","010000"
"84673099999","2021-03-18","-13.154819","-74.204417","2717.9","CORONEL FAP ALFREDO MENDIVIL DUARTE, PE","  63.6"," 6","  47.5"," 6","9999.9"," 0","999.9"," 0","  6.2"," 6","  3.3"," 6","  6.0","999.9","  70.3","*","  51.3"," "," 0.63","G","999.9","000000"
"84673099999","2021-03-19","-13.154819","-74.204417","2717.9","CORONEL FAP ALFREDO MENDIVIL DUARTE, PE","  62.2"," 7","  46.7"," 7","9999.9"," 0","999.9"," 0","  6.2"," 7","  2.1"," 7","  4.1","999.9","  71.6","*","  50.2"," "," 0.00","G","999.9","000000"
"84673099999","2021-03-20","-13.154819","-74.204417","2717.9","CORONEL FAP ALFREDO MENDIVIL DUARTE, PE","  62.2"," 7","  36.2"," 7","9999.9"," 0","999.9"," 0","  6.2"," 7","  3.3"," 7","  5.1","999.9","  69.8","*","  53.6"," "," 0.00","I","999.9","000000"
"84673099999","2021-03-21","-13.154819","-74.204417","2717.9","CORONEL FAP ALFREDO MENDIVIL DUARTE, PE","  61.5"," 7","  49.2"," 7","9999.9"," 0","999.9"," 0","  6.1"," 7","  3.4"," 7","  7.0","999.9","  64.4","*","  53.6"," "," 0.00","A","999.9","010000"
"84673099999","2021-03-22","-13.154819","-74.204417","2717.9","CORONEL FAP ALFREDO MENDIVIL DUARTE, PE","  62.7"," 7","  49.4"," 7","9999.9"," 0","999.9"," 0","  6.2"," 7","  4.0"," 7","  9.9","999.9","  69.8","*","  54.3"," "," 0.00","I","999.9","000000"
"84673099999","2021-03-23","-13.154819","-74.204417","2717.9","CORONEL FAP ALFREDO MENDIVIL DUARTE, PE","  56.4"," 7","  49.8"," 7","9999.9"," 0","999.9"," 0","  4.0"," 7","  2.7"," 7","  7.0","999.9","  62.6","*","  48.2"," "," 0.24","G","999.9","010000"
"84673099999","2021-03-24","-13.154819","-74.204417","2717.9","CORONEL FAP ALFREDO MENDIVIL DUARTE, PE","  62.1"," 8","  49.8"," 8","9999.9"," 0","999.9"," 0","  6.2"," 8","  3.6"," 8","  7.0","999.9","  69.8","*","  51.1"," "," 0.35","G","999.9","010000"
"84673099999","2021-03-25","-13.154819","-74.204417","2717.9","CORONEL FAP ALFREDO MENDIVIL DUARTE, PE","  62.7"," 7","  47.8"," 7","9999.9"," 0","999.9"," 0","  6.2"," 7","  3.6"," 7","  6.0","999.9","  69.8","*","  52.0"," "," 0.04","G","999.9","000000"
"84673099999","2021-03-26","-13.154819","-74.204417","2717.9","CORONEL FAP ALFREDO MENDIVIL DUARTE, PE","  65.1"," 7","  47.8"," 7","9999.9"," 0","999.9"," 0","  6.2"," 7","  4.2"," 7","  6.0","999.9","  71.6","*","  53.8"," "," 0.00","G","999.9","000000"
"84673099999","2021-03-27","-13.154819","-74.204417","2717.9","CORONEL FAP ALFREDO MENDIVIL DUARTE, PE","  66.3"," 7","  47.6"," 7","9999.9"," 0","999.9"," 0","  6.2"," 7","  4.3"," 7","  7.0","999.9","  73.4","*","  54.1"," "," 0.00","I","999.9","000000"
"84673099999","2021-03-28","-13.154819","-74.204417","2717.9","CORONEL FAP ALFREDO MENDIVIL DUARTE, PE","  67.1","10","  44.5","10","9999.9"," 0","733.8"," 4","  6.2","10","  3.5","10","  8.0","999.9","  71.6","*","  55.0"," "," 0.00","I","999.9","000000"
"84673099999","2021-03-29","-13.154819","-74.204417","2717.9","CORONEL FAP ALFREDO MENDIVIL DUARTE, PE","  62.3"," 9","  48.9"," 9","9999.9"," 0","999.9"," 0","  6.2"," 9","  6.0"," 8","  8.9","999.9","  66.2","*","  54.5"," "," 0.00","A","999.9","010000"
"84673099999","2021-03-30","-13.154819","-74.204417","2717.9","CORONEL FAP ALFREDO MENDIVIL DUARTE, PE","  58.4","11","  49.6","11","9999.9"," 0","999.9"," 0","  4.6","11","  3.5","11","  8.0","999.9","  64.6","*","  51.8","*"," 0.24","G","999.9","010000"
"84673099999","2021-03-31","-13.154819","-74.204417","2717.9","CORONEL FAP ALFREDO MENDIVIL DUARTE, PE","  64.8"," 9","  49.5"," 9","9999.9"," 0","999.9"," 0","  6.2"," 9","  3.6"," 9","  7.0","999.9","  71.6","*","  52.0"," "," 0.20","G","999.9","000000"
"84673099999","2021-04-01","-13.154819","-74.204417","2717.9","CORONEL FAP ALFREDO MENDIVIL DUARTE, PE","  61.9"," 9","  47.5"," 9","9999.9"," 0","999.9"," 0","  6.2"," 9","  3.3"," 9","  5.1","999.9","  71.6","*","  51.8","*"," 0.00","G","999.9","100000"
"84673099999","2021-04-02","-13.154819","-74.204417","2717.9","CORONEL FAP ALFREDO MENDIVIL DUARTE, PE","  65.3"," 9","  48.1"," 9","9999.9"," 0","999.9"," 0","  6.2"," 9","  3.6"," 9","  7.0","999.9","  73.4","*","  53.6"," "," 0.00","I","999.9","000010"
"84673099999","2021-04-03","-13.154819","-74.204417","2717.9","CORONEL FAP ALFREDO MENDIVIL DUARTE, PE","  61.8"," 7","  46.8"," 7","9999.9"," 0","999.9"," 0","  6.2"," 7","  3.7"," 7","  8.0","999.9","  66.2","*","  55.6"," "," 0.00","I","999.9","000000"
"84673099999","2021-04-04","-13.154819","-74.204417","2717.9","CORONEL FAP ALFREDO MENDIVIL DUARTE, PE","  61.9"," 7","  47.4"," 7","9999.9"," 0","999.9"," 0","  6.2"," 7","  2.7"," 7","  5.1","999.9","  68.4","*","  54.7"," "," 0.00","I","999.9","000000"
"84673099999","2021-04-05","-13.154819","-74.204417","2717.9","CORONEL FAP ALFREDO MENDIVIL DUARTE, PE","  63.4","11","  47.0","11","9999.9"," 0","735.2"," 4","  6.2","11","  2.4","11","  4.1","999.9","  71.6","*","  51.1"," "," 0.55","G","999.9","100000"
"84673099999","2021-04-06","-13.154819","-74.204417","2717.9","CORONEL FAP ALFREDO MENDIVIL DUARTE, PE","  59.8"," 7","  52.0"," 7","9999.9"," 0","999.9"," 0","  5.4"," 7","  3.6"," 7","  8.0","999.9","  66.2","*","  51.8"," "," 0.00","G","999.9","010000"
"84673099999","2021-04-07","-13.154819","-74.204417","2717.9","CORONEL FAP ALFREDO MENDIVIL DUARTE, PE","  64.6"," 9","  48.9"," 9","9999.9"," 0","999.9"," 0","  6.2"," 9","  4.1"," 9","  7.0","999.9","  71.6","*","  55.4","*"," 0.00","I","999.9","000000"
"84673099999","2021-04-08","-13.154819","-74.204417","2717.9","CORONEL FAP ALFREDO MENDIVIL DUARTE, PE","  57.1"," 9","  49.6"," 9","9999.9"," 0","999.9"," 0","  4.6"," 9","  2.2"," 9","  5.1","999.9","  64.4","*","  50.9"," "," 0.55","G","999.9","010000"
"84673099999","2021-04-09","-13.154819","-74.204417","2717.9","CORONEL FAP ALFREDO MENDIVIL DUARTE, PE","  52.0"," 7","  48.8"," 7","9999.9"," 0","999.9"," 0","  2.9"," 7","  3.3"," 7","  7.0","999.9","  55.4","*","  50.0","*"," 1.22","G","999.9","110000"
"84673099999","2021-04-10","-13.154819","-74.204417","2717.9","CORONEL FAP ALFREDO MENDIVIL DUARTE, PE","  62.0"," 9","  49.8"," 9","9999.9"," 0","999.9"," 0","  6.2"," 9","  2.7"," 9","  5.1","999.9","  71.6","*","  48.9"," "," 0.51","G","999.9","100000"
"84673099999","2021-04-11","-13.154819","-74.204417","2717.9","CORONEL FAP ALFREDO MENDIVIL DUARTE, PE","  57.7"," 7","  49.5"," 7","9999.9"," 0","999.9"," 0","  5.6"," 7","  1.6"," 7","  4.1","999.9","  62.8","*","  50.0"," "," 0.51","G","999.9","110000"
"84673099999","2021-04-12","-13.154819","-74.204417","2717.9","CORONEL FAP ALFREDO MENDIVIL DUARTE, PE","  60.2"," 7","  51.0"," 7","9999.9"," 0","999.9"," 0","  5.8"," 7","  3.1"," 7","  5.1","999.9","  65.1","*","  50.4"," "," 0.02","G","999.9","110000"
"84673099999","2021-04-13","-13.154819","-74.204417","2717.9","CORONEL FAP ALFREDO MENDIVIL DUARTE, PE","  63.2","11","  48.1","11","9999.9"," 0","736.8"," 4","  6.2","11","  4.5","11","  7.0","999.9","  69.8","*","  53.6"," "," 0.16","G","999.9","000000"
"84673099999","2021-04-14","-13.154819","-74.204417","2717.9","CORONEL FAP ALFREDO MENDIVIL DUARTE, PE","  65.5","12","  48.6","12","9999.9"," 0","999.9"," 0","  6.2","12","  3.1","12","  8.0","999.9","  71.6","*","  52.7"," "," 0.00","G","999.9","000000"
"84673099999","2021-04-15","-13.154819","-74.204417","2717.9","CORONEL FAP ALFREDO MENDIVIL DUARTE, PE","  66.7","10","  47.0","10","9999.9"," 0","734.6"," 4","  6.2","10","  3.2","10","  6.0"," 15.9","  75.2","*","  53.4"," "," 0.00","I","999.9","000000"
"84673099999","2021-04-16","-13.154819","-74.204417","2717.9","CORONEL FAP ALFREDO MENDIVIL DUARTE, PE","  63.1"," 7","  48.1"," 7","9999.9"," 0","999.9"," 0","  6.2"," 7","  3.8"," 7","  8.9","999.9","  71.6","*","  54.0"," "," 0.00","I","999.9","000000"
"84673099999","2021-04-17","-13.154819","-74.204417","2717.9","CORONEL FAP ALFREDO MENDIVIL DUARTE, PE","  66.1"," 9","  45.3"," 9","9999.9"," 0","999.9"," 0","  6.2"," 9","  2.4"," 9","  5.1","999.9","  75.2","*","  53.6","*"," 0.00","I","999.9","000000"
"84673099999","2021-04-18","-13.154819","-74.204417","2717.9","CORONEL FAP ALFREDO MENDIVIL DUARTE, PE","  63.2"," 7","  45.1"," 7","9999.9"," 0","999.9"," 0","  6.2"," 7","  3.2"," 7","  6.0","999.9","  72.3","*","  49.8"," "," 0.00","I","999.9","000000"
"84673099999","2021-04-19","-13.154819","-74.204417","2717.9","CORONEL FAP ALFREDO MENDIVIL DUARTE, PE","  66.7"," 9","  43.0"," 9","9999.9"," 0","999.9"," 0","  6.2"," 9","  2.5"," 9","  4.1","999.9","  75.2","*","  52.3"," "," 0.00","I","999.9","000000"
"84673099999","2021-04-20","-13.154819","-74.204417","2717.9","CORONEL FAP ALFREDO MENDIVIL DUARTE, PE","  62.8"," 9","  44.0"," 9","9999.9"," 0","999.9"," 0","  6.2"," 9","  3.9"," 9","  7.0","999.9","  73.4","*","  48.0"," "," 0.00","I","999.9","000000"
"84673099999","2021-04-21","-13.154819","-74.204417","2717.9","CORONEL FAP ALFREDO MENDIVIL DUARTE, PE","  62.9"," 7","  43.3"," 7","9999.9"," 0","999.9"," 0","  6.2"," 7","  2.5"," 6","  4.1","999.9","  73.4","*","  50.4"," "," 0.00","I","999.9","000000"
"84673099999","2021-04-22","-13.154819","-74.204417","2717.9","CORONEL FAP ALFREDO MENDIVIL DUARTE, PE","  62.4","10","  43.8","10","9999.9"," 0","999.9"," 0","  6.2","10","999.9"," 0","999.9","999.9","  73.4","*","  46.0"," "," 0.39","G","999.9","000000"
"84673099999","2021-04-23","-13.154819","-74.204417","2717.9","CORONEL FAP ALFREDO MENDIVIL DUARTE, PE","  59.4"," 7","  45.4"," 7","9999.9"," 0","999.9"," 0","  6.2"," 7","999.9"," 0","999.9","999.9","  69.8","*","  49.1"," "," 0.94","G","999.9","000000"
"84673099999","2021-04-24","-13.154819","-74.204417","2717.9","CORONEL FAP ALFREDO MENDIVIL DUARTE, PE","  64.3"," 9","  42.5"," 9","9999.9"," 0","999.9"," 0","  6.2"," 9","999.9"," 0","999.9","999.9","  75.2","*","  50.2"," "," 0.00","G","999.9","000000"
"84673099999","2021-04-25","-13.154819","-74.204417","2717.9","CORONEL FAP ALFREDO MENDIVIL DUARTE, PE","  62.3"," 8","  43.9"," 8","9999.9"," 0","999.9"," 0","  6.2"," 8","999.9"," 0","999.9","999.9","  71.6","*","  53.6","*"," 0.00","I","999.9","000000"
"84673099999","2021-04-26","-13.154819","-74.204417","2717.9","CORONEL FAP ALFREDO MENDIVIL DUARTE, PE","  63.8"," 7","  47.0"," 7","9999.9"," 0","999.9"," 0","  6.2"," 7","999.9"," 0","999.9","999.9","  71.6","*","  51.8"," ","99.99"," ","999.9","010000"
"84673099999","2021-04-27","-13.154819","-74.204417","2717.9","CORONEL FAP ALFREDO MENDIVIL DUARTE, PE","  61.1"," 9","  43.1"," 9","9999.9"," 0","999.9"," 0","  6.2"," 9","999.9"," 0","999.9","999.9","  71.6","*","  46.4"," "," 0.28","G","999.9","000000"
"84673099999","2021-04-28","-13.154819","-74.204417","2717.9","CORONEL FAP ALFREDO MENDIVIL DUARTE, PE","  64.1","10","  44.1","10","9999.9"," 0","734.2"," 4","  6.2","10","  0.0"," 4","999.9","999.9","  70.2","*","  50.0"," "," 0.00","G","999.9","000000"
"84673099999","2021-04-29","-13.154819","-74.204417","2717.9","CORONEL FAP ALFREDO MENDIVIL DUARTE, PE","  64.5"," 9","  44.1"," 9","9999.9"," 0","999.9"," 0","  6.2"," 9","999.9"," 0","999.9","999.9","  71.6","*","  47.8"," "," 0.00","I","999.9","000000"
"84673099999","2021-04-30","-13.154819","-74.204417","2717.9","CORONEL FAP ALFREDO MENDIVIL DUARTE, PE","  62.3"," 7","  43.0"," 7","9999.9"," 0","999.9"," 0","  6.2"," 7","999.9"," 0","999.9","999.9","  71.6","*","  50.0"," "," 0.00","I","999.9","000000"
"84673099999","2021-05-01","-13.154819","-74.204417","2717.9","CORONEL FAP ALFREDO MENDIVIL DUARTE, PE","  66.9","11","  38.1","11","9999.9"," 0","735.5"," 4","  6.2","11","  0.0"," 4","999.9","999.9","  75.2","*","  52.5"," "," 0.00","I","999.9","000000"
"84673099999","2021-05-02","-13.154819","-74.204417","2717.9","CORONEL FAP ALFREDO MENDIVIL DUARTE, PE","  65.9"," 9","  39.2"," 9","9999.9"," 0","736.4"," 4","  6.2"," 9","  0.0"," 4","999.9","999.9","  75.2","*","  48.6"," "," 0.00","I","999.9","000000"
"84673099999","2021-05-03","-13.154819","-74.204417","2717.9","CORONEL FAP ALFREDO MENDIVIL DUARTE, PE","  61.1"," 7","  35.0"," 7","9999.9"," 0","999.9"," 0","  6.2"," 7","999.9"," 0","999.9","999.9","  71.6","*","  46.9"," "," 0.00","I","999.9","000000"
"84673099999","2021-05-04","-13.154819","-74.204417","2717.9","CORONEL FAP ALFREDO MENDIVIL DUARTE, PE","  64.1"," 7","  42.8"," 7","9999.9"," 0","999.9"," 0","  6.2"," 7","999.9"," 0","999.9","999.9","  69.8","*","  49.5"," "," 0.00","I","999.9","000000"
"84673099999","2021-05-05","-13.154819","-74.204417","2717.9","CORONEL FAP ALFREDO MENDIVIL DUARTE, PE","  65.8"," 9","  41.5"," 9","9999.9"," 0","999.9"," 0","  6.2"," 9","999.9"," 0","999.9","999.9","  75.2","*","  52.0"," "," 0.00","I","999.9","000000"
"84673099999","2021-05-06","-13.154819","-74.204417","2717.9","CORONEL FAP ALFREDO MENDIVIL DUARTE, PE","  63.9"," 7","  43.0"," 7","9999.9"," 0","999.9"," 0","  6.2"," 7","999.9"," 0","999.9","999.9","  71.6","*","  50.0"," "," 0.00","I","999.9","000000"
"84673099999","2021-05-07","-13.154819","-74.204417","2717.9","CORONEL FAP ALFREDO MENDIVIL DUARTE, PE","  66.3","10","  42.9","10","9999.9"," 0","999.9"," 0","  6.2","10","999.9"," 0","999.9","999.9","  73.4","*","  51.4"," "," 0.00","I","999.9","000000"
"84673099999","2021-05-08","-13.154819","-74.204417","2717.9","CORONEL FAP ALFREDO MENDIVIL DUARTE, PE","  66.8"," 9","  42.2"," 9","9999.9"," 0","999.9"," 0","  6.2"," 9","999.9"," 0","999.9","999.9","  75.2","*","  53.4"," "," 0.00","I","999.9","000000"
"84673099999","2021-05-09","-13.154819","-74.204417","2717.9","CORONEL FAP ALFREDO MENDIVIL DUARTE, PE","  60.0"," 7","  40.3"," 7","9999.9"," 0","999.9"," 0","  6.2"," 7","999.9"," 0","999.9","999.9","  69.8","*","  47.8"," "," 0.00","I","999.9","000000"
"84673099999","2021-05-10","-13.154819","-74.204417","2717.9","CORONEL FAP ALFREDO MENDIVIL DUARTE, PE","  60.7"," 7","  36.9"," 7","9999.9"," 0","999.9"," 0","  6.2"," 7","999.9"," 0","999.9","999.9","  69.8","*","  48.2"," "," 0.00","I","999.9","000000"
"84673099999","2021-05-11","-13.154819","-74.204417","2717.9","CORONEL FAP ALFREDO MENDIVIL DUARTE, PE","  63.8"," 9","  38.1"," 9","9999.9"," 0","999.9"," 0","  6.2"," 9","999.9"," 0","999.9","999.9","  73.4","*","  43.7"," "," 0.00","I","999.9","000000"
"84673099999","2021-05-12","-13.154819","-74.204417","2717.9","CORONEL FAP ALFREDO MENDIVIL DUARTE, PE","  58.2"," 6","  38.6"," 6","9999.9"," 0","999.9"," 0","  6.2"," 6","999.9"," 0","999.9","999.9","  66.2","*","  46.0"," "," 0.00","I","999.9","000000"
"84673099999","2021-05-13","-13.154819","-74.204417","2717.9","CORONEL FAP ALFREDO MENDIVIL DUARTE, PE","  65.3"," 9","  44.9"," 9","9999.9"," 0","999.9"," 0","  6.2"," 9","999.9"," 0","999.9","999.9","  71.6","*","  51.3"," ","99.99"," ","999.9","010000"
"84673099999","2021-05-14","-13.154819","-74.204417","2717.9","CORONEL FAP ALFREDO MENDIVIL DUARTE, PE","  63.4"," 7","  45.8"," 7","9999.9"," 0","999.9"," 0","  6.2"," 7","999.9"," 0","999.9","999.9","  69.8","*","  53.4"," "," 0.00","I","999.9","000000"
"84673099999","2021-05-15","-13.154819","-74.204417","2717.9","CORONEL FAP ALFREDO MENDIVIL DUARTE, PE","  61.8"," 9","  42.0"," 9","9999.9"," 0","999.9"," 0","  6.2"," 9","999.9"," 0","999.9","999.9","  71.6","*","  45.3"," "," 0.04","G","999.9","000000"
"84673099999","2021-05-16","-13.154819","-74.204417","2717.9","CORONEL FAP ALFREDO MENDIVIL DUARTE, PE","  59.6"," 7","  39.9"," 7","9999.9"," 0","999.9"," 0","  6.2"," 7","999.9"," 0","999.9","999.9","  69.8","*","  46.4"," "," 0.00","G","999.9","000000"
"84673099999","2021-05-17","-13.154819","-74.204417","2717.9","CORONEL FAP ALFREDO MENDIVIL DUARTE, PE","  57.8"," 7","  38.2"," 7","9999.9"," 0","999.9"," 0","  6.2"," 7","999.9"," 0","999.9","999.9","  68.0","*","  46.4"," "," 0.00","I","999.9","000000"
"84673099999","2021-05-18","-13.154819","-74.204417","2717.9","CORONEL FAP ALFREDO MENDIVIL DUARTE, PE","  65.4"," 9","  38.3"," 9","9999.9"," 0","999.9"," 0","  6.2"," 9","999.9"," 0","999.9","999.9","  73.4","*","  51.6"," "," 0.00","I","999.9","000000"
"84673099999","2021-05-19","-13.154819","-74.204417","2717.9","CORONEL FAP ALFREDO MENDIVIL DUARTE, PE","  65.4","12","  27.4","12","9999.9"," 0","735.8"," 4","  6.2","12","  3.9","10","  7.0","999.9","  74.1","*","  44.8"," "," 0.00","I","999.9","000000"
"84673099999","2021-05-20","-13.154819","-74.204417","2717.9","CORONEL FAP ALFREDO MENDIVIL DUARTE, PE","  65.2","11","  38.5","11","9999.9"," 0","999.9"," 0","  6.2","11","  2.5","11","  4.1","999.9","  75.2","*","  48.2"," "," 0.00","I","999.9","000000"
"84673099999","2021-05-21","-13.154819","-74.204417","2717.9","CORONEL FAP ALFREDO MENDIVIL DUARTE, PE","  67.1","11","  36.7","11","9999.9"," 0","999.9"," 0","  6.2","11","  2.0","11","  4.1","999.9","  75.2","*","  48.7"," "," 0.00","I","999.9","000000"
"84673099999","2021-05-22","-13.154819","-74.204417","2717.9","CORONEL FAP ALFREDO MENDIVIL DUARTE, PE","  66.9"," 9","  41.9"," 9","9999.9"," 0","999.9"," 0","  6.2"," 9","  3.7"," 9","  5.1","999.9","  75.2","*","  50.7"," "," 0.00","I","999.9","000000"
"84673099999","2021-05-23","-13.154819","-74.204417","2717.9","CORONEL FAP ALFREDO MENDIVIL DUARTE, PE","  64.3"," 7","  40.9"," 7","9999.9"," 0","999.9"," 0","  6.2"," 7","  3.6"," 7","  6.0","999.9","  73.4","*","  51.8"," "," 0.00","I","999.9","000000"
"84673099999","2021-05-24","-13.154819","-74.204417","2717.9","CORONEL FAP ALFREDO MENDIVIL DUARTE, PE","  55.8","11","  46.7","11","9999.9"," 0","738.3"," 4","  5.0","11","  2.4","11","  4.1","999.9","  60.8","*","  49.3","*"," 0.47","G","999.9","010000"
"84673099999","2021-05-25","-13.154819","-74.204417","2717.9","CORONEL FAP ALFREDO MENDIVIL DUARTE, PE","  59.8"," 9","  47.9"," 9","9999.9"," 0","999.9"," 0","  6.2"," 9","  3.2"," 9","  6.0","999.9","  64.4","*","  51.8"," "," 0.04","G","999.9","010000"
"84673099999","2021-05-26","-13.154819","-74.204417","2717.9","CORONEL FAP ALFREDO MENDIVIL DUARTE, PE","  58.6"," 9","  43.6"," 9","9999.9"," 0","999.9"," 0","  6.2"," 9","  2.8"," 9","  4.1","999.9","  64.4","*","  48.9"," "," 0.08","G","999.9","000000"
"84673099999","2021-05-27","-13.154819","-74.204417","2717.9","CORONEL FAP ALFREDO MENDIVIL DUARTE, PE","  60.8"," 9","  40.6"," 9","9999.9"," 0","999.9"," 0","  6.2"," 9","  2.7"," 9","  6.0","999.9","  69.8","*","  46.2"," "," 0.00","G","999.9","000000"
"84673099999","2021-05-28","-13.154819","-74.204417","2717.9","CORONEL FAP ALFREDO MENDIVIL DUARTE, PE","  65.2","11","  39.5","11","9999.9"," 0","734.8"," 4","  6.2","11","  3.1","11","  5.1","999.9","  73.9","*","  46.8"," "," 0.00","I","999.9","000000"
"84673099999","2021-05-29","-13.154819","-74.204417","2717.9","CORONEL FAP ALFREDO MENDIVIL DUARTE, PE","  65.1","11","  39.4","11","9999.9"," 0","999.9"," 0","  6.2","11","  2.5","11","  7.0","999.9","  73.4","*","  47.5"," "," 0.00","I","999.9","000000"
"84673099999","2021-05-30","-13.154819","-74.204417","2717.9","CORONEL FAP ALFREDO MENDIVIL DUARTE, PE","  65.0"," 9","  34.2"," 9","9999.9"," 0","999.9"," 0","  6.2"," 9","  4.1"," 9","  7.0","999.9","  73.4","*","  50.0","*"," 0.00","I","999.9","000000"
"84673099999","2021-05-31","-13.154819","-74.204417","2717.9","CORONEL FAP ALFREDO MENDIVIL DUARTE, PE","  61.5"," 7","  40.7"," 7","9999.9"," 0","999.9"," 0","  6.2"," 7","  2.7"," 7","  5.1","999.9","  69.8","*","  48.9"," "," 0.00","I","999.9","000000"
"84673099999","2021-06-01","-13.154819","-74.204417","2717.9","CORONEL FAP ALFREDO MENDIVIL DUARTE, PE","  65.4","13","  40.9","13","9999.9"," 0","999.9"," 0","  6.2","13","  1.7","13","  4.1","999.9","  77.0","*","  47.3"," "," 0.00","I","999.9","000000"
"84673099999","2021-06-02","-13.154819","-74.204417","2717.9","CORONEL FAP ALFREDO MENDIVIL DUARTE, PE","  65.5","13","  28.7","13","9999.9"," 0","734.4"," 4","  6.2","13","  3.0","13","  6.0","999.9","  75.7","*","  46.6"," "," 0.00","I","999.9","000000"
"84673099999","2021-06-03","-13.154819","-74.204417","2717.9","CORONEL FAP ALFREDO MENDIVIL DUARTE, PE","  63.7","13","  38.3","13","9999.9"," 0","999.9"," 0","  6.2","13","  3.1","13","  7.0","999.9","  73.4","*","  48.9"," "," 0.00","I","999.9","000000"
"84673099999","2021-06-04","-13.154819","-74.204417","2717.9","CORONEL FAP ALFREDO MENDIVIL DUARTE, PE","  63.3","13","  41.1","13","9999.9"," 0","735.5"," 4","  6.1","13","  3.9","13"," 12.0","999.9","  73.4","*","  49.3"," ","99.99"," ","999.9","010010"
"84673099999","2021-06-05","-13.154819","-74.204417","2717.9","CORONEL FAP ALFREDO MENDIVIL DUARTE, PE","  62.4","13","  37.4","13","9999.9"," 0","999.9"," 0","  6.2","13","  2.9","13","  5.1","999.9","  73.4","*","  45.3"," "," 0.00","I","999.9","000000"
"84673099999","2021-06-06","-13.154819","-74.204417","2717.9","CORONEL FAP ALFREDO MENDIVIL DUARTE, PE","  60.6","13","  34.2","13","9999.9"," 0","736.0"," 4","  6.2","13","  3.0","13","  5.1","999.9","  64.8","*","  52.9"," "," 0.00","I","999.9","000000"
"84673099999","2021-06-07","-13.154819","-74.204417","2717.9","CORONEL FAP ALFREDO MENDIVIL DUARTE, PE","  62.8","13","  29.7","13","9999.9"," 0","735.5"," 4","  6.2","13","  3.0","13","  6.0","999.9","  73.4","*","  45.3"," "," 0.00","I","999.9","000000"
"84673099999","2021-06-08","-13.154819","-74.204417","2717.9","CORONEL FAP ALFREDO MENDIVIL DUARTE, PE","  60.7","13","  27.7","13","9999.9"," 0","736.4"," 4","  6.2","13","  3.7","13","  7.0","999.9","  68.7","*","  46.4","*"," 0.00","I","999.9","000000"
"84673099999","2021-06-09","-13.154819","-74.204417","2717.9","CORONEL FAP ALFREDO MENDIVIL DUARTE, PE","  63.8","12","  37.3","12","9999.9"," 0","999.9"," 0","  6.2","12","  2.5","12","  5.1","999.9","  73.4","*","  48.2","*"," 0.00","I","999.9","000000"
"84673099999","2021-06-10","-13.154819","-74.204417","2717.9","CORONEL FAP ALFREDO MENDIVIL DUARTE, PE","  63.8","13","  29.7","13","9999.9"," 0","999.9"," 0","  6.2","13","  2.6","13","  6.0","999.9","  73.4","*","  45.9"," "," 0.00","I","999.9","000000"
"84673099999","2021-06-11","-13.154819","-74.204417","2717.9","CORONEL FAP ALFREDO MENDIVIL DUARTE, PE","  61.5","13","  38.4","13","9999.9"," 0","736.1"," 4","  6.2","13","  3.3","13","  7.0","999.9","  70.0","*","  46.9"," "," 0.00","I","999.9","000000"
"84673099999","2021-06-12","-13.154819","-74.204417","2717.9","CORONEL FAP ALFREDO MENDIVIL DUARTE, PE","  63.3","13","  45.5","13","9999.9"," 0","735.5"," 4","  6.2","13","  2.6","13","  4.1","999.9","  71.6","*","  50.2"," "," 0.16","G","999.9","000000"
"84673099999","2021-06-13","-13.154819","-74.204417","2717.9","CORONEL FAP ALFREDO MENDIVIL DUARTE, PE","  63.7","13","  34.8","13","9999.9"," 0","735.7"," 4","  6.2","13","  2.7","13","  4.1","999.9","  71.6","*","  47.7"," "," 0.00","G","999.9","000000"
"84673099999","2021-06-14","-13.154819","-74.204417","2717.9","CORONEL FAP ALFREDO MENDIVIL DUARTE, PE","  63.3","13","  39.0","13","9999.9"," 0","735.6"," 4","  6.2","13","  2.9","13","  8.0","999.9","  73.4","*","  45.5"," "," 0.00","I","999.9","000000"
"84673099999","2021-06-15","-13.154819","-74.204417","2717.9","CORONEL FAP ALFREDO MENDIVIL DUARTE, PE","  65.8","12","  36.7","12","9999.9"," 0","999.9"," 0","  6.2","12","  4.5","12","  8.0","999.9","  73.4","*","  53.6","*"," 0.00","I","999.9","000000"
"84673099999","2021-06-16","-13.154819","-74.204417","2717.9","CORONEL FAP ALFREDO MENDIVIL DUARTE, PE","  62.7","13","  36.4","13","9999.9"," 0","735.8"," 4","  6.2","13","  3.8","13"," 14.0","999.9","  71.6","*","  47.3"," "," 0.00","I","999.9","000000"
"84673099999","2021-06-17","-13.154819","-74.204417","2717.9","CORONEL FAP ALFREDO MENDIVIL DUARTE, PE","  62.4","13","  40.4","13","9999.9"," 0","735.8"," 4","  6.2","13","  3.7","13","  7.0","999.9","  69.8","*","  50.4"," "," 0.00","I","999.9","000000"
"84673099999","2021-06-18","-13.154819","-74.204417","2717.9","CORONEL FAP ALFREDO MENDIVIL DUARTE, PE","  64.4","13","  40.2","13","9999.9"," 0","736.2"," 4","  6.2","13","  3.5","13","  6.0","999.9","  71.8","*","  51.1"," "," 0.00","I","999.9","000000"
"84673099999","2021-06-19","-13.154819","-74.204417","2717.9","CORONEL FAP ALFREDO MENDIVIL DUARTE, PE","  64.3","13","  39.3","13","9999.9"," 0","999.9"," 0","  6.2","13","  4.2","13"," 11.1","999.9","  71.6","*","  49.5"," "," 0.00","I","999.9","000000"
"84673099999","2021-06-20","-13.154819","-74.204417","2717.9","CORONEL FAP ALFREDO MENDIVIL DUARTE, PE","  65.0","13","  38.0","13","9999.9"," 0","999.9"," 0","  6.2","13","  3.1","13","  4.1","999.9","  73.4","*","  49.1"," "," 0.00","I","999.9","000000"
"84673099999","2021-06-21","-13.154819","-74.204417","2717.9","CORONEL FAP ALFREDO MENDIVIL DUARTE, PE","  64.0","13","  40.5","13","9999.9"," 0","736.2"," 4","  6.2","13","  3.4","13"," 11.1","999.9","  73.8","*","  48.0"," ","99.99"," ","999.9","010000"
"84673099999","2021-06-22","-13.154819","-74.204417","2717.9","CORONEL FAP ALFREDO MENDIVIL DUARTE, PE","  63.4","13","  38.6","13","9999.9"," 0","736.5"," 4","  6.2","13","  4.3","13","  8.0","999.9","  73.4","*","  47.8"," "," 0.04","G","999.9","000000"
"84673099999","2021-06-23","-13.154819","-74.204417","2717.9","CORONEL FAP ALFREDO MENDIVIL DUARTE, PE","  65.0","13","  35.4","13","9999.9"," 0","999.9"," 0","  6.2","13","  2.8","13","  6.0","999.9","  75.2","*","  46.6"," "," 0.00","G","999.9","000000"
"84673099999","2021-06-24","-13.154819","-74.204417","2717.9","CORONEL FAP ALFREDO MENDIVIL DUARTE, PE","  64.8","13","  32.3","13","9999.9"," 0","735.7"," 4","  6.2","13","  3.1","13","  8.0","999.9","  75.2","*","  46.8"," "," 0.00","I","999.9","000000"
"84673099999","2021-06-25","-13.154819","-74.204417","2717.9","CORONEL FAP ALFREDO MENDIVIL DUARTE, PE","  63.3","13","  33.6","13","9999.9"," 0","999.9"," 0","  6.2","13","  3.2","13","  7.0","999.9","  73.4","*","  46.0"," "," 0.00","I","999.9","000000"
"84673099999","2021-06-26","-13.154819","-74.204417","2717.9","CORONEL FAP ALFREDO MENDIVIL DUARTE, PE","  62.3","13","  34.6","13","9999.9"," 0","999.9"," 0","  6.2","13","  4.0","13"," 15.0","999.9","  73.4","*","  45.9"," "," 0.00","I","999.9","000000"
"84673099999","2021-06-27","-13.154819","-74.204417","2717.9","CORONEL FAP ALFREDO MENDIVIL DUARTE, PE","  63.6","13","  35.8","13","9999.9"," 0","734.4"," 4","  6.2","13","  3.6","13","  9.9","999.9","  73.4","*","  46.9"," "," 0.00","I","999.9","000000"
"84673099999","2021-06-28","-13.154819","-74.204417","2717.9","CORONEL FAP ALFREDO MENDIVIL DUARTE, PE","  62.2","13","  33.7","13","9999.9"," 0","999.9"," 0","  6.2","13","  2.6","13","  5.1","999.9","  71.6","*","  45.9"," "," 0.00","I","999.9","000000"
"84673099999","2021-06-29","-13.154819","-74.204417","2717.9","CORONEL FAP ALFREDO MENDIVIL DUARTE, PE","  63.9","13","  35.9","13","9999.9"," 0","736.9"," 4","  6.2","13","  3.8","13","  8.9","999.9","  71.6","*","  49.6"," "," 0.00","I","999.9","000000"
"84673099999","2021-06-30","-13.154819","-74.204417","2717.9","CORONEL FAP ALFREDO MENDIVIL DUARTE, PE","  64.2","13","  35.5","13","9999.9"," 0","999.9"," 0","  6.2","13","  3.9","13","  8.0","999.9","  72.3","*","  49.3"," "," 0.00","I","999.9","000000"
"84673099999","2021-07-01","-13.154819","-74.204417","2717.9","CORONEL FAP ALFREDO MENDIVIL DUARTE, PE","  61.1","13","  27.0","13","9999.9"," 0","736.9"," 4","  6.2","13","  3.2","13","  8.9","999.9","  71.6","*","  43.7"," "," 0.00","I","999.9","000000"
"84673099999","2021-07-02","-13.154819","-74.204417","2717.9","CORONEL FAP ALFREDO MENDIVIL DUARTE, PE","  60.2","13","  20.3","13","9999.9"," 0","999.9"," 0","  6.2","13","  2.2","13","  4.1","999.9","  70.5","*","  41.7"," "," 0.00","I","999.9","000000"
"84673099999","2021-07-03","-13.154819","-74.204417","2717.9","CORONEL FAP ALFREDO MENDIVIL DUARTE, PE","  60.5","13","  17.1","13","9999.9"," 0","999.9"," 0","  6.2","13","  2.3","13","  5.1","999.9","  70.2","*","  41.2"," "," 0.00","I","999.9","000000"
"84673099999","2021-07-04","-13.154819","-74.204417","2717.9","CORONEL FAP ALFREDO MENDIVIL DUARTE, PE","  60.2","13","  23.8","13","9999.9"," 0","738.1"," 4","  6.2","13","  3.2","13","  6.0","999.9","  71.8","*","  42.8","*"," 0.00","I","999.9","000000"
"84673099999","2021-07-05","-13.154819","-74.204417","2717.9","CORONEL FAP ALFREDO MENDIVIL DUARTE, PE","  61.1","13","  18.7","13","9999.9"," 0","999.9"," 0","  6.2","13","  3.0","13","  6.0","999.9","  73.4","*","  40.6"," "," 0.00","I","999.9","000000"
"84673099999","2021-07-06","-13.154819","-74.204417","2717.9","CORONEL FAP ALFREDO MENDIVIL DUARTE, PE","  62.1","13","  27.0","13","9999.9"," 0","737.5"," 4","  6.2","13","  2.7","13","  5.1","999.9","  72.1","*","  43.2"," "," 0.00","I","999.9","000000"
"84673099999","2021-07-07","-13.154819","-74.204417","2717.9","CORONEL FAP ALFREDO MENDIVIL DUARTE, PE","  62.3","13","  27.3","13","9999.9"," 0","735.3"," 4","  6.2","13","  2.9","13","  6.0","999.9","  72.3","*","  43.5"," "," 0.00","I","999.9","000000"
"84673099999","2021-07-08","-13.154819","-74.204417","2717.9","CORONEL FAP ALFREDO MENDIVIL DUARTE, PE","  61.4","13","  24.7","13","9999.9"," 0","999.9"," 0","  6.2","13","  2.8","13","  5.1","999.9","  72.1","*","  42.6"," "," 0.00","I","999.9","000000"
"84673099999","2021-07-09","-13.154819","-74.204417","2717.9","CORONEL FAP ALFREDO MENDIVIL DUARTE, PE","  63.5","13","  27.1","13","9999.9"," 0","735.6"," 4","  6.2","13","  2.1","13","  4.1","999.9","  73.9","*","  43.5"," "," 0.00","I","999.9","000000"
"84673099999","2021-07-10","-13.154819","-74.204417","2717.9","CORONEL FAP ALFREDO MENDIVIL DUARTE, PE","  63.6","13","  29.5","13","9999.9"," 0","999.9"," 0","  6.2","13","  3.0","13","  5.1","999.9","  75.2","*","  46.4","*"," 0.00","I","999.9","000000"
"84673099999","2021-07-11","-13.154819","-74.204417","2717.9","CORONEL FAP ALFREDO MENDIVIL DUARTE, PE","  60.6","13","  36.8","13","9999.9"," 0","736.2"," 4","  6.2","13","  3.6","13","  7.0","999.9","  68.2","*","  46.2"," "," 0.00","I","999.9","000000"
"84673099999","2021-07-12","-13.154819","-74.204417","2717.9","CORONEL FAP ALFREDO MENDIVIL DUARTE, PE","  64.1","13","  36.9","13","9999.9"," 0","735.8"," 4","  6.2","13","  2.6","13","  6.0","999.9","  75.2","*","  47.5"," "," 0.00","I","999.9","000000"
"84673099999","2021-07-13","-13.154819","-74.204417","2717.9","CORONEL FAP ALFREDO MENDIVIL DUARTE, PE","  64.6","13","  37.2","13","9999.9"," 0","999.9"," 0","  6.2","13","  2.8","13","  7.0","999.9","  75.2","*","  45.7"," "," 0.00","I","999.9","000000"
"84673099999","2021-07-14","-13.154819","-74.204417","2717.9","CORONEL FAP ALFREDO MENDIVIL DUARTE, PE","  64.6","13","  36.3","13","9999.9"," 0","736.0"," 4","  6.2","13","  2.9","12","  5.1","999.9","  75.9","*","  47.5"," "," 0.00","I","999.9","000000"
"84673099999","2021-07-15","-13.154819","-74.204417","2717.9","CORONEL FAP ALFREDO MENDIVIL DUARTE, PE","  65.0","13","  34.1","13","9999.9"," 0","999.9"," 0","  6.2","13","  2.8","13","  7.0","999.9","  75.7","*","  46.4","*"," 0.00","I","999.9","000000"
"84673099999","2021-07-16","-13.154819","-74.204417","2717.9","CORONEL FAP ALFREDO MENDIVIL DUARTE, PE","  66.6","13","  34.0","13","9999.9"," 0","735.4"," 4","  6.2","13","  3.0","13","  6.0","999.9","  75.7","*","  51.6"," "," 0.00","I","999.9","000000"
"84673099999","2021-07-17","-13.154819","-74.204417","2717.9","CORONEL FAP ALFREDO MENDIVIL DUARTE, PE","  65.8","13","  31.8","13","9999.9"," 0","999.9"," 0","  6.2","13","  3.5","13","  7.0","999.9","  77.0","*","  47.3"," "," 0.00","I","999.9","000000"
"84673099999","2021-07-18","-13.154819","-74.204417","2717.9","CORONEL FAP ALFREDO MENDIVIL DUARTE, PE","  62.7","13","  35.5","13","9999.9"," 0","737.1"," 4","  6.2","13","  4.2","13","  8.0","999.9","  71.6","*","  47.7"," "," 0.00","I","999.9","000000"
"84673099999","2021-07-19","-13.154819","-74.204417","2717.9","CORONEL FAP ALFREDO MENDIVIL DUARTE, PE","  64.2","13","  38.2","13","9999.9"," 0","736.1"," 4","  6.2","13","  3.9","13"," 17.1","999.9","  75.2","*","  51.8","*","99.99"," ","999.9","010000"
"84673099999","2021-07-20","-13.154819","-74.204417","2717.9","CORONEL FAP ALFREDO MENDIVIL DUARTE, PE","  59.6","13","  41.7","13","9999.9"," 0","999.9"," 0","  6.2","13","  3.2","13","  8.0","999.9","  69.8","*","  46.4","*"," 0.00","I","999.9","000000"
"84673099999","2021-07-21","-13.154819","-74.204417","2717.9","CORONEL FAP ALFREDO MENDIVIL DUARTE, PE","  61.5","13","  39.5","13","9999.9"," 0","999.9"," 0","  6.2","13","  2.8","13","  5.1","999.9","  71.6","*","  44.6"," "," 0.00","I","999.9","000000"
"84673099999","2021-07-22","-13.154819","-74.204417","2717.9","CORONEL FAP ALFREDO MENDIVIL DUARTE, PE","  62.4","13","  34.3","13","9999.9"," 0","999.9"," 0","  6.2","13","  5.1","13","  9.9","999.9","  72.1","*","  46.4","*"," 0.00","I","999.9","000000"
"84673099999","2021-07-23","-13.154819","-74.204417","2717.9","CORONEL FAP ALFREDO MENDIVIL DUARTE, PE","  63.1","13","  31.6","13","9999.9"," 0","738.1"," 4","  6.2","13","  3.2","13","  9.9","999.9","  73.4","*","  45.1"," "," 0.00","I","999.9","000000"
"84673099999","2021-07-24","-13.154819","-74.204417","2717.9","CORONEL FAP ALFREDO MENDIVIL DUARTE, PE","  63.7","13","  24.5","13","9999.9"," 0","736.7"," 4","  6.2","13","  3.7","13","  8.9","999.9","  73.4","*","  44.1"," "," 0.00","I","999.9","000000"
"84673099999","2021-07-25","-13.154819","-74.204417","2717.9","CORONEL FAP ALFREDO MENDIVIL DUARTE, PE","  64.5","13","  20.3","13","9999.9"," 0","999.9"," 0","  6.2","13","  3.3","13","  9.9","999.9","  73.4","*","  46.4","*"," 0.00","I","999.9","000000"
"84673099999","2021-07-26","-13.154819","-74.204417","2717.9","CORONEL FAP ALFREDO MENDIVIL DUARTE, PE","  63.2","13","  28.7","13","9999.9"," 0","999.9"," 0","  6.2","13","  3.6","13","  8.9","999.9","  75.2","*","  44.6","*"," 0.00","I","999.9","000000"
"84673099999","2021-07-27","-13.154819","-74.204417","2717.9","CORONEL FAP ALFREDO MENDIVIL DUARTE, PE","  63.9","13","  35.0","13","9999.9"," 0","736.0"," 4","  6.2","13","  4.5","13"," 13.0","999.9","  73.4","*","  46.4","*"," 0.00","I","999.9","000000"
"84673099999","2021-07-28","-13.154819","-74.204417","2717.9","CORONEL FAP ALFREDO MENDIVIL DUARTE, PE","  64.5","13","  39.0","13","9999.9"," 0","999.9"," 0","  6.2","13","  3.0","13","  9.9","999.9","  71.6","*","  55.2"," "," 0.00","I","999.9","000000"
"84673099999","2021-07-29","-13.154819","-74.204417","2717.9","CORONEL FAP ALFREDO MENDIVIL DUARTE, PE","  65.2","13","  37.5","13","9999.9"," 0","734.8"," 4","  6.2","13","  4.5","13","  8.0","999.9","  73.4","*","  49.6"," "," 0.00","I","999.9","000000"
"84673099999","2021-07-30","-13.154819","-74.204417","2717.9","CORONEL FAP ALFREDO MENDIVIL DUARTE, PE","  66.7","13","  40.1","13","9999.9"," 0","735.0"," 4","  6.2","13","  4.6","13","  8.9","999.9","  73.4","*","  55.4","*"," 0.00","I","999.9","000000"
"84673099999","2021-07-31","-13.154819","-74.204417","2717.9","CORONEL FAP ALFREDO MENDIVIL DUARTE, PE","  65.0","13","  38.7","13","9999.9"," 0","999.9"," 0","  6.2","13","  4.4","13","  9.9","999.9","  71.6","*","  56.1"," "," 0.00","I","999.9","000000"
"84673099999","2021-08-01","-13.154819","-74.204417","2717.9","CORONEL FAP ALFREDO MENDIVIL DUARTE, PE","  65.4","13","  37.4","13","9999.9"," 0","736.5"," 4","  6.2","13","  5.2","13"," 12.0","999.9","  71.6","*","  55.4","*"," 0.00","I","999.9","000000"
"84673099999","2021-08-02","-13.154819","-74.204417","2717.9","CORONEL FAP ALFREDO MENDIVIL DUARTE, PE","  63.2","13","  36.9","13","9999.9"," 0","738.5"," 4","  6.2","13","  4.0","13","  8.0","999.9","  70.5","*","  53.1"," "," 0.00","I","999.9","000000"
"84673099999","2021-08-03","-13.154819","-74.204417","2717.9","CORONEL FAP ALFREDO MENDIVIL DUARTE, PE","  63.2","13","  35.2","13","9999.9"," 0","737.7"," 4","  6.2","13","  5.2","13","  9.9","999.9","  70.2","*","  52.7"," "," 0.00","I","999.9","000000"
"84673099999","2021-08-04","-13.154819","-74.204417","2717.9","CORONEL FAP ALFREDO MENDIVIL DUARTE, PE","  61.5","13","  30.6","13","9999.9"," 0","999.9"," 0","  6.2","13","  4.8","13","  9.9","999.9","  69.8","*","  45.1"," "," 0.00","I","999.9","000000"
"84673099999","2021-08-05","-13.154819","-74.204417","2717.9","CORONEL FAP ALFREDO MENDIVIL DUARTE, PE","  61.4","13","  26.9","13","9999.9"," 0","999.9"," 0","  6.2","13","  3.0","13","  7.0","999.9","  72.3","*","  42.8"," "," 0.00","I","999.9","000000"
"84673099999","2021-08-06","-13.154819","-74.204417","2717.9","CORONEL FAP ALFREDO MENDIVIL DUARTE, PE","  64.1","13","  26.5","13","9999.9"," 0","737.2"," 4","  6.2","11","  3.7","13","  8.9","999.9","  75.2","*","  43.3"," "," 0.00","I","999.9","000000"
"84673099999","2021-08-07","-13.154819","-74.204417","2717.9","CORONEL FAP ALFREDO MENDIVIL DUARTE, PE","  65.1","13","  23.9","13","9999.9"," 0","736.0"," 4","  6.2","13","  2.5","13","  6.0","999.9","  77.0","*","  45.5"," "," 0.00","I","999.9","000000"
"84673099999","2021-08-08","-13.154819","-74.204417","2717.9","CORONEL FAP ALFREDO MENDIVIL DUARTE, PE","  65.6","13","  24.3","13","9999.9"," 0","735.8"," 4","  6.2","13","  3.5","13","  8.9","999.9","  77.0","*","  46.9"," "," 0.00","I","999.9","000000"
"84673099999","2021-08-09","-13.154819","-74.204417","2717.9","CORONEL FAP ALFREDO MENDIVIL DUARTE, PE","  65.3","13","  26.3","13","9999.9"," 0","999.9"," 0","  6.2","13","  3.2","13","  7.0","999.9","  77.0","*","  46.4","*"," 0.00","I","999.9","000000"
"84673099999","2021-08-10","-13.154819","-74.204417","2717.9","CORONEL FAP ALFREDO MENDIVIL DUARTE, PE","  63.2","13","  28.1","13","9999.9"," 0","737.7"," 4","  6.2","13","  3.7","13"," 13.0","999.9","  73.4","*","  44.8"," "," 0.00","I","999.9","000000"
"84673099999","2021-08-11","-13.154819","-74.204417","2717.9","CORONEL FAP ALFREDO MENDIVIL DUARTE, PE","  62.4","13","  33.5","13","9999.9"," 0","999.9"," 0","  6.2","13","  3.2","13","  6.0","999.9","  69.8","*","  45.7"," "," 0.00","I","999.9","000000"
"84673099999","2021-08-12","-13.154819","-74.204417","2717.9","CORONEL FAP ALFREDO MENDIVIL DUARTE, PE","  66.1","13","  31.2","13","9999.9"," 0","999.9"," 0","  6.2","13","  3.8","13","  7.0","999.9","  75.2","*","  50.2"," "," 0.00","I","999.9","000000"
"84673099999","2021-08-13","-13.154819","-74.204417","2717.9","CORONEL FAP ALFREDO MENDIVIL DUARTE, PE","  65.7","13","  30.8","13","9999.9"," 0","736.8"," 4","  6.2","13","  3.1","13","  8.9","999.9","  75.7","*","  49.3"," "," 0.00","I","999.9","000000"
"84673099999","2021-08-14","-13.154819","-74.204417","2717.9","CORONEL FAP ALFREDO MENDIVIL DUARTE, PE","  68.1","13","  34.5","13","9999.9"," 0","736.1"," 4","  6.2","13","  4.0","13"," 12.0","999.9","  77.0","*","  53.2"," "," 0.00","I","999.9","000000"
"84673099999","2021-08-15","-13.154819","-74.204417","2717.9","CORONEL FAP ALFREDO MENDIVIL DUARTE, PE","  65.7","13","  35.0","13","9999.9"," 0","735.1"," 4","  6.2","13","  3.8","13"," 11.1","999.9","  75.2","*","  51.6"," "," 0.00","I","999.9","000000"
"84673099999","2021-08-16","-13.154819","-74.204417","2717.9","CORONEL FAP ALFREDO MENDIVIL DUARTE, PE","  64.9","13","  36.7","13","9999.9"," 0","735.2"," 4","  6.2","13","  4.6","13"," 13.0","999.9","  77.0","*","  46.9"," "," 0.00","I","999.9","000000"
"84673099999","2021-08-17","-13.154819","-74.204417","2717.9","CORONEL FAP ALFREDO MENDIVIL DUARTE, PE","  64.8","11","  34.7","11","9999.9"," 0","999.9"," 0","  6.2","11","  4.7","11"," 11.1","999.9","  76.1","*","  49.8"," "," 0.00","I","999.9","000000"
"84673099999","2021-08-18","-13.154819","-74.204417","2717.9","CORONEL FAP ALFREDO MENDIVIL DUARTE, PE","  65.7","13","  35.1","13","9999.9"," 0","737.3"," 4","  6.2","13","  6.1","13"," 17.1","999.9","  75.2","*","  48.4"," "," 0.00","I","999.9","000000"
"84673099999","2021-08-19","-13.154819","-74.204417","2717.9","CORONEL FAP ALFREDO MENDIVIL DUARTE, PE","  66.2","13","  31.7","13","9999.9"," 0","999.9"," 0","  6.2","13","  3.5","13","  8.0","999.9","  77.0","*","  48.0"," "," 0.00","I","999.9","000000"
"84673099999","2021-08-20","-13.154819","-74.204417","2717.9","CORONEL FAP ALFREDO MENDIVIL DUARTE, PE","  66.1","13","  28.2","13","9999.9"," 0","733.5"," 4","  6.2","13","  5.1","13"," 18.1","999.9","  77.4","*","  47.8"," ","99.99"," ","999.9","010010"
"84673099999","2021-08-21","-13.154819","-74.204417","2717.9","CORONEL FAP ALFREDO MENDIVIL DUARTE, PE","  64.8","13","  37.4","13","9999.9"," 0","999.9"," 0","  6.2","13","  4.5","13"," 12.0","999.9","  73.4","*","  50.0","*"," 0.00","I","999.9","000000"
"84673099999","2021-08-22","-13.154819","-74.204417","2717.9","CORONEL FAP ALFREDO MENDIVIL DUARTE, PE","  65.2","13","  35.5","12","9999.9"," 0","999.9"," 0","  6.2","13","  4.1","11"," 13.0","999.9","  75.2","*","  47.5"," "," 0.00","I","999.9","000000"
"84673099999","2021-08-23","-13.154819","-74.204417","2717.9","CORONEL FAP ALFREDO MENDIVIL DUARTE, PE","  68.0","13","  34.7","13","9999.9"," 0","732.7"," 4","  6.2","13","  3.5","13","  7.0","999.9","  78.8","*","  48.7"," "," 0.00","I","999.9","000000"
"84673099999","2021-08-24","-13.154819","-74.204417","2717.9","CORONEL FAP ALFREDO MENDIVIL DUARTE, PE","  67.6","13","  36.7","13","9999.9"," 0","999.9"," 0","  6.2","13","  3.7","13","  8.9","999.9","  77.0","*","  51.8","*"," 0.00","I","999.9","000000"
"84673099999","2021-08-25","-13.154819","-74.204417","2717.9","CORONEL FAP ALFREDO MENDIVIL DUARTE, PE","  68.0","13","  28.9","13","9999.9"," 0","999.9"," 0","  6.2","13","  3.3","13","  6.0","999.9","  78.8","*","  49.5"," "," 0.00","I","999.9","000000"
"84673099999","2021-08-26","-13.154819","-74.204417","2717.9","CORONEL FAP ALFREDO MENDIVIL DUARTE, PE","  67.4","13","  39.5","13","9999.9"," 0","733.0"," 4","  6.2","13","  4.8","13"," 12.0","999.9","  75.4","*","  54.3"," ","99.99"," ","999.9","010000"
"84673099999","2021-08-27","-13.154819","-74.204417","2717.9","CORONEL FAP ALFREDO MENDIVIL DUARTE, PE","  64.4","15","  45.2","15","9999.9"," 0","733.2"," 5","  6.1","15","  4.2","15"," 15.9","999.9","  77.4"," ","  55.0"," "," 0.12","G","999.9","010000"
"84673099999","2021-08-28","-13.154819","-74.204417","2717.9","CORONEL FAP ALFREDO MENDIVIL DUARTE, PE","  67.5","13","  32.4","13","9999.9"," 0","734.8"," 4","  6.2","13","  4.0","13"," 11.1","999.9","  78.8","*","  51.8","*"," 0.00","G","999.9","000000"
"84673099999","2021-08-29","-13.154819","-74.204417","2717.9","CORONEL FAP ALFREDO MENDIVIL DUARTE, PE","  66.4","12","  32.0","12","9999.9"," 0","999.9"," 0","  6.2","12","  4.4","12","  8.9","999.9","  75.2","*","  54.0"," "," 0.00","I","999.9","000000"
"84673099999","2021-08-30","-13.154819","-74.204417","2717.9","CORONEL FAP ALFREDO MENDIVIL DUARTE, PE","  66.4","13","  35.8","13","9999.9"," 0","735.8"," 4","  6.2","13","  4.9","13","  9.9","999.9","  75.2","*","  54.5"," "," 0.00","I","999.9","000000"
"84673099999","2021-08-31","-13.154819","-74.204417","2717.9","CORONEL FAP ALFREDO MENDIVIL DUARTE, PE","  67.6","13","  36.9","13","9999.9"," 0","999.9"," 0","  6.2","13","  5.2","13"," 11.1","999.9","  77.0","*","  53.6","*"," 0.00","I","999.9","000000"
"84673099999","2021-09-01","-13.154819","-74.204417","2717.9","CORONEL FAP ALFREDO MENDIVIL DUARTE, PE","  66.7","13","  34.9","13","9999.9"," 0","999.9"," 0","  6.2","13","  4.0","13","  8.0","999.9","  77.0","*","  47.5"," "," 0.00","I","999.9","000000"
"84673099999","2021-09-02","-13.154819","-74.204417","2717.9","CORONEL FAP ALFREDO MENDIVIL DUARTE, PE","  67.2","13","  35.7","13","9999.9"," 0","999.9"," 0","  6.2","13","  3.9","13"," 11.1","999.9","  77.0","*","  49.1"," "," 0.00","I","999.9","000000"
"84673099999","2021-09-03","-13.154819","-74.204417","2717.9","CORONEL FAP ALFREDO MENDIVIL DUARTE, PE","  68.1","13","  37.4","13","9999.9"," 0","735.3"," 4","  6.2","13","  3.7","13","  8.9","999.9","  78.8","*","  50.0"," ","99.99"," ","999.9","010000"
"84673099999","2021-09-04","-13.154819","-74.204417","2717.9","CORONEL FAP ALFREDO MENDIVIL DUARTE, PE","  70.4","12","  37.7","12","9999.9"," 0","734.6"," 4","  6.2","12","  4.4","12","  7.0","999.9","  78.8","*","  51.4"," "," 0.00","I","999.9","000000"
"84673099999","2021-09-05","-13.154819","-74.204417","2717.9","CORONEL FAP ALFREDO MENDIVIL DUARTE, PE","  67.8","11","  37.4","11","9999.9"," 0","735.6"," 4","  6.2","11","  4.1","11","  7.0","999.9","  75.2","*","  55.4","*"," 0.00","B","999.9","010000"
"84673099999","2021-09-06","-13.154819","-74.204417","2717.9","CORONEL FAP ALFREDO MENDIVIL DUARTE, PE","  59.7","13","  42.6","13","9999.9"," 0","737.8"," 4","  6.2","13","  4.8","13"," 12.0","999.9","  68.0","*","  47.5"," "," 0.59","G","999.9","000000"
"84673099999","2021-09-07","-13.154819","-74.204417","2717.9","CORONEL FAP ALFREDO MENDIVIL DUARTE, PE","  61.9","13","  40.7","13","9999.9"," 0","735.4"," 4","  6.1","13","  5.6","13"," 15.0"," 25.1","  71.6","*","  49.3"," "," 0.00","G","999.9","010000"
"84673099999","2021-09-08","-13.154819","-74.204417","2717.9","CORONEL FAP ALFREDO MENDIVIL DUARTE, PE","  63.4","11","  44.2","11","9999.9"," 0","735.3"," 4","  6.2","11","  3.4","11","  7.0","999.9","  73.9","*","  49.6"," "," 0.04","G","999.9","000000"
"84673099999","2021-09-09","-13.154819","-74.204417","2717.9","CORONEL FAP ALFREDO MENDIVIL DUARTE, PE","  66.1","11","  42.1","11","9999.9"," 0","734.9"," 4","  6.2","11","  3.6","11"," 13.0","999.9","  73.4","*","  55.0"," "," 0.08","G","999.9","000000"
"84673099999","2021-09-10","-13.154819","-74.204417","2717.9","CORONEL FAP ALFREDO MENDIVIL DUARTE, PE","  66.6","12","  39.0","12","9999.9"," 0","734.8"," 4","  6.2","12","  4.1","12","  9.9","999.9","  75.2","*","  50.5"," "," 0.00","G","999.9","000000"
"84673099999","2021-09-11","-13.154819","-74.204417","2717.9","CORONEL FAP ALFREDO MENDIVIL DUARTE, PE","  66.7","13","  41.7","13","9999.9"," 0","735.8"," 4","  6.2","13","  4.3","13","  9.9","999.9","  73.4","*","  55.4","*"," 0.00","I","999.9","000000"
"84673099999","2021-09-12","-13.154819","-74.204417","2717.9","CORONEL FAP ALFREDO MENDIVIL DUARTE, PE","  67.6","13","  38.9","13","9999.9"," 0","736.3"," 4","  6.2","13","  3.8","13","  7.0","999.9","  75.2","*","  52.2"," "," 0.00","I","999.9","000000"
"84673099999","2021-09-13","-13.154819","-74.204417","2717.9","CORONEL FAP ALFREDO MENDIVIL DUARTE, PE","  69.0","13","  39.1","13","9999.9"," 0","735.4"," 4","  6.2","13","  3.7","13","  8.9","999.9","  78.8","*","  52.9"," "," 0.00","I","999.9","000000"
"84673099999","2021-09-14","-13.154819","-74.204417","2717.9","CORONEL FAP ALFREDO MENDIVIL DUARTE, PE","  72.1","12","  33.0","12","9999.9"," 0","999.9"," 0","  6.2","12","  5.0","12","  8.9","999.9","  80.6","*","  51.1"," "," 0.00","I","999.9","000000"
"84673099999","2021-09-15","-13.154819","-74.204417","2717.9","CORONEL FAP ALFREDO MENDIVIL DUARTE, PE","  62.1","13","  44.5","13","9999.9"," 0","736.7"," 4","  5.8","13","  4.4","13","  9.9","999.9","  66.2","*","  58.5"," ","99.99"," ","999.9","010000"
"84673099999","2021-09-16","-13.154819","-74.204417","2717.9","CORONEL FAP ALFREDO MENDIVIL DUARTE, PE","  65.4","13","  42.2","13","9999.9"," 0","737.3"," 4","  6.2","13","  4.8","13","  8.9","999.9","  69.8","*","  52.9"," "," 0.00","I","999.9","000000"
"84673099999","2021-09-17","-13.154819","-74.204417","2717.9","CORONEL FAP ALFREDO MENDIVIL DUARTE, PE","  66.0","10","  41.2","10","9999.9"," 0","737.5"," 4","  6.2","10","  4.4","10","  9.9","999.9","  75.2","*","  53.4"," "," 0.01","G","999.9","000000"
"84673099999","2021-09-18","-13.154819","-74.204417","2717.9","CORONEL FAP ALFREDO MENDIVIL DUARTE, PE","  65.1","13","  38.7","13","9999.9"," 0","736.0"," 4","  6.2","13","  4.7","13","  9.9","999.9","  73.4","*","  48.2"," "," 0.00","G","999.9","000000"
"84673099999","2021-09-19","-13.154819","-74.204417","2717.9","CORONEL FAP ALFREDO MENDIVIL DUARTE, PE","  67.6","13","  36.6","13","9999.9"," 0","734.5"," 4","  6.2","13","  5.0","13","  8.9","999.9","  77.0","*","  51.4"," "," 0.00","I","999.9","000000"
"84673099999","2021-09-20","-13.154819","-74.204417","2717.9","CORONEL FAP ALFREDO MENDIVIL DUARTE, PE","  63.9","13","  36.8","13","9999.9"," 0","735.8"," 4","  6.2","13","  3.0","13","  7.0","999.9","  71.6","*","  49.8"," "," 0.00","I","999.9","000000"
"84673099999","2021-09-21","-13.154819","-74.204417","2717.9","CORONEL FAP ALFREDO MENDIVIL DUARTE, PE","  67.4","13","  35.0","13","9999.9"," 0","735.9"," 4","  6.2","13","  5.1","13"," 11.1","999.9","  75.2","*","  51.6"," "," 0.00","I","999.9","000000"
"84673099999","2021-09-22","-13.154819","-74.204417","2717.9","CORONEL FAP ALFREDO MENDIVIL DUARTE, PE","  65.4","13","  39.4","13","9999.9"," 0","736.0"," 4","  6.2","13","  6.2","13"," 22.0"," 28.9","  75.2","*","  58.1"," "," 0.00","I","999.9","000000"
"84673099999","2021-09-23","-13.154819","-74.204417","2717.9","CORONEL FAP ALFREDO MENDIVIL DUARTE, PE","  59.8","13","  44.7","13","9999.9"," 0","737.6"," 4","  6.0","13","  3.7","13","  6.0","999.9","  66.4","*","  51.8","*"," 0.00","I","999.9","000000"
"84673099999","2021-09-24","-13.154819","-74.204417","2717.9","CORONEL FAP ALFREDO MENDIVIL DUARTE, PE","  66.1","13","  37.6","13","9999.9"," 0","737.7"," 4","  6.2","13","  5.3","13","  9.9","999.9","  75.2","*","  50.7"," "," 0.00","I","999.9","000000"
"84673099999","2021-09-25","-13.154819","-74.204417","2717.9","CORONEL FAP ALFREDO MENDIVIL DUARTE, PE","  68.6","13","  37.3","13","9999.9"," 0","999.9"," 0","  6.2","13","  4.4","13","  8.0","999.9","  77.0","*","  53.6","*"," 0.00","I","999.9","000000"
"84673099999","2021-09-26","-13.154819","-74.204417","2717.9","CORONEL FAP ALFREDO MENDIVIL DUARTE, PE","  69.6","12","  36.4","12","9999.9"," 0","999.9"," 0","  6.2","12","  4.9","12"," 11.1","999.9","  78.8","*","  50.0"," "," 0.00","I","999.9","000000"
"84673099999","2021-09-27","-13.154819","-74.204417","2717.9","CORONEL FAP ALFREDO MENDIVIL DUARTE, PE","  69.2","13","  40.2","13","9999.9"," 0","736.5"," 4","  6.2","13","  6.0","13","  9.9"," 22.0","  75.4","*","  55.0"," "," 0.00","I","999.9","000000"
"84673099999","2021-09-28","-13.154819","-74.204417","2717.9","CORONEL FAP ALFREDO MENDIVIL DUARTE, PE","  69.4","13","  38.8","13","9999.9"," 0","999.9"," 0","  6.2","13","  3.9","13","  8.0","999.9","  78.8","*","  51.4"," "," 0.00","I","999.9","000000"
"84673099999","2021-09-29","-13.154819","-74.204417","2717.9","CORONEL FAP ALFREDO MENDIVIL DUARTE, PE","  64.1","13","  40.2","13","9999.9"," 0","999.9"," 0","  6.2","13","  6.5","13"," 17.1","999.9","  71.6","*","  51.1"," "," 0.00","I","999.9","000000"
"84673099999","2021-09-30","-13.154819","-74.204417","2717.9","CORONEL FAP ALFREDO MENDIVIL DUARTE, PE","  67.1","12","  38.0","12","9999.9"," 0","735.4"," 4","  6.2","12","  4.5","12","  8.9","999.9","  75.2","*","  49.5"," "," 0.00","I","999.9","000000"
"84673099999","2021-10-01","-13.154819","-74.204417","2717.9","CORONEL FAP ALFREDO MENDIVIL DUARTE, PE","  69.0","12","  38.4","12","9999.9"," 0","733.8"," 4","  6.2","12","  3.9","12"," 19.0","999.9","  79.9","*","  52.5"," "," 0.00","I","999.9","000000"
"84673099999","2021-10-02","-13.154819","-74.204417","2717.9","CORONEL FAP ALFREDO MENDIVIL DUARTE, PE","  68.4","12","  39.9","12","9999.9"," 0","999.9"," 0","  6.2","12","  3.9","12","  8.0","999.9","  78.8","*","  49.8"," "," 0.00","I","999.9","000000"
"84673099999","2021-10-03","-13.154819","-74.204417","2717.9","CORONEL FAP ALFREDO MENDIVIL DUARTE, PE","  69.6","13","  35.1","13","9999.9"," 0","999.9"," 0","  6.2","13","  4.5","13","  8.9","999.9","  78.8","*","  51.8"," "," 0.00","I","999.9","000000"
"84673099999","2021-10-04","-13.154819","-74.204417","2717.9","CORONEL FAP ALFREDO MENDIVIL DUARTE, PE","  70.8","13","  36.6","13","9999.9"," 0","999.9"," 0","  6.2","13","  4.1","13","  7.0","999.9","  78.8","*","  52.9"," "," 0.00","I","999.9","000000"
"84673099999","2021-10-05","-13.154819","-74.204417","2717.9","CORONEL FAP ALFREDO MENDIVIL DUARTE, PE","  59.5","12","  46.5","12","9999.9"," 0","735.0"," 4","  6.0","12","  3.6","12"," 11.1","999.9","  66.2","*","  54.9","*"," 0.04","A","999.9","010000"
"84673099999","2021-10-06","-13.154819","-74.204417","2717.9","CORONEL FAP ALFREDO MENDIVIL DUARTE, PE","  62.8","13","  46.3","13","9999.9"," 0","999.9"," 0","  6.0","13","  4.8","13"," 12.0","999.9","  73.4","*","  50.9"," "," 0.35","G","999.9","010000"
"84673099999","2021-10-07","-13.154819","-74.204417","2717.9","CORONEL FAP ALFREDO MENDIVIL DUARTE, PE","  66.0","13","  45.7","13","9999.9"," 0","999.9"," 0","  6.2","13","  4.0","13","  8.0","999.9","  75.2","*","  51.8","*"," 0.00","G","999.9","000000"
"84673099999","2021-10-08","-13.154819","-74.204417","2717.9","CORONEL FAP ALFREDO MENDIVIL DUARTE, PE","  67.6","13","  46.2","13","9999.9"," 0","999.9"," 0","  6.2","13","  5.3","13"," 14.0","999.9","  75.2","*","  55.4","*"," 0.00","I","999.9","000000"
"84673099999","2021-10-09","-13.154819","-74.204417","2717.9","CORONEL FAP ALFREDO MENDIVIL DUARTE, PE","  69.7","13","  43.9","13","9999.9"," 0","734.0"," 4","  6.2","13","  3.9","13"," 12.0","999.9","  77.0","*","  58.5"," "," 0.00","I","999.9","000000"
"84673099999","2021-10-10","-13.154819","-74.204417","2717.9","CORONEL FAP ALFREDO MENDIVIL DUARTE, PE","  71.8","13","  43.3","13","9999.9"," 0","734.0"," 4","  6.2","13","  4.4","13","  9.9","999.9","  78.8","*","  57.0"," "," 0.00","I","999.9","000010"
"84673099999","2021-10-11","-13.154819","-74.204417","2717.9","CORONEL FAP ALFREDO MENDIVIL DUARTE, PE","  65.1","13","  45.1","13","9999.9"," 0","735.8"," 4","  6.1","13","  5.3","13"," 14.0"," 28.9","  75.2","*","  52.5"," "," 0.12","G","999.9","010000"
"84673099999","2021-10-12","-13.154819","-74.204417","2717.9","CORONEL FAP ALFREDO MENDIVIL DUARTE, PE","  71.1","13","  40.4","13","9999.9"," 0","735.5"," 4","  6.2","13","  4.0","13","  8.9","999.9","  80.6","*","  51.4"," "," 0.00","G","999.9","000000"
"84673099999","2021-10-13","-13.154819","-74.204417","2717.9","CORONEL FAP ALFREDO MENDIVIL DUARTE, PE","  72.8","13","  38.2","13","9999.9"," 0","733.8"," 4","  6.2","13","  3.7","13","  7.0","999.9","  84.2","*","  53.6","*"," 0.00","I","999.9","000000"
"84673099999","2021-10-14","-13.154819","-74.204417","2717.9","CORONEL FAP ALFREDO MENDIVIL DUARTE, PE","  71.0","13","  40.2","13","9999.9"," 0","732.2"," 4","  6.3","13","  4.8","12"," 15.9"," 26.0","  83.1","*","  56.5"," ","99.99"," ","999.9","010010"
"84673099999","2021-10-15","-13.154819","-74.204417","2717.9","CORONEL FAP ALFREDO MENDIVIL DUARTE, PE","  68.2","13","  40.9","13","9999.9"," 0","733.8"," 4","  6.2","13","  4.9","13"," 17.1"," 29.9","  78.8","*","  48.9"," ","99.99"," ","999.9","010010"
"84673099999","2021-10-16","-13.154819","-74.204417","2717.9","CORONEL FAP ALFREDO MENDIVIL DUARTE, PE","  70.9","13","  39.9","13","9999.9"," 0","999.9"," 0","  6.2","13","  3.9","13"," 18.1"," 22.9","  80.6","*","  53.6","*"," 0.00","I","999.9","000000"
"84673099999","2021-10-17","-13.154819","-74.204417","2717.9","CORONEL FAP ALFREDO MENDIVIL DUARTE, PE","  67.6","13","  44.8","13","9999.9"," 0","735.2"," 4","  6.2","13","  4.0","13","  8.0","999.9","  77.7","*","  50.2"," "," 0.04","G","999.9","000000"
"84673099999","2021-10-18","-13.154819","-74.204417","2717.9","CORONEL FAP ALFREDO MENDIVIL DUARTE, PE","  69.5","12","  41.8","12","9999.9"," 0","999.9"," 0","  6.2","12","  3.3","12"," 12.0","999.9","  80.6","*","  52.7"," "," 0.00","G","999.9","000010"
"84673099999","2021-10-19","-13.154819","-74.204417","2717.9","CORONEL FAP ALFREDO MENDIVIL DUARTE, PE","  68.6","12","  43.1","12","9999.9"," 0","999.9"," 0","  6.2","12","  5.0","12","  9.9","999.9","  73.4","*","  59.0"," "," 0.00","I","999.9","000000"
"84673099999","2021-10-20","-13.154819","-74.204417","2717.9","CORONEL FAP ALFREDO MENDIVIL DUARTE, PE","  69.2","13","  42.2","13","9999.9"," 0","735.3"," 4","  6.2","13","  3.6","13","  8.9","999.9","  82.4","*","  50.0"," "," 0.12","G","999.9","000000"
"84673099999","2021-10-21","-13.154819","-74.204417","2717.9","CORONEL FAP ALFREDO MENDIVIL DUARTE, PE","  69.6","13","  40.5","13","9999.9"," 0","999.9"," 0","  6.2","13","  4.5","13"," 17.1"," 21.0","  80.6","*","  53.6"," "," 0.00","G","999.9","010110"
"84673099999","2021-10-22","-13.154819","-74.204417","2717.9","CORONEL FAP ALFREDO MENDIVIL DUARTE, PE","  69.7","13","  40.6","13","9999.9"," 0","999.9"," 0","  6.2","13","  5.9","13"," 17.1"," 29.9","  77.0","*","  53.2"," "," 0.03","G","999.9","000000"
"84673099999","2021-10-23","-13.154819","-74.204417","2717.9","CORONEL FAP ALFREDO MENDIVIL DUARTE, PE","  72.4","12","  36.8","12","9999.9"," 0","999.9"," 0","  6.2","12","  4.5","12"," 13.0","999.9","  84.2","*","  51.3"," "," 0.00","G","999.9","000010"
"84673099999","2021-10-24","-13.154819","-74.204417","2717.9","CORONEL FAP ALFREDO MENDIVIL DUARTE, PE","  74.1","13","  32.8","13","9999.9"," 0","733.5"," 4","  6.2","13","  3.4","13","  7.0"," 19.0","  86.0","*","  53.6"," "," 0.00","I","999.9","000000"
"84673099999","2021-10-25","-13.154819","-74.204417","2717.9","CORONEL FAP ALFREDO MENDIVIL DUARTE, PE","  71.8","13","  22.3","13","9999.9"," 0","733.7"," 4","  6.2","13","  4.4","13","  9.9","999.9","  80.6","*","  54.9"," "," 0.00","I","999.9","000000"
"84673099999","2021-10-26","-13.154819","-74.204417","2717.9","CORONEL FAP ALFREDO MENDIVIL DUARTE, PE","  71.3","13","  37.2","13","9999.9"," 0","734.1"," 4","  6.2","13","  5.5","13"," 12.0","999.9","  82.4","*","  55.0"," "," 0.00","I","999.9","000000"
"84673099999","2021-10-27","-13.154819","-74.204417","2717.9","CORONEL FAP ALFREDO MENDIVIL DUARTE, PE","  71.6","13","  38.0","13","9999.9"," 0","734.6"," 4","  6.2","13","  5.6","13","  9.9","999.9","  78.8","*","  57.2"," "," 0.00","I","999.9","000000"
"84673099999","2021-10-28","-13.154819","-74.204417","2717.9","CORONEL FAP ALFREDO MENDIVIL DUARTE, PE","  65.4","13","  40.1","13","9999.9"," 0","737.6"," 4","  6.2","13","  4.1","13","  6.0","999.9","  71.6","*","  55.0"," "," 0.00","I","999.9","000000"
"84673099999","2021-10-29","-13.154819","-74.204417","2717.9","CORONEL FAP ALFREDO MENDIVIL DUARTE, PE","  61.3","13","  45.2","13","9999.9"," 0","738.1"," 4","  6.1","13","  3.7","13","  6.0","999.9","  69.8","*","  51.8","*"," 0.43","G","999.9","010000"
"84673099999","2021-10-30","-13.154819","-74.204417","2717.9","CORONEL FAP ALFREDO MENDIVIL DUARTE, PE","  69.3","13","  39.2","13","9999.9"," 0","734.6"," 4","  6.2","13","  5.3","13"," 21.0","999.9","  78.8","*","  50.0"," "," 0.00","G","999.9","000000"
"84673099999","2021-10-31","-13.154819","-74.204417","2717.9","CORONEL FAP ALFREDO MENDIVIL DUARTE, PE","  68.2","13","  41.1","13","9999.9"," 0","999.9"," 0","  6.1","13","  6.6","13"," 22.0","999.9","  80.6","*","  52.0"," ","99.99"," ","999.9","010000"
"84673099999","2021-11-01","-13.154819","-74.204417","2717.9","CORONEL FAP ALFREDO MENDIVIL DUARTE, PE","  64.6","13","  45.3","13","9999.9"," 0","999.9"," 0","  6.1","13","  5.0","13"," 12.0","999.9","  73.4","*","  49.5"," "," 0.12","G","999.9","000000"
"84673099999","2021-11-02","-13.154819","-74.204417","2717.9","CORONEL FAP ALFREDO MENDIVIL DUARTE, PE","  68.3","13","  40.0","13","9999.9"," 0","734.1"," 4","  6.2","13","  4.7","13"," 14.0","999.9","  77.0","*","  51.4"," "," 0.00","G","999.9","010110"
"84673099999","2021-11-03","-13.154819","-74.204417","2717.9","CORONEL FAP ALFREDO MENDIVIL DUARTE, PE","  68.7","13","  35.6","13","9999.9"," 0","733.3"," 4","  6.2","13","  3.7","13","  6.0","999.9","  78.8","*","  50.0","*"," 0.00","I","999.9","000000"
"84673099999","2021-11-04","-13.154819","-74.204417","2717.9","CORONEL FAP ALFREDO MENDIVIL DUARTE, PE","  68.1","13","  39.6","13","9999.9"," 0","732.3"," 4","  6.2","13","  6.5","13"," 20.0","999.9","  79.5","*","  53.4"," ","99.99"," ","999.9","010010"
"84673099999","2021-11-05","-13.154819","-74.204417","2717.9","CORONEL FAP ALFREDO MENDIVIL DUARTE, PE","  68.3","12","  37.4","12","9999.9"," 0","999.9"," 0","  6.2","12","  3.9","12"," 11.1","999.9","  78.8","*","  50.0","*"," 0.04","G","999.9","000000"
"84673099999","2021-11-06","-13.154819","-74.204417","2717.9","CORONEL FAP ALFREDO MENDIVIL DUARTE, PE","  70.0","13","  32.3","13","9999.9"," 0","733.5"," 4","  6.2","13","  4.2","13","  9.9","999.9","  80.6","*","  49.5"," "," 0.12","G","999.9","000000"
"84673099999","2021-11-07","-13.154819","-74.204417","2717.9","CORONEL FAP ALFREDO MENDIVIL DUARTE, PE","  71.6","13","  25.2","13","9999.9"," 0","733.2"," 4","  6.2","13","  4.3","13","  7.0","999.9","  82.4","*","  51.4"," "," 0.00","G","999.9","000000"
"84673099999","2021-11-08","-13.154819","-74.204417","2717.9","CORONEL FAP ALFREDO MENDIVIL DUARTE, PE","  70.9","13","  40.7","13","9999.9"," 0","732.8"," 4","  6.2","13","  6.2","13"," 14.0","999.9","  80.6","*","  55.4","*"," 0.00","I","999.9","000000"
"84673099999","2021-11-09","-13.154819","-74.204417","2717.9","CORONEL FAP ALFREDO MENDIVIL DUARTE, PE","  72.7","13","  34.8","13","9999.9"," 0","732.4"," 4","  6.2","13","  4.4","13","  8.9","999.9","  82.4","*","  54.5"," "," 0.00","I","999.9","000000"
"84673099999","2021-11-10","-13.154819","-74.204417","2717.9","CORONEL FAP ALFREDO MENDIVIL DUARTE, PE","  72.0","13","  20.3","13","9999.9"," 0","731.9"," 4","  6.2","13","  3.7","13","  8.0","999.9","  82.6","*","  51.8"," "," 0.00","I","999.9","000000"
"84673099999","2021-11-11","-13.154819","-74.204417","2717.9","CORONEL FAP ALFREDO MENDIVIL DUARTE, PE","  71.8","13","  40.2","13","9999.9"," 0","732.6"," 4","  6.2","13","  5.7","13"," 11.1","999.9","  80.6","*","  57.2"," "," 0.00","I","999.9","000000"
"84673099999","2021-11-12","-13.154819","-74.204417","2717.9","CORONEL FAP ALFREDO MENDIVIL DUARTE, PE","  64.5","13","  44.3","13","9999.9"," 0","734.8"," 4","  6.2","13","  5.1","13","  7.0","999.9","  69.8","*","  58.3"," "," 0.00","I","999.9","000000"
"84673099999","2021-11-13","-13.154819","-74.204417","2717.9","CORONEL FAP ALFREDO MENDIVIL DUARTE, PE","  69.1","13","  40.8","13","9999.9"," 0","733.0"," 4","  6.2","13","  5.5","13"," 18.1","999.9","  77.5","*","  55.4","*"," 0.00","I","999.9","000000"
"84673099999","2021-11-14","-13.154819","-74.204417","2717.9","CORONEL FAP ALFREDO MENDIVIL DUARTE, PE","  71.0","13","  38.0","13","9999.9"," 0","732.2"," 4","  6.2","13","  4.6","13"," 12.0","999.9","  78.8","*","  55.4","*"," 0.01","G","999.9","000000"
"84673099999","2021-11-15","-13.154819","-74.204417","2717.9","CORONEL FAP ALFREDO MENDIVIL DUARTE, PE","  71.1","13","  40.7","13","9999.9"," 0","731.9"," 4","  6.2","13","  4.6","13"," 15.0","999.9","  78.8","*","  55.8"," "," 0.00","G","999.9","000000"
"84673099999","2021-11-16","-13.154819","-74.204417","2717.9","CORONEL FAP ALFREDO MENDIVIL DUARTE, PE","  71.7","13","  34.0","13","9999.9"," 0","731.9"," 4","  6.2","13","  3.4","13","  7.0","999.9","  80.8","*","  55.4","*"," 0.01","G","999.9","000000"
"84673099999","2021-11-17","-13.154819","-74.204417","2717.9","CORONEL FAP ALFREDO MENDIVIL DUARTE, PE","  73.3","13","  27.5","13","9999.9"," 0","732.3"," 4","  6.2","13","  4.5","13","  9.9","999.9","  82.4","*","  56.8"," "," 0.00","G","999.9","000000"
"84673099999","2021-11-18","-13.154819","-74.204417","2717.9","CORONEL FAP ALFREDO MENDIVIL DUARTE, PE","  72.8","13","  19.9","13","9999.9"," 0","731.1"," 4","  6.2","13","  3.8","13","  8.0","999.9","  82.4","*","  54.9"," "," 0.00","I","999.9","000000"
"84673099999","2021-11-19","-13.154819","-74.204417","2717.9","CORONEL FAP ALFREDO MENDIVIL DUARTE, PE","  70.0","13","  30.2","13","9999.9"," 0","732.2"," 4","  6.2","13","  5.1","13"," 13.0","999.9","  77.0","*","  53.2"," "," 0.00","I","999.9","000000"
"84673099999","2021-11-20","-13.154819","-74.204417","2717.9","CORONEL FAP ALFREDO MENDIVIL DUARTE, PE","  54.9","13","  45.8","13","9999.9"," 0","736.3"," 4","  5.2","13","  2.9","13","  5.1","999.9","  60.8","*","  48.0"," "," 0.43","G","999.9","010000"
"84673099999","2021-11-21","-13.154819","-74.204417","2717.9","CORONEL FAP ALFREDO MENDIVIL DUARTE, PE","  64.8","13","  46.4","13","9999.9"," 0","734.3"," 4","  6.2","13","  3.4","13","  8.0","999.9","  71.6","*","  52.2"," "," 0.00","G","999.9","000000"
"84673099999","2021-11-22","-13.154819","-74.204417","2717.9","CORONEL FAP ALFREDO MENDIVIL DUARTE, PE","  69.8","13","  45.1","13","9999.9"," 0","732.8"," 4","  6.2","13","  5.3","13","  9.9","999.9","  78.8","*","  53.6","*"," 0.00","I","999.9","000000"
"84673099999","2021-11-23","-13.154819","-74.204417","2717.9","CORONEL FAP ALFREDO MENDIVIL DUARTE, PE","  63.4","13","  45.5","13","9999.9"," 0","735.0"," 4","  6.1","13","  3.8","13","  6.0","999.9","  73.4","*","  51.3"," ","99.99"," ","999.9","110000"
"84673099999","2021-11-24","-13.154819","-74.204417","2717.9","CORONEL FAP ALFREDO MENDIVIL DUARTE, PE","  60.9","13","  49.9","13","9999.9"," 0","735.1"," 4","  5.4","13","  3.5","13","  6.0","999.9","  66.9","*","  52.2"," "," 0.08","G","999.9","010000"
"84673099999","2021-11-25","-13.154819","-74.204417","2717.9","CORONEL FAP ALFREDO MENDIVIL DUARTE, PE","  66.7","13","  47.8","13","9999.9"," 0","734.0"," 4","  6.2","13","  2.9","13","  7.0","999.9","  75.2","*","  54.9"," "," 0.43","G","999.9","010000"
"84673099999","2021-11-26","-13.154819","-74.204417","2717.9","CORONEL FAP ALFREDO MENDIVIL DUARTE, PE","  62.7","13","  48.9","13","9999.9"," 0","734.2"," 4","  5.9","13","  4.5","13"," 12.0","999.9","  73.4","*","  54.9"," "," 0.00","G","999.9","010000"
"84673099999","2021-11-27","-13.154819","-74.204417","2717.9","CORONEL FAP ALFREDO MENDIVIL DUARTE, PE","  56.4","13","  50.3","13","9999.9"," 0","734.8"," 4","  4.7","13","  2.7","13","  5.1","999.9","  60.8","*","  52.7"," "," 0.35","G","999.9","010000"
"84673099999","2021-11-28","-13.154819","-74.204417","2717.9","CORONEL FAP ALFREDO MENDIVIL DUARTE, PE","  63.4","13","  46.4","13","9999.9"," 0","733.3"," 4","  6.2","13","  3.3","13","  8.0","999.9","  69.8","*","  50.0","*"," 0.43","G","999.9","000000"
"84673099999","2021-11-29","-13.154819","-74.204417","2717.9","CORONEL FAP ALFREDO MENDIVIL DUARTE, PE","  62.9","13","  47.9","13","9999.9"," 0","999.9"," 0","  5.9","13","  3.2","13","  8.0","999.9","  70.2","*","  53.1"," "," 0.24","G","999.9","000000"
"84673099999","2021-11-30","-13.154819","-74.204417","2717.9","CORONEL FAP ALFREDO MENDIVIL DUARTE, PE","  62.8","13","  48.5","13","9999.9"," 0","733.8"," 4","  6.1","13","  3.7","13","  8.0","999.9","  69.8","*","  52.2"," "," 0.59","G","999.9","100000"
"84673099999","2021-12-01","-13.154819","-74.204417","2717.9","CORONEL FAP ALFREDO MENDIVIL DUARTE, PE","  62.2","13","  50.2","13","9999.9"," 0","999.9"," 0","  6.2","13","  3.9","13","  9.9","999.9","  66.6","*","  55.4","*"," 0.00","G","999.9","010000"
"84673099999","2021-12-02","-13.154819","-74.204417","2717.9","CORONEL FAP ALFREDO MENDIVIL DUARTE, PE","  62.4","13","  46.8","13","9999.9"," 0","734.0"," 4","  6.2","13","  4.5","13"," 17.1","999.9","  73.4","*","  51.1"," "," 0.00","G","999.9","010010"
"84673099999","2021-12-03","-13.154819","-74.204417","2717.9","CORONEL FAP ALFREDO MENDIVIL DUARTE, PE","  64.2","13","  47.3","13","9999.9"," 0","999.9"," 0","  6.2","13","  4.5","13"," 15.0","999.9","  77.0","*","  50.0","*"," 0.16","G","999.9","010010"
"84673099999","2021-12-04","-13.154819","-74.204417","2717.9","CORONEL FAP ALFREDO MENDIVIL DUARTE, PE","  61.5","13","  49.7","13","9999.9"," 0","734.9"," 4","  6.2","13","  3.3","13","  6.0","999.9","  66.9","*","  55.0"," "," 0.00","G","999.9","110000"
"84673099999","2021-12-05","-13.154819","-74.204417","2717.9","CORONEL FAP ALFREDO MENDIVIL DUARTE, PE","  64.6","13","  47.3","13","9999.9"," 0","734.5"," 4","  6.2","13","  5.0","13"," 14.0","999.9","  73.4","*","  53.6","*"," 0.02","G","999.9","000000"
"84673099999","2021-12-06","-13.154819","-74.204417","2717.9","CORONEL FAP ALFREDO MENDIVIL DUARTE, PE","  61.6","12","  46.2","12","9999.9"," 0","736.0"," 4","  6.2","12","  4.2","12","  7.0","999.9","  66.2","*","  51.4"," "," 0.04","G","999.9","100000"
"84673099999","2021-12-07","-13.154819","-74.204417","2717.9","CORONEL FAP ALFREDO MENDIVIL DUARTE, PE","  64.9","13","  48.6","13","9999.9"," 0","735.0"," 4","  6.2","13","  3.8","13","  8.0","999.9","  73.4","*","  54.0"," "," 0.00","G","999.9","010000"
"84673099999","2021-12-08","-13.154819","-74.204417","2717.9","CORONEL FAP ALFREDO MENDIVIL DUARTE, PE","  66.8","13","  47.0","13","9999.9"," 0","734.2"," 4","  6.2","13","  4.2","13","  8.9","999.9","  77.2","*","  51.8","*"," 0.00","I","999.9","100010"
"84673099999","2021-12-09","-13.154819","-74.204417","2717.9","CORONEL FAP ALFREDO MENDIVIL DUARTE, PE","  65.0","13","  50.1","13","9999.9"," 0","999.9"," 0","  6.2","13","  3.9","13","  8.9","999.9","  73.4","*","  54.1"," "," 0.00","G","999.9","110000"
"84673099999","2021-12-10","-13.154819","-74.204417","2717.9","CORONEL FAP ALFREDO MENDIVIL DUARTE, PE","  66.1","13","  48.5","13","9999.9"," 0","732.5"," 4","  6.2","13","  3.8","13","  8.0","999.9","  77.0","*","  53.1"," "," 0.28","G","999.9","000010"
"84673099999","2021-12-11","-13.154819","-74.204417","2717.9","CORONEL FAP ALFREDO MENDIVIL DUARTE, PE","  71.1","13","  43.6","13","9999.9"," 0","731.0"," 4","  6.2","13","  3.9","13","  8.0"," 15.0","  80.6","*","  55.2"," "," 0.02","G","999.9","000000"
"84673099999","2021-12-12","-13.154819","-74.204417","2717.9","CORONEL FAP ALFREDO MENDIVIL DUARTE, PE","  69.0","13","  28.9","13","9999.9"," 0","999.9"," 0","  6.2","13","  3.6","13","  6.0"," 15.9","  78.8","*","  51.4"," "," 0.00","G","999.9","000000"
"84673099999","2021-12-13","-13.154819","-74.204417","2717.9","CORONEL FAP ALFREDO MENDIVIL DUARTE, PE","  69.6","13","  37.9","13","9999.9"," 0","731.5"," 4","  6.2","13","  5.0","13"," 11.1"," 28.0","  78.8","*","  54.7"," ","99.99"," ","999.9","010010"
"84673099999","2021-12-14","-13.154819","-74.204417","2717.9","CORONEL FAP ALFREDO MENDIVIL DUARTE, PE","  69.2","13","  38.4","13","9999.9"," 0","999.9"," 0","  6.2","13","  5.1","13"," 13.0"," 24.1","  78.8","*","  51.1"," "," 0.00","I","999.9","000000"
"84673099999","2021-12-15","-13.154819","-74.204417","2717.9","CORONEL FAP ALFREDO MENDIVIL DUARTE, PE","  70.1","13","  40.2","13","9999.9"," 0","732.4"," 4","  6.2","13","  5.4","13"," 12.0","999.9","  78.8","*","  55.2"," "," 0.00","I","999.9","000010"
"84673099999","2021-12-16","-13.154819","-74.204417","2717.9","CORONEL FAP ALFREDO MENDIVIL DUARTE, PE","  69.5","13","  41.2","13","9999.9"," 0","732.4"," 4","  6.2","13","  6.3","13"," 15.0"," 25.1","  75.2","*","  56.1"," ","99.99"," ","999.9","010010"
"84673099999","2021-12-17","-13.154819","-74.204417","2717.9","CORONEL FAP ALFREDO MENDIVIL DUARTE, PE","  69.4","13","  44.4","13","9999.9"," 0","733.4"," 4","  6.2","13","  4.6","13","  8.9","999.9","  78.8","*","  54.5"," "," 0.02","G","999.9","010000"
"84673099999","2021-12-18","-13.154819","-74.204417","2717.9","CORONEL FAP ALFREDO MENDIVIL DUARTE, PE","  69.3","13","  43.9","13","9999.9"," 0","999.9"," 0","  6.2","13","  4.4","13"," 12.0","999.9","  78.8","*","  57.2","*"," 0.00","G","999.9","000010"
"84673099999","2021-12-19","-13.154819","-74.204417","2717.9","CORONEL FAP ALFREDO MENDIVIL DUARTE, PE","  70.7","13","  37.0","13","9999.9"," 0","732.9"," 4","  6.2","13","  3.1","13","  6.0"," 15.9","  80.6","*","  51.4"," "," 0.00","I","999.9","000000"
"84673099999","2021-12-20","-13.154819","-74.204417","2717.9","CORONEL FAP ALFREDO MENDIVIL DUARTE, PE","  71.8","13","  31.7","13","9999.9"," 0","732.6"," 4","  6.2","13","  3.2","13","  5.1","999.9","  82.4","*","  57.0"," "," 0.00","I","999.9","000000"
"84673099999","2021-12-21","-13.154819","-74.204417","2717.9","CORONEL FAP ALFREDO MENDIVIL DUARTE, PE","  72.9","13","  29.3","13","9999.9"," 0","999.9"," 0","  6.2","13","  2.7","13","  6.0","999.9","  82.8","*","  53.2"," "," 0.00","I","999.9","000000"
"84673099999","2021-12-22","-13.154819","-74.204417","2717.9","CORONEL FAP ALFREDO MENDIVIL DUARTE, PE","  70.6","13","  28.1","13","9999.9"," 0","732.5"," 4","  6.2","13","  4.3","13"," 14.0","999.9","  78.8","*","  61.0"," "," 0.00","I","999.9","000000"
"84673099999","2021-12-23","-13.154819","-74.204417","2717.9","CORONEL FAP ALFREDO MENDIVIL DUARTE, PE","  70.0","13","  19.0","13","9999.9"," 0","999.9"," 0","  6.2","13","  3.6","13","  8.0","999.9","  80.6","*","  53.6"," "," 0.00","I","999.9","000000"
"84673099999","2021-12-24","-13.154819","-74.204417","2717.9","CORONEL FAP ALFREDO MENDIVIL DUARTE, PE","  64.2","13","  41.0","13","9999.9"," 0","735.0"," 4","  6.2","13","  3.7","13","  5.1","999.9","  69.8","*","  54.9"," "," 0.00","I","999.9","000000"
"84673099999","2021-12-25","-13.154819","-74.204417","2717.9","CORONEL FAP ALFREDO MENDIVIL DUARTE, PE","  69.5","12","  43.2","12","9999.9"," 0","733.6"," 4","  6.2","12","  6.6","12"," 17.1"," 33.0","  78.8","*","  57.4"," "," 0.00","I","999.9","000010"
"84673099999","2021-12-26","-13.154819","-74.204417","2717.9","CORONEL FAP ALFREDO MENDIVIL DUARTE, PE","  69.4","13","  38.3","13","9999.9"," 0","999.9"," 0","  6.2","13","  3.1","13","  5.1","999.9","  80.6","*","  47.8"," "," 0.39","G","999.9","000000"
"84673099999","2021-12-27","-13.154819","-74.204417","2717.9","CORONEL FAP ALFREDO MENDIVIL DUARTE, PE","  73.1","13","  28.0","13","9999.9"," 0","999.9"," 0","  6.2","13","  4.2","13","  6.0","999.9","  82.4","*","  57.4"," "," 0.00","G","999.9","000000"
"84673099999","2021-12-28","-13.154819","-74.204417","2717.9","CORONEL FAP ALFREDO MENDIVIL DUARTE, PE","  66.6","13","  41.5","13","9999.9"," 0","734.0"," 4","  6.2","13","  5.3","13"," 12.0","999.9","  73.4","*","  55.9"," ","99.99"," ","999.9","010000"
"84673099999","2021-12-29","-13.154819","-74.204417","2717.9","CORONEL FAP ALFREDO MENDIVIL DUARTE, PE","  66.9","13","  44.7","13","9999.9"," 0","735.1"," 4","  6.2","13","  3.1","13","  8.9","999.9","  73.4","*","  55.4"," "," 0.08","G","999.9","000000"
"84673099999","2021-12-30","-13.154819","-74.204417","2717.9","CORONEL FAP ALFREDO MENDIVIL DUARTE, PE","  64.3","13","  49.0","13","9999.9"," 0","735.1"," 4","  5.5","13","  5.2","13"," 11.1","999.9","  71.6","*","  53.6"," "," 0.28","G","999.9","010000"
"84673099999","2021-12-31","-13.154819","-74.204417","2717.9","CORONEL FAP ALFREDO MENDIVIL DUARTE, PE","  67.2","13","  46.2","13","9999.9"," 0","734.6"," 4","  6.1","13","  5.1","13","  9.9","999.9","  77.0","*","  54.0"," "," 0.43","G","999.9","000000"
