"STATION","DATE","LATITUDE","LONGITUDE","ELEVATION","NAME","TEMP","TEMP_ATTRIBUTES","DEWP","DEWP_ATTRIBUTES","SLP","SLP_ATTRIBUTES","STP","STP_ATTRIBUTES","VISIB","VISIB_ATTRIBUTES","WDSP","WDSP_ATTRIBUTES","MXSPD","GUST","MAX","MAX_ATTRIBUTES","MIN","MIN_ATTRIBUTES","PRCP","PRCP_ATTRIBUTES","SNDP","FRSHTT"
"89662099999","2021-01-01","-74.7","164.1","92.0","BASE BAIA TERRA NOVA, AY","  28.9","22","9999.9"," 0","9999.9"," 0","963.7","22","999.9"," 0"," 13.7","21","999.9","999.9","  32.4","*","  25.0","*"," 0.00","I","999.9","000000"
"89662099999","2021-01-02","-74.7","164.1","92.0","BASE BAIA TERRA NOVA, AY","  29.4","24","9999.9"," 0","9999.9"," 0","962.3","23","999.9"," 0"," 10.2","24"," 25.1","999.9","  32.0","*","  26.8","*"," 0.00","I","999.9","000000"
"89662099999","2021-01-03","-74.7","164.1","92.0","BASE BAIA TERRA NOVA, AY","  32.4","22","9999.9"," 0","9999.9"," 0","963.5","22","999.9"," 0","  9.0","22"," 22.0","999.9","  36.0","*","  29.8","*"," 0.00","I","999.9","000000"
"89662099999","2021-01-04","-74.7","164.1","92.0","BASE BAIA TERRA NOVA, AY","  33.1","24","9999.9"," 0","9999.9"," 0","963.9","24","999.9"," 0"," 10.4","24"," 19.0","999.9","  36.1","*","  29.8","*"," 0.00","I","999.9","000000"
"89662099999","2021-01-05","-74.7","164.1","92.0","BASE BAIA TERRA NOVA, AY","  32.8","23","9999.9"," 0","9999.9"," 0","967.5","23","999.9"," 0","  5.0","23"," 17.1","999.9","  36.5","*","  30.2","*"," 0.00","I","999.9","000000"
"89662099999","2021-01-06","-74.7","164.1","92.0","BASE BAIA TERRA NOVA, AY","  33.2","20","9999.9"," 0","9999.9"," 0","965.2","20","999.9"," 0","  6.4","20"," 15.9","999.9","  37.8","*","  28.9","*"," 0.00","I","999.9","000000"
"89662099999","2021-01-07","-74.7","164.1","92.0","BASE BAIA TERRA NOVA, AY","  32.6","22","9999.9"," 0","9999.9"," 0","966.8","22","999.9"," 0"," 11.0","22"," 22.9","999.9","  34.9","*","  30.7","*"," 0.00","I","999.9","000000"
"89662099999","2021-01-08","-74.7","164.1","92.0","BASE BAIA TERRA NOVA, AY","  32.7","21","9999.9"," 0","9999.9"," 0","970.1","21","999.9"," 0","  4.9","21"," 15.0","999.9","  35.2","*","  30.0","*"," 0.00","I","999.9","000000"
"89662099999","2021-01-09","-74.7","164.1","92.0","BASE BAIA TERRA NOVA, AY","  31.8","21","9999.9"," 0","9999.9"," 0","972.8","21","999.9"," 0"," 13.2","21"," 22.0","999.9","  36.0","*","  26.4","*"," 0.00","I","999.9","000000"
"89662099999","2021-01-10","-74.7","164.1","92.0","BASE BAIA TERRA NOVA, AY","  28.6","24","9999.9"," 0","9999.9"," 0","977.7","24","999.9"," 0","  9.7","24"," 21.0","999.9","  32.7","*","  26.2","*"," 0.00","I","999.9","000000"
"89662099999","2021-01-11","-74.7","164.1","92.0","BASE BAIA TERRA NOVA, AY","  32.2","23","9999.9"," 0","9999.9"," 0","977.7","23","999.9"," 0","  3.9","23"," 15.0","999.9","  35.4","*","  28.9","*"," 0.00","I","999.9","000000"
"89662099999","2021-01-12","-74.7","164.1","92.0","BASE BAIA TERRA NOVA, AY","  31.0","21","9999.9"," 0","9999.9"," 0","979.0","21","999.9"," 0","  3.7","21","  7.0","999.9","  33.6","*","  28.0","*"," 0.00","I","999.9","000000"
"89662099999","2021-01-13","-74.7","164.1","92.0","BASE BAIA TERRA NOVA, AY","  31.8","20","9999.9"," 0","9999.9"," 0","976.8","20","999.9"," 0","  5.5","20"," 14.0","999.9","  34.5","*","  29.3","*"," 0.00","I","999.9","000000"
"89662099999","2021-01-14","-74.7","164.1","92.0","BASE BAIA TERRA NOVA, AY","  30.3","23","9999.9"," 0","9999.9"," 0","976.7","22","999.9"," 0"," 11.3","23"," 22.9","999.9","  33.1","*","  27.7","*"," 0.00","I","999.9","000000"
"89662099999","2021-01-15","-74.7","164.1","92.0","BASE BAIA TERRA NOVA, AY","  30.3","21","9999.9"," 0","9999.9"," 0","975.2","21","999.9"," 0","  4.6","21","  9.9","999.9","  34.9","*","  27.3","*"," 0.00","I","999.9","000000"
"89662099999","2021-01-16","-74.7","164.1","92.0","BASE BAIA TERRA NOVA, AY","  29.7","21","9999.9"," 0","9999.9"," 0","975.9","21","999.9"," 0","  4.3","20","  9.9","999.9","  32.2","*","  27.9","*"," 0.00","I","999.9","000000"
"89662099999","2021-01-17","-74.7","164.1","92.0","BASE BAIA TERRA NOVA, AY","  31.1","18","9999.9"," 0","9999.9"," 0","980.8","18","999.9"," 0","  7.7","18"," 26.0","999.9","  33.6","*","  28.2","*"," 0.00","I","999.9","000000"
"89662099999","2021-01-18","-74.7","164.1","92.0","BASE BAIA TERRA NOVA, AY","  30.4","24","9999.9"," 0","9999.9"," 0","991.9","24","999.9"," 0","  3.9","24","  9.9","999.9","  33.3","*","  28.4","*"," 0.00","I","999.9","000000"
"89662099999","2021-01-19","-74.7","164.1","92.0","BASE BAIA TERRA NOVA, AY","  28.8","20","9999.9"," 0","9999.9"," 0","993.2","20","999.9"," 0"," 12.5","20"," 27.0","999.9","  31.3","*","  27.1","*"," 0.00","I","999.9","000000"
"89662099999","2021-01-20","-74.7","164.1","92.0","BASE BAIA TERRA NOVA, AY","  28.0","24","9999.9"," 0","9999.9"," 0","986.7","24","999.9"," 0"," 22.4","24"," 33.0","999.9","  30.6","*","  27.0","*"," 0.00","I","999.9","000000"
"89662099999","2021-01-21","-74.7","164.1","92.0","BASE BAIA TERRA NOVA, AY","  34.5","22","9999.9"," 0","9999.9"," 0","985.7","22","999.9"," 0","  5.6","22"," 13.0","999.9","  39.6","*","  30.6","*"," 0.00","I","999.9","000000"
"89662099999","2021-01-22","-74.7","164.1","92.0","BASE BAIA TERRA NOVA, AY","  37.7","23","9999.9"," 0","9999.9"," 0","980.7","23","999.9"," 0"," 11.3","22"," 28.0","999.9","  40.1","*","  35.1","*"," 0.00","I","999.9","000000"
"89662099999","2021-01-23","-74.7","164.1","92.0","BASE BAIA TERRA NOVA, AY","  37.3","24","9999.9"," 0","9999.9"," 0","975.3","24","999.9"," 0"," 40.0","24"," 62.0","999.9","  39.6","*","  35.2","*"," 0.00","I","999.9","000000"
"89662099999","2021-01-24","-74.7","164.1","92.0","BASE BAIA TERRA NOVA, AY","  38.0","21","9999.9"," 0","9999.9"," 0","969.7","21","999.9"," 0","  7.7","21"," 22.9","999.9","  43.2","*","  33.8","*"," 0.00","I","999.9","000000"
"89662099999","2021-01-25","-74.7","164.1","92.0","BASE BAIA TERRA NOVA, AY","  31.2","22","9999.9"," 0","9999.9"," 0","972.2","22","999.9"," 0"," 17.0","22"," 47.0","999.9","  36.9","*","  28.0","*"," 0.00","I","999.9","000000"
"89662099999","2021-01-26","-74.7","164.1","92.0","BASE BAIA TERRA NOVA, AY","  29.8","23","9999.9"," 0","9999.9"," 0","983.3","23","999.9"," 0","  7.7","23"," 17.1","999.9","  31.5","*","  26.2","*"," 0.00","I","999.9","000000"
"89662099999","2021-01-27","-74.7","164.1","92.0","BASE BAIA TERRA NOVA, AY","  30.0","21","9999.9"," 0","9999.9"," 0","980.5","21","999.9"," 0","  8.0","21"," 28.0","999.9","  33.4","*","  26.1","*"," 0.00","I","999.9","000000"
"89662099999","2021-01-28","-74.7","164.1","92.0","BASE BAIA TERRA NOVA, AY","  25.9","22","9999.9"," 0","9999.9"," 0","976.1","20","999.9"," 0"," 31.1","22"," 52.1","999.9","  27.5","*","  19.9","*"," 0.00","I","999.9","000000"
"89662099999","2021-01-29","-74.7","164.1","92.0","BASE BAIA TERRA NOVA, AY","  24.1","22","9999.9"," 0","9999.9"," 0","978.0","21","999.9"," 0"," 17.9","21"," 29.9","999.9","  25.9","*","  22.3","*"," 0.00","I","999.9","000000"
"89662099999","2021-01-30","-74.7","164.1","92.0","BASE BAIA TERRA NOVA, AY","  27.0","21","9999.9"," 0","9999.9"," 0","970.9","20","999.9"," 0"," 11.0","20"," 25.1","999.9","  30.7","*","  23.7","*"," 0.00","I","999.9","000000"
"89662099999","2021-01-31","-74.7","164.1","92.0","BASE BAIA TERRA NOVA, AY","  27.7","23","9999.9"," 0","9999.9"," 0","969.7","23","999.9"," 0"," 12.2","23","999.9","999.9","  30.4","*","  23.7","*"," 0.00","I","999.9","000000"
"89662099999","2021-02-01","-74.7","164.1","92.0","BASE BAIA TERRA NOVA, AY","  30.3","22","9999.9"," 0","9999.9"," 0","972.5","22","999.9"," 0","  4.4","22"," 11.1","999.9","  34.2","*","  27.5","*"," 0.00","I","999.9","000000"
"89662099999","2021-02-02","-74.7","164.1","92.0","BASE BAIA TERRA NOVA, AY","  28.9","24","9999.9"," 0","9999.9"," 0","975.9","24","999.9"," 0","  6.1","24"," 15.9","999.9","  31.6","*","  26.4","*"," 0.00","I","999.9","000000"
"89662099999","2021-02-03","-74.7","164.1","92.0","BASE BAIA TERRA NOVA, AY","  27.7","24","9999.9"," 0","9999.9"," 0","974.3","24","999.9"," 0","  6.7","24"," 16.9","999.9","  30.2","*","  25.7","*"," 0.00","I","999.9","000000"
"89662099999","2021-02-04","-74.7","164.1","92.0","BASE BAIA TERRA NOVA, AY","  24.4","24","9999.9"," 0","9999.9"," 0","966.8","24","999.9"," 0"," 18.1","24"," 40.0","999.9","  29.8","*","  19.2","*"," 0.00","I","999.9","000000"
"89662099999","2021-02-05","-74.7","164.1","92.0","BASE BAIA TERRA NOVA, AY","  20.9","21","9999.9"," 0","9999.9"," 0","962.8","20","999.9"," 0"," 32.2","21"," 56.9","999.9","  24.1","*","  17.6","*"," 0.00","I","999.9","000000"
"89662099999","2021-02-06","-74.7","164.1","92.0","BASE BAIA TERRA NOVA, AY","  22.0","23","9999.9"," 0","9999.9"," 0","964.2","23","999.9"," 0"," 21.1","23"," 56.9","999.9","  26.6","*","  19.0","*"," 0.00","I","999.9","000000"
"89662099999","2021-02-07","-74.7","164.1","92.0","BASE BAIA TERRA NOVA, AY","  24.8","23","9999.9"," 0","9999.9"," 0","969.4","23","999.9"," 0"," 21.5","23"," 41.0","999.9","  26.8","*","  21.6","*"," 0.00","I","999.9","000000"
"89662099999","2021-02-08","-74.7","164.1","92.0","BASE BAIA TERRA NOVA, AY","  26.3","23","9999.9"," 0","9999.9"," 0","970.6","23","999.9"," 0"," 11.7","23"," 22.9","999.9","  28.9","*","  24.4","*"," 0.00","I","999.9","000000"
"89662099999","2021-02-09","-74.7","164.1","92.0","BASE BAIA TERRA NOVA, AY","  25.6","21","9999.9"," 0","9999.9"," 0","972.1","21","999.9"," 0"," 10.4","21"," 25.1","999.9","  28.6","*","  23.4","*"," 0.00","I","999.9","000000"
"89662099999","2021-02-10","-74.7","164.1","92.0","BASE BAIA TERRA NOVA, AY","  27.7","11","9999.9"," 0","9999.9"," 0","964.4","11","999.9"," 0","  6.0","11","  8.0","999.9","  29.1","*","  25.0","*"," 0.00","I","999.9","000000"
"89662099999","2021-02-13","-74.7","164.1","92.0","BASE BAIA TERRA NOVA, AY","  29.4","12","9999.9"," 0","9999.9"," 0","973.2","12","999.9"," 0"," 13.5","11"," 45.1","999.9","  33.3","*","  26.2","*"," 0.00","I","999.9","000000"
"89662099999","2021-02-14","-74.7","164.1","92.0","BASE BAIA TERRA NOVA, AY","  27.8","24","9999.9"," 0","9999.9"," 0","969.7","24","999.9"," 0"," 12.4","24"," 25.1","999.9","  29.7","*","  24.8","*"," 0.00","I","999.9","000000"
"89662099999","2021-02-15","-74.7","164.1","92.0","BASE BAIA TERRA NOVA, AY","  27.6","24","9999.9"," 0","9999.9"," 0","968.2","24","999.9"," 0","  6.1","24"," 28.0","999.9","  32.7","*","  24.8","*"," 0.00","I","999.9","000000"
"89662099999","2021-02-16","-74.7","164.1","92.0","BASE BAIA TERRA NOVA, AY","  25.6","24","9999.9"," 0","9999.9"," 0","968.2","22","999.9"," 0","  4.9","24"," 15.0","999.9","  30.2","*","  22.1","*"," 0.00","I","999.9","000000"
"89662099999","2021-02-17","-74.7","164.1","92.0","BASE BAIA TERRA NOVA, AY","  23.7","21","9999.9"," 0","9999.9"," 0","970.2","21","999.9"," 0"," 12.0","21"," 22.9","999.9","  25.3","*","  21.4","*"," 0.00","I","999.9","000000"
"89662099999","2021-02-18","-74.7","164.1","92.0","BASE BAIA TERRA NOVA, AY","  21.8","24","9999.9"," 0","9999.9"," 0","973.1","24","999.9"," 0","  4.5","20"," 17.1","999.9","  23.5","*","  18.9","*"," 0.00","I","999.9","000000"
"89662099999","2021-02-19","-74.7","164.1","92.0","BASE BAIA TERRA NOVA, AY","  22.1","12","9999.9"," 0","9999.9"," 0","978.5","12","999.9"," 0","  4.5","11","  8.0","999.9","  25.3","*","  20.3","*"," 0.00","I","999.9","000000"
"89662099999","2021-02-20","-74.7","164.1","92.0","BASE BAIA TERRA NOVA, AY","  17.6","10","9999.9"," 0","9999.9"," 0","979.3","10","999.9"," 0","  2.8"," 8","  7.0","999.9","  21.2","*","  16.7","*"," 0.00","I","999.9","000000"
"89662099999","2021-02-21","-74.7","164.1","92.0","BASE BAIA TERRA NOVA, AY","  16.3","20","9999.9"," 0","9999.9"," 0","975.3","20","999.9"," 0"," 18.2","20"," 36.9","999.9","  21.2","*","  12.2","*"," 0.00","I","999.9","000000"
"89662099999","2021-02-22","-74.7","164.1","92.0","BASE BAIA TERRA NOVA, AY","  13.7","24","9999.9"," 0","9999.9"," 0","972.6","24","999.9"," 0"," 29.1","24"," 48.0","999.9","  15.4","*","  11.1","*"," 0.00","I","999.9","000000"
"89662099999","2021-02-23","-74.7","164.1","92.0","BASE BAIA TERRA NOVA, AY","  15.6","22","9999.9"," 0","9999.9"," 0","972.8","22","999.9"," 0"," 18.9","22"," 28.9","999.9","  18.5","*","  13.1","*"," 0.00","I","999.9","000000"
"89662099999","2021-02-24","-74.7","164.1","92.0","BASE BAIA TERRA NOVA, AY","  15.5","22","9999.9"," 0","9999.9"," 0","975.5","22","999.9"," 0"," 21.1","22","999.9","999.9","  17.2","*","  12.6","*"," 0.00","I","999.9","000000"
"89662099999","2021-02-25","-74.7","164.1","92.0","BASE BAIA TERRA NOVA, AY","  15.1","23","9999.9"," 0","9999.9"," 0","972.2","23","999.9"," 0"," 33.7","23"," 60.0","999.9","  16.3","*","  14.2","*"," 0.00","I","999.9","000000"
"89662099999","2021-02-26","-74.7","164.1","92.0","BASE BAIA TERRA NOVA, AY","  13.1","22","9999.9"," 0","9999.9"," 0","975.5","22","999.9"," 0"," 29.0","21"," 41.0","999.9","  17.2","*","   8.2","*"," 0.00","I","999.9","000000"
"89662099999","2021-02-27","-74.7","164.1","92.0","BASE BAIA TERRA NOVA, AY","  11.4","24","9999.9"," 0","9999.9"," 0","971.9","24","999.9"," 0"," 26.6","24"," 39.0","999.9","  13.1","*","   9.1","*"," 0.00","I","999.9","000000"
"89662099999","2021-02-28","-74.7","164.1","92.0","BASE BAIA TERRA NOVA, AY","  13.5","23","9999.9"," 0","9999.9"," 0","970.0","22","999.9"," 0"," 25.3","21"," 35.9","999.9","  15.4","*","  10.4","*"," 0.00","I","999.9","000000"
"89662099999","2021-03-01","-74.7","164.1","92.0","BASE BAIA TERRA NOVA, AY","  13.8","23","9999.9"," 0","9999.9"," 0","969.3","22","999.9"," 0"," 30.7","23"," 44.1","999.9","  17.2","*","   8.8","*"," 0.00","I","999.9","000000"
"89662099999","2021-03-02","-74.7","164.1","92.0","BASE BAIA TERRA NOVA, AY","  13.4","24","9999.9"," 0","9999.9"," 0","973.6","23","999.9"," 0"," 20.5","24"," 33.0","999.9","  16.0","*","   8.8","*"," 0.00","I","999.9","000000"
"89662099999","2021-03-03","-74.7","164.1","92.0","BASE BAIA TERRA NOVA, AY","  13.8","24","9999.9"," 0","9999.9"," 0","973.8","24","999.9"," 0"," 32.3","24"," 53.0","999.9","  16.3","*","  11.5","*"," 0.00","I","999.9","000000"
"89662099999","2021-03-04","-74.7","164.1","92.0","BASE BAIA TERRA NOVA, AY","  16.0","19","9999.9"," 0","9999.9"," 0","983.9","19","999.9"," 0"," 17.6","19"," 28.9","999.9","  19.4","*","  13.5","*"," 0.00","I","999.9","000000"
"89662099999","2021-03-05","-74.7","164.1","92.0","BASE BAIA TERRA NOVA, AY","  11.1","22","9999.9"," 0","9999.9"," 0","985.0","22","999.9"," 0"," 31.7","21"," 48.0","999.9","  13.5","*","   8.8","*"," 0.00","I","999.9","000000"
"89662099999","2021-03-06","-74.7","164.1","92.0","BASE BAIA TERRA NOVA, AY","   9.1","23","9999.9"," 0","9999.9"," 0","987.3","23","999.9"," 0"," 21.1","23"," 28.0","999.9","  11.8","*","   5.7","*"," 0.00","I","999.9","000000"
"89662099999","2021-03-07","-74.7","164.1","92.0","BASE BAIA TERRA NOVA, AY","   9.4","21","9999.9"," 0","9999.9"," 0","991.1","20","999.9"," 0"," 29.8","21"," 40.0","999.9","  11.5","*","   4.3","*"," 0.00","I","999.9","000000"
"89662099999","2021-03-08","-74.7","164.1","92.0","BASE BAIA TERRA NOVA, AY","  10.4","24","9999.9"," 0","9999.9"," 0","996.3","24","999.9"," 0"," 10.0","24"," 32.1","999.9","  14.5","*","   6.8","*"," 0.00","I","999.9","000000"
"89662099999","2021-03-09","-74.7","164.1","92.0","BASE BAIA TERRA NOVA, AY","  11.1","24","9999.9"," 0","9999.9"," 0","990.2","24","999.9"," 0","  5.7","22"," 23.9","999.9","  15.4","*","   8.1","*"," 0.00","I","999.9","000000"
"89662099999","2021-03-10","-74.7","164.1","92.0","BASE BAIA TERRA NOVA, AY","  13.8","22","9999.9"," 0","9999.9"," 0","987.8","22","999.9"," 0","  5.0","22"," 14.0","999.9","  16.5","*","  10.9","*"," 0.00","I","999.9","000000"
"89662099999","2021-03-11","-74.7","164.1","92.0","BASE BAIA TERRA NOVA, AY","  12.5","23","9999.9"," 0","9999.9"," 0","987.7","21","999.9"," 0","  5.4","21"," 20.0","999.9","  14.5","*","   4.3","*"," 0.00","I","999.9","000000"
"89662099999","2021-03-12","-74.7","164.1","92.0","BASE BAIA TERRA NOVA, AY","  14.7","23","9999.9"," 0","9999.9"," 0","976.6","23","999.9"," 0","  5.3","22"," 15.9","999.9","  17.8","*","  12.0","*"," 0.00","I","999.9","000000"
"89662099999","2021-03-13","-74.7","164.1","92.0","BASE BAIA TERRA NOVA, AY","   2.8","23","9999.9"," 0","9999.9"," 0","970.6","23","999.9"," 0"," 23.5","23"," 42.0","999.9","  13.3","*","  -4.5","*"," 0.00","I","999.9","000000"
"89662099999","2021-03-14","-74.7","164.1","92.0","BASE BAIA TERRA NOVA, AY","   6.2","23","9999.9"," 0","9999.9"," 0","972.1","23","999.9"," 0"," 22.4","23"," 33.0","999.9","  10.6","*","   1.9","*"," 0.00","I","999.9","000000"
"89662099999","2021-03-15","-74.7","164.1","92.0","BASE BAIA TERRA NOVA, AY","  11.1","23","9999.9"," 0","9999.9"," 0","973.0","23","999.9"," 0","  3.9","20","  9.9","999.9","  13.6","*","   8.6","*"," 0.00","I","999.9","000000"
"89662099999","2021-03-16","-74.7","164.1","92.0","BASE BAIA TERRA NOVA, AY","   6.2","23","9999.9"," 0","9999.9"," 0","967.8","23","999.9"," 0"," 27.5","23"," 47.0","999.9","  10.2","*","   2.7","*"," 0.00","I","999.9","000000"
"89662099999","2021-03-17","-74.7","164.1","92.0","BASE BAIA TERRA NOVA, AY","  13.3","24","9999.9"," 0","9999.9"," 0","974.0","24","999.9"," 0"," 37.0","24"," 53.0","999.9","  15.4","*","   9.1","*"," 0.00","I","999.9","000000"
"89662099999","2021-03-18","-74.7","164.1","92.0","BASE BAIA TERRA NOVA, AY","  12.9","23","9999.9"," 0","9999.9"," 0","979.9","23","999.9"," 0"," 32.2","23","999.9","999.9","  16.3","*","   7.9","*"," 0.00","I","999.9","000000"
"89662099999","2021-03-19","-74.7","164.1","92.0","BASE BAIA TERRA NOVA, AY","   2.4","23","9999.9"," 0","9999.9"," 0","974.7","23","999.9"," 0"," 38.1","23","999.9","999.9","   7.9","*","  -3.6","*"," 0.00","I","999.9","000000"
"89662099999","2021-03-20","-74.7","164.1","92.0","BASE BAIA TERRA NOVA, AY","   2.7","24","9999.9"," 0","9999.9"," 0","972.0","24","999.9"," 0"," 13.1","24"," 28.0","999.9","   7.7","*","  -2.7","*"," 0.00","I","999.9","000000"
"89662099999","2021-03-21","-74.7","164.1","92.0","BASE BAIA TERRA NOVA, AY","   6.3","22","9999.9"," 0","9999.9"," 0","972.8","22","999.9"," 0"," 14.6","22"," 40.0","999.9","  10.8","*","   3.0","*"," 0.00","I","999.9","000000"
"89662099999","2021-03-22","-74.7","164.1","92.0","BASE BAIA TERRA NOVA, AY","  12.7","24","9999.9"," 0","9999.9"," 0","974.8","23","999.9"," 0"," 25.6","24"," 35.9","999.9","  16.7","*","   9.5","*"," 0.00","I","999.9","000000"
"89662099999","2021-03-23","-74.7","164.1","92.0","BASE BAIA TERRA NOVA, AY","  12.3","22","9999.9"," 0","9999.9"," 0","978.0","22","999.9"," 0"," 13.8","22"," 26.0","999.9","  15.4","*","   8.8","*"," 0.00","I","999.9","000000"
"89662099999","2021-03-24","-74.7","164.1","92.0","BASE BAIA TERRA NOVA, AY","   6.2","23","9999.9"," 0","9999.9"," 0","973.6","23","999.9"," 0","  6.3","23"," 17.1","999.9","  10.6","*","   0.7","*"," 0.00","I","999.9","000000"
"89662099999","2021-03-25","-74.7","164.1","92.0","BASE BAIA TERRA NOVA, AY","   7.8","24","9999.9"," 0","9999.9"," 0","981.2","24","999.9"," 0"," 18.6","24"," 35.9","999.9","  14.5","*","  -1.3","*"," 0.00","I","999.9","000000"
"89662099999","2021-03-26","-74.7","164.1","92.0","BASE BAIA TERRA NOVA, AY","  19.1","24","9999.9"," 0","9999.9"," 0","979.1","23","999.9"," 0"," 23.5","24"," 35.9","999.9","  24.4","*","  10.8","*"," 0.00","I","999.9","000000"
"89662099999","2021-03-27","-74.7","164.1","92.0","BASE BAIA TERRA NOVA, AY","  14.4","22","9999.9"," 0","9999.9"," 0","979.8","22","999.9"," 0"," 15.7","22"," 34.0","999.9","  19.9","*","   7.3","*"," 0.00","I","999.9","000000"
"89662099999","2021-03-28","-74.7","164.1","92.0","BASE BAIA TERRA NOVA, AY","  14.1","23","9999.9"," 0","9999.9"," 0","986.3","23","999.9"," 0"," 26.0","23"," 41.0","999.9","  25.5","*","   2.5","*"," 0.00","I","999.9","000000"
"89662099999","2021-03-29","-74.7","164.1","92.0","BASE BAIA TERRA NOVA, AY","  16.8","23","9999.9"," 0","9999.9"," 0","983.7","23","999.9"," 0","  5.5","20"," 15.0","999.9","  24.3","*","  10.6","*"," 0.00","I","999.9","000000"
"89662099999","2021-03-30","-74.7","164.1","92.0","BASE BAIA TERRA NOVA, AY","   9.5","23","9999.9"," 0","9999.9"," 0","973.0","23","999.9"," 0"," 12.5","23"," 45.1","999.9","  13.6","*","  -0.9","*"," 0.00","I","999.9","000000"
"89662099999","2021-03-31","-74.7","164.1","92.0","BASE BAIA TERRA NOVA, AY","  -1.9","23","9999.9"," 0","9999.9"," 0","972.7","22","999.9"," 0"," 23.3","22"," 32.1","999.9","   3.9","*","  -7.8","*"," 0.00","I","999.9","000000"
"89662099999","2021-04-01","-74.7","164.1","92.0","BASE BAIA TERRA NOVA, AY","   2.1","23","9999.9"," 0","9999.9"," 0","967.2","23","999.9"," 0"," 23.0","23"," 33.0","999.9","  12.4","*","  -9.4","*"," 0.00","I","999.9","000000"
"89662099999","2021-04-02","-74.7","164.1","92.0","BASE BAIA TERRA NOVA, AY","   7.6","23","9999.9"," 0","9999.9"," 0","961.3","23","999.9"," 0","  4.8","23"," 21.0","999.9","  14.0","*","   3.6","*"," 0.00","I","999.9","000000"
"89662099999","2021-04-03","-74.7","164.1","92.0","BASE BAIA TERRA NOVA, AY","   8.3","24","9999.9"," 0","9999.9"," 0","959.9","24","999.9"," 0"," 14.6","19"," 26.0","999.9","  10.6","*","   4.8","*"," 0.00","I","999.9","000000"
"89662099999","2021-04-04","-74.7","164.1","92.0","BASE BAIA TERRA NOVA, AY","   8.0","24","9999.9"," 0","9999.9"," 0","963.0","24","999.9"," 0"," 15.1","24"," 25.1","999.9","  11.3","*","   5.5","*"," 0.00","I","999.9","000000"
"89662099999","2021-04-05","-74.7","164.1","92.0","BASE BAIA TERRA NOVA, AY","   2.7","24","9999.9"," 0","9999.9"," 0","968.4","24","999.9"," 0","  6.1","23"," 25.1","999.9","   6.1","*","  -0.0","*"," 0.00","I","999.9","000000"
"89662099999","2021-04-06","-74.7","164.1","92.0","BASE BAIA TERRA NOVA, AY","   3.8","23","9999.9"," 0","9999.9"," 0","971.1","23","999.9"," 0"," 21.6","23"," 35.9","999.9","   6.4","*","   1.6","*"," 0.00","I","999.9","000000"
"89662099999","2021-04-07","-74.7","164.1","92.0","BASE BAIA TERRA NOVA, AY","   4.2","22","9999.9"," 0","9999.9"," 0","971.2","22","999.9"," 0","  3.8","22","  7.0","999.9","   6.8","*","   2.3","*"," 0.00","I","999.9","000000"
"89662099999","2021-04-08","-74.7","164.1","92.0","BASE BAIA TERRA NOVA, AY","   0.4","23","9999.9"," 0","9999.9"," 0","970.6","23","999.9"," 0","  4.1","23","  9.9","999.9","   3.4","*","  -2.4","*"," 0.00","I","999.9","000000"
"89662099999","2021-04-09","-74.7","164.1","92.0","BASE BAIA TERRA NOVA, AY","  -7.9","22","9999.9"," 0","9999.9"," 0","974.8","22","999.9"," 0","  8.9","22"," 22.9","999.9","  -1.7","*"," -11.9","*"," 0.00","I","999.9","000000"
"89662099999","2021-04-10","-74.7","164.1","92.0","BASE BAIA TERRA NOVA, AY","  -5.7","23","9999.9"," 0","9999.9"," 0","980.8","23","999.9"," 0","  3.0","20"," 42.0","999.9","  -2.7","*","  -9.8","*"," 0.00","I","999.9","000000"
"89662099999","2021-04-11","-74.7","164.1","92.0","BASE BAIA TERRA NOVA, AY","  -3.1","22","9999.9"," 0","9999.9"," 0","981.8","21","999.9"," 0","  3.9","21"," 12.0","999.9","  -0.8","*","  -5.4","*"," 0.00","I","999.9","000000"
"89662099999","2021-04-12","-74.7","164.1","92.0","BASE BAIA TERRA NOVA, AY","  -4.1","23","9999.9"," 0","9999.9"," 0","972.0","23","999.9"," 0","  2.3","23","  7.0","999.9","  -2.6","*","  -5.8","*"," 0.00","I","999.9","000000"
"89662099999","2021-04-13","-74.7","164.1","92.0","BASE BAIA TERRA NOVA, AY"," -14.3","22","9999.9"," 0","9999.9"," 0","975.3","22","999.9"," 0"," 24.8","22"," 45.1","999.9","  -4.7","*"," -20.2","*"," 0.00","I","999.9","000000"
"89662099999","2021-04-14","-74.7","164.1","92.0","BASE BAIA TERRA NOVA, AY"," -11.1","22","9999.9"," 0","9999.9"," 0","979.9","21","999.9"," 0"," 15.3","22"," 33.0","999.9","  -6.2","*"," -18.9","*"," 0.00","I","999.9","000000"
"89662099999","2021-04-15","-74.7","164.1","92.0","BASE BAIA TERRA NOVA, AY","  -6.6","24","9999.9"," 0","9999.9"," 0","985.0","24","999.9"," 0","  3.4","20"," 11.1","999.9","  -4.2","*","  -9.2","*"," 0.00","I","999.9","000000"
"89662099999","2021-04-16","-74.7","164.1","92.0","BASE BAIA TERRA NOVA, AY","  -6.4","24","9999.9"," 0","9999.9"," 0","992.7","24","999.9"," 0","  5.9","24"," 11.1","999.9","  -4.5","*","  -7.4","*"," 0.00","I","999.9","000000"
"89662099999","2021-04-17","-74.7","164.1","92.0","BASE BAIA TERRA NOVA, AY","  -8.9","24","9999.9"," 0","9999.9"," 0","995.3","24","999.9"," 0","  5.3","24"," 15.9","999.9","  -7.1","*"," -11.4","*"," 0.00","I","999.9","000000"
"89662099999","2021-04-18","-74.7","164.1","92.0","BASE BAIA TERRA NOVA, AY","  -8.8","21","9999.9"," 0","9999.9"," 0","988.9","21","999.9"," 0","  2.0","17"," 12.0","999.9","  -6.9","*"," -11.9","*"," 0.00","I","999.9","000000"
"89662099999","2021-04-19","-74.7","164.1","92.0","BASE BAIA TERRA NOVA, AY","  -8.3","21","9999.9"," 0","9999.9"," 0","974.5","21","999.9"," 0","  1.9","18","  5.1","999.9","  -2.6","*"," -12.8","*"," 0.00","I","999.9","000000"
"89662099999","2021-04-20","-74.7","164.1","92.0","BASE BAIA TERRA NOVA, AY"," -11.9","23","9999.9"," 0","9999.9"," 0","971.9","23","999.9"," 0","  3.3","23","  7.0","999.9","  -7.6","*"," -15.3","*"," 0.00","I","999.9","000000"
"89662099999","2021-04-21","-74.7","164.1","92.0","BASE BAIA TERRA NOVA, AY"," -12.4","24","9999.9"," 0","9999.9"," 0","969.3","22","999.9"," 0","  6.6","22"," 15.0","999.9","  -5.8","*"," -17.3","*"," 0.00","I","999.9","000000"
"89662099999","2021-04-22","-74.7","164.1","92.0","BASE BAIA TERRA NOVA, AY"," -20.5","23","9999.9"," 0","9999.9"," 0","975.4","23","999.9"," 0"," 21.3","23"," 54.0","999.9","  -8.9","*"," -27.4","*"," 0.00","I","999.9","000000"
"89662099999","2021-04-23","-74.7","164.1","92.0","BASE BAIA TERRA NOVA, AY"," -28.1","24","9999.9"," 0","9999.9"," 0","983.1","23","999.9"," 0"," 18.9","22"," 55.9","999.9"," -26.0","*"," -40.2","*"," 0.00","I","999.9","000000"
"89662099999","2021-04-24","-74.7","164.1","92.0","BASE BAIA TERRA NOVA, AY"," -23.3","22","9999.9"," 0","9999.9"," 0","979.7","22","999.9"," 0","  2.1","18","  6.0","999.9"," -22.2","*"," -24.5","*"," 0.00","I","999.9","000000"
"89662099999","2021-04-25","-74.7","164.1","92.0","BASE BAIA TERRA NOVA, AY"," -24.1","23","9999.9"," 0","9999.9"," 0","979.4","23","999.9"," 0","  5.9","21"," 38.1","999.9"," -20.9","*"," -30.3","*"," 0.00","I","999.9","000000"
"89662099999","2021-04-26","-74.7","164.1","92.0","BASE BAIA TERRA NOVA, AY"," -22.3","24","9999.9"," 0","9999.9"," 0","984.3","23","999.9"," 0"," 24.7","24"," 47.0","999.9"," -16.1","*"," -29.9","*"," 0.00","I","999.9","000000"
"89662099999","2021-04-27","-74.7","164.1","92.0","BASE BAIA TERRA NOVA, AY"," -11.0","23","9999.9"," 0","9999.9"," 0","973.0","23","999.9"," 0","  9.8","20"," 28.9","999.9","  -9.2","*"," -14.8","*"," 0.00","I","999.9","000000"
"89662099999","2021-04-28","-74.7","164.1","92.0","BASE BAIA TERRA NOVA, AY","  -7.8","20","9999.9"," 0","9999.9"," 0","967.7","20","999.9"," 0","  2.8","17","  5.1","999.9","  -0.4","*"," -10.3","*"," 0.00","I","999.9","000000"
"89662099999","2021-04-29","-74.7","164.1","92.0","BASE BAIA TERRA NOVA, AY","  -6.8","24","9999.9"," 0","9999.9"," 0","971.3","23","999.9"," 0","  9.6","24"," 31.1","999.9","  -0.0","*"," -12.6","*"," 0.00","I","999.9","000000"
"89662099999","2021-04-30","-74.7","164.1","92.0","BASE BAIA TERRA NOVA, AY"," -13.9","23","9999.9"," 0","9999.9"," 0","974.8","23","999.9"," 0"," 24.8","23"," 42.9","999.9"," -12.5","*"," -16.6","*"," 0.00","I","999.9","000000"
"89662099999","2021-05-01","-74.7","164.1","92.0","BASE BAIA TERRA NOVA, AY"," -13.3","23","9999.9"," 0","9999.9"," 0","978.2","23","999.9"," 0"," 27.1","22"," 65.1","999.9"," -10.1","*"," -17.3","*"," 0.00","I","999.9","000000"
"89662099999","2021-05-02","-74.7","164.1","92.0","BASE BAIA TERRA NOVA, AY"," -16.2","24","9999.9"," 0","9999.9"," 0","972.4","24","999.9"," 0"," 19.2","23"," 39.0","999.9"," -12.6","*"," -19.7","*"," 0.00","I","999.9","000000"
"89662099999","2021-05-03","-74.7","164.1","92.0","BASE BAIA TERRA NOVA, AY","  -4.7","22","9999.9"," 0","9999.9"," 0","962.3","22","999.9"," 0"," 17.7","22"," 32.1","999.9","   3.0","*"," -12.5","*"," 0.00","I","999.9","000000"
"89662099999","2021-05-04","-74.7","164.1","92.0","BASE BAIA TERRA NOVA, AY","   3.7","24","9999.9"," 0","9999.9"," 0","959.8","24","999.9"," 0","  4.5","21"," 17.1","999.9","   6.3","*","  -0.0","*"," 0.00","I","999.9","000000"
"89662099999","2021-05-05","-74.7","164.1","92.0","BASE BAIA TERRA NOVA, AY","   0.3","21","9999.9"," 0","9999.9"," 0","972.3","21","999.9"," 0","  1.9","19","  6.0","999.9","   1.6","*","  -1.3","*"," 0.00","I","999.9","000000"
"89662099999","2021-05-06","-74.7","164.1","92.0","BASE BAIA TERRA NOVA, AY","  -2.4","23","9999.9"," 0","9999.9"," 0","975.5","21","999.9"," 0"," 11.7","23"," 35.9","999.9","  -0.0","*","  -5.3","*"," 0.00","I","999.9","000000"
"89662099999","2021-05-07","-74.7","164.1","92.0","BASE BAIA TERRA NOVA, AY","  -1.4","23","9999.9"," 0","9999.9"," 0","971.9","23","999.9"," 0"," 31.7","23"," 54.0","999.9","   3.6","*","  -5.4","*"," 0.00","I","999.9","000000"
"89662099999","2021-05-08","-74.7","164.1","92.0","BASE BAIA TERRA NOVA, AY","  -1.0","24","9999.9"," 0","9999.9"," 0","979.3","24","999.9"," 0","  8.0","23"," 18.1","999.9","   3.4","*","  -6.2","*"," 0.00","I","999.9","000000"
"89662099999","2021-05-09","-74.7","164.1","92.0","BASE BAIA TERRA NOVA, AY"," -12.8","23","9999.9"," 0","9999.9"," 0","977.0","23","999.9"," 0"," 12.3","23"," 28.9","999.9","  -6.2","*"," -17.7","*"," 0.00","I","999.9","000000"
"89662099999","2021-05-10","-74.7","164.1","92.0","BASE BAIA TERRA NOVA, AY"," -22.3","23","9999.9"," 0","9999.9"," 0","976.0","23","999.9"," 0"," 17.5","23"," 53.0","999.9"," -17.9","*"," -26.5","*"," 0.00","I","999.9","000000"
"89662099999","2021-05-11","-74.7","164.1","92.0","BASE BAIA TERRA NOVA, AY"," -20.8","22","9999.9"," 0","9999.9"," 0","969.5","21","999.9"," 0"," 19.6","22"," 48.0","999.9"," -15.7","*"," -24.2","*"," 0.00","I","999.9","000000"
"89662099999","2021-05-12","-74.7","164.1","92.0","BASE BAIA TERRA NOVA, AY"," -12.5","23","9999.9"," 0","9999.9"," 0","965.2","23","999.9"," 0"," 34.1","23"," 52.1","999.9","  -9.8","*"," -14.6","*"," 0.00","I","999.9","000000"
"89662099999","2021-05-13","-74.7","164.1","92.0","BASE BAIA TERRA NOVA, AY"," -12.1","24","9999.9"," 0","9999.9"," 0","974.9","24","999.9"," 0"," 11.4","22"," 35.0","999.9"," -10.7","*"," -13.4","*"," 0.00","I","999.9","000000"
"89662099999","2021-05-14","-74.7","164.1","92.0","BASE BAIA TERRA NOVA, AY"," -12.7","24","9999.9"," 0","9999.9"," 0","978.3","24","999.9"," 0","  2.1","24","  4.1","999.9"," -11.9","*"," -13.5","*"," 0.00","I","999.9","000000"
"89662099999","2021-05-15","-74.7","164.1","92.0","BASE BAIA TERRA NOVA, AY"," -14.4","23","9999.9"," 0","9999.9"," 0","979.5","23","999.9"," 0","  2.8","21","  7.0","999.9"," -13.2","*"," -16.1","*"," 0.00","I","999.9","000000"
"89662099999","2021-05-16","-74.7","164.1","92.0","BASE BAIA TERRA NOVA, AY"," -16.0","24","9999.9"," 0","9999.9"," 0","992.8","24","999.9"," 0"," 16.4","23"," 31.1","999.9"," -11.7","*"," -19.7","*"," 0.00","I","999.9","000000"
"89662099999","2021-05-17","-74.7","164.1","92.0","BASE BAIA TERRA NOVA, AY"," -15.2","21","9999.9"," 0","9999.9"," 0","983.6","21","999.9"," 0","  2.9","21","  7.0","999.9"," -13.2","*"," -17.3","*"," 0.00","I","999.9","000000"
"89662099999","2021-05-18","-74.7","164.1","92.0","BASE BAIA TERRA NOVA, AY"," -17.4","24","9999.9"," 0","9999.9"," 0","983.7","24","999.9"," 0"," 20.6","24"," 38.1","999.9"," -15.2","*"," -19.8","*"," 0.00","I","999.9","000000"
"89662099999","2021-05-19","-74.7","164.1","92.0","BASE BAIA TERRA NOVA, AY"," -14.5","22","9999.9"," 0","9999.9"," 0","987.1","22","999.9"," 0","  2.7","20","  7.0","999.9"," -12.5","*"," -17.0","*"," 0.00","I","999.9","000000"
"89662099999","2021-05-20","-74.7","164.1","92.0","BASE BAIA TERRA NOVA, AY"," -11.8","24","9999.9"," 0","9999.9"," 0","981.6","24","999.9"," 0","  1.7","21","  4.1","999.9"," -10.3","*"," -14.4","*"," 0.00","I","999.9","000000"
"89662099999","2021-05-21","-74.7","164.1","92.0","BASE BAIA TERRA NOVA, AY"," -14.2","22","9999.9"," 0","9999.9"," 0","972.5","22","999.9"," 0","  8.2","21"," 22.0","999.9"," -10.8","*"," -16.2","*"," 0.00","I","999.9","000000"
"89662099999","2021-05-22","-74.7","164.1","92.0","BASE BAIA TERRA NOVA, AY","  -8.4","24","9999.9"," 0","9999.9"," 0","981.3","23","999.9"," 0"," 22.0","24"," 46.0","999.9","  -2.7","*"," -14.3","*"," 0.00","I","999.9","000000"
"89662099999","2021-05-23","-74.7","164.1","92.0","BASE BAIA TERRA NOVA, AY","  -7.6","24","9999.9"," 0","9999.9"," 0","984.9","23","999.9"," 0","  7.1","24"," 47.0","999.9","  -3.1","*"," -12.8","*"," 0.00","I","999.9","000000"
"89662099999","2021-05-24","-74.7","164.1","92.0","BASE BAIA TERRA NOVA, AY"," -10.0","23","9999.9"," 0","9999.9"," 0","978.1","23","999.9"," 0"," 10.2","23"," 32.1","999.9","  -7.4","*"," -11.9","*"," 0.00","I","999.9","000000"
"89662099999","2021-05-25","-74.7","164.1","92.0","BASE BAIA TERRA NOVA, AY","   0.9","23","9999.9"," 0","9999.9"," 0","978.0","23","999.9"," 0"," 16.5","23"," 37.9","999.9","  10.0","*"," -11.2","*"," 0.00","I","999.9","000000"
"89662099999","2021-05-26","-74.7","164.1","92.0","BASE BAIA TERRA NOVA, AY","   2.9","24","9999.9"," 0","9999.9"," 0","985.3","23","999.9"," 0","  7.3","24"," 28.0","999.9","  10.9","*","  -1.5","*"," 0.00","I","999.9","000000"
"89662099999","2021-05-27","-74.7","164.1","92.0","BASE BAIA TERRA NOVA, AY","   8.4","23","9999.9"," 0","9999.9"," 0","984.2","23","999.9"," 0"," 33.9","23"," 47.0","999.9","  14.2","*","   0.9","*"," 0.00","I","999.9","000000"
"89662099999","2021-05-28","-74.7","164.1","92.0","BASE BAIA TERRA NOVA, AY","  12.0","24","9999.9"," 0","9999.9"," 0","984.7","24","999.9"," 0"," 26.6","24"," 62.0","999.9","  18.1","*","   4.1","*"," 0.00","I","999.9","000000"
"89662099999","2021-05-29","-74.7","164.1","92.0","BASE BAIA TERRA NOVA, AY","   3.8","24","9999.9"," 0","9999.9"," 0","988.8","24","999.9"," 0"," 40.3","24"," 59.1","999.9","  10.0","*","   1.4","*"," 0.00","I","999.9","000000"
"89662099999","2021-05-30","-74.7","164.1","92.0","BASE BAIA TERRA NOVA, AY","   8.5","23","9999.9"," 0","9999.9"," 0","983.1","22","999.9"," 0"," 15.4","23"," 35.9","999.9","  13.6","*","   2.5","*"," 0.00","I","999.9","000000"
"89662099999","2021-05-31","-74.7","164.1","92.0","BASE BAIA TERRA NOVA, AY","  -4.3","21","9999.9"," 0","9999.9"," 0","973.6","21","999.9"," 0"," 30.3","21"," 61.0","999.9","   8.8","*"," -12.8","*"," 0.00","I","999.9","000000"
"89662099999","2021-06-01","-74.7","164.1","92.0","BASE BAIA TERRA NOVA, AY","  -5.0","23","9999.9"," 0","9999.9"," 0","981.9","23","999.9"," 0","  7.2","23"," 22.0","999.9","  -3.3","*","  -6.3","*"," 0.00","I","999.9","000000"
"89662099999","2021-06-02","-74.7","164.1","92.0","BASE BAIA TERRA NOVA, AY","  -5.3","24","9999.9"," 0","9999.9"," 0","990.3","24","999.9"," 0","  4.1","24","  9.9","999.9","  -3.6","*","  -6.9","*"," 0.00","I","999.9","000000"
"89662099999","2021-06-03","-74.7","164.1","92.0","BASE BAIA TERRA NOVA, AY","  -3.0","22","9999.9"," 0","9999.9"," 0","986.3","21","999.9"," 0"," 23.1","22"," 37.9","999.9","  -0.9","*","  -5.8","*"," 0.00","I","999.9","000000"
"89662099999","2021-06-04","-74.7","164.1","92.0","BASE BAIA TERRA NOVA, AY","  -4.0","23","9999.9"," 0","9999.9"," 0","978.9","23","999.9"," 0"," 16.8","23"," 35.0","999.9","   0.1","*"," -12.5","*"," 0.00","I","999.9","000000"
"89662099999","2021-06-05","-74.7","164.1","92.0","BASE BAIA TERRA NOVA, AY"," -12.3","24","9999.9"," 0","9999.9"," 0","976.4","24","999.9"," 0"," 22.6","24"," 45.1","999.9"," -10.7","*"," -15.3","*"," 0.00","I","999.9","000000"
"89662099999","2021-06-06","-74.7","164.1","92.0","BASE BAIA TERRA NOVA, AY"," -11.3","23","9999.9"," 0","9999.9"," 0","977.9","23","999.9"," 0"," 10.6","21"," 34.0","999.9"," -10.1","*"," -12.6","*"," 0.00","I","999.9","000000"
"89662099999","2021-06-07","-74.7","164.1","92.0","BASE BAIA TERRA NOVA, AY","  -5.9","24","9999.9"," 0","9999.9"," 0","982.5","23","999.9"," 0","  6.2","23"," 17.1","999.9","   3.4","*"," -15.5","*"," 0.00","I","999.9","000000"
"89662099999","2021-06-08","-74.7","164.1","92.0","BASE BAIA TERRA NOVA, AY","  -4.5","24","9999.9"," 0","9999.9"," 0","980.3","24","999.9"," 0","  7.0","24"," 17.1","999.9","   2.8","*","  -8.7","*"," 0.00","I","999.9","000000"
"89662099999","2021-06-09","-74.7","164.1","92.0","BASE BAIA TERRA NOVA, AY","  -7.6","21","9999.9"," 0","9999.9"," 0","974.8","21","999.9"," 0","  5.6","21"," 42.0","999.9","  -4.7","*"," -11.9","*"," 0.00","I","999.9","000000"
"89662099999","2021-06-10","-74.7","164.1","92.0","BASE BAIA TERRA NOVA, AY"," -17.6","24","9999.9"," 0","9999.9"," 0","976.6","24","999.9"," 0"," 20.8","24"," 49.9","999.9","  -8.9","*"," -20.6","*"," 0.00","I","999.9","000000"
"89662099999","2021-06-11","-74.7","164.1","92.0","BASE BAIA TERRA NOVA, AY"," -21.3","22","9999.9"," 0","9999.9"," 0","985.7","22","999.9"," 0"," 19.9","22"," 50.9","999.9"," -19.8","*"," -24.5","*"," 0.00","I","999.9","000000"
"89662099999","2021-06-12","-74.7","164.1","92.0","BASE BAIA TERRA NOVA, AY"," -14.8","21","9999.9"," 0","9999.9"," 0","985.3","21","999.9"," 0"," 27.1","21"," 46.0","999.9"," -11.2","*"," -21.8","*"," 0.00","I","999.9","000000"
"89662099999","2021-06-13","-74.7","164.1","92.0","BASE BAIA TERRA NOVA, AY","  -5.6","24","9999.9"," 0","9999.9"," 0","984.9","24","999.9"," 0"," 25.7","24"," 49.9","999.9","   3.0","*"," -14.3","*"," 0.00","I","999.9","000000"
"89662099999","2021-06-14","-74.7","164.1","92.0","BASE BAIA TERRA NOVA, AY","  -0.6","24","9999.9"," 0","9999.9"," 0","979.6","24","999.9"," 0","  6.7","24"," 28.0","999.9","   3.9","*","  -4.7","*"," 0.00","I","999.9","000000"
"89662099999","2021-06-15","-74.7","164.1","92.0","BASE BAIA TERRA NOVA, AY","  -7.4","24","9999.9"," 0","9999.9"," 0","974.7","23","999.9"," 0"," 38.7","24"," 77.9","999.9","   2.3","*"," -17.9","*"," 0.00","I","999.9","000000"
"89662099999","2021-06-16","-74.7","164.1","92.0","BASE BAIA TERRA NOVA, AY","   2.3","23","9999.9"," 0","9999.9"," 0","966.2","21","999.9"," 0"," 45.0","23"," 68.0","999.9","  12.9","*","  -7.2","*"," 0.00","I","999.9","000000"
"89662099999","2021-06-17","-74.7","164.1","92.0","BASE BAIA TERRA NOVA, AY","   9.2","23","9999.9"," 0","9999.9"," 0","962.7","22","999.9"," 0"," 29.3","23","999.9","999.9","  18.1","*","  -0.4","*"," 0.00","I","999.9","000000"
"89662099999","2021-06-18","-74.7","164.1","92.0","BASE BAIA TERRA NOVA, AY","  -0.7","21","9999.9"," 0","9999.9"," 0","974.1","21","999.9"," 0"," 18.8","21"," 33.0","999.9","   0.9","*","  -2.6","*"," 0.00","I","999.9","000000"
"89662099999","2021-06-19","-74.7","164.1","92.0","BASE BAIA TERRA NOVA, AY","   0.6","22","9999.9"," 0","9999.9"," 0","969.4","22","999.9"," 0"," 19.9","21"," 34.0","999.9","   5.7","*","  -4.7","*"," 0.00","I","999.9","000000"
"89662099999","2021-06-20","-74.7","164.1","92.0","BASE BAIA TERRA NOVA, AY","  -8.3","23","9999.9"," 0","9999.9"," 0","962.1","23","999.9"," 0"," 28.4","22"," 49.0","999.9","   0.1","*"," -13.9","*"," 0.00","I","999.9","000000"
"89662099999","2021-06-21","-74.7","164.1","92.0","BASE BAIA TERRA NOVA, AY","   8.2","23","9999.9"," 0","9999.9"," 0","958.8","22","999.9"," 0"," 27.7","23"," 36.9","999.9","  12.2","*","   1.6","*"," 0.00","I","999.9","000000"
"89662099999","2021-06-22","-74.7","164.1","92.0","BASE BAIA TERRA NOVA, AY","   6.6","24","9999.9"," 0","9999.9"," 0","963.3","24","999.9"," 0"," 18.3","24"," 36.9","999.9","  11.7","*","   2.3","*"," 0.00","I","999.9","000000"
"89662099999","2021-06-23","-74.7","164.1","92.0","BASE BAIA TERRA NOVA, AY","   8.3","24","9999.9"," 0","9999.9"," 0","967.6","24","999.9"," 0"," 20.0","24"," 36.9","999.9","  10.6","*","   5.9","*"," 0.00","I","999.9","000000"
"89662099999","2021-06-24","-74.7","164.1","92.0","BASE BAIA TERRA NOVA, AY","   4.0","23","9999.9"," 0","9999.9"," 0","972.3","23","999.9"," 0","  6.0","22"," 20.0","999.9","   9.5","*","   0.3","*"," 0.00","I","999.9","000000"
"89662099999","2021-06-25","-74.7","164.1","92.0","BASE BAIA TERRA NOVA, AY","   3.7","23","9999.9"," 0","9999.9"," 0","974.6","23","999.9"," 0","  2.5","23","  8.9","999.9","   6.4","*","  -0.9","*"," 0.00","I","999.9","000000"
"89662099999","2021-06-26","-74.7","164.1","92.0","BASE BAIA TERRA NOVA, AY","  -2.4","24","9999.9"," 0","9999.9"," 0","982.0","24","999.9"," 0","  3.8","23","  8.9","999.9","  -0.2","*","  -4.0","*"," 0.00","I","999.9","000000"
"89662099999","2021-06-27","-74.7","164.1","92.0","BASE BAIA TERRA NOVA, AY","  -4.6","23","9999.9"," 0","9999.9"," 0","990.5","23","999.9"," 0","  3.5","22","  6.0","999.9","  -1.7","*","  -8.1","*"," 0.00","I","999.9","000000"
"89662099999","2021-06-28","-74.7","164.1","92.0","BASE BAIA TERRA NOVA, AY","  -8.6","23","9999.9"," 0","9999.9"," 0","991.6","23","999.9"," 0","  4.2","23"," 12.0","999.9","  -4.7","*"," -14.1","*"," 0.00","I","999.9","000000"
"89662099999","2021-06-29","-74.7","164.1","92.0","BASE BAIA TERRA NOVA, AY"," -12.0","23","9999.9"," 0","9999.9"," 0","986.0","23","999.9"," 0","  5.1","22"," 15.9","999.9","  -6.5","*"," -15.2","*"," 0.00","I","999.9","000000"
"89662099999","2021-06-30","-74.7","164.1","92.0","BASE BAIA TERRA NOVA, AY","  -4.5","24","9999.9"," 0","9999.9"," 0","976.3","24","999.9"," 0","  4.4","24"," 19.0","999.9","  -1.3","*","  -9.8","*"," 0.00","I","999.9","000000"
"89662099999","2021-07-01","-74.7","164.1","92.0","BASE BAIA TERRA NOVA, AY","  -8.4","22","9999.9"," 0","9999.9"," 0","969.8","22","999.9"," 0","  3.7","21","  8.9","999.9","  -4.7","*"," -11.4","*"," 0.00","I","999.9","000000"
"89662099999","2021-07-02","-74.7","164.1","92.0","BASE BAIA TERRA NOVA, AY"," -10.4","22","9999.9"," 0","9999.9"," 0","968.7","22","999.9"," 0","  1.9","19","  7.0","999.9","  -9.4","*"," -11.7","*"," 0.00","I","999.9","000000"
"89662099999","2021-07-03","-74.7","164.1","92.0","BASE BAIA TERRA NOVA, AY","  -0.8","24","9999.9"," 0","9999.9"," 0","969.3","23","999.9"," 0"," 23.6","23"," 46.0","999.9","   7.0","*","  -9.6","*"," 0.00","I","999.9","000000"
"89662099999","2021-07-04","-74.7","164.1","92.0","BASE BAIA TERRA NOVA, AY","   0.8","24","9999.9"," 0","9999.9"," 0","976.2","24","999.9"," 0"," 25.5","24"," 33.0","999.9","   3.2","*","  -1.5","*"," 0.00","I","999.9","000000"
"89662099999","2021-07-05","-74.7","164.1","92.0","BASE BAIA TERRA NOVA, AY","  -1.8","24","9999.9"," 0","9999.9"," 0","971.4","23","999.9"," 0"," 29.6","24"," 51.1","999.9","   0.1","*","  -3.8","*"," 0.00","I","999.9","000000"
"89662099999","2021-07-06","-74.7","164.1","92.0","BASE BAIA TERRA NOVA, AY","   0.0","24","9999.9"," 0","9999.9"," 0","979.7","23","999.9"," 0"," 25.4","24"," 36.9","999.9","   5.9","*","  -4.0","*"," 0.00","I","999.9","000000"
"89662099999","2021-07-07","-74.7","164.1","92.0","BASE BAIA TERRA NOVA, AY","   3.3","23","9999.9"," 0","9999.9"," 0","985.2","23","999.9"," 0"," 36.0","23"," 49.9","999.9","  10.8","*","  -1.3","*"," 0.00","I","999.9","000000"
"89662099999","2021-07-08","-74.7","164.1","92.0","BASE BAIA TERRA NOVA, AY","   9.6","24","9999.9"," 0","9999.9"," 0","979.7","24","999.9"," 0"," 31.9","24"," 48.0","999.9","  16.3","*","   4.6","*"," 0.00","I","999.9","000000"
"89662099999","2021-07-09","-74.7","164.1","92.0","BASE BAIA TERRA NOVA, AY","   9.5","24","9999.9"," 0","9999.9"," 0","974.9","22","999.9"," 0"," 37.8","24"," 54.0","999.9","  15.8","*","   4.6","*"," 0.00","I","999.9","000000"
"89662099999","2021-07-10","-74.7","164.1","92.0","BASE BAIA TERRA NOVA, AY","  16.9","22","9999.9"," 0","9999.9"," 0","988.5","21","999.9"," 0"," 23.6","21"," 36.9","999.9","  21.7","*","  10.9","*"," 0.00","I","999.9","000000"
"89662099999","2021-07-11","-74.7","164.1","92.0","BASE BAIA TERRA NOVA, AY","   7.7","23","9999.9"," 0","9999.9"," 0","987.5","23","999.9"," 0","  2.4","23","  9.9","999.9","  14.5","*","   2.7","*"," 0.00","I","999.9","000000"
"89662099999","2021-07-12","-74.7","164.1","92.0","BASE BAIA TERRA NOVA, AY","  -3.0","22","9999.9"," 0","9999.9"," 0","987.5","21","999.9"," 0","  6.1","20"," 22.9","999.9","   1.8","*","  -7.6","*"," 0.00","I","999.9","000000"
"89662099999","2021-07-13","-74.7","164.1","92.0","BASE BAIA TERRA NOVA, AY","  -4.2","23","9999.9"," 0","9999.9"," 0","985.6","23","999.9"," 0"," 12.0","23"," 35.0","999.9","   0.5","*","  -8.3","*"," 0.00","I","999.9","000000"
"89662099999","2021-07-14","-74.7","164.1","92.0","BASE BAIA TERRA NOVA, AY","  -1.5","24","9999.9"," 0","9999.9"," 0","980.6","24","999.9"," 0"," 10.0","24"," 29.9","999.9","   0.9","*","  -6.2","*"," 0.00","I","999.9","000000"
"89662099999","2021-07-15","-74.7","164.1","92.0","BASE BAIA TERRA NOVA, AY","  -7.1","23","9999.9"," 0","9999.9"," 0","984.2","23","999.9"," 0"," 13.3","23"," 35.0","999.9","  -3.6","*"," -11.4","*"," 0.00","I","999.9","000000"
"89662099999","2021-07-16","-74.7","164.1","92.0","BASE BAIA TERRA NOVA, AY","  -2.3","23","9999.9"," 0","9999.9"," 0","985.5","23","999.9"," 0","  8.8","23"," 28.0","999.9","  12.9","*","  -5.8","*"," 0.00","I","999.9","000000"
"89662099999","2021-07-17","-74.7","164.1","92.0","BASE BAIA TERRA NOVA, AY","  -0.9","24","9999.9"," 0","9999.9"," 0","982.7","24","999.9"," 0"," 12.6","24"," 29.9","999.9","   4.3","*","  -4.7","*"," 0.00","I","999.9","000000"
"89662099999","2021-07-18","-74.7","164.1","92.0","BASE BAIA TERRA NOVA, AY","  -5.0","23","9999.9"," 0","9999.9"," 0","978.4","23","999.9"," 0"," 20.9","23"," 32.1","999.9","  -2.7","*","  -6.9","*"," 0.00","I","999.9","000000"
"89662099999","2021-07-19","-74.7","164.1","92.0","BASE BAIA TERRA NOVA, AY"," -11.9","24","9999.9"," 0","9999.9"," 0","979.8","23","999.9"," 0"," 22.4","23"," 35.9","999.9","  -8.3","*"," -13.9","*"," 0.00","I","999.9","000000"
"89662099999","2021-07-20","-74.7","164.1","92.0","BASE BAIA TERRA NOVA, AY","   0.4","24","9999.9"," 0","9999.9"," 0","981.8","24","999.9"," 0"," 22.6","24"," 38.1","999.9","   5.5","*","  -5.4","*"," 0.00","I","999.9","000000"
"89662099999","2021-07-21","-74.7","164.1","92.0","BASE BAIA TERRA NOVA, AY","   5.7","23","9999.9"," 0","9999.9"," 0","981.9","21","999.9"," 0"," 12.4","22"," 22.9","999.9","  10.0","*","   3.2","*"," 0.00","I","999.9","000000"
"89662099999","2021-07-22","-74.7","164.1","92.0","BASE BAIA TERRA NOVA, AY","   5.8","24","9999.9"," 0","9999.9"," 0","975.2","23","999.9"," 0"," 18.9","24"," 36.9","999.9","  19.4","*","   1.0","*"," 0.00","I","999.9","000000"
"89662099999","2021-07-23","-74.7","164.1","92.0","BASE BAIA TERRA NOVA, AY","   9.1","22","9999.9"," 0","9999.9"," 0","981.6","22","999.9"," 0"," 24.8","21"," 42.0","999.9","  17.6","*","   4.8","*"," 0.00","I","999.9","000000"
"89662099999","2021-07-24","-74.7","164.1","92.0","BASE BAIA TERRA NOVA, AY","   9.7","23","9999.9"," 0","9999.9"," 0","986.6","23","999.9"," 0"," 19.6","23"," 37.9","999.9","  16.3","*","   6.6","*"," 0.00","I","999.9","000000"
"89662099999","2021-07-25","-74.7","164.1","92.0","BASE BAIA TERRA NOVA, AY","   0.4","23","9999.9"," 0","9999.9"," 0","987.1","23","999.9"," 0","  3.9","22"," 11.1","999.9","   8.2","*","  -3.3","*"," 0.00","I","999.9","000000"
"89662099999","2021-07-26","-74.7","164.1","92.0","BASE BAIA TERRA NOVA, AY","  -4.7","22","9999.9"," 0","9999.9"," 0","985.7","22","999.9"," 0","  4.9","22"," 40.0","999.9","  -2.6","*","  -7.4","*"," 0.00","I","999.9","000000"
"89662099999","2021-07-27","-74.7","164.1","92.0","BASE BAIA TERRA NOVA, AY"," -11.4","24","9999.9"," 0","9999.9"," 0","986.7","23","999.9"," 0","  3.3","22","  8.0","999.9","  -5.8","*"," -15.9","*"," 0.00","I","999.9","000000"
"89662099999","2021-07-28","-74.7","164.1","92.0","BASE BAIA TERRA NOVA, AY"," -15.7","24","9999.9"," 0","9999.9"," 0","990.3","24","999.9"," 0","  4.6","23","  9.9","999.9"," -12.5","*"," -17.7","*"," 0.00","I","999.9","000000"
"89662099999","2021-07-29","-74.7","164.1","92.0","BASE BAIA TERRA NOVA, AY","   5.8","22","9999.9"," 0","9999.9"," 0","997.1","21","999.9"," 0","  2.8","22","  8.0","999.9","  15.4","*"," -13.9","*"," 0.00","I","999.9","000000"
"89662099999","2021-07-30","-74.7","164.1","92.0","BASE BAIA TERRA NOVA, AY","   1.3","22","9999.9"," 0","9999.9"," 0","999.9"," 0","999.9"," 0","  2.5","20","  6.0","999.9","   6.1","*","  -2.7","*"," 0.00","I","999.9","000000"
"89662099999","2021-07-31","-74.7","164.1","92.0","BASE BAIA TERRA NOVA, AY","  24.2","24","9999.9"," 0","9999.9"," 0","985.1","21","999.9"," 0"," 34.2","24"," 69.0","999.9","  41.0","*","  -2.7","*"," 0.00","I","999.9","000000"
"89662099999","2021-08-01","-74.7","164.1","92.0","BASE BAIA TERRA NOVA, AY","  32.0","24","9999.9"," 0","9999.9"," 0","971.9","24","999.9"," 0"," 68.7","24"," 90.9","999.9","  36.9","*","  27.7","*"," 0.00","I","999.9","000000"
"89662099999","2021-08-02","-74.7","164.1","92.0","BASE BAIA TERRA NOVA, AY","  19.1","23","9999.9"," 0","9999.9"," 0","981.6","22","999.9"," 0"," 17.2","23","999.9","999.9","  29.3","*","   5.7","*"," 0.00","I","999.9","000000"
"89662099999","2021-08-03","-74.7","164.1","92.0","BASE BAIA TERRA NOVA, AY","   0.6","24","9999.9"," 0","9999.9"," 0","985.5","23","999.9"," 0","  2.1","24","  6.0","999.9","   5.7","*","  -1.1","*"," 0.00","I","999.9","000000"
"89662099999","2021-08-04","-74.7","164.1","92.0","BASE BAIA TERRA NOVA, AY","  -0.4","23","9999.9"," 0","9999.9"," 0","980.8","23","999.9"," 0","  3.3","23"," 11.1","999.9","   2.3","*","  -3.8","*"," 0.00","I","999.9","000000"
"89662099999","2021-08-05","-74.7","164.1","92.0","BASE BAIA TERRA NOVA, AY","  -5.3","22","9999.9"," 0","9999.9"," 0","979.8","22","999.9"," 0","  6.4","22","999.9","999.9","  -3.1","*","  -7.4","*"," 0.00","I","999.9","000000"
"89662099999","2021-08-06","-74.7","164.1","92.0","BASE BAIA TERRA NOVA, AY","  -0.1","24","9999.9"," 0","9999.9"," 0","987.2","24","999.9"," 0","  3.9","22"," 14.0","999.9","   8.2","*","  -8.3","*"," 0.00","I","999.9","000000"
"89662099999","2021-08-07","-74.7","164.1","92.0","BASE BAIA TERRA NOVA, AY","  -0.8","24","9999.9"," 0","9999.9"," 0","990.9","23","999.9"," 0","  2.1","22","  6.0","999.9","   8.6","*"," -10.3","*"," 0.00","I","999.9","000000"
"89662099999","2021-08-08","-74.7","164.1","92.0","BASE BAIA TERRA NOVA, AY","  10.9","24","9999.9"," 0","9999.9"," 0","976.3","24","999.9"," 0","  2.9","23","  7.0","999.9","  17.2","*","   6.4","*"," 0.00","I","999.9","000000"
"89662099999","2021-08-09","-74.7","164.1","92.0","BASE BAIA TERRA NOVA, AY","  10.2","24","9999.9"," 0","9999.9"," 0","971.4","24","999.9"," 0","  3.8","24","  8.9","999.9","  16.0","*","   4.5","*"," 0.00","I","999.9","000000"
"89662099999","2021-08-10","-74.7","164.1","92.0","BASE BAIA TERRA NOVA, AY","  -3.9","23","9999.9"," 0","9999.9"," 0","987.0","18","999.9"," 0","  5.6","23"," 15.9","999.9","   2.8","*","  -7.2","*"," 0.00","I","999.9","000000"
"89662099999","2021-08-11","-74.7","164.1","92.0","BASE BAIA TERRA NOVA, AY","  -1.8","24","9999.9"," 0","9999.9"," 0","999.9"," 0","999.9"," 0","  1.6","24","  2.9","999.9","   5.2","*","  -5.8","*"," 0.00","I","999.9","000000"
"89662099999","2021-08-12","-74.7","164.1","92.0","BASE BAIA TERRA NOVA, AY","  10.4","23","9999.9"," 0","9999.9"," 0","991.5","20","999.9"," 0","  2.7","23","  6.0","999.9","  27.1","*","   1.9","*"," 0.00","I","999.9","000000"
"89662099999","2021-08-13","-74.7","164.1","92.0","BASE BAIA TERRA NOVA, AY","  19.4","20","9999.9"," 0","9999.9"," 0","981.7","20","999.9"," 0","  4.6","20"," 14.0","999.9","  32.4","*","   6.1","*"," 0.00","I","999.9","000000"
"89662099999","2021-08-14","-74.7","164.1","92.0","BASE BAIA TERRA NOVA, AY","  49.3","22","9999.9"," 0","9999.9"," 0","996.3","13","999.9"," 0","  1.9","20","  8.9","999.9","  59.4","*","9999.9"," "," 0.00","I","999.9","000000"
"89662099999","2021-08-15","-74.7","164.1","92.0","BASE BAIA TERRA NOVA, AY","  46.7","22","9999.9"," 0","9999.9"," 0","998.1"," 6","999.9"," 0","  3.4","21"," 11.1","999.9","  53.6","*","  34.9","*"," 0.00","I","999.9","000000"
"89662099999","2021-08-16","-74.7","164.1","92.0","BASE BAIA TERRA NOVA, AY","  45.2","19","9999.9"," 0","9999.9"," 0","994.5","19","999.9"," 0"," 15.6","18","999.9","999.9","  52.0","*","  38.8","*"," 0.00","I","999.9","000000"
"89662099999","2021-08-17","-74.7","164.1","92.0","BASE BAIA TERRA NOVA, AY","  64.1","22","9999.9"," 0","9999.9"," 0","991.0","21","999.9"," 0","  4.4","21","  8.9","999.9","  67.3","*","  60.8","*"," 0.00","I","999.9","000000"
"89662099999","2021-08-18","-74.7","164.1","92.0","BASE BAIA TERRA NOVA, AY","  57.2","24","9999.9"," 0","9999.9"," 0","985.0","24","999.9"," 0","  2.3","22","  6.0","999.9","  64.4","*","  49.5","*"," 0.00","I","999.9","000000"
"89662099999","2021-08-19","-74.7","164.1","92.0","BASE BAIA TERRA NOVA, AY","  54.3","24","9999.9"," 0","9999.9"," 0","977.6","24","999.9"," 0","  4.0","23"," 15.0","999.9","  64.8","*","  39.2","*"," 0.00","I","999.9","000000"
"89662099999","2021-08-20","-74.7","164.1","92.0","BASE BAIA TERRA NOVA, AY","  49.5","24","9999.9"," 0","9999.9"," 0","979.7","24","999.9"," 0"," 14.2","21"," 54.0","999.9","  57.2","*","  43.0","*"," 0.00","I","999.9","000000"
"89662099999","2021-08-21","-74.7","164.1","92.0","BASE BAIA TERRA NOVA, AY","  46.6","23","9999.9"," 0","9999.9"," 0","974.2","23","999.9"," 0","  2.7","22","  6.0","999.9","  52.9","*","  42.3","*"," 0.00","I","999.9","000000"
"89662099999","2021-08-22","-74.7","164.1","92.0","BASE BAIA TERRA NOVA, AY","  49.3","24","9999.9"," 0","9999.9"," 0","977.3","23","999.9"," 0","  8.7","24"," 27.0","999.9","  53.6","*","  45.0","*"," 0.00","I","999.9","000000"
"89662099999","2021-08-23","-74.7","164.1","92.0","BASE BAIA TERRA NOVA, AY","  45.2","24","9999.9"," 0","9999.9"," 0","977.5","24","999.9"," 0","  3.9","22"," 11.1","999.9","  53.6","*","  40.1","*"," 0.00","I","999.9","000000"
"89662099999","2021-08-24","-74.7","164.1","92.0","BASE BAIA TERRA NOVA, AY","  52.4","22","9999.9"," 0","9999.9"," 0","972.0","22","999.9"," 0","  4.7","20"," 20.0","999.9","  55.6","*","  48.9","*"," 0.00","I","999.9","000000"
"89662099999","2021-08-25","-74.7","164.1","92.0","BASE BAIA TERRA NOVA, AY","  58.2","24","9999.9"," 0","9999.9"," 0","969.8","24","999.9"," 0","  8.8","22"," 32.1","999.9","  66.2","*","  52.2","*"," 0.00","I","999.9","000000"
"89662099999","2021-08-26","-74.7","164.1","92.0","BASE BAIA TERRA NOVA, AY","  64.1","24","9999.9"," 0","9999.9"," 0","973.0","24","999.9"," 0"," 36.9","24"," 48.0","999.9","  71.8","*","  58.1","*"," 0.00","I","999.9","000000"
"89662099999","2021-08-27","-74.7","164.1","92.0","BASE BAIA TERRA NOVA, AY","  66.1","24","9999.9"," 0","9999.9"," 0","976.9","23","999.9"," 0"," 45.4","24"," 55.9","999.9","  75.4","*","  58.1","*"," 0.00","I","999.9","000000"
"89662099999","2021-08-28","-74.7","164.1","92.0","BASE BAIA TERRA NOVA, AY","  68.8","24","9999.9"," 0","9999.9"," 0","965.8","22","999.9"," 0"," 40.3","24","999.9","999.9","  76.6","*","  59.0","*"," 0.00","I","999.9","000000"
"89662099999","2021-08-29","-74.7","164.1","92.0","BASE BAIA TERRA NOVA, AY","  64.7","24","9999.9"," 0","9999.9"," 0","977.8","24","999.9"," 0"," 34.1","24"," 62.9","999.9","  77.2","*","  58.5","*"," 0.00","I","999.9","000000"
"89662099999","2021-09-01","-74.7","164.1","92.0","BASE BAIA TERRA NOVA, AY","  60.6","22","9999.9"," 0","9999.9"," 0","973.9","20","999.9"," 0"," 35.4","22","999.9","999.9","  78.8","*","  50.0","*"," 0.00","I","999.9","000000"
"89662099999","2021-09-02","-74.7","164.1","92.0","BASE BAIA TERRA NOVA, AY","  55.0","23","9999.9"," 0","9999.9"," 0","965.0","23","999.9"," 0"," 16.3","23"," 42.0","999.9","  62.2","*","  51.3","*"," 0.00","I","999.9","000000"
"89662099999","2021-09-03","-74.7","164.1","92.0","BASE BAIA TERRA NOVA, AY","  65.0","22","9999.9"," 0","9999.9"," 0","966.3","22","999.9"," 0"," 31.6","22"," 59.1","999.9","  72.0","*","  52.0","*"," 0.00","I","999.9","000000"
"89662099999","2021-09-04","-74.7","164.1","92.0","BASE BAIA TERRA NOVA, AY","  56.6","24","9999.9"," 0","9999.9"," 0","964.7","22","999.9"," 0"," 25.7","24"," 52.1","999.9","  62.1","*","  45.0","*"," 0.00","I","999.9","000000"
"89662099999","2021-09-05","-74.7","164.1","92.0","BASE BAIA TERRA NOVA, AY","  50.9","22","9999.9"," 0","9999.9"," 0","964.1","22","999.9"," 0"," 33.1","22"," 66.0","999.9","  55.8","*","  43.7","*"," 0.00","I","999.9","000000"
"89662099999","2021-09-06","-74.7","164.1","92.0","BASE BAIA TERRA NOVA, AY","  66.5","23","9999.9"," 0","9999.9"," 0","961.7","23","999.9"," 0"," 27.0","23"," 51.1","999.9","  72.5","*","  53.8","*"," 0.00","I","999.9","000000"
"89662099999","2021-09-08","-74.7","164.1","92.0","BASE BAIA TERRA NOVA, AY","  65.7","20","9999.9"," 0","9999.9"," 0","977.8","20","999.9"," 0"," 17.9","20"," 35.9","999.9","  71.2","*","  61.3","*"," 0.00","I","999.9","000000"
"89662099999","2021-09-09","-74.7","164.1","92.0","BASE BAIA TERRA NOVA, AY","  63.0","24","9999.9"," 0","9999.9"," 0","968.2","24","999.9"," 0"," 13.4","24"," 34.0","999.9","  70.9","*","  56.5","*"," 0.00","I","999.9","000000"
"89662099999","2021-09-13","-74.7","164.1","92.0","BASE BAIA TERRA NOVA, AY","  64.2","22","9999.9"," 0","9999.9"," 0","965.2","21","999.9"," 0"," 17.5","21"," 41.0","999.9","  74.3","*","  55.8","*"," 0.00","I","999.9","000000"
"89662099999","2021-09-14","-74.7","164.1","92.0","BASE BAIA TERRA NOVA, AY","  57.7","24","9999.9"," 0","9999.9"," 0","976.1","24","999.9"," 0"," 26.9","23"," 53.0","999.9","  62.2","*","  51.3","*"," 0.00","I","999.9","000000"
"89662099999","2021-09-15","-74.7","164.1","92.0","BASE BAIA TERRA NOVA, AY","  61.8","23","9999.9"," 0","9999.9"," 0","967.7","23","999.9"," 0"," 38.0","23"," 58.1","999.9","  68.9","*","  54.5","*"," 0.00","I","999.9","000000"
"89662099999","2021-09-16","-74.7","164.1","92.0","BASE BAIA TERRA NOVA, AY","  66.4","23","9999.9"," 0","9999.9"," 0","961.5","23","999.9"," 0"," 16.5","21"," 41.0","999.9","  70.2","*","  60.8","*"," 0.00","I","999.9","000000"
"89662099999","2021-09-17","-74.7","164.1","92.0","BASE BAIA TERRA NOVA, AY","  58.6","23","9999.9"," 0","9999.9"," 0","968.2","23","999.9"," 0"," 31.6","23"," 46.0","999.9","  63.5","*","  53.2","*"," 0.00","I","999.9","000000"
"89662099999","2021-09-18","-74.7","164.1","92.0","BASE BAIA TERRA NOVA, AY","  57.8","23","9999.9"," 0","9999.9"," 0","979.9","22","999.9"," 0"," 12.4","23"," 26.0","999.9","  61.9","*","  53.8","*"," 0.00","I","999.9","000000"
"89662099999","2021-09-19","-74.7","164.1","92.0","BASE BAIA TERRA NOVA, AY","  59.6","23","9999.9"," 0","9999.9"," 0","981.8","23","999.9"," 0","  5.9","22"," 21.0","999.9","  66.2","*","  52.2","*"," 0.00","I","999.9","000000"
"89662099999","2021-09-26","-74.7","164.1","92.0","BASE BAIA TERRA NOVA, AY","  63.6","24","9999.9"," 0","9999.9"," 0","960.6","23","999.9"," 0","  2.8","22","  7.0","999.9","  68.9","*","  51.3","*"," 0.00","I","999.9","000000"
"89662099999","2021-09-27","-74.7","164.1","92.0","BASE BAIA TERRA NOVA, AY","  37.0","23","9999.9"," 0","9999.9"," 0","960.6","23","999.9"," 0","  2.1","22","  8.9","999.9","  50.4","*","  27.0","*"," 0.00","I","999.9","000000"
"89662099999","2021-09-28","-74.7","164.1","92.0","BASE BAIA TERRA NOVA, AY","  24.0","23","9999.9"," 0","9999.9"," 0","966.2","23","999.9"," 0"," 10.6","23","999.9","999.9","  36.1","*","  15.8","*"," 0.00","I","999.9","000000"
"89662099999","2021-09-29","-74.7","164.1","92.0","BASE BAIA TERRA NOVA, AY","  17.1","23","9999.9"," 0","9999.9"," 0","971.6","23","999.9"," 0","  2.0","17","  6.0","999.9","  22.3","*","  12.6","*"," 0.00","I","999.9","000000"
"89662099999","2021-09-30","-74.7","164.1","92.0","BASE BAIA TERRA NOVA, AY","  23.7","22","9999.9"," 0","9999.9"," 0","967.1","22","999.9"," 0"," 12.9","21"," 35.0","999.9","  42.8","*","  17.6","*"," 0.00","I","999.9","000000"
"89662099999","2021-10-01","-74.7","164.1","92.0","BASE BAIA TERRA NOVA, AY","  29.3","24","9999.9"," 0","9999.9"," 0","965.1","24","999.9"," 0"," 20.5","23"," 42.0","999.9","  39.4","*","  12.6","*"," 0.00","I","999.9","000000"
"89662099999","2021-10-02","-74.7","164.1","92.0","BASE BAIA TERRA NOVA, AY","  36.9","11","9999.9"," 0","9999.9"," 0","966.8","11","999.9"," 0"," 49.1","11"," 80.0","999.9","  42.8","*","  20.8","*"," 0.00","I","999.9","000000"
"89662099999","2021-10-23","-74.7","164.1","92.0","BASE BAIA TERRA NOVA, AY","   8.1","23","9999.9"," 0","9999.9"," 0","964.7","23","999.9"," 0","  5.1","22"," 18.1","999.9","  10.4","*","   5.5","*"," 0.00","I","999.9","000000"
"89662099999","2021-10-24","-74.7","164.1","92.0","BASE BAIA TERRA NOVA, AY","   5.8","24","9999.9"," 0","9999.9"," 0","968.0","24","999.9"," 0"," 18.5","24"," 28.0","999.9","   8.1","*","   4.6","*"," 0.00","I","999.9","000000"
"89662099999","2021-10-25","-74.7","164.1","92.0","BASE BAIA TERRA NOVA, AY","   6.3","23","9999.9"," 0","9999.9"," 0","980.2","23","999.9"," 0","  9.5","22"," 40.0","999.9","  10.2","*","   0.7","*"," 0.00","I","999.9","000000"
"89662099999","2021-10-26","-74.7","164.1","92.0","BASE BAIA TERRA NOVA, AY","   8.1","22","9999.9"," 0","9999.9"," 0","978.8","22","999.9"," 0"," 27.8","22"," 41.0","999.9","  14.4","*","   1.0","*"," 0.00","I","999.9","000000"
"89662099999","2021-10-27","-74.7","164.1","92.0","BASE BAIA TERRA NOVA, AY","  11.1","24","9999.9"," 0","9999.9"," 0","966.6","23","999.9"," 0","  8.3","24"," 34.0","999.9","  15.8","*","   2.8","*"," 0.00","I","999.9","000000"
"89662099999","2021-10-28","-74.7","164.1","92.0","BASE BAIA TERRA NOVA, AY","   9.9","23","9999.9"," 0","9999.9"," 0","964.0","22","999.9"," 0","  8.3","23"," 22.9","999.9","  11.5","*","   9.0","*"," 0.00","I","999.9","000000"
"89662099999","2021-10-29","-74.7","164.1","92.0","BASE BAIA TERRA NOVA, AY","  11.0","24","9999.9"," 0","9999.9"," 0","969.7","24","999.9"," 0"," 14.9","24"," 27.0","999.9","  14.9","*","   9.0","*"," 0.00","I","999.9","000000"
"89662099999","2021-10-30","-74.7","164.1","92.0","BASE BAIA TERRA NOVA, AY","  17.3","23","9999.9"," 0","9999.9"," 0","970.9","22","999.9"," 0"," 21.9","23"," 33.0","999.9","  29.7","*","  13.6","*"," 0.00","I","999.9","000000"
"89662099999","2021-10-31","-74.7","164.1","92.0","BASE BAIA TERRA NOVA, AY","  12.6","23","9999.9"," 0","9999.9"," 0","968.2","22","999.9"," 0","  4.4","23"," 17.1","999.9","  16.7","*","   8.2","*"," 0.00","I","999.9","000000"
"89662099999","2021-11-01","-74.7","164.1","92.0","BASE BAIA TERRA NOVA, AY","  10.2","23","9999.9"," 0","9999.9"," 0","972.6","22","999.9"," 0","  2.6","23","  8.9","999.9","  13.6","*","   7.3","*"," 0.00","I","999.9","000000"
"89662099999","2021-11-02","-74.7","164.1","92.0","BASE BAIA TERRA NOVA, AY","   8.9","24","9999.9"," 0","9999.9"," 0","977.9","24","999.9"," 0","  2.6","24","  5.1","999.9","  13.6","*","   5.0","*"," 0.00","I","999.9","000000"
"89662099999","2021-11-03","-74.7","164.1","92.0","BASE BAIA TERRA NOVA, AY","   8.2","23","9999.9"," 0","9999.9"," 0","981.0","23","999.9"," 0","  2.6","23","  5.1","999.9","  12.6","*","   3.2","*"," 0.00","I","999.9","000000"
"89662099999","2021-11-04","-74.7","164.1","92.0","BASE BAIA TERRA NOVA, AY","  12.6","24","9999.9"," 0","9999.9"," 0","974.3","24","999.9"," 0"," 17.4","23"," 47.0","999.9","  15.6","*","   8.1","*"," 0.00","I","999.9","000000"
"89662099999","2021-11-05","-74.7","164.1","92.0","BASE BAIA TERRA NOVA, AY","  14.3","23","9999.9"," 0","9999.9"," 0","967.7","21","999.9"," 0","  9.8","23"," 30.9","999.9","  16.3","*","  11.5","*"," 0.00","I","999.9","000000"
"89662099999","2021-11-06","-74.7","164.1","92.0","BASE BAIA TERRA NOVA, AY","  13.1","23","9999.9"," 0","9999.9"," 0","970.8","22","999.9"," 0"," 12.4","22"," 48.0","999.9","  16.3","*","   9.7","*"," 0.00","I","999.9","000000"
"89662099999","2021-11-07","-74.7","164.1","92.0","BASE BAIA TERRA NOVA, AY","  12.9","23","9999.9"," 0","9999.9"," 0","973.2","22","999.9"," 0","  7.4","23"," 28.0","999.9","  15.6","*","  10.0","*"," 0.00","I","999.9","000000"
"89662099999","2021-11-08","-74.7","164.1","92.0","BASE BAIA TERRA NOVA, AY","  19.1","24","9999.9"," 0","9999.9"," 0","974.2","23","999.9"," 0"," 20.1","24"," 34.0","999.9","  21.7","*","  15.8","*"," 0.00","I","999.9","000000"
"89662099999","2021-11-09","-74.7","164.1","92.0","BASE BAIA TERRA NOVA, AY","  17.4","24","9999.9"," 0","9999.9"," 0","973.9","23","999.9"," 0","  2.8","22"," 13.0","999.9","  21.4","*","  14.2","*"," 0.00","I","999.9","000000"
"89662099999","2021-11-10","-74.7","164.1","92.0","BASE BAIA TERRA NOVA, AY","  16.0","24","9999.9"," 0","9999.9"," 0","972.4","24","999.9"," 0","  2.5","24","  4.1","999.9","  18.5","*","  13.1","*"," 0.00","I","999.9","000000"
"89662099999","2021-11-11","-74.7","164.1","92.0","BASE BAIA TERRA NOVA, AY","  15.3","24","9999.9"," 0","9999.9"," 0","968.3","24","999.9"," 0","  4.9","24"," 13.0","999.9","  18.9","*","  12.9","*"," 0.00","I","999.9","000000"
"89662099999","2021-11-12","-74.7","164.1","92.0","BASE BAIA TERRA NOVA, AY","  16.8","22","9999.9"," 0","9999.9"," 0","971.0","22","999.9"," 0","  7.7","22"," 35.9","999.9","  19.6","*","  14.0","*"," 0.00","I","999.9","000000"
"89662099999","2021-11-13","-74.7","164.1","92.0","BASE BAIA TERRA NOVA, AY","  20.4","24","9999.9"," 0","9999.9"," 0","971.8","24","999.9"," 0"," 10.7","24"," 34.0","999.9","  25.7","*","  16.3","*"," 0.00","I","999.9","000000"
"89662099999","2021-11-14","-74.7","164.1","92.0","BASE BAIA TERRA NOVA, AY","  17.2","21","9999.9"," 0","9999.9"," 0","966.7","21","999.9"," 0","  3.7","21","  8.0","999.9","  29.8","*","  10.9","*"," 0.00","I","999.9","000000"
"89662099999","2021-11-15","-74.7","164.1","92.0","BASE BAIA TERRA NOVA, AY","  16.2","23","9999.9"," 0","9999.9"," 0","964.3","23","999.9"," 0","  5.1","22","  9.9","999.9","  19.0","*","  12.9","*"," 0.00","I","999.9","000000"
"89662099999","2021-11-16","-74.7","164.1","92.0","BASE BAIA TERRA NOVA, AY","  16.2","21","9999.9"," 0","9999.9"," 0","968.4","21","999.9"," 0","  3.6","21","  7.0","999.9","  18.5","*","  14.7","*"," 0.00","I","999.9","000000"
"89662099999","2021-11-17","-74.7","164.1","92.0","BASE BAIA TERRA NOVA, AY","  20.1","24","9999.9"," 0","9999.9"," 0","970.1","23","999.9"," 0"," 19.5","24"," 29.9","999.9","  23.7","*","  18.5","*"," 0.00","I","999.9","000000"
"89662099999","2021-11-18","-74.7","164.1","92.0","BASE BAIA TERRA NOVA, AY","  24.4","24","9999.9"," 0","9999.9"," 0","970.1","24","999.9"," 0","  5.9","24"," 17.1","999.9","  30.7","*","  15.4","*"," 0.00","I","999.9","000000"
"89662099999","2021-11-19","-74.7","164.1","92.0","BASE BAIA TERRA NOVA, AY","  20.2","23","9999.9"," 0","9999.9"," 0","968.8","23","999.9"," 0","  5.3","23"," 14.0","999.9","  23.4","*","  18.0","*"," 0.00","I","999.9","000000"
"89662099999","2021-11-20","-74.7","164.1","92.0","BASE BAIA TERRA NOVA, AY","  19.6","23","9999.9"," 0","9999.9"," 0","973.1","23","999.9"," 0"," 16.3","23"," 35.9","999.9","  21.7","*","  17.6","*"," 0.00","I","999.9","000000"
"89662099999","2021-11-21","-74.7","164.1","92.0","BASE BAIA TERRA NOVA, AY","  23.6","24","9999.9"," 0","9999.9"," 0","971.9","23","999.9"," 0"," 24.9","24"," 36.9","999.9","  26.4","*","  20.8","*"," 0.00","I","999.9","000000"
"89662099999","2021-11-22","-74.7","164.1","92.0","BASE BAIA TERRA NOVA, AY","  22.8","23","9999.9"," 0","9999.9"," 0","959.7","22","999.9"," 0"," 22.5","23"," 35.9","999.9","  28.0","*","  18.5","*"," 0.00","I","999.9","000000"
"89662099999","2021-11-23","-74.7","164.1","92.0","BASE BAIA TERRA NOVA, AY","  27.5","22","9999.9"," 0","9999.9"," 0","954.7","22","999.9"," 0"," 15.9","22"," 38.1","999.9","  33.1","*","  23.5","*"," 0.00","I","999.9","000000"
"89662099999","2021-11-24","-74.7","164.1","92.0","BASE BAIA TERRA NOVA, AY","  22.7","24","9999.9"," 0","9999.9"," 0","962.0","24","999.9"," 0"," 15.4","24"," 29.9","999.9","  29.7","*","  19.4","*"," 0.00","I","999.9","000000"
"89662099999","2021-11-25","-74.7","164.1","92.0","BASE BAIA TERRA NOVA, AY","  24.1","24","9999.9"," 0","9999.9"," 0","962.4","23","999.9"," 0","  2.8","24","  6.0","999.9","  30.2","*","  21.2","*"," 0.00","I","999.9","000000"
"89662099999","2021-11-26","-74.7","164.1","92.0","BASE BAIA TERRA NOVA, AY","  25.4","23","9999.9"," 0","9999.9"," 0","960.7","23","999.9"," 0","  9.9","23"," 34.0","999.9","  29.5","*","  22.5","*"," 0.00","I","999.9","000000"
"89662099999","2021-11-27","-74.7","164.1","92.0","BASE BAIA TERRA NOVA, AY","  24.6","23","9999.9"," 0","9999.9"," 0","969.0","23","999.9"," 0","  5.1","22"," 22.0","999.9","  27.9","*","  20.8","*"," 0.00","I","999.9","000000"
"89662099999","2021-11-28","-74.7","164.1","92.0","BASE BAIA TERRA NOVA, AY","  24.2","24","9999.9"," 0","9999.9"," 0","973.0","24","999.9"," 0","  3.2","24","  6.0","999.9","  25.3","*","  22.3","*"," 0.00","I","999.9","000000"
"89662099999","2021-11-29","-74.7","164.1","92.0","BASE BAIA TERRA NOVA, AY","  26.3","22","9999.9"," 0","9999.9"," 0","973.9","21","999.9"," 0"," 15.5","22"," 29.9","999.9","  29.3","*","  23.4","*"," 0.00","I","999.9","000000"
"89662099999","2021-11-30","-74.7","164.1","92.0","BASE BAIA TERRA NOVA, AY","  28.4","23","9999.9"," 0","9999.9"," 0","976.8","23","999.9"," 0"," 23.3","23"," 48.0","999.9","  36.7","*","  23.9","*"," 0.00","I","999.9","000000"
"89662099999","2021-12-01","-74.7","164.1","92.0","BASE BAIA TERRA NOVA, AY","  27.0","24","9999.9"," 0","9999.9"," 0","972.7","22","999.9"," 0"," 39.0","24"," 68.0","999.9","  30.2","*","  23.5","*"," 0.00","I","999.9","000000"
"89662099999","2021-12-02","-74.7","164.1","92.0","BASE BAIA TERRA NOVA, AY","  27.8","22","9999.9"," 0","9999.9"," 0","973.8","22","999.9"," 0","  7.1","22"," 24.1","999.9","  30.7","*","  23.9","*"," 0.00","I","999.9","000000"
"89662099999","2021-12-03","-74.7","164.1","92.0","BASE BAIA TERRA NOVA, AY","  29.4","24","9999.9"," 0","9999.9"," 0","973.8","23","999.9"," 0","  3.4","24"," 13.0","999.9","  32.9","*","  24.8","*"," 0.00","I","999.9","000000"
"89662099999","2021-12-04","-74.7","164.1","92.0","BASE BAIA TERRA NOVA, AY","  26.0","24","9999.9"," 0","9999.9"," 0","967.0","24","999.9"," 0"," 12.1","24"," 18.1","999.9","  29.5","*","  23.7","*"," 0.00","I","999.9","000000"
"89662099999","2021-12-05","-74.7","164.1","92.0","BASE BAIA TERRA NOVA, AY","  24.8","23","9999.9"," 0","9999.9"," 0","968.8","23","999.9"," 0","  7.1","23"," 20.0","999.9","  27.7","*","  22.6","*"," 0.00","I","999.9","000000"
"89662099999","2021-12-06","-74.7","164.1","92.0","BASE BAIA TERRA NOVA, AY","  24.9","24","9999.9"," 0","9999.9"," 0","965.4","22","999.9"," 0","  7.3","24","999.9","999.9","  27.9","*","  21.4","*"," 0.00","I","999.9","000000"
"89662099999","2021-12-07","-74.7","164.1","92.0","BASE BAIA TERRA NOVA, AY","  26.5","23","9999.9"," 0","9999.9"," 0","960.3","21","999.9"," 0","  4.9","23","  8.9","999.9","  31.1","*","  22.6","*"," 0.00","I","999.9","000000"
"89662099999","2021-12-08","-74.7","164.1","92.0","BASE BAIA TERRA NOVA, AY","  27.8","22","9999.9"," 0","9999.9"," 0","956.7","21","999.9"," 0","  5.2","22"," 15.0","999.9","  30.2","*","  24.6","*"," 0.00","I","999.9","000000"
"89662099999","2021-12-09","-74.7","164.1","92.0","BASE BAIA TERRA NOVA, AY","  30.2","24","9999.9"," 0","9999.9"," 0","957.2","23","999.9"," 0","  9.8","24"," 25.1","999.9","  35.1","*","  24.8","*"," 0.00","I","999.9","000000"
"89662099999","2021-12-10","-74.7","164.1","92.0","BASE BAIA TERRA NOVA, AY","  28.1","23","9999.9"," 0","9999.9"," 0","958.3","22","999.9"," 0"," 22.8","23"," 40.0","999.9","  32.4","*","  25.2","*"," 0.00","I","999.9","000000"
"89662099999","2021-12-11","-74.7","164.1","92.0","BASE BAIA TERRA NOVA, AY","  32.0","23","9999.9"," 0","9999.9"," 0","959.9","23","999.9"," 0"," 15.9","23"," 27.0","999.9","  35.4","*","  28.0","*"," 0.00","I","999.9","000000"
"89662099999","2021-12-12","-74.7","164.1","92.0","BASE BAIA TERRA NOVA, AY","  31.9","24","9999.9"," 0","9999.9"," 0","964.5","23","999.9"," 0"," 22.3","24"," 34.0","999.9","  36.0","*","  28.9","*"," 0.00","I","999.9","000000"
"89662099999","2021-12-13","-74.7","164.1","92.0","BASE BAIA TERRA NOVA, AY","  33.3","24","9999.9"," 0","9999.9"," 0","970.7","24","999.9"," 0"," 13.0","23"," 32.1","999.9","  37.0","*","  30.9","*"," 0.00","I","999.9","000000"
"89662099999","2021-12-14","-74.7","164.1","92.0","BASE BAIA TERRA NOVA, AY","  32.0","21","9999.9"," 0","9999.9"," 0","975.7","21","999.9"," 0"," 25.4","21"," 40.0","999.9","  35.2","*","  17.2","*"," 0.00","I","999.9","000000"
"89662099999","2021-12-15","-74.7","164.1","92.0","BASE BAIA TERRA NOVA, AY","  35.4","24","9999.9"," 0","9999.9"," 0","975.4","22","999.9"," 0"," 25.6","24"," 36.9","999.9","  37.6","*","  33.3","*"," 0.00","I","999.9","000000"
"89662099999","2021-12-16","-74.7","164.1","92.0","BASE BAIA TERRA NOVA, AY","  36.2","21","9999.9"," 0","9999.9"," 0","975.0","21","999.9"," 0"," 19.7","21"," 25.1","999.9","  38.3","*","  34.0","*"," 0.00","I","999.9","000000"
"89662099999","2021-12-17","-74.7","164.1","92.0","BASE BAIA TERRA NOVA, AY","  34.6","24","9999.9"," 0","9999.9"," 0","966.4","23","999.9"," 0","  9.2","23"," 31.1","999.9","  39.6","*","  31.1","*"," 0.00","I","999.9","000000"
"89662099999","2021-12-18","-74.7","164.1","92.0","BASE BAIA TERRA NOVA, AY","  30.2","22","9999.9"," 0","9999.9"," 0","973.7","22","999.9"," 0"," 10.1","22"," 29.9","999.9","  33.8","*","  28.4","*"," 0.00","I","999.9","000000"
"89662099999","2021-12-19","-74.7","164.1","92.0","BASE BAIA TERRA NOVA, AY","  35.6","24","9999.9"," 0","9999.9"," 0","973.6","24","999.9"," 0"," 19.4","24"," 35.9","999.9","  39.6","*","  32.9","*"," 0.00","I","999.9","000000"
"89662099999","2021-12-20","-74.7","164.1","92.0","BASE BAIA TERRA NOVA, AY","  37.8","23","9999.9"," 0","9999.9"," 0","973.0","23","999.9"," 0","  2.3","21","  5.1","999.9","  41.2","*","  33.3","*"," 0.00","I","999.9","000000"
"89662099999","2021-12-21","-74.7","164.1","92.0","BASE BAIA TERRA NOVA, AY","  37.4","22","9999.9"," 0","9999.9"," 0","971.4","22","999.9"," 0","  4.5","22","  9.9","999.9","  42.4","*","  34.5","*"," 0.00","I","999.9","000000"
"89662099999","2021-12-22","-74.7","164.1","92.0","BASE BAIA TERRA NOVA, AY","  33.0","23","9999.9"," 0","9999.9"," 0","965.9","23","999.9"," 0","  4.4","23","  8.9","999.9","  37.9","*","  28.4","*"," 0.00","I","999.9","000000"
"89662099999","2021-12-23","-74.7","164.1","92.0","BASE BAIA TERRA NOVA, AY","  28.2","23","9999.9"," 0","9999.9"," 0","964.7","22","999.9"," 0","  3.3","20"," 11.1","999.9","  31.1","*","  26.8","*"," 0.00","I","999.9","000000"
"89662099999","2021-12-24","-74.7","164.1","92.0","BASE BAIA TERRA NOVA, AY","  30.4","24","9999.9"," 0","9999.9"," 0","970.3","24","999.9"," 0","  8.4","23"," 22.0","999.9","  32.9","*","  28.2","*"," 0.00","I","999.9","000000"
"89662099999","2021-12-25","-74.7","164.1","92.0","BASE BAIA TERRA NOVA, AY","  34.9","24","9999.9"," 0","9999.9"," 0","966.1","24","999.9"," 0"," 11.3","24"," 26.0","999.9","  39.2","*","  29.8","*"," 0.00","I","999.9","000000"
"89662099999","2021-12-26","-74.7","164.1","92.0","BASE BAIA TERRA NOVA, AY","  32.7","24","9999.9"," 0","9999.9"," 0","966.6","24","999.9"," 0","  4.1","21"," 14.0","999.9","  36.3","*","  28.6","*"," 0.00","I","999.9","000000"
"89662099999","2021-12-27","-74.7","164.1","92.0","BASE BAIA TERRA NOVA, AY","  32.1","23","9999.9"," 0","9999.9"," 0","964.9","23","999.9"," 0","  8.1","22"," 22.9","999.9","  37.4","*","  24.6","*"," 0.00","I","999.9","000000"
"89662099999","2021-12-28","-74.7","164.1","92.0","BASE BAIA TERRA NOVA, AY","  27.7","23","9999.9"," 0","9999.9"," 0","965.7","23","999.9"," 0","  4.9","23"," 14.0","999.9","  31.3","*","  24.8","*"," 0.00","I","999.9","000000"
"89662099999","2021-12-29","-74.7","164.1","92.0","BASE BAIA TERRA NOVA, AY","  27.8","24","9999.9"," 0","9999.9"," 0","967.9","23","999.9"," 0"," 10.0","23"," 25.1","999.9","  42.6","*","  23.4","*"," 0.00","I","999.9","000000"
"89662099999","2021-12-30","-74.7","164.1","92.0","BASE BAIA TERRA NOVA, AY","  27.6","23","9999.9"," 0","9999.9"," 0","976.6","21","999.9"," 0","  5.9","22"," 22.9","999.9","  30.7","*","  25.5","*"," 0.00","I","999.9","000000"
"89662099999","2021-12-31","-74.7","164.1","92.0","BASE BAIA TERRA NOVA, AY","  29.7","23","9999.9"," 0","9999.9"," 0","976.2","23","999.9"," 0","  4.6","23","  8.0","999.9","  32.9","*","  27.0","*"," 0.00","I","999.9","000000"
