"STATION","DATE","LATITUDE","LONGITUDE","ELEVATION","NAME","TEMP","TEMP_ATTRIBUTES","DEWP","DEWP_ATTRIBUTES","SLP","SLP_ATTRIBUTES","STP","STP_ATTRIBUTES","VISIB","VISIB_ATTRIBUTES","WDSP","WDSP_ATTRIBUTES","MXSPD","GUST","MAX","MAX_ATTRIBUTES","MIN","MIN_ATTRIBUTES","PRCP","PRCP_ATTRIBUTES","SNDP","FRSHTT"
"99999923907","2021-01-01","30.6222","-98.0846","414.8","AUSTIN 33 NW, TX US","  36.8","24","9999.9"," 0","9999.9"," 0","999.9"," 0","999.9"," 0","999.9"," 0","999.9","999.9","  48.7"," ","  32.4"," "," 1.43","G","999.9","000000"
"99999923907","2021-01-02","30.6222","-98.0846","414.8","AUSTIN 33 NW, TX US","  42.2","24","9999.9"," 0","9999.9"," 0","999.9"," 0","999.9"," 0","999.9"," 0","999.9","999.9","  60.3"," ","  31.8"," "," 0.00","G","999.9","000000"
"99999923907","2021-01-03","30.6222","-98.0846","414.8","AUSTIN 33 NW, TX US","  51.6","24","9999.9"," 0","9999.9"," 0","999.9"," 0","999.9"," 0","999.9"," 0","999.9","999.9","  69.3"," ","  39.2"," "," 0.00","G","999.9","000000"
"99999923907","2021-01-04","30.6222","-98.0846","414.8","AUSTIN 33 NW, TX US","  56.9","24","9999.9"," 0","9999.9"," 0","999.9"," 0","999.9"," 0","999.9"," 0","999.9","999.9","  72.9"," ","  46.8"," "," 0.00","G","999.9","000000"
"99999923907","2021-01-05","30.6222","-98.0846","414.8","AUSTIN 33 NW, TX US","  55.2","24","9999.9"," 0","9999.9"," 0","999.9"," 0","999.9"," 0","999.9"," 0","999.9","999.9","  68.0"," ","  45.7"," "," 0.00","G","999.9","000000"
"99999923907","2021-01-06","30.6222","-98.0846","414.8","AUSTIN 33 NW, TX US","  59.1","24","9999.9"," 0","9999.9"," 0","999.9"," 0","999.9"," 0","999.9"," 0","999.9","999.9","  63.1"," ","  53.1","*"," 0.00","G","999.9","000000"
"99999923907","2021-01-07","30.6222","-98.0846","414.8","AUSTIN 33 NW, TX US","  48.5","24","9999.9"," 0","9999.9"," 0","999.9"," 0","999.9"," 0","999.9"," 0","999.9","999.9","  58.5"," ","  39.6"," "," 0.00","G","999.9","000000"
"99999923907","2021-01-08","30.6222","-98.0846","414.8","AUSTIN 33 NW, TX US","  41.8","24","9999.9"," 0","9999.9"," 0","999.9"," 0","999.9"," 0","999.9"," 0","999.9","999.9","  55.6"," ","  32.5"," "," 0.00","G","999.9","000000"
"99999923907","2021-01-09","30.6222","-98.0846","414.8","AUSTIN 33 NW, TX US","  39.0","24","9999.9"," 0","9999.9"," 0","999.9"," 0","999.9"," 0","999.9"," 0","999.9","999.9","  50.5"," ","  30.6"," "," 0.00","G","999.9","000000"
"99999923907","2021-01-10","30.6222","-98.0846","414.8","AUSTIN 33 NW, TX US","  37.4","24","9999.9"," 0","9999.9"," 0","999.9"," 0","999.9"," 0","999.9"," 0","999.9","999.9","  46.2"," ","  31.8"," "," 0.00","G","999.9","000000"
"99999923907","2021-01-11","30.6222","-98.0846","414.8","AUSTIN 33 NW, TX US","  34.4","24","9999.9"," 0","9999.9"," 0","999.9"," 0","999.9"," 0","999.9"," 0","999.9","999.9","  44.2"," ","  31.3"," "," 0.54","G","999.9","000000"
"99999923907","2021-01-12","30.6222","-98.0846","414.8","AUSTIN 33 NW, TX US","  37.1","24","9999.9"," 0","9999.9"," 0","999.9"," 0","999.9"," 0","999.9"," 0","999.9","999.9","  51.6"," ","  29.5"," "," 0.00","G","999.9","000000"
"99999923907","2021-01-13","30.6222","-98.0846","414.8","AUSTIN 33 NW, TX US","  43.6","24","9999.9"," 0","9999.9"," 0","999.9"," 0","999.9"," 0","999.9"," 0","999.9","999.9","  63.7"," ","  34.0"," "," 0.00","G","999.9","000000"
"99999923907","2021-01-14","30.6222","-98.0846","414.8","AUSTIN 33 NW, TX US","  53.4","24","9999.9"," 0","9999.9"," 0","999.9"," 0","999.9"," 0","999.9"," 0","999.9","999.9","  64.2"," ","  45.0"," "," 0.00","G","999.9","000000"
"99999923907","2021-01-15","30.6222","-98.0846","414.8","AUSTIN 33 NW, TX US","  47.5","24","9999.9"," 0","9999.9"," 0","999.9"," 0","999.9"," 0","999.9"," 0","999.9","999.9","  59.9"," ","  38.1"," "," 0.00","G","999.9","000000"
"99999923907","2021-01-16","30.6222","-98.0846","414.8","AUSTIN 33 NW, TX US","  46.2","24","9999.9"," 0","9999.9"," 0","999.9"," 0","999.9"," 0","999.9"," 0","999.9","999.9","  60.6"," ","  35.8"," "," 0.00","G","999.9","000000"
"99999923907","2021-01-17","30.6222","-98.0846","414.8","AUSTIN 33 NW, TX US","  50.9","24","9999.9"," 0","9999.9"," 0","999.9"," 0","999.9"," 0","999.9"," 0","999.9","999.9","  64.2"," ","  40.8"," "," 0.00","G","999.9","000000"
"99999923907","2021-01-18","30.6222","-98.0846","414.8","AUSTIN 33 NW, TX US","  53.0","24","9999.9"," 0","9999.9"," 0","999.9"," 0","999.9"," 0","999.9"," 0","999.9","999.9","  70.0"," ","  43.5"," "," 0.00","G","999.9","000000"
"99999923907","2021-01-19","30.6222","-98.0846","414.8","AUSTIN 33 NW, TX US","  59.3","24","9999.9"," 0","9999.9"," 0","999.9"," 0","999.9"," 0","999.9"," 0","999.9","999.9","  68.5"," ","  47.7","*"," 0.00","G","999.9","000000"
"99999923907","2021-01-20","30.6222","-98.0846","414.8","AUSTIN 33 NW, TX US","  45.3","24","9999.9"," 0","9999.9"," 0","999.9"," 0","999.9"," 0","999.9"," 0","999.9","999.9","  48.4"," ","  42.3"," "," 0.01","G","999.9","000000"
"99999923907","2021-01-21","30.6222","-98.0846","414.8","AUSTIN 33 NW, TX US","  51.7","24","9999.9"," 0","9999.9"," 0","999.9"," 0","999.9"," 0","999.9"," 0","999.9","999.9","  63.0"," ","  45.1"," "," 0.12","G","999.9","000000"
"99999923907","2021-01-22","30.6222","-98.0846","414.8","AUSTIN 33 NW, TX US","  59.3","24","9999.9"," 0","9999.9"," 0","999.9"," 0","999.9"," 0","999.9"," 0","999.9","999.9","  70.9"," ","  53.6"," "," 0.00","G","999.9","000000"
"99999923907","2021-01-23","30.6222","-98.0846","414.8","AUSTIN 33 NW, TX US","  51.4","24","9999.9"," 0","9999.9"," 0","999.9"," 0","999.9"," 0","999.9"," 0","999.9","999.9","  64.0"," ","  46.2"," "," 0.00","G","999.9","000000"
"99999923907","2021-01-24","30.6222","-98.0846","414.8","AUSTIN 33 NW, TX US","  59.7","24","9999.9"," 0","9999.9"," 0","999.9"," 0","999.9"," 0","999.9"," 0","999.9","999.9","  66.2","*","  55.8"," "," 0.06","G","999.9","000000"
"99999923907","2021-01-25","30.6222","-98.0846","414.8","AUSTIN 33 NW, TX US","  65.1","24","9999.9"," 0","9999.9"," 0","999.9"," 0","999.9"," 0","999.9"," 0","999.9","999.9","  71.1"," ","  54.0"," "," 0.01","G","999.9","000000"
"99999923907","2021-01-26","30.6222","-98.0846","414.8","AUSTIN 33 NW, TX US","  60.1","24","9999.9"," 0","9999.9"," 0","999.9"," 0","999.9"," 0","999.9"," 0","999.9","999.9","  70.2"," ","  51.1"," "," 0.20","G","999.9","000000"
"99999923907","2021-01-27","30.6222","-98.0846","414.8","AUSTIN 33 NW, TX US","  52.3","24","9999.9"," 0","9999.9"," 0","999.9"," 0","999.9"," 0","999.9"," 0","999.9","999.9","  65.8"," ","  42.6"," "," 0.00","G","999.9","000000"
"99999923907","2021-01-28","30.6222","-98.0846","414.8","AUSTIN 33 NW, TX US","  40.7","24","9999.9"," 0","9999.9"," 0","999.9"," 0","999.9"," 0","999.9"," 0","999.9","999.9","  54.5"," ","  31.6"," "," 0.00","G","999.9","000000"
"99999923907","2021-01-29","30.6222","-98.0846","414.8","AUSTIN 33 NW, TX US","  47.2","24","9999.9"," 0","9999.9"," 0","999.9"," 0","999.9"," 0","999.9"," 0","999.9","999.9","  65.5"," ","  38.8"," "," 0.00","G","999.9","000000"
"99999923907","2021-01-30","30.6222","-98.0846","414.8","AUSTIN 33 NW, TX US","  62.3","24","9999.9"," 0","9999.9"," 0","999.9"," 0","999.9"," 0","999.9"," 0","999.9","999.9","  77.0"," ","  56.1"," "," 0.00","G","999.9","000000"
"99999923907","2021-01-31","30.6222","-98.0846","414.8","AUSTIN 33 NW, TX US","  59.0","24","9999.9"," 0","9999.9"," 0","999.9"," 0","999.9"," 0","999.9"," 0","999.9","999.9","  75.6"," ","  46.9"," "," 0.00","G","999.9","000000"
"99999923907","2021-02-01","30.6222","-98.0846","414.8","AUSTIN 33 NW, TX US","  50.1","24","9999.9"," 0","9999.9"," 0","999.9"," 0","999.9"," 0","999.9"," 0","999.9","999.9","  62.4"," ","  42.3"," "," 0.00","G","999.9","000000"
"99999923907","2021-02-02","30.6222","-98.0846","414.8","AUSTIN 33 NW, TX US","  51.3","24","9999.9"," 0","9999.9"," 0","999.9"," 0","999.9"," 0","999.9"," 0","999.9","999.9","  66.6"," ","  41.7"," "," 0.00","G","999.9","000000"
"99999923907","2021-02-03","30.6222","-98.0846","414.8","AUSTIN 33 NW, TX US","  55.9","24","9999.9"," 0","9999.9"," 0","999.9"," 0","999.9"," 0","999.9"," 0","999.9","999.9","  72.9"," ","  44.8"," "," 0.00","G","999.9","000000"
"99999923907","2021-02-04","30.6222","-98.0846","414.8","AUSTIN 33 NW, TX US","  65.1","24","9999.9"," 0","9999.9"," 0","999.9"," 0","999.9"," 0","999.9"," 0","999.9","999.9","  79.7"," ","  59.9"," "," 0.00","G","999.9","000000"
"99999923907","2021-02-05","30.6222","-98.0846","414.8","AUSTIN 33 NW, TX US","  49.4","24","9999.9"," 0","9999.9"," 0","999.9"," 0","999.9"," 0","999.9"," 0","999.9","999.9","  65.7"," ","  38.1"," "," 0.00","G","999.9","000000"
"99999923907","2021-02-06","30.6222","-98.0846","414.8","AUSTIN 33 NW, TX US","  52.0","24","9999.9"," 0","9999.9"," 0","999.9"," 0","999.9"," 0","999.9"," 0","999.9","999.9","  69.8"," ","  43.7"," "," 0.26","G","999.9","000000"
"99999923907","2021-02-07","30.6222","-98.0846","414.8","AUSTIN 33 NW, TX US","  49.9","24","9999.9"," 0","9999.9"," 0","999.9"," 0","999.9"," 0","999.9"," 0","999.9","999.9","  67.6"," ","  36.1"," "," 0.00","G","999.9","000000"
"99999923907","2021-02-08","30.6222","-98.0846","414.8","AUSTIN 33 NW, TX US","  57.2","24","9999.9"," 0","9999.9"," 0","999.9"," 0","999.9"," 0","999.9"," 0","999.9","999.9","  73.6"," ","  48.9"," "," 0.00","G","999.9","000000"
"99999923907","2021-02-09","30.6222","-98.0846","414.8","AUSTIN 33 NW, TX US","  54.4","24","9999.9"," 0","9999.9"," 0","999.9"," 0","999.9"," 0","999.9"," 0","999.9","999.9","  71.8"," ","  41.0"," "," 0.00","G","999.9","000000"
"99999923907","2021-02-10","30.6222","-98.0846","414.8","AUSTIN 33 NW, TX US","  39.7","24","9999.9"," 0","9999.9"," 0","999.9"," 0","999.9"," 0","999.9"," 0","999.9","999.9","  57.7"," ","  33.6","*"," 0.00","G","999.9","000000"
"99999923907","2021-02-11","30.6222","-98.0846","414.8","AUSTIN 33 NW, TX US","  29.9","24","9999.9"," 0","9999.9"," 0","999.9"," 0","999.9"," 0","999.9"," 0","999.9","999.9","  34.2"," ","  26.6"," "," 0.02","G","999.9","000000"
"99999923907","2021-02-12","30.6222","-98.0846","414.8","AUSTIN 33 NW, TX US","  26.4","24","9999.9"," 0","9999.9"," 0","999.9"," 0","999.9"," 0","999.9"," 0","999.9","999.9","  29.7"," ","  23.9"," "," 0.67","G","999.9","000000"
"99999923907","2021-02-13","30.6222","-98.0846","414.8","AUSTIN 33 NW, TX US","  24.0","24","9999.9"," 0","9999.9"," 0","999.9"," 0","999.9"," 0","999.9"," 0","999.9","999.9","  26.6","*","  22.1"," "," 0.00","G","999.9","000000"
"99999923907","2021-02-14","30.6222","-98.0846","414.8","AUSTIN 33 NW, TX US","  22.8","24","9999.9"," 0","9999.9"," 0","999.9"," 0","999.9"," 0","999.9"," 0","999.9","999.9","  27.0"," ","  15.1","*"," 0.00","G","999.9","000000"
"99999923907","2021-02-15","30.6222","-98.0846","414.8","AUSTIN 33 NW, TX US","  10.3","24","9999.9"," 0","9999.9"," 0","999.9"," 0","999.9"," 0","999.9"," 0","999.9","999.9","  19.8"," ","   3.4"," "," 0.21","G","999.9","000000"
"99999923907","2021-02-16","30.6222","-98.0846","414.8","AUSTIN 33 NW, TX US","  11.3","24","9999.9"," 0","9999.9"," 0","999.9"," 0","999.9"," 0","999.9"," 0","999.9","999.9","  20.8"," ","   2.7"," "," 0.26","G","999.9","000000"
"99999923907","2021-02-17","30.6222","-98.0846","414.8","AUSTIN 33 NW, TX US","  24.6","24","9999.9"," 0","9999.9"," 0","999.9"," 0","999.9"," 0","999.9"," 0","999.9","999.9","  32.0"," ","  16.5"," "," 0.12","G","999.9","000000"
"99999923907","2021-02-18","30.6222","-98.0846","414.8","AUSTIN 33 NW, TX US","  24.6","24","9999.9"," 0","9999.9"," 0","999.9"," 0","999.9"," 0","999.9"," 0","999.9","999.9","  27.9"," ","  22.1"," "," 0.44","G","999.9","000000"
"99999923907","2021-02-19","30.6222","-98.0846","414.8","AUSTIN 33 NW, TX US","  23.8","24","9999.9"," 0","9999.9"," 0","999.9"," 0","999.9"," 0","999.9"," 0","999.9","999.9","  36.9"," ","  16.5"," "," 0.00","G","999.9","000000"
"99999923907","2021-02-20","30.6222","-98.0846","414.8","AUSTIN 33 NW, TX US","  37.8","24","9999.9"," 0","9999.9"," 0","999.9"," 0","999.9"," 0","999.9"," 0","999.9","999.9","  57.4"," ","  29.8"," "," 0.00","G","999.9","000000"
"99999923907","2021-02-21","30.6222","-98.0846","414.8","AUSTIN 33 NW, TX US","  54.1","24","9999.9"," 0","9999.9"," 0","999.9"," 0","999.9"," 0","999.9"," 0","999.9","999.9","  73.2"," ","  43.2"," "," 0.00","G","999.9","000000"
"99999923907","2021-02-22","30.6222","-98.0846","414.8","AUSTIN 33 NW, TX US","  58.1","24","9999.9"," 0","9999.9"," 0","999.9"," 0","999.9"," 0","999.9"," 0","999.9","999.9","  72.0"," ","  47.1"," "," 0.00","G","999.9","000000"
"99999923907","2021-02-23","30.6222","-98.0846","414.8","AUSTIN 33 NW, TX US","  61.5","24","9999.9"," 0","9999.9"," 0","999.9"," 0","999.9"," 0","999.9"," 0","999.9","999.9","  77.0"," ","  49.5"," "," 0.00","G","999.9","000000"
"99999923907","2021-02-24","30.6222","-98.0846","414.8","AUSTIN 33 NW, TX US","  67.0","24","9999.9"," 0","9999.9"," 0","999.9"," 0","999.9"," 0","999.9"," 0","999.9","999.9","  79.7"," ","  59.4"," "," 0.00","G","999.9","000000"
"99999923907","2021-02-25","30.6222","-98.0846","414.8","AUSTIN 33 NW, TX US","  56.0","24","9999.9"," 0","9999.9"," 0","999.9"," 0","999.9"," 0","999.9"," 0","999.9","999.9","  78.6"," ","  48.2","*"," 0.00","G","999.9","000000"
"99999923907","2021-02-26","30.6222","-98.0846","414.8","AUSTIN 33 NW, TX US","  47.2","24","9999.9"," 0","9999.9"," 0","999.9"," 0","999.9"," 0","999.9"," 0","999.9","999.9","  57.2"," ","  43.2"," "," 0.03","G","999.9","000000"
"99999923907","2021-02-27","30.6222","-98.0846","414.8","AUSTIN 33 NW, TX US","  59.6","24","9999.9"," 0","9999.9"," 0","999.9"," 0","999.9"," 0","999.9"," 0","999.9","999.9","  72.3"," ","  54.3"," "," 0.05","G","999.9","000000"
"99999923907","2021-02-28","30.6222","-98.0846","414.8","AUSTIN 33 NW, TX US","  67.7","24","9999.9"," 0","9999.9"," 0","999.9"," 0","999.9"," 0","999.9"," 0","999.9","999.9","  72.1"," ","  65.7"," "," 0.03","G","999.9","000000"
"99999923907","2021-03-01","30.6222","-98.0846","414.8","AUSTIN 33 NW, TX US","  51.5","24","9999.9"," 0","9999.9"," 0","999.9"," 0","999.9"," 0","999.9"," 0","999.9","999.9","  70.3"," ","  42.6"," "," 0.04","G","999.9","000000"
"99999923907","2021-03-02","30.6222","-98.0846","414.8","AUSTIN 33 NW, TX US","  49.1","24","9999.9"," 0","9999.9"," 0","999.9"," 0","999.9"," 0","999.9"," 0","999.9","999.9","  62.8"," ","  38.7"," "," 0.34","G","999.9","000000"
"99999923907","2021-03-03","30.6222","-98.0846","414.8","AUSTIN 33 NW, TX US","  53.7","24","9999.9"," 0","9999.9"," 0","999.9"," 0","999.9"," 0","999.9"," 0","999.9","999.9","  70.9"," ","  43.0"," "," 0.00","G","999.9","000000"
"99999923907","2021-03-04","30.6222","-98.0846","414.8","AUSTIN 33 NW, TX US","  58.4","24","9999.9"," 0","9999.9"," 0","999.9"," 0","999.9"," 0","999.9"," 0","999.9","999.9","  74.3"," ","  47.3"," "," 0.00","G","999.9","000000"
"99999923907","2021-03-05","30.6222","-98.0846","414.8","AUSTIN 33 NW, TX US","  62.4","24","9999.9"," 0","9999.9"," 0","999.9"," 0","999.9"," 0","999.9"," 0","999.9","999.9","  74.7"," ","  54.3"," "," 0.00","G","999.9","000000"
"99999923907","2021-03-06","30.6222","-98.0846","414.8","AUSTIN 33 NW, TX US","  55.2","24","9999.9"," 0","9999.9"," 0","999.9"," 0","999.9"," 0","999.9"," 0","999.9","999.9","  70.3"," ","  46.8"," "," 0.00","G","999.9","000000"
"99999923907","2021-03-07","30.6222","-98.0846","414.8","AUSTIN 33 NW, TX US","  54.3","24","9999.9"," 0","9999.9"," 0","999.9"," 0","999.9"," 0","999.9"," 0","999.9","999.9","  67.3"," ","  45.3"," "," 0.00","G","999.9","000000"
"99999923907","2021-03-08","30.6222","-98.0846","414.8","AUSTIN 33 NW, TX US","  55.1","24","9999.9"," 0","9999.9"," 0","999.9"," 0","999.9"," 0","999.9"," 0","999.9","999.9","  66.4"," ","  46.2"," "," 0.00","G","999.9","000000"
"99999923907","2021-03-09","30.6222","-98.0846","414.8","AUSTIN 33 NW, TX US","  60.5","24","9999.9"," 0","9999.9"," 0","999.9"," 0","999.9"," 0","999.9"," 0","999.9","999.9","  72.5"," ","  52.5"," "," 0.00","G","999.9","000000"
"99999923907","2021-03-10","30.6222","-98.0846","414.8","AUSTIN 33 NW, TX US","  66.4","24","9999.9"," 0","9999.9"," 0","999.9"," 0","999.9"," 0","999.9"," 0","999.9","999.9","  78.4"," ","  61.7"," "," 0.00","G","999.9","000000"
"99999923907","2021-03-11","30.6222","-98.0846","414.8","AUSTIN 33 NW, TX US","  70.0","24","9999.9"," 0","9999.9"," 0","999.9"," 0","999.9"," 0","999.9"," 0","999.9","999.9","  79.2"," ","  65.1"," "," 0.00","G","999.9","000000"
"99999923907","2021-03-12","30.6222","-98.0846","414.8","AUSTIN 33 NW, TX US","  69.4","24","9999.9"," 0","9999.9"," 0","999.9"," 0","999.9"," 0","999.9"," 0","999.9","999.9","  78.4"," ","  65.7"," "," 0.00","G","999.9","000000"
"99999923907","2021-03-13","30.6222","-98.0846","414.8","AUSTIN 33 NW, TX US","  67.5","24","9999.9"," 0","9999.9"," 0","999.9"," 0","999.9"," 0","999.9"," 0","999.9","999.9","  75.6"," ","  64.6"," "," 0.01","G","999.9","000000"
"99999923907","2021-03-14","30.6222","-98.0846","414.8","AUSTIN 33 NW, TX US","  61.9","24","9999.9"," 0","9999.9"," 0","999.9"," 0","999.9"," 0","999.9"," 0","999.9","999.9","  75.0"," ","  49.5"," "," 0.07","G","999.9","000000"
"99999923907","2021-03-15","30.6222","-98.0846","414.8","AUSTIN 33 NW, TX US","  63.2","24","9999.9"," 0","9999.9"," 0","999.9"," 0","999.9"," 0","999.9"," 0","999.9","999.9","  84.9"," ","  49.3"," "," 0.09","G","999.9","000000"
"99999923907","2021-03-16","30.6222","-98.0846","414.8","AUSTIN 33 NW, TX US","  69.7","24","9999.9"," 0","9999.9"," 0","999.9"," 0","999.9"," 0","999.9"," 0","999.9","999.9","  82.4"," ","  64.2"," "," 0.00","G","999.9","000000"
"99999923907","2021-03-17","30.6222","-98.0846","414.8","AUSTIN 33 NW, TX US","  65.5","24","9999.9"," 0","9999.9"," 0","999.9"," 0","999.9"," 0","999.9"," 0","999.9","999.9","  75.4"," ","  52.9"," "," 0.00","G","999.9","000000"
"99999923907","2021-03-18","30.6222","-98.0846","414.8","AUSTIN 33 NW, TX US","  52.5","24","9999.9"," 0","9999.9"," 0","999.9"," 0","999.9"," 0","999.9"," 0","999.9","999.9","  68.2"," ","  39.7"," "," 0.14","G","999.9","000000"
"99999923907","2021-03-19","30.6222","-98.0846","414.8","AUSTIN 33 NW, TX US","  52.3","24","9999.9"," 0","9999.9"," 0","999.9"," 0","999.9"," 0","999.9"," 0","999.9","999.9","  66.2"," ","  40.1"," "," 0.00","G","999.9","000000"
"99999923907","2021-03-20","30.6222","-98.0846","414.8","AUSTIN 33 NW, TX US","  54.7","24","9999.9"," 0","9999.9"," 0","999.9"," 0","999.9"," 0","999.9"," 0","999.9","999.9","  69.8"," ","  41.9"," "," 0.00","G","999.9","000000"
"99999923907","2021-03-21","30.6222","-98.0846","414.8","AUSTIN 33 NW, TX US","  56.5","24","9999.9"," 0","9999.9"," 0","999.9"," 0","999.9"," 0","999.9"," 0","999.9","999.9","  70.5"," ","  46.0"," "," 0.00","G","999.9","000000"
"99999923907","2021-03-22","30.6222","-98.0846","414.8","AUSTIN 33 NW, TX US","  59.0","24","9999.9"," 0","9999.9"," 0","999.9"," 0","999.9"," 0","999.9"," 0","999.9","999.9","  68.9"," ","  55.2"," "," 0.00","G","999.9","000000"
"99999923907","2021-03-23","30.6222","-98.0846","414.8","AUSTIN 33 NW, TX US","  61.1","24","9999.9"," 0","9999.9"," 0","999.9"," 0","999.9"," 0","999.9"," 0","999.9","999.9","  75.7"," ","  48.0"," "," 0.39","G","999.9","000000"
"99999923907","2021-03-24","30.6222","-98.0846","414.8","AUSTIN 33 NW, TX US","  63.5","24","9999.9"," 0","9999.9"," 0","999.9"," 0","999.9"," 0","999.9"," 0","999.9","999.9","  75.0"," ","  51.4"," "," 0.00","G","999.9","000000"
"99999923907","2021-03-25","30.6222","-98.0846","414.8","AUSTIN 33 NW, TX US","  60.4","24","9999.9"," 0","9999.9"," 0","999.9"," 0","999.9"," 0","999.9"," 0","999.9","999.9","  69.8"," ","  50.2"," "," 0.07","G","999.9","000000"
"99999923907","2021-03-26","30.6222","-98.0846","414.8","AUSTIN 33 NW, TX US","  63.9","24","9999.9"," 0","9999.9"," 0","999.9"," 0","999.9"," 0","999.9"," 0","999.9","999.9","  80.4"," ","  52.0"," "," 0.46","G","999.9","000000"
"99999923907","2021-03-27","30.6222","-98.0846","414.8","AUSTIN 33 NW, TX US","  68.6","24","9999.9"," 0","9999.9"," 0","999.9"," 0","999.9"," 0","999.9"," 0","999.9","999.9","  80.6"," ","  62.2"," "," 0.00","G","999.9","000000"
"99999923907","2021-03-28","30.6222","-98.0846","414.8","AUSTIN 33 NW, TX US","  65.9","24","9999.9"," 0","9999.9"," 0","999.9"," 0","999.9"," 0","999.9"," 0","999.9","999.9","  80.4"," ","  55.9"," "," 0.00","G","999.9","000000"
"99999923907","2021-03-29","30.6222","-98.0846","414.8","AUSTIN 33 NW, TX US","  61.9","24","9999.9"," 0","9999.9"," 0","999.9"," 0","999.9"," 0","999.9"," 0","999.9","999.9","  75.0"," ","  51.8"," "," 0.00","G","999.9","000000"
"99999923907","2021-03-30","30.6222","-98.0846","414.8","AUSTIN 33 NW, TX US","  65.3","24","9999.9"," 0","9999.9"," 0","999.9"," 0","999.9"," 0","999.9"," 0","999.9","999.9","  78.6"," ","  58.3"," "," 0.00","G","999.9","000000"
"99999923907","2021-03-31","30.6222","-98.0846","414.8","AUSTIN 33 NW, TX US","  65.6","24","9999.9"," 0","9999.9"," 0","999.9"," 0","999.9"," 0","999.9"," 0","999.9","999.9","  77.5"," ","  55.9"," "," 0.00","G","999.9","000000"
"99999923907","2021-04-01","30.6222","-98.0846","414.8","AUSTIN 33 NW, TX US","  55.5","24","9999.9"," 0","9999.9"," 0","999.9"," 0","999.9"," 0","999.9"," 0","999.9","999.9","  68.4"," ","  43.3"," "," 0.00","G","999.9","000000"
"99999923907","2021-04-02","30.6222","-98.0846","414.8","AUSTIN 33 NW, TX US","  57.3","24","9999.9"," 0","9999.9"," 0","999.9"," 0","999.9"," 0","999.9"," 0","999.9","999.9","  68.9"," ","  46.8"," "," 0.00","G","999.9","000000"
"99999923907","2021-04-03","30.6222","-98.0846","414.8","AUSTIN 33 NW, TX US","  55.8","24","9999.9"," 0","9999.9"," 0","999.9"," 0","999.9"," 0","999.9"," 0","999.9","999.9","  66.2"," ","  50.7"," "," 0.00","G","999.9","000000"
"99999923907","2021-04-04","30.6222","-98.0846","414.8","AUSTIN 33 NW, TX US","  59.1","24","9999.9"," 0","9999.9"," 0","999.9"," 0","999.9"," 0","999.9"," 0","999.9","999.9","  70.2"," ","  53.8"," "," 0.00","G","999.9","000000"
"99999923907","2021-04-05","30.6222","-98.0846","414.8","AUSTIN 33 NW, TX US","  64.1","24","9999.9"," 0","9999.9"," 0","999.9"," 0","999.9"," 0","999.9"," 0","999.9","999.9","  77.2"," ","  55.9"," "," 0.00","G","999.9","000000"
"99999923907","2021-04-06","30.6222","-98.0846","414.8","AUSTIN 33 NW, TX US","  70.5","24","9999.9"," 0","9999.9"," 0","999.9"," 0","999.9"," 0","999.9"," 0","999.9","999.9","  84.7"," ","  63.3"," "," 0.00","G","999.9","000000"
"99999923907","2021-04-07","30.6222","-98.0846","414.8","AUSTIN 33 NW, TX US","  73.6","24","9999.9"," 0","9999.9"," 0","999.9"," 0","999.9"," 0","999.9"," 0","999.9","999.9","  83.1"," ","  68.4"," "," 0.00","G","999.9","000000"
"99999923907","2021-04-08","30.6222","-98.0846","414.8","AUSTIN 33 NW, TX US","  70.5","24","9999.9"," 0","9999.9"," 0","999.9"," 0","999.9"," 0","999.9"," 0","999.9","999.9","  89.1"," ","  57.6"," "," 0.00","G","999.9","000000"
"99999923907","2021-04-09","30.6222","-98.0846","414.8","AUSTIN 33 NW, TX US","  75.7","24","9999.9"," 0","9999.9"," 0","999.9"," 0","999.9"," 0","999.9"," 0","999.9","999.9","  91.2"," ","  65.1"," "," 0.00","G","999.9","000000"
"99999923907","2021-04-10","30.6222","-98.0846","414.8","AUSTIN 33 NW, TX US","  69.8","24","9999.9"," 0","9999.9"," 0","999.9"," 0","999.9"," 0","999.9"," 0","999.9","999.9","  89.2"," ","  53.2"," "," 0.00","G","999.9","000000"
"99999923907","2021-04-11","30.6222","-98.0846","414.8","AUSTIN 33 NW, TX US","  67.3","24","9999.9"," 0","9999.9"," 0","999.9"," 0","999.9"," 0","999.9"," 0","999.9","999.9","  86.4"," ","  53.4"," "," 0.00","G","999.9","000000"
"99999923907","2021-04-12","30.6222","-98.0846","414.8","AUSTIN 33 NW, TX US","  73.5","24","9999.9"," 0","9999.9"," 0","999.9"," 0","999.9"," 0","999.9"," 0","999.9","999.9","  87.8"," ","  61.3"," "," 0.00","G","999.9","000000"
"99999923907","2021-04-13","30.6222","-98.0846","414.8","AUSTIN 33 NW, TX US","  71.8","24","9999.9"," 0","9999.9"," 0","999.9"," 0","999.9"," 0","999.9"," 0","999.9","999.9","  85.8"," ","  63.1"," "," 0.00","G","999.9","000000"
"99999923907","2021-04-14","30.6222","-98.0846","414.8","AUSTIN 33 NW, TX US","  71.3","24","9999.9"," 0","9999.9"," 0","999.9"," 0","999.9"," 0","999.9"," 0","999.9","999.9","  81.3"," ","  65.5"," "," 0.00","G","999.9","000000"
"99999923907","2021-04-15","30.6222","-98.0846","414.8","AUSTIN 33 NW, TX US","  63.8","24","9999.9"," 0","9999.9"," 0","999.9"," 0","999.9"," 0","999.9"," 0","999.9","999.9","  78.1"," ","  58.3"," "," 0.00","G","999.9","000000"
"99999923907","2021-04-16","30.6222","-98.0846","414.8","AUSTIN 33 NW, TX US","  60.3","24","9999.9"," 0","9999.9"," 0","999.9"," 0","999.9"," 0","999.9"," 0","999.9","999.9","  64.9"," ","  57.4"," "," 0.24","G","999.9","000000"
"99999923907","2021-04-17","30.6222","-98.0846","414.8","AUSTIN 33 NW, TX US","  53.6","24","9999.9"," 0","9999.9"," 0","999.9"," 0","999.9"," 0","999.9"," 0","999.9","999.9","  63.7"," ","  46.8"," "," 0.05","G","999.9","000000"
"99999923907","2021-04-18","30.6222","-98.0846","414.8","AUSTIN 33 NW, TX US","  53.0","24","9999.9"," 0","9999.9"," 0","999.9"," 0","999.9"," 0","999.9"," 0","999.9","999.9","  66.2"," ","  46.2"," "," 0.00","G","999.9","000000"
"99999923907","2021-04-19","30.6222","-98.0846","414.8","AUSTIN 33 NW, TX US","  59.5","24","9999.9"," 0","9999.9"," 0","999.9"," 0","999.9"," 0","999.9"," 0","999.9","999.9","  72.5"," ","  51.1"," "," 0.00","G","999.9","000000"
"99999923907","2021-04-20","30.6222","-98.0846","414.8","AUSTIN 33 NW, TX US","  62.7","24","9999.9"," 0","9999.9"," 0","999.9"," 0","999.9"," 0","999.9"," 0","999.9","999.9","  77.5"," ","  51.6"," "," 0.00","G","999.9","000000"
"99999923907","2021-04-21","30.6222","-98.0846","414.8","AUSTIN 33 NW, TX US","  50.1","24","9999.9"," 0","9999.9"," 0","999.9"," 0","999.9"," 0","999.9"," 0","999.9","999.9","  65.5"," ","  39.0"," "," 0.00","G","999.9","000000"
"99999923907","2021-04-22","30.6222","-98.0846","414.8","AUSTIN 33 NW, TX US","  53.3","24","9999.9"," 0","9999.9"," 0","999.9"," 0","999.9"," 0","999.9"," 0","999.9","999.9","  61.0"," ","  46.6"," "," 0.00","G","999.9","000000"
"99999923907","2021-04-23","30.6222","-98.0846","414.8","AUSTIN 33 NW, TX US","  63.5","24","9999.9"," 0","9999.9"," 0","999.9"," 0","999.9"," 0","999.9"," 0","999.9","999.9","  73.9","*","  57.7"," "," 0.00","G","999.9","000000"
"99999923907","2021-04-24","30.6222","-98.0846","414.8","AUSTIN 33 NW, TX US","  69.7","24","9999.9"," 0","9999.9"," 0","999.9"," 0","999.9"," 0","999.9"," 0","999.9","999.9","  79.2"," ","  58.8"," "," 0.04","G","999.9","000000"
"99999923907","2021-04-25","30.6222","-98.0846","414.8","AUSTIN 33 NW, TX US","  67.3","24","9999.9"," 0","9999.9"," 0","999.9"," 0","999.9"," 0","999.9"," 0","999.9","999.9","  85.6"," ","  52.3"," "," 0.00","G","999.9","000000"
"99999923907","2021-04-26","30.6222","-98.0846","414.8","AUSTIN 33 NW, TX US","  71.7","24","9999.9"," 0","9999.9"," 0","999.9"," 0","999.9"," 0","999.9"," 0","999.9","999.9","  83.5"," ","  63.1"," "," 0.00","G","999.9","000000"
"99999923907","2021-04-27","30.6222","-98.0846","414.8","AUSTIN 33 NW, TX US","  70.7","24","9999.9"," 0","9999.9"," 0","999.9"," 0","999.9"," 0","999.9"," 0","999.9","999.9","  81.5"," ","  67.3"," "," 0.00","G","999.9","000000"
"99999923907","2021-04-28","30.6222","-98.0846","414.8","AUSTIN 33 NW, TX US","  74.2","24","9999.9"," 0","9999.9"," 0","999.9"," 0","999.9"," 0","999.9"," 0","999.9","999.9","  83.8"," ","  70.5"," "," 0.02","G","999.9","000000"
"99999923907","2021-04-29","30.6222","-98.0846","414.8","AUSTIN 33 NW, TX US","  71.3","24","9999.9"," 0","9999.9"," 0","999.9"," 0","999.9"," 0","999.9"," 0","999.9","999.9","  81.3"," ","  65.5","*"," 0.03","G","999.9","000000"
"99999923907","2021-04-30","30.6222","-98.0846","414.8","AUSTIN 33 NW, TX US","  64.4","24","9999.9"," 0","9999.9"," 0","999.9"," 0","999.9"," 0","999.9"," 0","999.9","999.9","  68.5"," ","  61.9"," "," 0.53","G","999.9","000000"
"99999923907","2021-05-01","30.6222","-98.0846","414.8","AUSTIN 33 NW, TX US","  64.9","24","9999.9"," 0","9999.9"," 0","999.9"," 0","999.9"," 0","999.9"," 0","999.9","999.9","  68.4"," ","  62.6"," "," 0.50","G","999.9","000000"
"99999923907","2021-05-02","30.6222","-98.0846","414.8","AUSTIN 33 NW, TX US","  67.3","24","9999.9"," 0","9999.9"," 0","999.9"," 0","999.9"," 0","999.9"," 0","999.9","999.9","  86.7"," ","  57.4"," "," 1.75","G","999.9","000000"
"99999923907","2021-05-03","30.6222","-98.0846","414.8","AUSTIN 33 NW, TX US","  78.2","24","9999.9"," 0","9999.9"," 0","999.9"," 0","999.9"," 0","999.9"," 0","999.9","999.9","  91.8"," ","  69.4"," "," 0.00","G","999.9","000000"
"99999923907","2021-05-04","30.6222","-98.0846","414.8","AUSTIN 33 NW, TX US","  72.4","24","9999.9"," 0","9999.9"," 0","999.9"," 0","999.9"," 0","999.9"," 0","999.9","999.9","  89.1"," ","  63.9"," "," 0.01","G","999.9","000000"
"99999923907","2021-05-05","30.6222","-98.0846","414.8","AUSTIN 33 NW, TX US","  65.2","24","9999.9"," 0","9999.9"," 0","999.9"," 0","999.9"," 0","999.9"," 0","999.9","999.9","  79.7"," ","  52.9"," "," 0.00","G","999.9","000000"
"99999923907","2021-05-06","30.6222","-98.0846","414.8","AUSTIN 33 NW, TX US","  69.4","24","9999.9"," 0","9999.9"," 0","999.9"," 0","999.9"," 0","999.9"," 0","999.9","999.9","  85.1"," ","  55.9"," "," 0.00","G","999.9","000000"
"99999923907","2021-05-07","30.6222","-98.0846","414.8","AUSTIN 33 NW, TX US","  72.1","24","9999.9"," 0","9999.9"," 0","999.9"," 0","999.9"," 0","999.9"," 0","999.9","999.9","  83.3"," ","  61.2"," "," 0.00","G","999.9","000000"
"99999923907","2021-05-08","30.6222","-98.0846","414.8","AUSTIN 33 NW, TX US","  73.8","24","9999.9"," 0","9999.9"," 0","999.9"," 0","999.9"," 0","999.9"," 0","999.9","999.9","  87.1"," ","  63.1"," "," 0.00","G","999.9","000000"
"99999923907","2021-05-09","30.6222","-98.0846","414.8","AUSTIN 33 NW, TX US","  77.0","24","9999.9"," 0","9999.9"," 0","999.9"," 0","999.9"," 0","999.9"," 0","999.9","999.9","  86.7"," ","  70.5"," "," 0.00","G","999.9","000000"
"99999923907","2021-05-10","30.6222","-98.0846","414.8","AUSTIN 33 NW, TX US","  71.1","24","9999.9"," 0","9999.9"," 0","999.9"," 0","999.9"," 0","999.9"," 0","999.9","999.9","  84.9"," ","  63.1"," "," 0.00","G","999.9","000000"
"99999923907","2021-05-11","30.6222","-98.0846","414.8","AUSTIN 33 NW, TX US","  60.2","24","9999.9"," 0","9999.9"," 0","999.9"," 0","999.9"," 0","999.9"," 0","999.9","999.9","  65.5"," ","  57.4"," "," 0.05","G","999.9","000000"
"99999923907","2021-05-12","30.6222","-98.0846","414.8","AUSTIN 33 NW, TX US","  59.8","24","9999.9"," 0","9999.9"," 0","999.9"," 0","999.9"," 0","999.9"," 0","999.9","999.9","  66.7"," ","  55.2"," "," 0.07","G","999.9","000000"
"99999923907","2021-05-13","30.6222","-98.0846","414.8","AUSTIN 33 NW, TX US","  61.1","24","9999.9"," 0","9999.9"," 0","999.9"," 0","999.9"," 0","999.9"," 0","999.9","999.9","  72.5"," ","  56.1"," "," 0.00","G","999.9","000000"
"99999923907","2021-05-14","30.6222","-98.0846","414.8","AUSTIN 33 NW, TX US","  67.8","24","9999.9"," 0","9999.9"," 0","999.9"," 0","999.9"," 0","999.9"," 0","999.9","999.9","  81.3"," ","  57.2"," "," 0.00","G","999.9","000000"
"99999923907","2021-05-15","30.6222","-98.0846","414.8","AUSTIN 33 NW, TX US","  71.0","24","9999.9"," 0","9999.9"," 0","999.9"," 0","999.9"," 0","999.9"," 0","999.9","999.9","  79.0"," ","  66.0"," "," 0.00","G","999.9","000000"
"99999923907","2021-05-16","30.6222","-98.0846","414.8","AUSTIN 33 NW, TX US","  70.3","24","9999.9"," 0","9999.9"," 0","999.9"," 0","999.9"," 0","999.9"," 0","999.9","999.9","  77.2"," ","  67.5"," "," 0.00","G","999.9","000000"
"99999923907","2021-05-17","30.6222","-98.0846","414.8","AUSTIN 33 NW, TX US","  70.0","24","9999.9"," 0","9999.9"," 0","999.9"," 0","999.9"," 0","999.9"," 0","999.9","999.9","  78.4"," ","  61.7"," "," 0.52","G","999.9","000000"
"99999923907","2021-05-18","30.6222","-98.0846","414.8","AUSTIN 33 NW, TX US","  66.9","24","9999.9"," 0","9999.9"," 0","999.9"," 0","999.9"," 0","999.9"," 0","999.9","999.9","  77.0"," ","  62.6"," "," 1.00","G","999.9","000000"
"99999923907","2021-05-19","30.6222","-98.0846","414.8","AUSTIN 33 NW, TX US","  64.9","24","9999.9"," 0","9999.9"," 0","999.9"," 0","999.9"," 0","999.9"," 0","999.9","999.9","  70.0","*","  60.4"," "," 0.23","G","999.9","000000"
"99999923907","2021-05-20","30.6222","-98.0846","414.8","AUSTIN 33 NW, TX US","  67.5","24","9999.9"," 0","9999.9"," 0","999.9"," 0","999.9"," 0","999.9"," 0","999.9","999.9","  82.8"," ","  58.6"," "," 0.19","G","999.9","000000"
"99999923907","2021-05-21","30.6222","-98.0846","414.8","AUSTIN 33 NW, TX US","  72.8","24","9999.9"," 0","9999.9"," 0","999.9"," 0","999.9"," 0","999.9"," 0","999.9","999.9","  84.2"," ","  65.8"," "," 0.00","G","999.9","000000"
"99999923907","2021-05-22","30.6222","-98.0846","414.8","AUSTIN 33 NW, TX US","  71.8","24","9999.9"," 0","9999.9"," 0","999.9"," 0","999.9"," 0","999.9"," 0","999.9","999.9","  81.3"," ","  68.7"," "," 0.00","G","999.9","000000"
"99999923907","2021-05-23","30.6222","-98.0846","414.8","AUSTIN 33 NW, TX US","  70.3","24","9999.9"," 0","9999.9"," 0","999.9"," 0","999.9"," 0","999.9"," 0","999.9","999.9","  73.0"," ","  67.8"," "," 0.54","G","999.9","000000"
"99999923907","2021-05-24","30.6222","-98.0846","414.8","AUSTIN 33 NW, TX US","  70.5","24","9999.9"," 0","9999.9"," 0","999.9"," 0","999.9"," 0","999.9"," 0","999.9","999.9","  81.9"," ","  66.6"," "," 0.03","G","999.9","000000"
"99999923907","2021-05-25","30.6222","-98.0846","414.8","AUSTIN 33 NW, TX US","  73.9","24","9999.9"," 0","9999.9"," 0","999.9"," 0","999.9"," 0","999.9"," 0","999.9","999.9","  86.9"," ","  69.4"," "," 0.35","G","999.9","000000"
"99999923907","2021-05-26","30.6222","-98.0846","414.8","AUSTIN 33 NW, TX US","  75.8","24","9999.9"," 0","9999.9"," 0","999.9"," 0","999.9"," 0","999.9"," 0","999.9","999.9","  86.7"," ","  64.2"," "," 0.01","G","999.9","000000"
"99999923907","2021-05-27","30.6222","-98.0846","414.8","AUSTIN 33 NW, TX US","  77.6","24","9999.9"," 0","9999.9"," 0","999.9"," 0","999.9"," 0","999.9"," 0","999.9","999.9","  85.6"," ","  71.2"," "," 0.19","G","999.9","000000"
"99999923907","2021-05-28","30.6222","-98.0846","414.8","AUSTIN 33 NW, TX US","  77.7","24","9999.9"," 0","9999.9"," 0","999.9"," 0","999.9"," 0","999.9"," 0","999.9","999.9","  85.5"," ","  64.0","*"," 0.00","G","999.9","000000"
"99999923907","2021-05-29","30.6222","-98.0846","414.8","AUSTIN 33 NW, TX US","  69.8","24","9999.9"," 0","9999.9"," 0","999.9"," 0","999.9"," 0","999.9"," 0","999.9","999.9","  84.7"," ","  63.7"," "," 1.39","G","999.9","000000"
"99999923907","2021-05-30","30.6222","-98.0846","414.8","AUSTIN 33 NW, TX US","  74.5","24","9999.9"," 0","9999.9"," 0","999.9"," 0","999.9"," 0","999.9"," 0","999.9","999.9","  84.9"," ","  66.4"," "," 0.00","G","999.9","000000"
"99999923907","2021-05-31","30.6222","-98.0846","414.8","AUSTIN 33 NW, TX US","  72.6","24","9999.9"," 0","9999.9"," 0","999.9"," 0","999.9"," 0","999.9"," 0","999.9","999.9","  82.6"," ","  68.7"," "," 0.98","G","999.9","000000"
"99999923907","2021-06-01","30.6222","-98.0846","414.8","AUSTIN 33 NW, TX US","  69.6","24","9999.9"," 0","9999.9"," 0","999.9"," 0","999.9"," 0","999.9"," 0","999.9","999.9","  79.7"," ","  64.8"," "," 1.46","G","999.9","000000"
"99999923907","2021-06-02","30.6222","-98.0846","414.8","AUSTIN 33 NW, TX US","  72.6","24","9999.9"," 0","9999.9"," 0","999.9"," 0","999.9"," 0","999.9"," 0","999.9","999.9","  84.4"," ","  64.2"," "," 0.81","G","999.9","000000"
"99999923907","2021-06-03","30.6222","-98.0846","414.8","AUSTIN 33 NW, TX US","  64.7","24","9999.9"," 0","9999.9"," 0","999.9"," 0","999.9"," 0","999.9"," 0","999.9","999.9","  81.7"," ","  60.4"," "," 1.75","G","999.9","000000"
"99999923907","2021-06-04","30.6222","-98.0846","414.8","AUSTIN 33 NW, TX US","  68.8","24","9999.9"," 0","9999.9"," 0","999.9"," 0","999.9"," 0","999.9"," 0","999.9","999.9","  79.5"," ","  64.9"," "," 0.58","G","999.9","000000"
"99999923907","2021-06-05","30.6222","-98.0846","414.8","AUSTIN 33 NW, TX US","  71.6","24","9999.9"," 0","9999.9"," 0","999.9"," 0","999.9"," 0","999.9"," 0","999.9","999.9","  82.4"," ","  66.2"," "," 0.01","G","999.9","000000"
"99999923907","2021-06-06","30.6222","-98.0846","414.8","AUSTIN 33 NW, TX US","  73.7","24","9999.9"," 0","9999.9"," 0","999.9"," 0","999.9"," 0","999.9"," 0","999.9","999.9","  86.2"," ","  66.4"," "," 0.00","G","999.9","000000"
"99999923907","2021-06-07","30.6222","-98.0846","414.8","AUSTIN 33 NW, TX US","  78.0","24","9999.9"," 0","9999.9"," 0","999.9"," 0","999.9"," 0","999.9"," 0","999.9","999.9","  86.0"," ","  74.3"," "," 0.00","G","999.9","000000"
"99999923907","2021-06-08","30.6222","-98.0846","414.8","AUSTIN 33 NW, TX US","  77.9","24","9999.9"," 0","9999.9"," 0","999.9"," 0","999.9"," 0","999.9"," 0","999.9","999.9","  87.8"," ","  68.2"," "," 0.00","G","999.9","000000"
"99999923907","2021-06-09","30.6222","-98.0846","414.8","AUSTIN 33 NW, TX US","  79.9","24","9999.9"," 0","9999.9"," 0","999.9"," 0","999.9"," 0","999.9"," 0","999.9","999.9","  90.0"," ","  72.7"," "," 0.07","G","999.9","000000"
"99999923907","2021-06-10","30.6222","-98.0846","414.8","AUSTIN 33 NW, TX US","  80.1","24","9999.9"," 0","9999.9"," 0","999.9"," 0","999.9"," 0","999.9"," 0","999.9","999.9","  89.6"," ","  72.0"," "," 0.00","G","999.9","000000"
"99999923907","2021-06-11","30.6222","-98.0846","414.8","AUSTIN 33 NW, TX US","  81.3","24","9999.9"," 0","9999.9"," 0","999.9"," 0","999.9"," 0","999.9"," 0","999.9","999.9","  90.0"," ","  74.8"," "," 0.00","G","999.9","000000"
"99999923907","2021-06-12","30.6222","-98.0846","414.8","AUSTIN 33 NW, TX US","  81.0","24","9999.9"," 0","9999.9"," 0","999.9"," 0","999.9"," 0","999.9"," 0","999.9","999.9","  90.7"," ","  72.9"," "," 0.00","G","999.9","000000"
"99999923907","2021-06-13","30.6222","-98.0846","414.8","AUSTIN 33 NW, TX US","  82.1","24","9999.9"," 0","9999.9"," 0","999.9"," 0","999.9"," 0","999.9"," 0","999.9","999.9","  94.1"," ","  72.5"," "," 0.00","G","999.9","000000"
"99999923907","2021-06-14","30.6222","-98.0846","414.8","AUSTIN 33 NW, TX US","  84.6","24","9999.9"," 0","9999.9"," 0","999.9"," 0","999.9"," 0","999.9"," 0","999.9","999.9","  96.1"," ","  74.3"," "," 0.00","G","999.9","000000"
"99999923907","2021-06-15","30.6222","-98.0846","414.8","AUSTIN 33 NW, TX US","  83.3","24","9999.9"," 0","9999.9"," 0","999.9"," 0","999.9"," 0","999.9"," 0","999.9","999.9","  95.2"," ","  73.4"," "," 0.00","G","999.9","000000"
"99999923907","2021-06-16","30.6222","-98.0846","414.8","AUSTIN 33 NW, TX US","  83.2","24","9999.9"," 0","9999.9"," 0","999.9"," 0","999.9"," 0","999.9"," 0","999.9","999.9","  95.0"," ","  72.0"," "," 0.00","G","999.9","000000"
"99999923907","2021-06-17","30.6222","-98.0846","414.8","AUSTIN 33 NW, TX US","  84.0","24","9999.9"," 0","9999.9"," 0","999.9"," 0","999.9"," 0","999.9"," 0","999.9","999.9","  96.1"," ","  74.1"," "," 0.00","G","999.9","000000"
"99999923907","2021-06-18","30.6222","-98.0846","414.8","AUSTIN 33 NW, TX US","  83.1","24","9999.9"," 0","9999.9"," 0","999.9"," 0","999.9"," 0","999.9"," 0","999.9","999.9","  93.0"," ","  73.2"," "," 0.00","G","999.9","000000"
"99999923907","2021-06-19","30.6222","-98.0846","414.8","AUSTIN 33 NW, TX US","  80.8","24","9999.9"," 0","9999.9"," 0","999.9"," 0","999.9"," 0","999.9"," 0","999.9","999.9","  92.7"," ","  69.8"," "," 0.00","G","999.9","000000"
"99999923907","2021-06-20","30.6222","-98.0846","414.8","AUSTIN 33 NW, TX US","  81.0","24","9999.9"," 0","9999.9"," 0","999.9"," 0","999.9"," 0","999.9"," 0","999.9","999.9","  91.2"," ","  72.0"," "," 0.00","G","999.9","000000"
"99999923907","2021-06-21","30.6222","-98.0846","414.8","AUSTIN 33 NW, TX US","  82.6","24","9999.9"," 0","9999.9"," 0","999.9"," 0","999.9"," 0","999.9"," 0","999.9","999.9","  95.2"," ","  76.3"," "," 0.00","G","999.9","000000"
"99999923907","2021-06-22","30.6222","-98.0846","414.8","AUSTIN 33 NW, TX US","  75.3","24","9999.9"," 0","9999.9"," 0","999.9"," 0","999.9"," 0","999.9"," 0","999.9","999.9","  92.8"," ","  67.6"," "," 3.07","G","999.9","000000"
"99999923907","2021-06-23","30.6222","-98.0846","414.8","AUSTIN 33 NW, TX US","  79.9","24","9999.9"," 0","9999.9"," 0","999.9"," 0","999.9"," 0","999.9"," 0","999.9","999.9","  93.0"," ","  73.2"," "," 0.01","G","999.9","000000"
"99999923907","2021-06-24","30.6222","-98.0846","414.8","AUSTIN 33 NW, TX US","  82.0","24","9999.9"," 0","9999.9"," 0","999.9"," 0","999.9"," 0","999.9"," 0","999.9","999.9","  92.3"," ","  72.5"," "," 0.00","G","999.9","000000"
"99999923907","2021-06-25","30.6222","-98.0846","414.8","AUSTIN 33 NW, TX US","  82.0","24","9999.9"," 0","9999.9"," 0","999.9"," 0","999.9"," 0","999.9"," 0","999.9","999.9","  91.4"," ","  74.3"," "," 0.00","G","999.9","000000"
"99999923907","2021-06-26","30.6222","-98.0846","414.8","AUSTIN 33 NW, TX US","  81.3","24","9999.9"," 0","9999.9"," 0","999.9"," 0","999.9"," 0","999.9"," 0","999.9","999.9","  90.9"," ","  74.5"," "," 0.00","G","999.9","000000"
"99999923907","2021-06-27","30.6222","-98.0846","414.8","AUSTIN 33 NW, TX US","  78.3","24","9999.9"," 0","9999.9"," 0","999.9"," 0","999.9"," 0","999.9"," 0","999.9","999.9","  89.1"," ","  72.3"," "," 0.00","G","999.9","000000"
"99999923907","2021-06-28","30.6222","-98.0846","414.8","AUSTIN 33 NW, TX US","  74.8","24","9999.9"," 0","9999.9"," 0","999.9"," 0","999.9"," 0","999.9"," 0","999.9","999.9","  85.8"," ","  70.0"," "," 0.02","G","999.9","000000"
"99999923907","2021-06-29","30.6222","-98.0846","414.8","AUSTIN 33 NW, TX US","  74.2","24","9999.9"," 0","9999.9"," 0","999.9"," 0","999.9"," 0","999.9"," 0","999.9","999.9","  85.6"," ","  70.7"," "," 0.03","G","999.9","000000"
"99999923907","2021-06-30","30.6222","-98.0846","414.8","AUSTIN 33 NW, TX US","  76.8","24","9999.9"," 0","9999.9"," 0","999.9"," 0","999.9"," 0","999.9"," 0","999.9","999.9","  89.1"," ","  71.8"," "," 0.20","G","999.9","000000"
"99999923907","2021-07-01","30.6222","-98.0846","414.8","AUSTIN 33 NW, TX US","  80.1","24","9999.9"," 0","9999.9"," 0","999.9"," 0","999.9"," 0","999.9"," 0","999.9","999.9","  90.9"," ","  71.6"," "," 0.00","G","999.9","000000"
"99999923907","2021-07-02","30.6222","-98.0846","414.8","AUSTIN 33 NW, TX US","  81.5","24","9999.9"," 0","9999.9"," 0","999.9"," 0","999.9"," 0","999.9"," 0","999.9","999.9","  91.9"," ","  73.9"," "," 0.00","G","999.9","000000"
"99999923907","2021-07-03","30.6222","-98.0846","414.8","AUSTIN 33 NW, TX US","  77.8","24","9999.9"," 0","9999.9"," 0","999.9"," 0","999.9"," 0","999.9"," 0","999.9","999.9","  84.0"," ","  72.3"," "," 0.06","G","999.9","000000"
"99999923907","2021-07-04","30.6222","-98.0846","414.8","AUSTIN 33 NW, TX US","  76.4","24","9999.9"," 0","9999.9"," 0","999.9"," 0","999.9"," 0","999.9"," 0","999.9","999.9","  84.6"," ","  72.5"," "," 0.00","G","999.9","000000"
"99999923907","2021-07-05","30.6222","-98.0846","414.8","AUSTIN 33 NW, TX US","  75.0","24","9999.9"," 0","9999.9"," 0","999.9"," 0","999.9"," 0","999.9"," 0","999.9","999.9","  82.0"," ","  72.1"," "," 0.54","G","999.9","000000"
"99999923907","2021-07-06","30.6222","-98.0846","414.8","AUSTIN 33 NW, TX US","  74.9","24","9999.9"," 0","9999.9"," 0","999.9"," 0","999.9"," 0","999.9"," 0","999.9","999.9","  85.6"," ","  71.4"," "," 0.06","G","999.9","000000"
"99999923907","2021-07-07","30.6222","-98.0846","414.8","AUSTIN 33 NW, TX US","  75.3","24","9999.9"," 0","9999.9"," 0","999.9"," 0","999.9"," 0","999.9"," 0","999.9","999.9","  86.0"," ","  69.4"," "," 0.63","G","999.9","000000"
"99999923907","2021-07-08","30.6222","-98.0846","414.8","AUSTIN 33 NW, TX US","  76.8","24","9999.9"," 0","9999.9"," 0","999.9"," 0","999.9"," 0","999.9"," 0","999.9","999.9","  88.0"," ","  70.0"," "," 0.35","G","999.9","000000"
"99999923907","2021-07-09","30.6222","-98.0846","414.8","AUSTIN 33 NW, TX US","  74.5","24","9999.9"," 0","9999.9"," 0","999.9"," 0","999.9"," 0","999.9"," 0","999.9","999.9","  82.6"," ","  72.0"," "," 0.11","G","999.9","000000"
"99999923907","2021-07-10","30.6222","-98.0846","414.8","AUSTIN 33 NW, TX US","  77.8","24","9999.9"," 0","9999.9"," 0","999.9"," 0","999.9"," 0","999.9"," 0","999.9","999.9","  88.9"," ","  73.4"," "," 0.06","G","999.9","000000"
"99999923907","2021-07-11","30.6222","-98.0846","414.8","AUSTIN 33 NW, TX US","  79.7","24","9999.9"," 0","9999.9"," 0","999.9"," 0","999.9"," 0","999.9"," 0","999.9","999.9","  88.9"," ","  73.8"," "," 0.00","G","999.9","000000"
"99999923907","2021-07-12","30.6222","-98.0846","414.8","AUSTIN 33 NW, TX US","  77.7","24","9999.9"," 0","9999.9"," 0","999.9"," 0","999.9"," 0","999.9"," 0","999.9","999.9","  87.4"," ","  71.2"," "," 0.00","G","999.9","000000"
"99999923907","2021-07-13","30.6222","-98.0846","414.8","AUSTIN 33 NW, TX US","  76.6","24","9999.9"," 0","9999.9"," 0","999.9"," 0","999.9"," 0","999.9"," 0","999.9","999.9","  89.1"," ","  70.7"," "," 0.01","G","999.9","000000"
"99999923907","2021-07-14","30.6222","-98.0846","414.8","AUSTIN 33 NW, TX US","  76.2","24","9999.9"," 0","9999.9"," 0","999.9"," 0","999.9"," 0","999.9"," 0","999.9","999.9","  88.9"," ","  69.3"," "," 0.01","G","999.9","000000"
"99999923907","2021-07-15","30.6222","-98.0846","414.8","AUSTIN 33 NW, TX US","  78.1","24","9999.9"," 0","9999.9"," 0","999.9"," 0","999.9"," 0","999.9"," 0","999.9","999.9","  88.9"," ","  72.0"," "," 0.00","G","999.9","000000"
"99999923907","2021-07-16","30.6222","-98.0846","414.8","AUSTIN 33 NW, TX US","  80.2","24","9999.9"," 0","9999.9"," 0","999.9"," 0","999.9"," 0","999.9"," 0","999.9","999.9","  89.2"," ","  72.9"," "," 0.00","G","999.9","000000"
"99999923907","2021-07-17","30.6222","-98.0846","414.8","AUSTIN 33 NW, TX US","  80.6","24","9999.9"," 0","9999.9"," 0","999.9"," 0","999.9"," 0","999.9"," 0","999.9","999.9","  90.5"," ","  72.7"," "," 0.00","G","999.9","000000"
"99999923907","2021-07-18","30.6222","-98.0846","414.8","AUSTIN 33 NW, TX US","  80.5","24","9999.9"," 0","9999.9"," 0","999.9"," 0","999.9"," 0","999.9"," 0","999.9","999.9","  91.2"," ","  72.3"," "," 0.00","G","999.9","000000"
"99999923907","2021-07-19","30.6222","-98.0846","414.8","AUSTIN 33 NW, TX US","  80.1","24","9999.9"," 0","9999.9"," 0","999.9"," 0","999.9"," 0","999.9"," 0","999.9","999.9","  91.4"," ","  74.3"," "," 0.00","G","999.9","000000"
"99999923907","2021-07-20","30.6222","-98.0846","414.8","AUSTIN 33 NW, TX US","  76.2","24","9999.9"," 0","9999.9"," 0","999.9"," 0","999.9"," 0","999.9"," 0","999.9","999.9","  88.3"," ","  70.3"," "," 0.09","G","999.9","000000"
"99999923907","2021-07-21","30.6222","-98.0846","414.8","AUSTIN 33 NW, TX US","  78.2","24","9999.9"," 0","9999.9"," 0","999.9"," 0","999.9"," 0","999.9"," 0","999.9","999.9","  90.1"," ","  70.9"," "," 0.01","G","999.9","000000"
"99999923907","2021-07-22","30.6222","-98.0846","414.8","AUSTIN 33 NW, TX US","  77.5","24","9999.9"," 0","9999.9"," 0","999.9"," 0","999.9"," 0","999.9"," 0","999.9","999.9","  90.5"," ","  69.4"," "," 0.01","G","999.9","000000"
"99999923907","2021-07-23","30.6222","-98.0846","414.8","AUSTIN 33 NW, TX US","  78.8","24","9999.9"," 0","9999.9"," 0","999.9"," 0","999.9"," 0","999.9"," 0","999.9","999.9","  91.4"," ","  71.6"," "," 0.02","G","999.9","000000"
"99999923907","2021-07-24","30.6222","-98.0846","414.8","AUSTIN 33 NW, TX US","  82.9","24","9999.9"," 0","9999.9"," 0","999.9"," 0","999.9"," 0","999.9"," 0","999.9","999.9","  95.4"," ","  74.8"," "," 0.00","G","999.9","000000"
"99999923907","2021-07-25","30.6222","-98.0846","414.8","AUSTIN 33 NW, TX US","  83.1","24","9999.9"," 0","9999.9"," 0","999.9"," 0","999.9"," 0","999.9"," 0","999.9","999.9","  97.0"," ","  72.1"," "," 0.00","G","999.9","000000"
"99999923907","2021-07-26","30.6222","-98.0846","414.8","AUSTIN 33 NW, TX US","  83.9","24","9999.9"," 0","9999.9"," 0","999.9"," 0","999.9"," 0","999.9"," 0","999.9","999.9","  97.9"," ","  72.1"," "," 0.00","G","999.9","000000"
"99999923907","2021-07-27","30.6222","-98.0846","414.8","AUSTIN 33 NW, TX US","  84.3","24","9999.9"," 0","9999.9"," 0","999.9"," 0","999.9"," 0","999.9"," 0","999.9","999.9","  96.3"," ","  73.2"," "," 0.00","G","999.9","000000"
"99999923907","2021-07-28","30.6222","-98.0846","414.8","AUSTIN 33 NW, TX US","  82.9","24","9999.9"," 0","9999.9"," 0","999.9"," 0","999.9"," 0","999.9"," 0","999.9","999.9","  93.9"," ","  75.6"," "," 0.00","G","999.9","000000"
"99999923907","2021-07-29","30.6222","-98.0846","414.8","AUSTIN 33 NW, TX US","  83.8","24","9999.9"," 0","9999.9"," 0","999.9"," 0","999.9"," 0","999.9"," 0","999.9","999.9","  96.6"," ","  74.7"," "," 0.00","G","999.9","000000"
"99999923907","2021-07-30","30.6222","-98.0846","414.8","AUSTIN 33 NW, TX US","  81.4","24","9999.9"," 0","9999.9"," 0","999.9"," 0","999.9"," 0","999.9"," 0","999.9","999.9","  96.3"," ","  73.0"," "," 0.04","G","999.9","000000"
"99999923907","2021-07-31","30.6222","-98.0846","414.8","AUSTIN 33 NW, TX US","  83.1","24","9999.9"," 0","9999.9"," 0","999.9"," 0","999.9"," 0","999.9"," 0","999.9","999.9","  95.4"," ","  74.5"," "," 0.00","G","999.9","000000"
"99999923907","2021-08-01","30.6222","-98.0846","414.8","AUSTIN 33 NW, TX US","  83.0","24","9999.9"," 0","9999.9"," 0","999.9"," 0","999.9"," 0","999.9"," 0","999.9","999.9","  93.7"," ","  74.8"," "," 0.04","G","999.9","000000"
"99999923907","2021-08-02","30.6222","-98.0846","414.8","AUSTIN 33 NW, TX US","  77.8","24","9999.9"," 0","9999.9"," 0","999.9"," 0","999.9"," 0","999.9"," 0","999.9","999.9","  90.7"," ","  70.9"," "," 0.71","G","999.9","000000"
"99999923907","2021-08-03","30.6222","-98.0846","414.8","AUSTIN 33 NW, TX US","  78.0","24","9999.9"," 0","9999.9"," 0","999.9"," 0","999.9"," 0","999.9"," 0","999.9","999.9","  89.4"," ","  70.5"," "," 0.79","G","999.9","000000"
"99999923907","2021-08-04","30.6222","-98.0846","414.8","AUSTIN 33 NW, TX US","  79.1","24","9999.9"," 0","9999.9"," 0","999.9"," 0","999.9"," 0","999.9"," 0","999.9","999.9","  90.3"," ","  69.3"," "," 0.00","G","999.9","000000"
"99999923907","2021-08-05","30.6222","-98.0846","414.8","AUSTIN 33 NW, TX US","  77.7","24","9999.9"," 0","9999.9"," 0","999.9"," 0","999.9"," 0","999.9"," 0","999.9","999.9","  88.0"," ","  71.4"," "," 0.00","G","999.9","000000"
"99999923907","2021-08-06","30.6222","-98.0846","414.8","AUSTIN 33 NW, TX US","  78.9","24","9999.9"," 0","9999.9"," 0","999.9"," 0","999.9"," 0","999.9"," 0","999.9","999.9","  92.3"," ","  72.5"," "," 0.00","G","999.9","000000"
"99999923907","2021-08-07","30.6222","-98.0846","414.8","AUSTIN 33 NW, TX US","  80.8","24","9999.9"," 0","9999.9"," 0","999.9"," 0","999.9"," 0","999.9"," 0","999.9","999.9","  91.2"," ","  73.6"," "," 0.00","G","999.9","000000"
"99999923907","2021-08-08","30.6222","-98.0846","414.8","AUSTIN 33 NW, TX US","  82.1","24","9999.9"," 0","9999.9"," 0","999.9"," 0","999.9"," 0","999.9"," 0","999.9","999.9","  91.9"," ","  74.5"," "," 0.00","G","999.9","000000"
"99999923907","2021-08-09","30.6222","-98.0846","414.8","AUSTIN 33 NW, TX US","  82.8","24","9999.9"," 0","9999.9"," 0","999.9"," 0","999.9"," 0","999.9"," 0","999.9","999.9","  92.5"," ","  75.9"," "," 0.00","G","999.9","000000"
"99999923907","2021-08-10","30.6222","-98.0846","414.8","AUSTIN 33 NW, TX US","  82.6","24","9999.9"," 0","9999.9"," 0","999.9"," 0","999.9"," 0","999.9"," 0","999.9","999.9","  93.0"," ","  74.8"," "," 0.00","G","999.9","000000"
"99999923907","2021-08-11","30.6222","-98.0846","414.8","AUSTIN 33 NW, TX US","  82.3","24","9999.9"," 0","9999.9"," 0","999.9"," 0","999.9"," 0","999.9"," 0","999.9","999.9","  93.7"," ","  73.6"," "," 0.00","G","999.9","000000"
"99999923907","2021-08-12","30.6222","-98.0846","414.8","AUSTIN 33 NW, TX US","  82.9","24","9999.9"," 0","9999.9"," 0","999.9"," 0","999.9"," 0","999.9"," 0","999.9","999.9","  93.0"," ","  73.6"," "," 0.00","G","999.9","000000"
"99999923907","2021-08-13","30.6222","-98.0846","414.8","AUSTIN 33 NW, TX US","  82.5","24","9999.9"," 0","9999.9"," 0","999.9"," 0","999.9"," 0","999.9"," 0","999.9","999.9","  94.3"," ","  73.6"," "," 0.00","G","999.9","000000"
"99999923907","2021-08-14","30.6222","-98.0846","414.8","AUSTIN 33 NW, TX US","  82.8","24","9999.9"," 0","9999.9"," 0","999.9"," 0","999.9"," 0","999.9"," 0","999.9","999.9","  95.5"," ","  73.8"," "," 0.00","G","999.9","000000"
"99999923907","2021-08-15","30.6222","-98.0846","414.8","AUSTIN 33 NW, TX US","  77.7","24","9999.9"," 0","9999.9"," 0","999.9"," 0","999.9"," 0","999.9"," 0","999.9","999.9","  91.6"," ","  72.3"," "," 0.00","G","999.9","000000"
"99999923907","2021-08-16","30.6222","-98.0846","414.8","AUSTIN 33 NW, TX US","  77.1","24","9999.9"," 0","9999.9"," 0","999.9"," 0","999.9"," 0","999.9"," 0","999.9","999.9","  93.2"," ","  68.7"," "," 0.04","G","999.9","000000"
"99999923907","2021-08-17","30.6222","-98.0846","414.8","AUSTIN 33 NW, TX US","  80.7","24","9999.9"," 0","9999.9"," 0","999.9"," 0","999.9"," 0","999.9"," 0","999.9","999.9","  89.2"," ","  73.0"," "," 0.00","G","999.9","000000"
"99999923907","2021-08-18","30.6222","-98.0846","414.8","AUSTIN 33 NW, TX US","  81.5","24","9999.9"," 0","9999.9"," 0","999.9"," 0","999.9"," 0","999.9"," 0","999.9","999.9","  93.9"," ","  76.5"," "," 0.00","G","999.9","000000"
"99999923907","2021-08-19","30.6222","-98.0846","414.8","AUSTIN 33 NW, TX US","  82.6","24","9999.9"," 0","9999.9"," 0","999.9"," 0","999.9"," 0","999.9"," 0","999.9","999.9","  93.9"," ","  75.7"," "," 0.37","G","999.9","000000"
"99999923907","2021-08-20","30.6222","-98.0846","414.8","AUSTIN 33 NW, TX US","  83.1","24","9999.9"," 0","9999.9"," 0","999.9"," 0","999.9"," 0","999.9"," 0","999.9","999.9","  93.6"," ","  73.9"," "," 0.00","G","999.9","000000"
"99999923907","2021-08-21","30.6222","-98.0846","414.8","AUSTIN 33 NW, TX US","  83.0","24","9999.9"," 0","9999.9"," 0","999.9"," 0","999.9"," 0","999.9"," 0","999.9","999.9","  95.9"," ","  74.5"," "," 0.00","G","999.9","000000"
"99999923907","2021-08-22","30.6222","-98.0846","414.8","AUSTIN 33 NW, TX US","  83.1","24","9999.9"," 0","9999.9"," 0","999.9"," 0","999.9"," 0","999.9"," 0","999.9","999.9","  94.6"," ","  73.6"," "," 0.00","G","999.9","000000"
"99999923907","2021-08-23","30.6222","-98.0846","414.8","AUSTIN 33 NW, TX US","  82.7","24","9999.9"," 0","9999.9"," 0","999.9"," 0","999.9"," 0","999.9"," 0","999.9","999.9","  94.6"," ","  71.6"," "," 0.00","G","999.9","000000"
"99999923907","2021-08-24","30.6222","-98.0846","414.8","AUSTIN 33 NW, TX US","  83.4","24","9999.9"," 0","9999.9"," 0","999.9"," 0","999.9"," 0","999.9"," 0","999.9","999.9","  95.4"," ","  73.2"," "," 0.00","G","999.9","000000"
"99999923907","2021-08-25","30.6222","-98.0846","414.8","AUSTIN 33 NW, TX US","  83.7","24","9999.9"," 0","9999.9"," 0","999.9"," 0","999.9"," 0","999.9"," 0","999.9","999.9","  96.3"," ","  73.6"," "," 0.00","G","999.9","000000"
"99999923907","2021-08-26","30.6222","-98.0846","414.8","AUSTIN 33 NW, TX US","  84.7","24","9999.9"," 0","9999.9"," 0","999.9"," 0","999.9"," 0","999.9"," 0","999.9","999.9","  96.8"," ","  76.8"," "," 0.00","G","999.9","000000"
"99999923907","2021-08-27","30.6222","-98.0846","414.8","AUSTIN 33 NW, TX US","  81.0","24","9999.9"," 0","9999.9"," 0","999.9"," 0","999.9"," 0","999.9"," 0","999.9","999.9","  96.3"," ","  73.0"," "," 0.00","G","999.9","000000"
"99999923907","2021-08-28","30.6222","-98.0846","414.8","AUSTIN 33 NW, TX US","  78.4","24","9999.9"," 0","9999.9"," 0","999.9"," 0","999.9"," 0","999.9"," 0","999.9","999.9","  90.5"," ","  71.1"," "," 0.06","G","999.9","000000"
"99999923907","2021-08-29","30.6222","-98.0846","414.8","AUSTIN 33 NW, TX US","  78.9","24","9999.9"," 0","9999.9"," 0","999.9"," 0","999.9"," 0","999.9"," 0","999.9","999.9","  91.9"," ","  72.1"," "," 0.07","G","999.9","000000"
"99999923907","2021-08-30","30.6222","-98.0846","414.8","AUSTIN 33 NW, TX US","  79.4","24","9999.9"," 0","9999.9"," 0","999.9"," 0","999.9"," 0","999.9"," 0","999.9","999.9","  89.4"," ","  72.9"," "," 0.00","G","999.9","000000"
"99999923907","2021-08-31","30.6222","-98.0846","414.8","AUSTIN 33 NW, TX US","  82.0","24","9999.9"," 0","9999.9"," 0","999.9"," 0","999.9"," 0","999.9"," 0","999.9","999.9","  95.7"," ","  73.2"," "," 0.17","G","999.9","000000"
"99999923907","2021-09-01","30.6222","-98.0846","414.8","AUSTIN 33 NW, TX US","  84.2","24","9999.9"," 0","9999.9"," 0","999.9"," 0","999.9"," 0","999.9"," 0","999.9","999.9","  95.2"," ","  75.2"," "," 0.00","G","999.9","000000"
"99999923907","2021-09-02","30.6222","-98.0846","414.8","AUSTIN 33 NW, TX US","  83.8","24","9999.9"," 0","9999.9"," 0","999.9"," 0","999.9"," 0","999.9"," 0","999.9","999.9","  94.3"," ","  75.0"," "," 0.00","G","999.9","000000"
"99999923907","2021-09-03","30.6222","-98.0846","414.8","AUSTIN 33 NW, TX US","  83.4","24","9999.9"," 0","9999.9"," 0","999.9"," 0","999.9"," 0","999.9"," 0","999.9","999.9","  95.0"," ","  74.8"," "," 0.00","G","999.9","000000"
"99999923907","2021-09-04","30.6222","-98.0846","414.8","AUSTIN 33 NW, TX US","  83.5","24","9999.9"," 0","9999.9"," 0","999.9"," 0","999.9"," 0","999.9"," 0","999.9","999.9","  97.9"," ","  74.5"," "," 0.00","G","999.9","000000"
"99999923907","2021-09-05","30.6222","-98.0846","414.8","AUSTIN 33 NW, TX US","  85.1","24","9999.9"," 0","9999.9"," 0","999.9"," 0","999.9"," 0","999.9"," 0","999.9","999.9","  99.0"," ","  74.5"," "," 0.00","G","999.9","000000"
"99999923907","2021-09-06","30.6222","-98.0846","414.8","AUSTIN 33 NW, TX US","  81.4","24","9999.9"," 0","9999.9"," 0","999.9"," 0","999.9"," 0","999.9"," 0","999.9","999.9","  94.3"," ","  72.3"," "," 0.48","G","999.9","000000"
"99999923907","2021-09-07","30.6222","-98.0846","414.8","AUSTIN 33 NW, TX US","  78.7","24","9999.9"," 0","9999.9"," 0","999.9"," 0","999.9"," 0","999.9"," 0","999.9","999.9","  95.4"," ","  70.5"," "," 0.07","G","999.9","000000"
"99999923907","2021-09-08","30.6222","-98.0846","414.8","AUSTIN 33 NW, TX US","  82.8","24","9999.9"," 0","9999.9"," 0","999.9"," 0","999.9"," 0","999.9"," 0","999.9","999.9","  97.2"," ","  72.3"," "," 0.00","G","999.9","000000"
"99999923907","2021-09-09","30.6222","-98.0846","414.8","AUSTIN 33 NW, TX US","  81.5","24","9999.9"," 0","9999.9"," 0","999.9"," 0","999.9"," 0","999.9"," 0","999.9","999.9","  93.9"," ","  69.6"," "," 0.00","G","999.9","000000"
"99999923907","2021-09-10","30.6222","-98.0846","414.8","AUSTIN 33 NW, TX US","  78.8","24","9999.9"," 0","9999.9"," 0","999.9"," 0","999.9"," 0","999.9"," 0","999.9","999.9","  92.1"," ","  68.2"," "," 0.00","G","999.9","000000"
"99999923907","2021-09-11","30.6222","-98.0846","414.8","AUSTIN 33 NW, TX US","  77.4","24","9999.9"," 0","9999.9"," 0","999.9"," 0","999.9"," 0","999.9"," 0","999.9","999.9","  89.6"," ","  66.9"," "," 0.00","G","999.9","000000"
"99999923907","2021-09-12","30.6222","-98.0846","414.8","AUSTIN 33 NW, TX US","  77.9","24","9999.9"," 0","9999.9"," 0","999.9"," 0","999.9"," 0","999.9"," 0","999.9","999.9","  91.0"," ","  67.8"," "," 0.00","G","999.9","000000"
"99999923907","2021-09-13","30.6222","-98.0846","414.8","AUSTIN 33 NW, TX US","  78.5","24","9999.9"," 0","9999.9"," 0","999.9"," 0","999.9"," 0","999.9"," 0","999.9","999.9","  88.0"," ","  70.3"," "," 0.00","G","999.9","000000"
"99999923907","2021-09-14","30.6222","-98.0846","414.8","AUSTIN 33 NW, TX US","  76.1","24","9999.9"," 0","9999.9"," 0","999.9"," 0","999.9"," 0","999.9"," 0","999.9","999.9","  87.1"," ","  67.6"," "," 0.00","G","999.9","000000"
"99999923907","2021-09-15","30.6222","-98.0846","414.8","AUSTIN 33 NW, TX US","  76.7","24","9999.9"," 0","9999.9"," 0","999.9"," 0","999.9"," 0","999.9"," 0","999.9","999.9","  91.0"," ","  70.3"," "," 0.00","G","999.9","000000"
"99999923907","2021-09-16","30.6222","-98.0846","414.8","AUSTIN 33 NW, TX US","  78.4","24","9999.9"," 0","9999.9"," 0","999.9"," 0","999.9"," 0","999.9"," 0","999.9","999.9","  91.9"," ","  68.5"," "," 0.00","G","999.9","000000"
"99999923907","2021-09-17","30.6222","-98.0846","414.8","AUSTIN 33 NW, TX US","  79.9","24","9999.9"," 0","9999.9"," 0","999.9"," 0","999.9"," 0","999.9"," 0","999.9","999.9","  96.4"," ","  69.3"," "," 0.00","G","999.9","000000"
"99999923907","2021-09-18","30.6222","-98.0846","414.8","AUSTIN 33 NW, TX US","  82.6","24","9999.9"," 0","9999.9"," 0","999.9"," 0","999.9"," 0","999.9"," 0","999.9","999.9","  95.9"," ","  71.8"," "," 0.00","G","999.9","000000"
"99999923907","2021-09-19","30.6222","-98.0846","414.8","AUSTIN 33 NW, TX US","  82.6","24","9999.9"," 0","9999.9"," 0","999.9"," 0","999.9"," 0","999.9"," 0","999.9","999.9","  97.3"," ","  70.7"," "," 0.00","G","999.9","000000"
"99999923907","2021-09-20","30.6222","-98.0846","414.8","AUSTIN 33 NW, TX US","  84.2","24","9999.9"," 0","9999.9"," 0","999.9"," 0","999.9"," 0","999.9"," 0","999.9","999.9","  99.0"," ","  72.7"," "," 0.00","G","999.9","000000"
"99999923907","2021-09-21","30.6222","-98.0846","414.8","AUSTIN 33 NW, TX US","  83.0","24","9999.9"," 0","9999.9"," 0","999.9"," 0","999.9"," 0","999.9"," 0","999.9","999.9","  94.8"," ","  74.7"," "," 0.00","G","999.9","000000"
"99999923907","2021-09-22","30.6222","-98.0846","414.8","AUSTIN 33 NW, TX US","  73.7","24","9999.9"," 0","9999.9"," 0","999.9"," 0","999.9"," 0","999.9"," 0","999.9","999.9","  86.0"," ","  60.3"," "," 0.00","G","999.9","000000"
"99999923907","2021-09-23","30.6222","-98.0846","414.8","AUSTIN 33 NW, TX US","  71.5","24","9999.9"," 0","9999.9"," 0","999.9"," 0","999.9"," 0","999.9"," 0","999.9","999.9","  86.5"," ","  61.0"," "," 0.00","G","999.9","000000"
"99999923907","2021-09-24","30.6222","-98.0846","414.8","AUSTIN 33 NW, TX US","  71.9","24","9999.9"," 0","9999.9"," 0","999.9"," 0","999.9"," 0","999.9"," 0","999.9","999.9","  86.2"," ","  60.3"," "," 0.00","G","999.9","000000"
"99999923907","2021-09-25","30.6222","-98.0846","414.8","AUSTIN 33 NW, TX US","  73.7","24","9999.9"," 0","9999.9"," 0","999.9"," 0","999.9"," 0","999.9"," 0","999.9","999.9","  88.3"," ","  62.4"," "," 0.00","G","999.9","000000"
"99999923907","2021-09-26","30.6222","-98.0846","414.8","AUSTIN 33 NW, TX US","  74.0","24","9999.9"," 0","9999.9"," 0","999.9"," 0","999.9"," 0","999.9"," 0","999.9","999.9","  87.6"," ","  61.5"," "," 0.00","G","999.9","000000"
"99999923907","2021-09-27","30.6222","-98.0846","414.8","AUSTIN 33 NW, TX US","  75.2","24","9999.9"," 0","9999.9"," 0","999.9"," 0","999.9"," 0","999.9"," 0","999.9","999.9","  91.9"," ","  64.4"," "," 0.00","G","999.9","000000"
"99999923907","2021-09-28","30.6222","-98.0846","414.8","AUSTIN 33 NW, TX US","  80.3","24","9999.9"," 0","9999.9"," 0","999.9"," 0","999.9"," 0","999.9"," 0","999.9","999.9","  93.4"," ","  71.4"," "," 0.00","G","999.9","000000"
"99999923907","2021-09-29","30.6222","-98.0846","414.8","AUSTIN 33 NW, TX US","  72.2","24","9999.9"," 0","9999.9"," 0","999.9"," 0","999.9"," 0","999.9"," 0","999.9","999.9","  89.1"," ","  65.1"," "," 0.48","G","999.9","000000"
"99999923907","2021-09-30","30.6222","-98.0846","414.8","AUSTIN 33 NW, TX US","  76.7","24","9999.9"," 0","9999.9"," 0","999.9"," 0","999.9"," 0","999.9"," 0","999.9","999.9","  89.4"," ","  70.2"," "," 0.11","G","999.9","000000"
"99999923907","2021-10-01","30.6222","-98.0846","414.8","AUSTIN 33 NW, TX US","  72.9","24","9999.9"," 0","9999.9"," 0","999.9"," 0","999.9"," 0","999.9"," 0","999.9","999.9","  86.2"," ","  64.8"," "," 0.00","G","999.9","000000"
"99999923907","2021-10-02","30.6222","-98.0846","414.8","AUSTIN 33 NW, TX US","  74.0","24","9999.9"," 0","9999.9"," 0","999.9"," 0","999.9"," 0","999.9"," 0","999.9","999.9","  85.3"," ","  68.0"," "," 1.48","G","999.9","000000"
"99999923907","2021-10-03","30.6222","-98.0846","414.8","AUSTIN 33 NW, TX US","  76.2","24","9999.9"," 0","9999.9"," 0","999.9"," 0","999.9"," 0","999.9"," 0","999.9","999.9","  87.1"," ","  67.5"," "," 0.00","G","999.9","000000"
"99999923907","2021-10-04","30.6222","-98.0846","414.8","AUSTIN 33 NW, TX US","  76.1","24","9999.9"," 0","9999.9"," 0","999.9"," 0","999.9"," 0","999.9"," 0","999.9","999.9","  87.1"," ","  66.6"," "," 0.00","G","999.9","000000"
"99999923907","2021-10-05","30.6222","-98.0846","414.8","AUSTIN 33 NW, TX US","  74.7","24","9999.9"," 0","9999.9"," 0","999.9"," 0","999.9"," 0","999.9"," 0","999.9","999.9","  86.4"," ","  64.9"," "," 0.00","G","999.9","000000"
"99999923907","2021-10-06","30.6222","-98.0846","414.8","AUSTIN 33 NW, TX US","  74.1","24","9999.9"," 0","9999.9"," 0","999.9"," 0","999.9"," 0","999.9"," 0","999.9","999.9","  86.2"," ","  64.2"," "," 0.00","G","999.9","000000"
"99999923907","2021-10-07","30.6222","-98.0846","414.8","AUSTIN 33 NW, TX US","  74.9","24","9999.9"," 0","9999.9"," 0","999.9"," 0","999.9"," 0","999.9"," 0","999.9","999.9","  87.8"," ","  64.6"," "," 0.00","G","999.9","000000"
"99999923907","2021-10-08","30.6222","-98.0846","414.8","AUSTIN 33 NW, TX US","  75.9","24","9999.9"," 0","9999.9"," 0","999.9"," 0","999.9"," 0","999.9"," 0","999.9","999.9","  89.1"," ","  65.1"," "," 0.00","G","999.9","000000"
"99999923907","2021-10-09","30.6222","-98.0846","414.8","AUSTIN 33 NW, TX US","  74.0","24","9999.9"," 0","9999.9"," 0","999.9"," 0","999.9"," 0","999.9"," 0","999.9","999.9","  86.7"," ","  63.5"," "," 0.00","G","999.9","000000"
"99999923907","2021-10-10","30.6222","-98.0846","414.8","AUSTIN 33 NW, TX US","  76.6","24","9999.9"," 0","9999.9"," 0","999.9"," 0","999.9"," 0","999.9"," 0","999.9","999.9","  88.5"," ","  68.0"," "," 0.00","G","999.9","000000"
"99999923907","2021-10-11","30.6222","-98.0846","414.8","AUSTIN 33 NW, TX US","  70.9","24","9999.9"," 0","9999.9"," 0","999.9"," 0","999.9"," 0","999.9"," 0","999.9","999.9","  85.1"," ","  57.2"," "," 0.50","G","999.9","000000"
"99999923907","2021-10-12","30.6222","-98.0846","414.8","AUSTIN 33 NW, TX US","  72.9","24","9999.9"," 0","9999.9"," 0","999.9"," 0","999.9"," 0","999.9"," 0","999.9","999.9","  81.7"," ","  68.5"," "," 0.00","G","999.9","000000"
"99999923907","2021-10-13","30.6222","-98.0846","414.8","AUSTIN 33 NW, TX US","  77.4","24","9999.9"," 0","9999.9"," 0","999.9"," 0","999.9"," 0","999.9"," 0","999.9","999.9","  84.6"," ","  74.8"," "," 0.17","G","999.9","000000"
"99999923907","2021-10-14","30.6222","-98.0846","414.8","AUSTIN 33 NW, TX US","  70.5","24","9999.9"," 0","9999.9"," 0","999.9"," 0","999.9"," 0","999.9"," 0","999.9","999.9","  82.2"," ","  65.3"," "," 1.94","G","999.9","000000"
"99999923907","2021-10-15","30.6222","-98.0846","414.8","AUSTIN 33 NW, TX US","  72.9","24","9999.9"," 0","9999.9"," 0","999.9"," 0","999.9"," 0","999.9"," 0","999.9","999.9","  82.2"," ","  68.9"," "," 0.08","G","999.9","000000"
"99999923907","2021-10-16","30.6222","-98.0846","414.8","AUSTIN 33 NW, TX US","  61.8","24","9999.9"," 0","9999.9"," 0","999.9"," 0","999.9"," 0","999.9"," 0","999.9","999.9","  73.2"," ","  50.0"," "," 0.00","G","999.9","000000"
"99999923907","2021-10-17","30.6222","-98.0846","414.8","AUSTIN 33 NW, TX US","  60.1","24","9999.9"," 0","9999.9"," 0","999.9"," 0","999.9"," 0","999.9"," 0","999.9","999.9","  73.2"," ","  50.4"," "," 0.00","G","999.9","000000"
"99999923907","2021-10-18","30.6222","-98.0846","414.8","AUSTIN 33 NW, TX US","  61.3","24","9999.9"," 0","9999.9"," 0","999.9"," 0","999.9"," 0","999.9"," 0","999.9","999.9","  74.3"," ","  50.2"," "," 0.00","G","999.9","000000"
"99999923907","2021-10-19","30.6222","-98.0846","414.8","AUSTIN 33 NW, TX US","  65.4","24","9999.9"," 0","9999.9"," 0","999.9"," 0","999.9"," 0","999.9"," 0","999.9","999.9","  79.3"," ","  56.5"," "," 0.00","G","999.9","000000"
"99999923907","2021-10-20","30.6222","-98.0846","414.8","AUSTIN 33 NW, TX US","  70.1","24","9999.9"," 0","9999.9"," 0","999.9"," 0","999.9"," 0","999.9"," 0","999.9","999.9","  77.9"," ","  65.5"," "," 0.00","G","999.9","000000"
"99999923907","2021-10-21","30.6222","-98.0846","414.8","AUSTIN 33 NW, TX US","  73.2","24","9999.9"," 0","9999.9"," 0","999.9"," 0","999.9"," 0","999.9"," 0","999.9","999.9","  83.8"," ","  65.8"," "," 0.00","G","999.9","000000"
"99999923907","2021-10-22","30.6222","-98.0846","414.8","AUSTIN 33 NW, TX US","  73.2","24","9999.9"," 0","9999.9"," 0","999.9"," 0","999.9"," 0","999.9"," 0","999.9","999.9","  84.2"," ","  64.2"," "," 0.00","G","999.9","000000"
"99999923907","2021-10-23","30.6222","-98.0846","414.8","AUSTIN 33 NW, TX US","  73.5","24","9999.9"," 0","9999.9"," 0","999.9"," 0","999.9"," 0","999.9"," 0","999.9","999.9","  85.1"," ","  67.6"," "," 0.00","G","999.9","000000"
"99999923907","2021-10-24","30.6222","-98.0846","414.8","AUSTIN 33 NW, TX US","  73.4","24","9999.9"," 0","9999.9"," 0","999.9"," 0","999.9"," 0","999.9"," 0","999.9","999.9","  84.2"," ","  66.7"," "," 0.00","G","999.9","000000"
"99999923907","2021-10-25","30.6222","-98.0846","414.8","AUSTIN 33 NW, TX US","  76.5","24","9999.9"," 0","9999.9"," 0","999.9"," 0","999.9"," 0","999.9"," 0","999.9","999.9","  86.5"," ","  69.4"," "," 0.00","G","999.9","000000"
"99999923907","2021-10-26","30.6222","-98.0846","414.8","AUSTIN 33 NW, TX US","  74.8","24","9999.9"," 0","9999.9"," 0","999.9"," 0","999.9"," 0","999.9"," 0","999.9","999.9","  83.8"," ","  68.9"," "," 0.00","G","999.9","000000"
"99999923907","2021-10-27","30.6222","-98.0846","414.8","AUSTIN 33 NW, TX US","  69.5","24","9999.9"," 0","9999.9"," 0","999.9"," 0","999.9"," 0","999.9"," 0","999.9","999.9","  79.7"," ","  58.3"," "," 0.00","G","999.9","000000"
"99999923907","2021-10-28","30.6222","-98.0846","414.8","AUSTIN 33 NW, TX US","  63.2","24","9999.9"," 0","9999.9"," 0","999.9"," 0","999.9"," 0","999.9"," 0","999.9","999.9","  73.9"," ","  53.6"," "," 0.71","G","999.9","000000"
"99999923907","2021-10-29","30.6222","-98.0846","414.8","AUSTIN 33 NW, TX US","  61.8","24","9999.9"," 0","9999.9"," 0","999.9"," 0","999.9"," 0","999.9"," 0","999.9","999.9","  71.1"," ","  51.1"," "," 0.00","G","999.9","000000"
"99999923907","2021-10-30","30.6222","-98.0846","414.8","AUSTIN 33 NW, TX US","  61.9","24","9999.9"," 0","9999.9"," 0","999.9"," 0","999.9"," 0","999.9"," 0","999.9","999.9","  78.8"," ","  51.1"," "," 0.00","G","999.9","000000"
"99999923907","2021-10-31","30.6222","-98.0846","414.8","AUSTIN 33 NW, TX US","  67.4","24","9999.9"," 0","9999.9"," 0","999.9"," 0","999.9"," 0","999.9"," 0","999.9","999.9","  81.5"," ","  57.9"," "," 0.00","G","999.9","000000"
"99999923907","2021-11-01","30.6222","-98.0846","414.8","AUSTIN 33 NW, TX US","  66.3","24","9999.9"," 0","9999.9"," 0","999.9"," 0","999.9"," 0","999.9"," 0","999.9","999.9","  77.7"," ","  56.7"," "," 0.00","G","999.9","000000"
"99999923907","2021-11-02","30.6222","-98.0846","414.8","AUSTIN 33 NW, TX US","  65.7","24","9999.9"," 0","9999.9"," 0","999.9"," 0","999.9"," 0","999.9"," 0","999.9","999.9","  74.1"," ","  60.6"," "," 0.00","G","999.9","000000"
"99999923907","2021-11-03","30.6222","-98.0846","414.8","AUSTIN 33 NW, TX US","  55.3","24","9999.9"," 0","9999.9"," 0","999.9"," 0","999.9"," 0","999.9"," 0","999.9","999.9","  70.5"," ","  47.7","*"," 0.00","G","999.9","000000"
"99999923907","2021-11-04","30.6222","-98.0846","414.8","AUSTIN 33 NW, TX US","  47.7","24","9999.9"," 0","9999.9"," 0","999.9"," 0","999.9"," 0","999.9"," 0","999.9","999.9","  53.8"," ","  45.0"," "," 1.71","G","999.9","000000"
"99999923907","2021-11-05","30.6222","-98.0846","414.8","AUSTIN 33 NW, TX US","  49.9","24","9999.9"," 0","9999.9"," 0","999.9"," 0","999.9"," 0","999.9"," 0","999.9","999.9","  61.9"," ","  42.1"," "," 0.00","G","999.9","000000"
"99999923907","2021-11-06","30.6222","-98.0846","414.8","AUSTIN 33 NW, TX US","  53.5","24","9999.9"," 0","9999.9"," 0","999.9"," 0","999.9"," 0","999.9"," 0","999.9","999.9","  68.2"," ","  45.0"," "," 0.00","G","999.9","000000"
"99999923907","2021-11-07","30.6222","-98.0846","414.8","AUSTIN 33 NW, TX US","  57.7","24","9999.9"," 0","9999.9"," 0","999.9"," 0","999.9"," 0","999.9"," 0","999.9","999.9","  73.0"," ","  48.6"," "," 0.00","G","999.9","000000"
"99999923907","2021-11-08","30.6222","-98.0846","414.8","AUSTIN 33 NW, TX US","  61.1","24","9999.9"," 0","9999.9"," 0","999.9"," 0","999.9"," 0","999.9"," 0","999.9","999.9","  75.6"," ","  53.2"," "," 0.00","G","999.9","000000"
"99999923907","2021-11-09","30.6222","-98.0846","414.8","AUSTIN 33 NW, TX US","  63.4","24","9999.9"," 0","9999.9"," 0","999.9"," 0","999.9"," 0","999.9"," 0","999.9","999.9","  72.1"," ","  57.6"," "," 0.00","G","999.9","000000"
"99999923907","2021-11-10","30.6222","-98.0846","414.8","AUSTIN 33 NW, TX US","  66.2","24","9999.9"," 0","9999.9"," 0","999.9"," 0","999.9"," 0","999.9"," 0","999.9","999.9","  78.1"," ","  61.0"," "," 0.00","G","999.9","000000"
"99999923907","2021-11-11","30.6222","-98.0846","414.8","AUSTIN 33 NW, TX US","  65.2","24","9999.9"," 0","9999.9"," 0","999.9"," 0","999.9"," 0","999.9"," 0","999.9","999.9","  74.3"," ","  53.4"," "," 0.00","G","999.9","000000"
"99999923907","2021-11-12","30.6222","-98.0846","414.8","AUSTIN 33 NW, TX US","  57.7","24","9999.9"," 0","9999.9"," 0","999.9"," 0","999.9"," 0","999.9"," 0","999.9","999.9","  71.4"," ","  46.0"," "," 0.00","G","999.9","000000"
"99999923907","2021-11-13","30.6222","-98.0846","414.8","AUSTIN 33 NW, TX US","  56.3","24","9999.9"," 0","9999.9"," 0","999.9"," 0","999.9"," 0","999.9"," 0","999.9","999.9","  67.5"," ","  47.3"," "," 0.00","G","999.9","000000"
"99999923907","2021-11-14","30.6222","-98.0846","414.8","AUSTIN 33 NW, TX US","  61.3","24","9999.9"," 0","9999.9"," 0","999.9"," 0","999.9"," 0","999.9"," 0","999.9","999.9","  77.2"," ","  52.0"," "," 0.00","G","999.9","000000"
"99999923907","2021-11-15","30.6222","-98.0846","414.8","AUSTIN 33 NW, TX US","  65.3","24","9999.9"," 0","9999.9"," 0","999.9"," 0","999.9"," 0","999.9"," 0","999.9","999.9","  78.6"," ","  56.3"," "," 0.00","G","999.9","000000"
"99999923907","2021-11-16","30.6222","-98.0846","414.8","AUSTIN 33 NW, TX US","  68.1","24","9999.9"," 0","9999.9"," 0","999.9"," 0","999.9"," 0","999.9"," 0","999.9","999.9","  77.4"," ","  62.6"," "," 0.00","G","999.9","000000"
"99999923907","2021-11-17","30.6222","-98.0846","414.8","AUSTIN 33 NW, TX US","  69.4","24","9999.9"," 0","9999.9"," 0","999.9"," 0","999.9"," 0","999.9"," 0","999.9","999.9","  79.5"," ","  64.0"," "," 0.00","G","999.9","000000"
"99999923907","2021-11-18","30.6222","-98.0846","414.8","AUSTIN 33 NW, TX US","  58.1","24","9999.9"," 0","9999.9"," 0","999.9"," 0","999.9"," 0","999.9"," 0","999.9","999.9","  75.2"," ","  49.6"," "," 0.00","G","999.9","000000"
"99999923907","2021-11-19","30.6222","-98.0846","414.8","AUSTIN 33 NW, TX US","  51.2","24","9999.9"," 0","9999.9"," 0","999.9"," 0","999.9"," 0","999.9"," 0","999.9","999.9","  64.9"," ","  41.7"," "," 0.00","G","999.9","000000"
"99999923907","2021-11-20","30.6222","-98.0846","414.8","AUSTIN 33 NW, TX US","  56.1","24","9999.9"," 0","9999.9"," 0","999.9"," 0","999.9"," 0","999.9"," 0","999.9","999.9","  70.5"," ","  49.1"," "," 0.00","G","999.9","000000"
"99999923907","2021-11-21","30.6222","-98.0846","414.8","AUSTIN 33 NW, TX US","  65.6","24","9999.9"," 0","9999.9"," 0","999.9"," 0","999.9"," 0","999.9"," 0","999.9","999.9","  72.9"," ","  61.0","*"," 0.00","G","999.9","000000"
"99999923907","2021-11-22","30.6222","-98.0846","414.8","AUSTIN 33 NW, TX US","  56.5","24","9999.9"," 0","9999.9"," 0","999.9"," 0","999.9"," 0","999.9"," 0","999.9","999.9","  67.3"," ","  46.4"," "," 0.00","G","999.9","000000"
"99999923907","2021-11-23","30.6222","-98.0846","414.8","AUSTIN 33 NW, TX US","  56.2","24","9999.9"," 0","9999.9"," 0","999.9"," 0","999.9"," 0","999.9"," 0","999.9","999.9","  67.6"," ","  45.9"," "," 0.00","G","999.9","000000"
"99999923907","2021-11-24","30.6222","-98.0846","414.8","AUSTIN 33 NW, TX US","  61.4","24","9999.9"," 0","9999.9"," 0","999.9"," 0","999.9"," 0","999.9"," 0","999.9","999.9","  72.5"," ","  54.5"," "," 0.00","G","999.9","000000"
"99999923907","2021-11-25","30.6222","-98.0846","414.8","AUSTIN 33 NW, TX US","  61.0","24","9999.9"," 0","9999.9"," 0","999.9"," 0","999.9"," 0","999.9"," 0","999.9","999.9","  69.6"," ","  51.1"," "," 0.00","G","999.9","000000"
"99999923907","2021-11-26","30.6222","-98.0846","414.8","AUSTIN 33 NW, TX US","  47.6","24","9999.9"," 0","9999.9"," 0","999.9"," 0","999.9"," 0","999.9"," 0","999.9","999.9","  56.1"," ","  39.0"," "," 0.00","G","999.9","000000"
"99999923907","2021-11-27","30.6222","-98.0846","414.8","AUSTIN 33 NW, TX US","  47.0","24","9999.9"," 0","9999.9"," 0","999.9"," 0","999.9"," 0","999.9"," 0","999.9","999.9","  50.5"," ","  44.2"," "," 0.00","G","999.9","000000"
"99999923907","2021-11-28","30.6222","-98.0846","414.8","AUSTIN 33 NW, TX US","  54.2","24","9999.9"," 0","9999.9"," 0","999.9"," 0","999.9"," 0","999.9"," 0","999.9","999.9","  67.6"," ","  47.8"," "," 0.31","G","999.9","000000"
"99999923907","2021-11-29","30.6222","-98.0846","414.8","AUSTIN 33 NW, TX US","  55.7","24","9999.9"," 0","9999.9"," 0","999.9"," 0","999.9"," 0","999.9"," 0","999.9","999.9","  70.9"," ","  43.2"," "," 0.00","G","999.9","000000"
"99999923907","2021-11-30","30.6222","-98.0846","414.8","AUSTIN 33 NW, TX US","  59.8","24","9999.9"," 0","9999.9"," 0","999.9"," 0","999.9"," 0","999.9"," 0","999.9","999.9","  73.0"," ","  50.5"," "," 0.00","G","999.9","000000"
"99999923907","2021-12-01","30.6222","-98.0846","414.8","AUSTIN 33 NW, TX US","  61.7","24","9999.9"," 0","9999.9"," 0","999.9"," 0","999.9"," 0","999.9"," 0","999.9","999.9","  73.8"," ","  54.1"," "," 0.00","G","999.9","000000"
"99999923907","2021-12-02","30.6222","-98.0846","414.8","AUSTIN 33 NW, TX US","  64.6","24","9999.9"," 0","9999.9"," 0","999.9"," 0","999.9"," 0","999.9"," 0","999.9","999.9","  77.7"," ","  57.6"," "," 0.00","G","999.9","000000"
"99999923907","2021-12-03","30.6222","-98.0846","414.8","AUSTIN 33 NW, TX US","  66.3","24","9999.9"," 0","9999.9"," 0","999.9"," 0","999.9"," 0","999.9"," 0","999.9","999.9","  73.9"," ","  61.3"," "," 0.00","G","999.9","000000"
"99999923907","2021-12-04","30.6222","-98.0846","414.8","AUSTIN 33 NW, TX US","  65.9","24","9999.9"," 0","9999.9"," 0","999.9"," 0","999.9"," 0","999.9"," 0","999.9","999.9","  73.4"," ","  62.2"," "," 0.00","G","999.9","000000"
"99999923907","2021-12-05","30.6222","-98.0846","414.8","AUSTIN 33 NW, TX US","  68.1","24","9999.9"," 0","9999.9"," 0","999.9"," 0","999.9"," 0","999.9"," 0","999.9","999.9","  75.2"," ","  65.1"," "," 0.00","G","999.9","000000"
"99999923907","2021-12-06","30.6222","-98.0846","414.8","AUSTIN 33 NW, TX US","  63.8","24","9999.9"," 0","9999.9"," 0","999.9"," 0","999.9"," 0","999.9"," 0","999.9","999.9","  71.4"," ","  50.5","*"," 0.00","G","999.9","000000"
"99999923907","2021-12-07","30.6222","-98.0846","414.8","AUSTIN 33 NW, TX US","  48.1","24","9999.9"," 0","9999.9"," 0","999.9"," 0","999.9"," 0","999.9"," 0","999.9","999.9","  66.7"," ","  37.6"," "," 0.01","G","999.9","000000"
"99999923907","2021-12-08","30.6222","-98.0846","414.8","AUSTIN 33 NW, TX US","  60.3","24","9999.9"," 0","9999.9"," 0","999.9"," 0","999.9"," 0","999.9"," 0","999.9","999.9","  75.9"," ","  50.0"," "," 0.00","G","999.9","000000"
"99999923907","2021-12-09","30.6222","-98.0846","414.8","AUSTIN 33 NW, TX US","  66.8","24","9999.9"," 0","9999.9"," 0","999.9"," 0","999.9"," 0","999.9"," 0","999.9","999.9","  79.3"," ","  59.0"," "," 0.00","G","999.9","000000"
"99999923907","2021-12-10","30.6222","-98.0846","414.8","AUSTIN 33 NW, TX US","  71.5","24","9999.9"," 0","9999.9"," 0","999.9"," 0","999.9"," 0","999.9"," 0","999.9","999.9","  81.5"," ","  66.7"," "," 0.00","G","999.9","000000"
"99999923907","2021-12-11","30.6222","-98.0846","414.8","AUSTIN 33 NW, TX US","  59.0","24","9999.9"," 0","9999.9"," 0","999.9"," 0","999.9"," 0","999.9"," 0","999.9","999.9","  77.7"," ","  46.6"," "," 0.00","G","999.9","000000"
"99999923907","2021-12-12","30.6222","-98.0846","414.8","AUSTIN 33 NW, TX US","  44.4","24","9999.9"," 0","9999.9"," 0","999.9"," 0","999.9"," 0","999.9"," 0","999.9","999.9","  59.2"," ","  34.0"," "," 0.00","G","999.9","000000"
"99999923907","2021-12-13","30.6222","-98.0846","414.8","AUSTIN 33 NW, TX US","  52.8","24","9999.9"," 0","9999.9"," 0","999.9"," 0","999.9"," 0","999.9"," 0","999.9","999.9","  67.8"," ","  44.6"," "," 0.00","G","999.9","000000"
"99999923907","2021-12-14","30.6222","-98.0846","414.8","AUSTIN 33 NW, TX US","  62.2","24","9999.9"," 0","9999.9"," 0","999.9"," 0","999.9"," 0","999.9"," 0","999.9","999.9","  73.8","*","  56.7"," "," 0.00","G","999.9","000000"
"99999923907","2021-12-15","30.6222","-98.0846","414.8","AUSTIN 33 NW, TX US","  69.4","24","9999.9"," 0","9999.9"," 0","999.9"," 0","999.9"," 0","999.9"," 0","999.9","999.9","  76.8"," ","  65.7"," "," 0.00","G","999.9","000000"
"99999923907","2021-12-16","30.6222","-98.0846","414.8","AUSTIN 33 NW, TX US","  70.2","24","9999.9"," 0","9999.9"," 0","999.9"," 0","999.9"," 0","999.9"," 0","999.9","999.9","  74.1"," ","  68.0"," "," 0.00","G","999.9","000000"
"99999923907","2021-12-17","30.6222","-98.0846","414.8","AUSTIN 33 NW, TX US","  69.8","24","9999.9"," 0","9999.9"," 0","999.9"," 0","999.9"," 0","999.9"," 0","999.9","999.9","  77.0"," ","  66.7"," "," 0.01","G","999.9","000000"
"99999923907","2021-12-18","30.6222","-98.0846","414.8","AUSTIN 33 NW, TX US","  62.3","24","9999.9"," 0","9999.9"," 0","999.9"," 0","999.9"," 0","999.9"," 0","999.9","999.9","  72.5"," ","  48.6"," "," 0.00","G","999.9","000000"
"99999923907","2021-12-19","30.6222","-98.0846","414.8","AUSTIN 33 NW, TX US","  43.4","24","9999.9"," 0","9999.9"," 0","999.9"," 0","999.9"," 0","999.9"," 0","999.9","999.9","  53.2"," ","  35.6"," "," 0.12","G","999.9","000000"
"99999923907","2021-12-20","30.6222","-98.0846","414.8","AUSTIN 33 NW, TX US","  46.9","24","9999.9"," 0","9999.9"," 0","999.9"," 0","999.9"," 0","999.9"," 0","999.9","999.9","  57.9"," ","  37.6"," "," 0.00","G","999.9","000000"
"99999923907","2021-12-21","30.6222","-98.0846","414.8","AUSTIN 33 NW, TX US","  49.0","24","9999.9"," 0","9999.9"," 0","999.9"," 0","999.9"," 0","999.9"," 0","999.9","999.9","  66.2"," ","  39.0"," "," 0.00","G","999.9","000000"
"99999923907","2021-12-22","30.6222","-98.0846","414.8","AUSTIN 33 NW, TX US","  56.9","24","9999.9"," 0","9999.9"," 0","999.9"," 0","999.9"," 0","999.9"," 0","999.9","999.9","  73.6"," ","  47.8"," "," 0.00","G","999.9","000000"
"99999923907","2021-12-23","30.6222","-98.0846","414.8","AUSTIN 33 NW, TX US","  60.7","24","9999.9"," 0","9999.9"," 0","999.9"," 0","999.9"," 0","999.9"," 0","999.9","999.9","  71.8"," ","  52.9"," "," 0.00","G","999.9","000000"
"99999923907","2021-12-24","30.6222","-98.0846","414.8","AUSTIN 33 NW, TX US","  64.3","24","9999.9"," 0","9999.9"," 0","999.9"," 0","999.9"," 0","999.9"," 0","999.9","999.9","  75.0"," ","  59.4"," "," 0.00","G","999.9","000000"
"99999923907","2021-12-25","30.6222","-98.0846","414.8","AUSTIN 33 NW, TX US","  67.9","24","9999.9"," 0","9999.9"," 0","999.9"," 0","999.9"," 0","999.9"," 0","999.9","999.9","  79.7"," ","  63.9"," "," 0.00","G","999.9","000000"
"99999923907","2021-12-26","30.6222","-98.0846","414.8","AUSTIN 33 NW, TX US","  66.1","24","9999.9"," 0","9999.9"," 0","999.9"," 0","999.9"," 0","999.9"," 0","999.9","999.9","  73.8","*","  62.1"," "," 0.00","G","999.9","000000"
"99999923907","2021-12-27","30.6222","-98.0846","414.8","AUSTIN 33 NW, TX US","  65.7","24","9999.9"," 0","9999.9"," 0","999.9"," 0","999.9"," 0","999.9"," 0","999.9","999.9","  73.8"," ","  62.6"," "," 0.00","G","999.9","000000"
"99999923907","2021-12-28","30.6222","-98.0846","414.8","AUSTIN 33 NW, TX US","  67.7","24","9999.9"," 0","9999.9"," 0","999.9"," 0","999.9"," 0","999.9"," 0","999.9","999.9","  76.8"," ","  62.8"," "," 0.00","G","999.9","000000"
"99999923907","2021-12-29","30.6222","-98.0846","414.8","AUSTIN 33 NW, TX US","  66.1","24","9999.9"," 0","9999.9"," 0","999.9"," 0","999.9"," 0","999.9"," 0","999.9","999.9","  75.7"," ","  60.6"," "," 0.00","G","999.9","000000"
"99999923907","2021-12-30","30.6222","-98.0846","414.8","AUSTIN 33 NW, TX US","  67.3","24","9999.9"," 0","9999.9"," 0","999.9"," 0","999.9"," 0","999.9"," 0","999.9","999.9","  79.5"," ","  57.7"," "," 0.00","G","999.9","000000"
"99999923907","2021-12-31","30.6222","-98.0846","414.8","AUSTIN 33 NW, TX US","  67.4","24","9999.9"," 0","9999.9"," 0","999.9"," 0","999.9"," 0","999.9"," 0","999.9","999.9","  76.8"," ","  62.8"," "," 0.00","G","999.9","000000"
