"STATION","DATE","LATITUDE","LONGITUDE","ELEVATION","NAME","TEMP","TEMP_ATTRIBUTES","DEWP","DEWP_ATTRIBUTES","SLP","SLP_ATTRIBUTES","STP","STP_ATTRIBUTES","VISIB","VISIB_ATTRIBUTES","WDSP","WDSP_ATTRIBUTES","MXSPD","GUST","MAX","MAX_ATTRIBUTES","MIN","MIN_ATTRIBUTES","PRCP","PRCP_ATTRIBUTES","SNDP","FRSHTT"
"01220099999","2020-01-01","62.45","7.7666666","1294.0","MANNEN, NO","  28.5","24","  25.8","24","9999.9"," 0","999.9"," 0","999.9"," 0"," 30.3","24"," 36.9","999.9","  28.8"," ","  28.0"," "," 0.11","G"," 52.4","000000"
"01220099999","2020-01-02","62.45","7.7666666","1294.0","MANNEN, NO","  29.4","20","  20.6","20","9999.9"," 0","999.9"," 0","999.9"," 0"," 36.3","20"," 42.7","999.9","  30.0"," ","  28.6"," "," 0.01","G","999.9","000000"
"01220099999","2020-01-03","62.45","7.7666666","1294.0","MANNEN, NO","  30.2","13","  28.1","13","9999.9"," 0","999.9"," 0","999.9"," 0"," 19.7","13"," 29.1"," 42.3","  30.4"," ","  30.0"," "," 0.17","G","999.9","000000"
"01220099999","2020-01-05","62.45","7.7666666","1294.0","MANNEN, NO","  30.4"," 5","  29.8"," 5","9999.9"," 0","999.9"," 0","999.9"," 0"," 19.8"," 5"," 33.0","999.9","9999.9"," ","9999.9"," "," 0.65","G","999.9","000000"
"01220099999","2020-01-06","62.45","7.7666666","1294.0","MANNEN, NO","  30.3","13","  27.7","13","9999.9"," 0","999.9"," 0","999.9"," 0"," 22.7","13"," 31.1"," 38.5","  30.4","*","  30.2"," "," 0.18","G"," 56.3","000000"
"01220099999","2020-01-07","62.45","7.7666666","1294.0","MANNEN, NO","  29.8","24","  24.3","24","9999.9"," 0","999.9"," 0","999.9"," 0"," 25.7","24"," 42.7","999.9","  30.0","*","  29.5","*"," 0.00","G"," 53.1","000000"
"01220099999","2020-01-08","62.45","7.7666666","1294.0","MANNEN, NO","  29.5"," 8","  28.2"," 8","9999.9"," 0","999.9"," 0","999.9"," 0"," 20.9"," 8"," 33.0"," 38.9","  29.7"," ","9999.9"," "," 0.23","G","999.9","000000"
"01220099999","2020-03-10","62.45","7.7666666","1294.0","MANNEN, NO","  24.7"," 5","  22.6"," 5","9999.9"," 0","999.9"," 0","999.9"," 0"," 18.1"," 5"," 23.3"," 30.1","  25.9","*","  24.1","*"," 0.00","G"," 83.5","000000"
"01220099999","2020-03-11","62.45","7.7666666","1294.0","MANNEN, NO","  25.3","21","  21.9","21","9999.9"," 0","999.9"," 0","999.9"," 0"," 18.9","21"," 23.3"," 28.4","  28.0","*","  20.8","*"," 0.00","G"," 83.1","000000"
"01220099999","2020-03-12","62.45","7.7666666","1294.0","MANNEN, NO","  21.1","23","  17.9","23","9999.9"," 0","999.9"," 0","999.9"," 0"," 15.7","23"," 27.2","999.9","  24.6"," ","  16.0","*"," 0.00","G"," 82.7","000000"
"01220099999","2020-03-13","62.45","7.7666666","1294.0","MANNEN, NO","  11.0","24","   8.8","24","9999.9"," 0","999.9"," 0","999.9"," 0","  6.6","24"," 15.5","999.9","  15.1","*","   9.7"," "," 0.81","G","101.6","000000"
"01220099999","2020-03-14","62.45","7.7666666","1294.0","MANNEN, NO","  13.2","24","  10.8","24","9999.9"," 0","999.9"," 0","999.9"," 0"," 15.5","24"," 31.1","999.9","  22.1","*","   5.7"," "," 0.38","G","111.8","000000"
"01220099999","2020-03-15","62.45","7.7666666","1294.0","MANNEN, NO","  23.3","24","  22.1","24","9999.9"," 0","999.9"," 0","999.9"," 0"," 16.7","24"," 31.1","999.9","  27.5"," ","  16.2"," "," 0.10","G","999.9","000000"
"01220099999","2020-03-16","62.45","7.7666666","1294.0","MANNEN, NO","  19.0","24","  17.4","24","9999.9"," 0","999.9"," 0","999.9"," 0"," 12.1","24"," 27.2","999.9","  23.2"," ","  13.5"," "," 0.30","G","999.9","000000"
"01220099999","2020-03-17","62.45","7.7666666","1294.0","MANNEN, NO","  24.5","24","  23.4","24","9999.9"," 0","999.9"," 0","999.9"," 0"," 23.3","24"," 31.1"," 36.3","  27.3"," ","  21.6"," "," 0.02","G","107.1","000000"
"01220099999","2020-03-18","62.45","7.7666666","1294.0","MANNEN, NO","  21.4","24","  20.1","24","9999.9"," 0","999.9"," 0","999.9"," 0"," 19.2","24"," 27.2","999.9","  22.8"," ","  19.9"," "," 0.04","G","107.5","000000"
"01220099999","2020-03-19","62.45","7.7666666","1294.0","MANNEN, NO","  21.1","24","  19.8","24","9999.9"," 0","999.9"," 0","999.9"," 0","  9.2","24"," 17.5","999.9","  24.3"," ","  17.1","*"," 0.05","G","999.9","000000"
"01220099999","2020-03-20","62.45","7.7666666","1294.0","MANNEN, NO","  17.1","24","  15.4","24","9999.9"," 0","999.9"," 0","999.9"," 0","  4.8","24","  9.7","999.9","  19.4"," ","  13.5"," "," 0.29","G","114.6","000000"
"01220099999","2020-03-21","62.45","7.7666666","1294.0","MANNEN, NO","  13.4","24","  11.4","24","9999.9"," 0","999.9"," 0","999.9"," 0","  6.2","24","  9.7"," 12.2","  18.9"," ","   8.1"," "," 0.29","G","116.1","000000"
"01220099999","2020-03-22","62.45","7.7666666","1294.0","MANNEN, NO","  19.6","24","  18.1","24","9999.9"," 0","999.9"," 0","999.9"," 0"," 17.3","24"," 25.3","999.9","  22.6"," ","  12.4"," "," 0.00","G","114.2","000000"
"01220099999","2020-03-23","62.45","7.7666666","1294.0","MANNEN, NO","  26.5","24","  25.4","24","9999.9"," 0","999.9"," 0","999.9"," 0"," 29.0","24"," 42.7","999.9","  30.7"," ","  21.0"," "," 0.00","G","114.2","000000"
"01220099999","2020-03-24","62.45","7.7666666","1294.0","MANNEN, NO","  34.0","24","  30.1","24","9999.9"," 0","999.9"," 0","999.9"," 0"," 33.8","24"," 46.6"," 58.5","  39.2","*","  25.7"," "," 0.00","G","999.9","000000"
"01220099999","2020-03-25","62.45","7.7666666","1294.0","MANNEN, NO","  30.7","24","  27.7","24","9999.9"," 0","999.9"," 0","999.9"," 0"," 17.3","24"," 36.9","999.9","  39.2","*","  24.3","*"," 0.00","G"," 81.1","000000"
"01220099999","2020-03-26","62.45","7.7666666","1294.0","MANNEN, NO","  26.7","23","  24.1","23","9999.9"," 0","999.9"," 0","999.9"," 0"," 12.0","23"," 17.5"," 25.8","  29.8"," ","  24.3"," "," 0.33","G","999.9","000000"
"01220099999","2020-03-27","62.45","7.7666666","1294.0","MANNEN, NO","  25.0","24","  21.8","24","9999.9"," 0","999.9"," 0","999.9"," 0"," 14.5","24"," 19.0"," 37.5","  29.1"," ","  17.6","*"," 0.03","G"," 89.0","000000"
"01220099999","2020-03-28","62.45","7.7666666","1294.0","MANNEN, NO","  14.4","24","  12.1","24","9999.9"," 0","999.9"," 0","999.9"," 0","  5.9","24"," 15.5"," 24.5","  17.4"," ","  10.9","*"," 0.22","G"," 89.0","000000"
"01220099999","2020-03-29","62.45","7.7666666","1294.0","MANNEN, NO","  18.0","24","  16.3","24","9999.9"," 0","999.9"," 0","999.9"," 0"," 10.2","24"," 21.2"," 39.0","  21.7"," ","  10.8"," "," 0.72","G","999.9","000000"
"01220099999","2020-03-30","62.45","7.7666666","1294.0","MANNEN, NO","  22.7","24","  21.4","24","9999.9"," 0","999.9"," 0","999.9"," 0","  6.7","24"," 14.4"," 22.9","  25.3","*","  20.8"," "," 0.87","G","999.9","000000"
"01220099999","2020-03-31","62.45","7.7666666","1294.0","MANNEN, NO","  24.2","24","  22.9","24","9999.9"," 0","999.9"," 0","999.9"," 0"," 11.2","24"," 19.6"," 40.8","  25.3","*","  22.6"," "," 0.07","G","999.9","000000"
"01220099999","2020-04-01","62.45","7.7666666","1294.0","MANNEN, NO","  26.0","24","  25.0","24","9999.9"," 0","999.9"," 0","999.9"," 0"," 15.7","24"," 24.3"," 33.8","  26.6"," ","  25.0"," "," 0.78","G","999.9","000000"
"01220099999","2020-04-02","62.45","7.7666666","1294.0","MANNEN, NO","  25.9"," 6","  24.8"," 6","9999.9"," 0","999.9"," 0","999.9"," 0"," 25.9"," 6"," 30.3"," 45.8","  26.2","*","  25.7","*"," 0.19","G","999.9","000000"
"01220099999","2020-06-14","62.45","7.7666666","1294.0","MANNEN, NO","  46.5"," 5","  41.8"," 5","9999.9"," 0","999.9"," 0","999.9"," 0","  2.2"," 5","  6.2"," 12.2","  47.7","*","  45.0","*"," 0.00","G","999.9","000000"
"01220099999","2020-06-15","62.45","7.7666666","1294.0","MANNEN, NO","  48.5","24","  40.2","24","9999.9"," 0","999.9"," 0","999.9"," 0","  2.1","23","  4.5"," 11.1","  58.8"," ","  41.2"," "," 0.03","G"," 92.1","000000"
"01220099999","2020-06-16","62.45","7.7666666","1294.0","MANNEN, NO","  54.3","24","  40.2","24","9999.9"," 0","999.9"," 0","999.9"," 0","  4.6","24","  7.2"," 13.2","  65.5"," ","  45.5"," "," 0.00","G"," 89.0","000000"
"01220099999","2020-06-17","62.45","7.7666666","1294.0","MANNEN, NO","  54.6","24","  39.4","24","9999.9"," 0","999.9"," 0","999.9"," 0","  2.4","22","  5.8"," 11.3","  64.8"," ","  44.2"," "," 0.00","F"," 84.3","000000"
"01220099999","2020-06-18","62.45","7.7666666","1294.0","MANNEN, NO","  57.9","24","  37.2","24","9999.9"," 0","999.9"," 0","999.9"," 0","  2.4","23","  5.6"," 11.5","  73.8"," ","  43.9"," "," 0.00","I","999.9","000000"
"01220099999","2020-06-19","62.45","7.7666666","1294.0","MANNEN, NO","  57.6","24","  35.0","24","9999.9"," 0","999.9"," 0","999.9"," 0","  4.5","24"," 11.7"," 14.6","  68.7"," ","  50.5"," "," 0.00","G"," 77.6","000000"
"01220099999","2020-06-20","62.45","7.7666666","1294.0","MANNEN, NO","  56.5","24","  39.2","24","9999.9"," 0","999.9"," 0","999.9"," 0","  7.8","24"," 13.6"," 21.0","  65.1"," ","  52.2"," "," 0.00","G"," 67.3","000000"
"01220099999","2020-06-21","62.45","7.7666666","1294.0","MANNEN, NO","  51.1","24","  43.3","24","9999.9"," 0","999.9"," 0","999.9"," 0"," 17.2","24"," 30.9"," 47.6","  54.9"," ","  46.6"," "," 0.00","G"," 61.0","000000"
"01220099999","2020-06-22","62.45","7.7666666","1294.0","MANNEN, NO","  48.2","23","  42.6","23","9999.9"," 0","999.9"," 0","999.9"," 0","  2.8","23","  6.4"," 13.0","  61.2"," ","  43.2"," "," 0.24","G"," 53.9","000000"
"01220099999","2020-06-23","62.45","7.7666666","1294.0","MANNEN, NO","  49.3","24","  40.3","24","9999.9"," 0","999.9"," 0","999.9"," 0","  7.0","24"," 13.6"," 22.5","  57.7"," ","  43.0"," "," 0.00","G"," 52.0","000000"
"01220099999","2020-06-24","62.45","7.7666666","1294.0","MANNEN, NO","  55.6","24","  37.3","24","9999.9"," 0","999.9"," 0","999.9"," 0","  6.6","24"," 15.5"," 15.9","  63.3"," ","  46.9"," "," 0.00","G"," 46.5","000000"
"01220099999","2020-06-25","62.45","7.7666666","1294.0","MANNEN, NO","  57.8","24","  39.6","24","9999.9"," 0","999.9"," 0","999.9"," 0","  4.5","24"," 11.3"," 14.6","  69.3"," ","  50.7"," "," 0.00","A","999.9","000000"
"01220099999","2020-06-26","62.45","7.7666666","1294.0","MANNEN, NO","  59.3","24","  43.3","24","9999.9"," 0","999.9"," 0","999.9"," 0","  2.5","23","  7.0"," 11.8","  71.6"," ","  51.3"," "," 0.00","E","999.9","000000"
"01220099999","2020-06-27","62.45","7.7666666","1294.0","MANNEN, NO","  59.9","24","  41.3","24","9999.9"," 0","999.9"," 0","999.9"," 0","  7.9","24"," 16.1"," 26.2","  75.2"," ","  53.4"," "," 0.00","G"," 31.9","000000"
"01220099999","2020-06-28","62.45","7.7666666","1294.0","MANNEN, NO","  52.1","24","  45.9","24","9999.9"," 0","999.9"," 0","999.9"," 0"," 16.3","24"," 25.6"," 41.6","  57.7"," ","  46.2"," "," 0.00","G"," 13.4","000000"
"01220099999","2020-06-29","62.45","7.7666666","1294.0","MANNEN, NO","  47.6","23","  40.2","23","9999.9"," 0","999.9"," 0","999.9"," 0","  3.7","23","  8.4"," 13.6","  57.6"," ","  43.2"," "," 0.15","G","999.9","000000"
"01220099999","2020-06-30","62.45","7.7666666","1294.0","MANNEN, NO","  40.1","24","  37.4","24","9999.9"," 0","999.9"," 0","999.9"," 0","  3.4","24","  7.8"," 18.8","  48.2"," ","  32.0"," "," 0.00","G","  5.9","000000"
"01220099999","2020-07-01","62.45","7.7666666","1294.0","MANNEN, NO","  32.7","24","  29.9","24","9999.9"," 0","999.9"," 0","999.9"," 0","  4.3","24","  9.1"," 15.5","  37.9"," ","  29.3"," "," 0.62","G","999.9","000000"
"01220099999","2020-07-02","62.45","7.7666666","1294.0","MANNEN, NO","  33.9","23","  29.5","23","9999.9"," 0","999.9"," 0","999.9"," 0","  4.1","23"," 11.1"," 15.0","  42.6"," ","  30.2"," "," 0.06","G","999.9","000000"
"01220099999","2020-07-03","62.45","7.7666666","1294.0","MANNEN, NO","  32.5","24","  28.4","24","9999.9"," 0","999.9"," 0","999.9"," 0","  4.6","23","  9.1"," 16.7","  42.3"," ","  28.9"," "," 0.16","G","  4.3","000000"
"01220099999","2020-07-04","62.45","7.7666666","1294.0","MANNEN, NO","  40.7","24","  26.5","24","9999.9"," 0","999.9"," 0","999.9"," 0","  2.0","24","  4.9"," 10.9","  57.9"," ","  27.9"," "," 0.07","G","  3.1","000000"
"01220099999","2020-07-05","62.45","7.7666666","1294.0","MANNEN, NO","  40.3","24","  34.4","24","9999.9"," 0","999.9"," 0","999.9"," 0"," 11.6","24"," 24.3"," 34.4","  43.2"," ","  37.9"," "," 0.00","G","  1.6","000000"
"01220099999","2020-07-06","62.45","7.7666666","1294.0","MANNEN, NO","  34.9","18","  33.6","18","9999.9"," 0","999.9"," 0","999.9"," 0","  5.5","17"," 10.5"," 36.9","  39.4"," ","  31.8"," "," 0.53","G","999.9","000000"
"01220099999","2020-07-07","62.45","7.7666666","1294.0","MANNEN, NO","  33.5","23","  31.3","23","9999.9"," 0","999.9"," 0","999.9"," 0","  2.5","22","  7.8"," 13.0","  39.0"," ","  31.5"," "," 1.00","G","999.9","000000"
"01220099999","2020-07-08","62.45","7.7666666","1294.0","MANNEN, NO","  34.2","22","  31.6","22","9999.9"," 0","999.9"," 0","999.9"," 0","  6.2","22"," 12.6"," 16.3","  39.0"," ","  31.6"," "," 0.23","G","999.9","000000"
"01220099999","2020-07-09","62.45","7.7666666","1294.0","MANNEN, NO","  36.0","24","  32.8","24","9999.9"," 0","999.9"," 0","999.9"," 0","  8.9","24"," 12.4"," 15.7","  41.9"," ","  32.5"," "," 0.09","G","999.9","000000"
"01220099999","2020-07-10","62.45","7.7666666","1294.0","MANNEN, NO","  39.1","23","  31.9","23","9999.9"," 0","999.9"," 0","999.9"," 0","  7.0","23"," 10.7"," 14.8","  49.6"," ","  34.9"," "," 0.01","G","999.9","000000"
"01220099999","2020-07-11","62.45","7.7666666","1294.0","MANNEN, NO","  35.1","24","  32.8","24","9999.9"," 0","999.9"," 0","999.9"," 0"," 12.0","24"," 15.5"," 23.1","  37.9"," ","  32.7"," "," 0.06","G","999.9","000000"
"01220099999","2020-07-12","62.45","7.7666666","1294.0","MANNEN, NO","  34.6","23","  32.7","23","9999.9"," 0","999.9"," 0","999.9"," 0"," 10.5","23"," 18.6"," 26.4","  38.5"," ","  32.0"," "," 0.11","G","999.9","000000"
"01220099999","2020-07-13","62.45","7.7666666","1294.0","MANNEN, NO","  40.1","23","  33.5","23","9999.9"," 0","999.9"," 0","999.9"," 0","  4.8","22"," 10.9"," 14.6","  47.5"," ","  33.1"," "," 0.09","G","999.9","000000"
"01220099999","2020-07-14","62.45","7.7666666","1294.0","MANNEN, NO","  44.1","23","  38.5","23","9999.9"," 0","999.9"," 0","999.9"," 0","  2.6","23","  6.8"," 11.5","  52.9"," ","  40.1"," "," 0.01","G","999.9","000000"
"01220099999","2020-07-15","62.45","7.7666666","1294.0","MANNEN, NO","  47.6","23","  40.8","23","9999.9"," 0","999.9"," 0","999.9"," 0","  3.1","23","  8.7"," 14.6","  55.9"," ","  42.3"," "," 0.03","G","999.9","000000"
"01220099999","2020-07-16","62.45","7.7666666","1294.0","MANNEN, NO","  50.4","24","  38.3","24","9999.9"," 0","999.9"," 0","999.9"," 0","  7.6","24"," 15.3"," 22.1","  58.3"," ","  44.2"," "," 0.06","G","999.9","000000"
"01220099999","2020-07-17","62.45","7.7666666","1294.0","MANNEN, NO","  46.3","23","  41.6","23","9999.9"," 0","999.9"," 0","999.9"," 0","  9.8","23"," 13.6"," 18.5","  49.5"," ","  42.3"," "," 0.00","G","999.9","000000"
"01220099999","2020-07-18","62.45","7.7666666","1294.0","MANNEN, NO","  46.6","23","  37.8","23","9999.9"," 0","999.9"," 0","999.9"," 0","  8.4","23"," 14.4"," 22.3","  53.8"," ","  41.4"," "," 0.10","G","999.9","000000"
"01220099999","2020-07-19","62.45","7.7666666","1294.0","MANNEN, NO","  45.1","21","  33.0","21","9999.9"," 0","999.9"," 0","999.9"," 0","  7.5","21"," 11.5"," 18.8","  53.1"," ","  40.1","*"," 0.00","G","999.9","000000"
"01220099999","2020-07-20","62.45","7.7666666","1294.0","MANNEN, NO","  39.2","23","  34.4","23","9999.9"," 0","999.9"," 0","999.9"," 0","  5.5","23","  8.9"," 14.2","  44.8"," ","  35.4"," "," 0.01","G","999.9","000000"
"01220099999","2020-07-21","62.45","7.7666666","1294.0","MANNEN, NO","  35.0","21","  33.4","21","9999.9"," 0","999.9"," 0","999.9"," 0","  5.8","21","  9.7"," 15.3","  38.3"," ","  32.0"," "," 0.27","G","999.9","000000"
"01220099999","2020-07-22","62.45","7.7666666","1294.0","MANNEN, NO","  33.2","23","  31.8","23","9999.9"," 0","999.9"," 0","999.9"," 0","  5.7","23"," 11.5"," 21.8","  36.7"," ","  31.8"," "," 0.24","G","999.9","000000"
"01220099999","2020-07-23","62.45","7.7666666","1294.0","MANNEN, NO","  35.8","22","  30.6","22","9999.9"," 0","999.9"," 0","999.9"," 0","  3.1","22","  6.8"," 12.2","  48.0"," ","  31.8"," "," 0.53","G","999.9","000000"
"01220099999","2020-07-24","62.45","7.7666666","1294.0","MANNEN, NO","  38.1","22","  31.3","22","9999.9"," 0","999.9"," 0","999.9"," 0","  2.4","21","  5.4"," 12.0","  46.2"," ","  31.3"," "," 0.00","G","999.9","000000"
"01220099999","2020-07-25","62.45","7.7666666","1294.0","MANNEN, NO","  44.5","22","  32.1","22","9999.9"," 0","999.9"," 0","999.9"," 0","  2.5","22","  4.7"," 13.0","  58.5"," ","  34.0"," "," 0.00","G","999.9","000000"
"01220099999","2020-07-26","62.45","7.7666666","1294.0","MANNEN, NO","  48.1","20","  41.5","20","9999.9"," 0","999.9"," 0","999.9"," 0"," 14.8","20"," 29.7"," 43.9","  55.0"," ","  42.6"," "," 0.01","G","999.9","000000"
"01220099999","2020-07-27","62.45","7.7666666","1294.0","MANNEN, NO","  47.2","21","  39.1","21","9999.9"," 0","999.9"," 0","999.9"," 0"," 12.4","21"," 28.0"," 38.7","  54.9"," ","  41.5"," "," 0.14","G","999.9","000000"
"01220099999","2020-07-28","62.45","7.7666666","1294.0","MANNEN, NO","  46.1","22","  41.1","22","9999.9"," 0","999.9"," 0","999.9"," 0"," 19.2","22"," 28.6"," 44.7","  50.5"," ","  43.7"," "," 0.00","G","999.9","000000"
"01220099999","2020-07-29","62.45","7.7666666","1294.0","MANNEN, NO","  46.2","22","  39.2","22","9999.9"," 0","999.9"," 0","999.9"," 0","  5.7","22","  9.5"," 14.0","  55.2"," ","  41.9"," "," 0.00","G","999.9","000000"
"01220099999","2020-07-30","62.45","7.7666666","1294.0","MANNEN, NO","  45.5","22","  41.8","22","9999.9"," 0","999.9"," 0","999.9"," 0","  2.5","20","  5.2"," 12.6","  51.1"," ","  42.4"," "," 0.02","G","999.9","000000"
"01220099999","2020-07-31","62.45","7.7666666","1294.0","MANNEN, NO","  53.6","23","  42.1","23","9999.9"," 0","999.9"," 0","999.9"," 0","  2.9","23","  5.6"," 11.5","  65.8"," ","  42.4"," "," 0.03","G","999.9","000000"
"01220099999","2020-08-01","62.45","7.7666666","1294.0","MANNEN, NO","  58.8","24","  43.3","24","9999.9"," 0","999.9"," 0","999.9"," 0","  3.5","24"," 10.9"," 14.2","  72.5","*","  51.8"," "," 0.00","G","999.9","000000"
"01220099999","2020-08-02","62.45","7.7666666","1294.0","MANNEN, NO","  49.3","24","  46.0","24","9999.9"," 0","999.9"," 0","999.9"," 0","  4.5","23","  9.3"," 16.5","  58.1"," ","  39.6"," "," 0.00","G","999.9","000000"
"01220099999","2020-08-03","62.45","7.7666666","1294.0","MANNEN, NO","  37.6","24","  36.4","24","9999.9"," 0","999.9"," 0","999.9"," 0","  7.7","24"," 14.6"," 18.1","  39.9"," ","  33.4"," "," 0.79","G","999.9","000000"
"01220099999","2020-08-04","62.45","7.7666666","1294.0","MANNEN, NO","  41.9","22","  34.8","22","9999.9"," 0","999.9"," 0","999.9"," 0"," 10.6","22"," 14.0"," 23.1","  47.8"," ","  37.9"," "," 0.29","G","999.9","000000"
"01220099999","2020-08-05","62.45","7.7666666","1294.0","MANNEN, NO","  44.6","24","  40.3","24","9999.9"," 0","999.9"," 0","999.9"," 0"," 11.7","24"," 22.1"," 32.4","  50.5"," ","  39.2"," "," 0.00","G","999.9","000000"
"01220099999","2020-08-06","62.45","7.7666666","1294.0","MANNEN, NO","  52.1","23","  45.3","23","9999.9"," 0","999.9"," 0","999.9"," 0","  6.0","23"," 11.1"," 15.3","  56.8"," ","  47.7"," "," 0.07","G","999.9","000000"
"01220099999","2020-08-07","62.45","7.7666666","1294.0","MANNEN, NO","  57.1","24","  44.5","24","9999.9"," 0","999.9"," 0","999.9"," 0","  7.4","24"," 12.2"," 19.8","  67.1"," ","  50.9"," "," 0.00","G","999.9","000000"
"01220099999","2020-08-08","62.45","7.7666666","1294.0","MANNEN, NO","  49.7","23","  44.4","23","9999.9"," 0","999.9"," 0","999.9"," 0","  8.7","23"," 18.8"," 30.9","  60.1"," ","  39.7"," "," 0.00","G","999.9","000000"
"01220099999","2020-08-09","62.45","7.7666666","1294.0","MANNEN, NO","  45.7","24","  38.2","24","9999.9"," 0","999.9"," 0","999.9"," 0","  3.0","24","  6.6"," 12.6","  55.6"," ","  37.9"," "," 0.04","G","999.9","000000"
"01220099999","2020-08-10","62.45","7.7666666","1294.0","MANNEN, NO","  54.6","23","  38.5","23","9999.9"," 0","999.9"," 0","999.9"," 0","  4.5","23","  8.9"," 13.4","  66.9"," ","  43.9"," "," 0.00","G","999.9","000000"
"01220099999","2020-08-11","62.45","7.7666666","1294.0","MANNEN, NO","  56.0","24","  40.7","24","9999.9"," 0","999.9"," 0","999.9"," 0","  5.2","24","  9.5"," 14.4","  62.8"," ","  50.5"," "," 0.00","G","999.9","000000"
"01220099999","2020-08-12","62.45","7.7666666","1294.0","MANNEN, NO","  58.0","22","  47.0","22","9999.9"," 0","999.9"," 0","999.9"," 0","  5.5","22","  8.0"," 13.4","  67.3"," ","  50.5"," "," 0.00","G","999.9","000000"
"01220099999","2020-08-13","62.45","7.7666666","1294.0","MANNEN, NO","  52.3","24","  49.0","24","9999.9"," 0","999.9"," 0","999.9"," 0","  5.7","24"," 12.4"," 17.3","  56.3"," ","  47.7"," "," 0.02","G","999.9","000000"
"01220099999","2020-08-14","62.45","7.7666666","1294.0","MANNEN, NO","  52.1","23","  42.5","23","9999.9"," 0","999.9"," 0","999.9"," 0"," 11.0","23"," 14.8"," 19.4","  60.3"," ","  46.9"," "," 0.36","G","999.9","000000"
"01220099999","2020-08-15","62.45","7.7666666","1294.0","MANNEN, NO","  52.3","24","  42.4","24","9999.9"," 0","999.9"," 0","999.9"," 0"," 10.8","24"," 15.2"," 19.2","  57.9"," ","  49.5"," "," 0.00","G","999.9","000000"
"01220099999","2020-08-16","62.45","7.7666666","1294.0","MANNEN, NO","  54.9","24","  46.1","24","9999.9"," 0","999.9"," 0","999.9"," 0","  3.8","24","  9.7"," 13.2","  67.6"," ","  48.4"," "," 0.00","G","999.9","000000"
"01220099999","2020-08-17","62.45","7.7666666","1294.0","MANNEN, NO","  58.2","22","  45.9","22","9999.9"," 0","999.9"," 0","999.9"," 0","  4.6","22","  8.0"," 14.4","  68.7"," ","  50.0"," "," 0.00","E","999.9","000000"
"01220099999","2020-08-18","62.45","7.7666666","1294.0","MANNEN, NO","  55.8"," 8","  43.9"," 8","9999.9"," 0","999.9"," 0","999.9"," 0","  4.1"," 8","  5.2"," 10.7","  57.4"," ","  54.0"," "," 0.00","I","999.9","000000"
"01220099999","2020-08-19","62.45","7.7666666","1294.0","MANNEN, NO","  52.6","11","  51.0"," 9","9999.9"," 0","999.9"," 0","999.9"," 0","  2.8","11","  7.8"," 12.8","  59.7"," ","  49.3"," "," 0.00","I","999.9","000000"
"01220099999","2020-08-20","62.45","7.7666666","1294.0","MANNEN, NO","  52.8","24","  48.3","18","9999.9"," 0","999.9"," 0","999.9"," 0","  4.1","24"," 12.2"," 17.3","  59.2"," ","  48.2"," "," 0.16","F","999.9","000000"
"01220099999","2020-08-21","62.45","7.7666666","1294.0","MANNEN, NO","  53.2","24","  46.5","24","9999.9"," 0","999.9"," 0","999.9"," 0"," 16.0","24"," 27.8"," 39.2","  59.0"," ","  49.8"," "," 0.00","G","999.9","000000"
"01220099999","2020-08-22","62.45","7.7666666","1294.0","MANNEN, NO","  49.3","24","  42.4","24","9999.9"," 0","999.9"," 0","999.9"," 0"," 15.0","24"," 21.0"," 32.6","  56.1"," ","  44.1","*"," 0.03","G","999.9","000000"
"01220099999","2020-08-23","62.45","7.7666666","1294.0","MANNEN, NO","  36.6","24","  36.2","23","9999.9"," 0","999.9"," 0","999.9"," 0","  5.6","24"," 11.1"," 15.7","  43.3"," ","  31.3"," "," 0.28","G","999.9","000000"
"01220099999","2020-08-24","62.45","7.7666666","1294.0","MANNEN, NO","  32.1","24","  31.5","24","9999.9"," 0","999.9"," 0","999.9"," 0"," 13.6","24"," 17.7"," 24.5","  34.7"," ","  30.4"," "," 0.39","G","999.9","000000"
"01220099999","2020-08-25","62.45","7.7666666","1294.0","MANNEN, NO","  34.3","18","  33.5","18","9999.9"," 0","999.9"," 0","999.9"," 0"," 11.4","18"," 14.4"," 20.2","  37.6"," ","  31.8"," "," 0.08","G","999.9","000000"
"01220099999","2020-08-26","62.45","7.7666666","1294.0","MANNEN, NO","  39.1","20","  35.8","19","9999.9"," 0","999.9"," 0","999.9"," 0","  2.3","20","  4.7"," 10.9","  43.9"," ","  31.5"," "," 0.03","G","999.9","000000"
"01220099999","2020-08-27","62.45","7.7666666","1294.0","MANNEN, NO","  39.6","24","  36.1","22","9999.9"," 0","999.9"," 0","999.9"," 0","  2.6","23","  5.1"," 13.2","  45.5"," ","  36.0"," "," 0.00","G","999.9","000000"
"01220099999","2020-08-28","62.45","7.7666666","1294.0","MANNEN, NO","  40.3","24","  38.1","24","9999.9"," 0","999.9"," 0","999.9"," 0","  3.8","23","  9.7"," 12.0","  47.3"," ","  37.6"," "," 0.00","G","999.9","000000"
"01220099999","2020-08-29","62.45","7.7666666","1294.0","MANNEN, NO","  39.1","24","  37.9","24","9999.9"," 0","999.9"," 0","999.9"," 0","  2.9","23","  7.6"," 13.2","  43.7"," ","  35.2"," "," 0.17","G","999.9","000000"
"01220099999","2020-08-30","62.45","7.7666666","1294.0","MANNEN, NO","  33.4","24","  32.4","21","9999.9"," 0","999.9"," 0","999.9"," 0","  2.6","24","  5.1"," 15.0","  36.9"," ","  30.6"," "," 0.55","G","999.9","000000"
"01220099999","2020-08-31","62.45","7.7666666","1294.0","MANNEN, NO","  38.5","24","  32.3","24","9999.9"," 0","999.9"," 0","999.9"," 0","  3.1","24","  5.6"," 12.2","  45.3"," ","  30.6"," "," 0.15","G","999.9","000000"
"01220099999","2020-09-01","62.45","7.7666666","1294.0","MANNEN, NO","  47.1","22","  31.0","22","9999.9"," 0","999.9"," 0","999.9"," 0","  6.0","22","  9.9"," 15.5","  54.7"," ","  39.6","*"," 0.00","G","999.9","000000"
"01220099999","2020-09-02","62.45","7.7666666","1294.0","MANNEN, NO","  47.8","21","  31.3","21","9999.9"," 0","999.9"," 0","999.9"," 0"," 15.0","21"," 22.0"," 31.5","  54.0"," ","  42.1"," "," 0.01","A","999.9","000000"
"01220099999","2020-09-03","62.45","7.7666666","1294.0","MANNEN, NO","  43.5"," 7","  32.2"," 7","9999.9"," 0","999.9"," 0","999.9"," 0"," 19.5"," 7"," 22.7"," 35.4","  45.5"," ","  41.4"," "," 0.00","I","999.9","000000"
"01220099999","2020-09-07","62.45","7.7666666","1294.0","MANNEN, NO","  41.2","16","  34.0","16","9999.9"," 0","999.9"," 0","999.9"," 0"," 18.9","16"," 28.9"," 46.8","  44.1"," ","  37.9"," "," 0.08","E","999.9","000000"
"01220099999","2020-09-08","62.45","7.7666666","1294.0","MANNEN, NO","  39.1","20","  35.4","20","9999.9"," 0","999.9"," 0","999.9"," 0"," 17.1","20"," 21.8"," 37.9","  41.7"," ","  37.0"," "," 0.01","A","999.9","000000"
"01220099999","2020-09-09","62.45","7.7666666","1294.0","MANNEN, NO","  35.1","21","  33.8","21","9999.9"," 0","999.9"," 0","999.9"," 0","  8.5","21"," 21.0"," 32.4","  39.6"," ","  29.8"," "," 0.02","A","999.9","000000"
"01220099999","2020-09-10","62.45","7.7666666","1294.0","MANNEN, NO","  30.2","21","  28.0","21","9999.9"," 0","999.9"," 0","999.9"," 0","  5.9","21"," 14.6"," 20.0","  33.8"," ","  27.9"," "," 0.00","I","999.9","000000"
"01220099999","2020-09-11","62.45","7.7666666","1294.0","MANNEN, NO","  37.9","21","  31.5","21","9999.9"," 0","999.9"," 0","999.9"," 0"," 17.8","21"," 27.8"," 39.6","  40.5"," ","  34.3"," "," 0.00","I","999.9","000000"
"01220099999","2020-09-12","62.45","7.7666666","1294.0","MANNEN, NO","  35.4","20","  30.6","20","9999.9"," 0","999.9"," 0","999.9"," 0"," 16.2","20"," 22.3"," 36.7","  38.3"," ","  32.0"," "," 0.02","A","999.9","000000"
"01220099999","2020-09-13","62.45","7.7666666","1294.0","MANNEN, NO","  36.6","21","  31.3","21","9999.9"," 0","999.9"," 0","999.9"," 0"," 17.0","21"," 26.0"," 43.9","  40.1"," ","  33.3"," "," 0.01","A","999.9","000000"
"01220099999","2020-09-14","62.45","7.7666666","1294.0","MANNEN, NO","  38.8","22","  37.9","15","9999.9"," 0","999.9"," 0","999.9"," 0","  4.0","22","  9.3"," 15.9","  42.1"," ","  36.0","*"," 0.02","A","999.9","000000"
"01220099999","2020-09-15","62.45","7.7666666","1294.0","MANNEN, NO","  44.2","20","  43.7","11","9999.9"," 0","999.9"," 0","999.9"," 0","  7.8","20"," 19.2"," 25.1","  46.2"," ","  41.7"," "," 0.07","A","999.9","000000"
"01220099999","2020-09-16","62.45","7.7666666","1294.0","MANNEN, NO","  30.9","20","  29.6","20","9999.9"," 0","999.9"," 0","999.9"," 0","  3.7","20"," 10.5"," 28.9","  40.3"," ","  28.6"," "," 0.10","E","999.9","000000"
"01220099999","2020-09-17","62.45","7.7666666","1294.0","MANNEN, NO","  39.6","24","  18.6","24","9999.9"," 0","999.9"," 0","999.9"," 0"," 12.5","24"," 21.0"," 31.9","  44.1"," ","  28.2"," "," 0.00","I","999.9","000000"
"01220099999","2020-09-18","62.45","7.7666666","1294.0","MANNEN, NO","  40.5","21","  38.9","21","9999.9"," 0","999.9"," 0","999.9"," 0"," 10.5","21"," 18.6"," 35.2","  45.0"," ","  35.6"," "," 0.00","I","999.9","000000"
"01220099999","2020-09-19","62.45","7.7666666","1294.0","MANNEN, NO","  38.2","20","  28.1","20","9999.9"," 0","999.9"," 0","999.9"," 0","  9.4","20"," 17.3"," 21.8","  44.4"," ","  31.6"," "," 0.00","I","999.9","000000"
"01220099999","2020-09-20","62.45","7.7666666","1294.0","MANNEN, NO","  41.8","20","  38.1","20","9999.9"," 0","999.9"," 0","999.9"," 0"," 14.1","20"," 19.0"," 36.7","  44.8"," ","  39.4"," "," 0.00","I","999.9","000000"
"01220099999","2020-09-21","62.45","7.7666666","1294.0","MANNEN, NO","  43.4","20","  37.7","20","9999.9"," 0","999.9"," 0","999.9"," 0"," 21.6","20"," 31.5"," 48.2","  46.8"," ","  37.4"," "," 0.00","I","999.9","000000"
"01220099999","2020-09-22","62.45","7.7666666","1294.0","MANNEN, NO","  39.5","23","  36.2","22","9999.9"," 0","999.9"," 0","999.9"," 0"," 10.5","23"," 23.3"," 35.7","  46.2"," ","  32.4"," "," 0.43","G","999.9","000000"
"01220099999","2020-09-23","62.45","7.7666666","1294.0","MANNEN, NO","  37.4","21","  34.0","21","9999.9"," 0","999.9"," 0","999.9"," 0","  8.8","21"," 26.6"," 44.1","  48.7"," ","  29.7"," "," 0.00","G","999.9","000000"
"01220099999","2020-09-24","62.45","7.7666666","1294.0","MANNEN, NO","  36.3","21","  34.4","20","9999.9"," 0","999.9"," 0","999.9"," 0"," 13.7","21"," 23.3"," 41.0","  43.7"," ","  30.0"," "," 0.07","A","999.9","000000"
"01220099999","2020-09-25","62.45","7.7666666","1294.0","MANNEN, NO","  31.3","21","  29.2","21","9999.9"," 0","999.9"," 0","999.9"," 0","  2.7","21"," 10.5"," 24.5","  34.3"," ","  28.8"," "," 0.13","A","999.9","000000"
"01220099999","2020-09-26","62.45","7.7666666","1294.0","MANNEN, NO","  31.3","22","  29.6","22","9999.9"," 0","999.9"," 0","999.9"," 0","  4.9","22","  7.6"," 15.0","  34.0"," ","  28.6"," "," 0.00","I","  1.2","000000"
"01220099999","2020-09-27","62.45","7.7666666","1294.0","MANNEN, NO","  41.8","21","  41.3","18","9999.9"," 0","999.9"," 0","999.9"," 0","  7.9","21"," 13.4"," 25.4","  52.7"," ","  32.9"," "," 0.00","I","999.9","000000"
"01220099999","2020-09-28","62.45","7.7666666","1294.0","MANNEN, NO","  48.7","22","  43.9","18","9999.9"," 0","999.9"," 0","999.9"," 0","  9.6","22"," 15.7"," 21.8","  56.3"," ","  44.1"," "," 0.00","I","999.9","000000"
"01220099999","2020-09-29","62.45","7.7666666","1294.0","MANNEN, NO","  44.3","21","  42.7","19","9999.9"," 0","999.9"," 0","999.9"," 0","  8.1","21"," 11.7"," 17.1","  52.7"," ","  42.1"," "," 0.00","I","999.9","000000"
"01220099999","2020-09-30","62.45","7.7666666","1294.0","MANNEN, NO","  41.8","20","  38.9","19","9999.9"," 0","999.9"," 0","999.9"," 0"," 12.5","20"," 18.8"," 29.7","  43.9"," ","  38.7"," "," 0.00","I","999.9","000000"
"01220099999","2020-10-01","62.45","7.7666666","1294.0","MANNEN, NO","  41.9","22","  38.2","21","9999.9"," 0","999.9"," 0","999.9"," 0"," 17.4","22"," 22.3"," 35.7","  47.3"," ","  37.4"," "," 0.00","I","999.9","000000"
"01220099999","2020-10-02","62.45","7.7666666","1294.0","MANNEN, NO","  40.4","20","  36.5","20","9999.9"," 0","999.9"," 0","999.9"," 0"," 18.0","20"," 27.0"," 41.4","  43.5"," ","  38.1"," "," 0.00","I","999.9","000000"
"01220099999","2020-10-03","62.45","7.7666666","1294.0","MANNEN, NO","  39.9","22","  38.1","19","9999.9"," 0","999.9"," 0","999.9"," 0"," 22.2","22"," 35.5"," 45.8","  43.2"," ","  38.8"," "," 0.00","I","999.9","000000"
"01220099999","2020-10-04","62.45","7.7666666","1294.0","MANNEN, NO","  41.6","21","  41.4","13","9999.9"," 0","999.9"," 0","999.9"," 0"," 22.9","21"," 35.7"," 44.5","  45.1"," ","  38.7","*"," 0.00","I","999.9","000000"
"01220099999","2020-10-05","62.45","7.7666666","1294.0","MANNEN, NO","  42.6","22","  41.2","20","9999.9"," 0","999.9"," 0","999.9"," 0","  8.4","22"," 17.7"," 41.8","  45.0"," ","  37.8"," "," 0.02","A","999.9","000000"
"01220099999","2020-10-06","62.45","7.7666666","1294.0","MANNEN, NO","  39.2","22","  35.4","22","9999.9"," 0","999.9"," 0","999.9"," 0"," 12.7","22"," 26.8"," 37.9","  43.7"," ","  35.2"," "," 0.00","I","999.9","000000"
"01220099999","2020-10-07","62.45","7.7666666","1294.0","MANNEN, NO","  40.0","21","  36.7","21","9999.9"," 0","999.9"," 0","999.9"," 0","  6.2","21"," 11.7"," 15.7","  42.8"," ","  37.8"," "," 0.05","E","999.9","000000"
"01220099999","2020-10-08","62.45","7.7666666","1294.0","MANNEN, NO","  36.9","21","  35.7","19","9999.9"," 0","999.9"," 0","999.9"," 0","  3.0","21","  6.8"," 12.0","  40.1"," ","  34.5"," "," 0.00","I","999.9","000000"
"01220099999","2020-10-09","62.45","7.7666666","1294.0","MANNEN, NO","  32.4","20","  32.1","18","9999.9"," 0","999.9"," 0","999.9"," 0","  4.0","20"," 13.6"," 17.9","  35.2"," ","  30.0"," "," 0.00","I","999.9","000000"
"01220099999","2020-10-10","62.45","7.7666666","1294.0","MANNEN, NO","  33.4","19","  31.1","19","9999.9"," 0","999.9"," 0","999.9"," 0","  5.1","19"," 12.6"," 16.9","  37.4"," ","  30.7"," "," 0.00","I","999.9","000000"
"01220099999","2020-10-11","62.45","7.7666666","1294.0","MANNEN, NO","  32.1","21","9999.9"," 0","9999.9"," 0","999.9"," 0","999.9"," 0","  2.5","21","  6.2"," 15.5","  33.4"," ","  30.6"," "," 0.00","I","  0.4","000000"
"01220099999","2020-10-12","62.45","7.7666666","1294.0","MANNEN, NO","  29.8","19","  29.3","16","9999.9"," 0","999.9"," 0","999.9"," 0","  1.4","19","  4.9"," 12.6","  32.4"," ","  27.0"," "," 0.60","G","999.9","000000"
"01220099999","2020-10-13","62.45","7.7666666","1294.0","MANNEN, NO","  31.1","19","  25.6","19","9999.9"," 0","999.9"," 0","999.9"," 0","  1.5","19","  4.1","  9.9","  37.0"," ","  25.7"," "," 0.00","G","999.9","000000"
"01220099999","2020-10-14","62.45","7.7666666","1294.0","MANNEN, NO","  29.3","20","  25.9","20","9999.9"," 0","999.9"," 0","999.9"," 0","  3.1","20","  8.4"," 14.2","  32.7"," ","  26.6"," "," 0.00","I","999.9","000000"
"01220099999","2020-10-15","62.45","7.7666666","1294.0","MANNEN, NO","  38.6","22","  26.9","22","9999.9"," 0","999.9"," 0","999.9"," 0","  2.3","22","  5.8"," 13.0","  49.8"," ","  28.0"," "," 0.00","I","999.9","000000"
"01220099999","2020-10-16","62.45","7.7666666","1294.0","MANNEN, NO","  35.3","21","  31.7","18","9999.9"," 0","999.9"," 0","999.9"," 0","  4.2","21","  9.1"," 16.1","  41.9"," ","  28.9"," "," 0.00","I","  1.2","000000"
"01220099999","2020-10-17","62.45","7.7666666","1294.0","MANNEN, NO","  28.0","24","  26.6","24","9999.9"," 0","999.9"," 0","999.9"," 0","  7.5","24"," 11.8"," 23.1","  39.0"," ","  23.2"," "," 1.57","G","  0.8","000000"
"01220099999","2020-10-18","62.45","7.7666666","1294.0","MANNEN, NO","  23.1","21","  22.0","21","9999.9"," 0","999.9"," 0","999.9"," 0","  5.1","21","  7.4"," 20.4","  24.3"," ","  22.3"," "," 0.00","G","  0.4","000000"
"01220099999","2020-10-19","62.45","7.7666666","1294.0","MANNEN, NO","  21.7","20","  20.1","20","9999.9"," 0","999.9"," 0","999.9"," 0","  4.0","20","  8.7"," 15.7","  24.4"," ","  18.1"," "," 0.00","I","999.9","000000"
"01220099999","2020-10-20","62.45","7.7666666","1294.0","MANNEN, NO","  22.7","19","  21.2","19","9999.9"," 0","999.9"," 0","999.9"," 0"," 10.0","19"," 16.1"," 24.7","  26.6"," ","  19.0"," "," 0.00","I","999.9","000000"
"01220099999","2020-10-21","62.45","7.7666666","1294.0","MANNEN, NO","  28.5","22","  28.1","22","9999.9"," 0","999.9"," 0","999.9"," 0","  3.7","22","  5.2"," 11.1","  30.9"," ","  22.8"," "," 0.26","G","999.9","000000"
"01220099999","2020-10-22","62.45","7.7666666","1294.0","MANNEN, NO","  24.1","20","  23.2","20","9999.9"," 0","999.9"," 0","999.9"," 0","  3.8","20","  6.4"," 13.2","  30.6"," ","  19.2"," "," 0.00","G","999.9","000000"
"01220099999","2020-10-23","62.45","7.7666666","1294.0","MANNEN, NO","  20.0","21","  14.2","21","9999.9"," 0","999.9"," 0","999.9"," 0","  4.5","21","  8.2"," 13.8","  22.8"," ","  16.7"," "," 0.00","I"," 18.9","000000"
"01220099999","2020-10-24","62.45","7.7666666","1294.0","MANNEN, NO","  26.7","20","  23.9","20","9999.9"," 0","999.9"," 0","999.9"," 0","  8.4","20"," 17.5"," 29.3","  31.6"," ","  21.9"," "," 0.00","I","999.9","000000"
"01220099999","2020-10-25","62.45","7.7666666","1294.0","MANNEN, NO","  33.7","22","  28.1","22","9999.9"," 0","999.9"," 0","999.9"," 0"," 20.5","22"," 31.9"," 46.2","  40.5"," ","  25.0"," "," 0.02","G","999.9","000000"
"01220099999","2020-10-26","62.45","7.7666666","1294.0","MANNEN, NO","  32.1","22","  23.8","22","9999.9"," 0","999.9"," 0","999.9"," 0"," 14.9","22"," 22.0"," 30.5","  34.3"," ","  28.4"," "," 0.00","G"," 13.0","000000"
"01220099999","2020-10-27","62.45","7.7666666","1294.0","MANNEN, NO","  30.3","21","  27.1","21","9999.9"," 0","999.9"," 0","999.9"," 0","  5.6","21","  9.3"," 20.8","  32.9"," ","  27.7"," "," 0.00","I"," 13.0","000000"
"01220099999","2020-10-28","62.45","7.7666666","1294.0","MANNEN, NO","  29.4","13","  27.0","13","9999.9"," 0","999.9"," 0","999.9"," 0"," 10.2","13"," 18.5"," 27.8","  32.9"," ","  26.8"," "," 0.00","I","999.9","000000"
"01220099999","2020-10-30","62.45","7.7666666","1294.0","MANNEN, NO","  34.2"," 8","  30.6"," 8","9999.9"," 0","999.9"," 0","999.9"," 0"," 14.6"," 8"," 23.5"," 32.4","  36.7"," ","  30.2"," "," 0.00","I","999.9","000000"
"01220099999","2020-10-31","62.45","7.7666666","1294.0","MANNEN, NO","  30.6","21","  26.5","21","9999.9"," 0","999.9"," 0","999.9"," 0"," 17.7","21"," 44.1"," 60.2","  36.3"," ","  27.7"," "," 0.00","I"," 13.0","000000"
"01220099999","2020-11-01","62.45","7.7666666","1294.0","MANNEN, NO","  36.1","21","  28.5","21","9999.9"," 0","999.9"," 0","999.9"," 0"," 27.6","21"," 43.7"," 63.1","  40.5"," ","  32.0"," "," 0.00","I","999.9","000000"
"01220099999","2020-11-02","62.45","7.7666666","1294.0","MANNEN, NO","  33.5","21","  28.7","21","9999.9"," 0","999.9"," 0","999.9"," 0"," 19.6","21"," 36.1"," 47.8","  37.2"," ","  29.8"," "," 0.00","I","999.9","000000"
"01220099999","2020-11-03","62.45","7.7666666","1294.0","MANNEN, NO","  30.3","21","  25.2","21","9999.9"," 0","999.9"," 0","999.9"," 0"," 19.6","21"," 25.4"," 41.2","  32.0"," ","  28.4"," "," 0.00","I"," 11.0","000000"
"01220099999","2020-11-04","62.45","7.7666666","1294.0","MANNEN, NO","  27.8","21","  26.3","21","9999.9"," 0","999.9"," 0","999.9"," 0"," 16.0","21"," 37.1"," 50.3","  32.0"," ","  26.1"," "," 0.00","I","999.9","000000"
"01220099999","2020-11-05","62.45","7.7666666","1294.0","MANNEN, NO","  36.5","20","  31.1","19","9999.9"," 0","999.9"," 0","999.9"," 0"," 20.5","20"," 28.4"," 41.0","  45.1"," ","  32.2"," "," 0.00","I","  9.8","000000"
"01220099999","2020-11-06","62.45","7.7666666","1294.0","MANNEN, NO","  38.3","21","  32.9","21","9999.9"," 0","999.9"," 0","999.9"," 0"," 18.0","21"," 24.5"," 47.4","  45.7"," ","  35.1","*"," 0.00","I","  5.9","000000"
"01220099999","2020-11-07","62.45","7.7666666","1294.0","MANNEN, NO","  35.3","20","  34.1","20","9999.9"," 0","999.9"," 0","999.9"," 0","  9.1","20"," 17.7"," 22.0","  41.2"," ","  31.3"," "," 0.00","I","999.9","000000"
"01220099999","2020-11-08","62.45","7.7666666","1294.0","MANNEN, NO","  31.1","21","  30.6","18","9999.9"," 0","999.9"," 0","999.9"," 0","  9.4","21"," 13.6"," 18.3","  32.0"," ","  29.8"," "," 0.00","I","999.9","000000"
"01220099999","2020-11-09","62.45","7.7666666","1294.0","MANNEN, NO","  37.3","22","  26.8","22","9999.9"," 0","999.9"," 0","999.9"," 0","  5.1","22","  9.9"," 14.4","  41.9"," ","  30.7"," "," 0.00","I","999.9","000000"
"01220099999","2020-11-10","62.45","7.7666666","1294.0","MANNEN, NO","  41.2","21","  34.3","21","9999.9"," 0","999.9"," 0","999.9"," 0","  4.7","21","  8.4"," 15.5","  43.3"," ","  37.9"," "," 0.05","G","  3.5","000000"
"01220099999","2020-11-11","62.45","7.7666666","1294.0","MANNEN, NO","  37.0","22","  32.0","22","9999.9"," 0","999.9"," 0","999.9"," 0","  7.1","22"," 12.4"," 19.0","  41.0"," ","  30.6"," "," 0.00","G","  2.4","000000"
"01220099999","2020-11-12","62.45","7.7666666","1294.0","MANNEN, NO","  33.4","21","  29.5","21","9999.9"," 0","999.9"," 0","999.9"," 0"," 15.2","21"," 23.1"," 30.1","  37.4"," ","  30.0"," "," 0.00","I","  2.8","000000"
"01220099999","2020-11-13","62.45","7.7666666","1294.0","MANNEN, NO","  29.8","20","  27.2","20","9999.9"," 0","999.9"," 0","999.9"," 0"," 19.9","20"," 30.9"," 46.2","  34.5"," ","  27.7"," "," 0.00","I","999.9","000000"
"01220099999","2020-11-14","62.45","7.7666666","1294.0","MANNEN, NO","  31.9","24","  25.5","24","9999.9"," 0","999.9"," 0","999.9"," 0"," 16.5","24"," 22.5"," 36.3","  34.9"," ","  28.4"," "," 2.36","G","  2.4","000000"
"01220099999","2020-11-15","62.45","7.7666666","1294.0","MANNEN, NO","  34.0","20","  31.5","20","9999.9"," 0","999.9"," 0","999.9"," 0"," 23.0","20"," 28.6"," 44.9","  39.2"," ","  28.8"," "," 0.00","G","999.9","000000"
"01220099999","2020-11-16","62.45","7.7666666","1294.0","MANNEN, NO","  35.9","18","  31.3","18","9999.9"," 0","999.9"," 0","999.9"," 0"," 20.8","18"," 30.7"," 48.8","  41.4"," ","  31.6"," "," 0.01","A","999.9","000000"
"01220099999","2020-11-17","62.45","7.7666666","1294.0","MANNEN, NO","  32.0","21","  28.4","21","9999.9"," 0","999.9"," 0","999.9"," 0"," 13.2","21"," 25.4"," 38.9","  34.3"," ","  29.8"," "," 0.00","I","999.9","000000"
"01220099999","2020-11-18","62.45","7.7666666","1294.0","MANNEN, NO","  28.2","17","  27.8","17","9999.9"," 0","999.9"," 0","999.9"," 0","  0.0","12","999.9"," 15.7","  32.0"," ","  21.6"," "," 0.22","G","999.9","000000"
"01220099999","2020-11-19","62.45","7.7666666","1294.0","MANNEN, NO","  17.0","24","  15.5","24","9999.9"," 0","999.9"," 0","999.9"," 0","999.9"," 0","999.9","999.9","  25.3"," ","  12.9"," "," 1.60","G","  0.4","000000"
"01220099999","2020-11-20","62.45","7.7666666","1294.0","MANNEN, NO","  18.4","22","  16.9","22","9999.9"," 0","999.9"," 0","999.9"," 0","999.9"," 0","999.9","999.9","  21.7"," ","  15.3"," "," 1.42","G","999.9","000000"
"01220099999","2020-11-21","62.45","7.7666666","1294.0","MANNEN, NO","  26.9","20","  25.7","18","9999.9"," 0","999.9"," 0","999.9"," 0"," 27.6","19"," 41.4"," 62.9","  32.0"," ","  23.9"," "," 0.00","G","999.9","000000"
"01220099999","2020-11-22","62.45","7.7666666","1294.0","MANNEN, NO","  25.5","20","  24.8","20","9999.9"," 0","999.9"," 0","999.9"," 0"," 15.0","20"," 27.4"," 42.0","  27.0"," ","  23.7"," "," 0.00","I","999.9","000000"
"01220099999","2020-11-23","62.45","7.7666666","1294.0","MANNEN, NO","  23.6","17","  22.7","17","9999.9"," 0","999.9"," 0","999.9"," 0","  8.4","17"," 21.0"," 28.6","  28.8"," ","  21.6"," "," 0.00","I","999.9","000000"
"01220099999","2020-11-24","62.45","7.7666666","1294.0","MANNEN, NO","  28.0","23","  27.6","23","9999.9"," 0","999.9"," 0","999.9"," 0"," 14.3","23"," 19.8"," 33.4","  29.5"," ","  26.6"," "," 0.00","I"," 31.1","000000"
"01220099999","2020-11-25","62.45","7.7666666","1294.0","MANNEN, NO","  29.3","21","  28.3","21","9999.9"," 0","999.9"," 0","999.9"," 0"," 16.5","21"," 29.5"," 43.1","  35.4"," ","  26.4"," "," 0.00","I","999.9","000000"
"01220099999","2020-11-26","62.45","7.7666666","1294.0","MANNEN, NO","  25.3","20","  24.0","20","9999.9"," 0","999.9"," 0","999.9"," 0","  9.0","20"," 15.9"," 22.3","  26.8"," ","  22.3"," "," 0.00","I","999.9","000000"
"01220099999","2020-11-27","62.45","7.7666666","1294.0","MANNEN, NO","  24.4","22","  12.9","22","9999.9"," 0","999.9"," 0","999.9"," 0","  5.3","22","  9.9"," 14.2","  28.9"," ","  19.9"," "," 0.00","I"," 28.3","000000"
"01220099999","2020-11-28","62.45","7.7666666","1294.0","MANNEN, NO","  24.9","22","  14.8","22","9999.9"," 0","999.9"," 0","999.9"," 0","  7.2","22"," 15.2"," 19.4","  28.0"," ","  21.0"," "," 0.00","I"," 30.7","000000"
"01220099999","2020-11-29","62.45","7.7666666","1294.0","MANNEN, NO","  28.5","22","  21.9","22","9999.9"," 0","999.9"," 0","999.9"," 0"," 11.9","22"," 26.0"," 36.5","  31.5"," ","  22.5"," "," 0.00","I"," 26.0","000000"
"01220099999","2020-11-30","62.45","7.7666666","1294.0","MANNEN, NO","  28.6","21","  26.1","21","9999.9"," 0","999.9"," 0","999.9"," 0","  9.8","21"," 23.5"," 35.5","  32.9"," ","  25.0"," "," 0.00","I","999.9","000000"
"01220099999","2020-12-01","62.45","7.7666666","1294.0","MANNEN, NO","  23.1","20","  18.6","20","9999.9"," 0","999.9"," 0","999.9"," 0","  4.8","20"," 11.5"," 21.2","  30.6"," ","  19.8"," "," 0.00","I","999.9","000000"
"01220099999","2020-12-02","62.45","7.7666666","1294.0","MANNEN, NO","  27.6","20","  20.9","20","9999.9"," 0","999.9"," 0","999.9"," 0"," 18.1","20"," 24.5"," 40.2","  32.2"," ","  23.5"," "," 0.00","I","999.9","000000"
"01220099999","2020-12-03","62.45","7.7666666","1294.0","MANNEN, NO","  23.5","20","  19.5","20","9999.9"," 0","999.9"," 0","999.9"," 0"," 26.1","20"," 34.4"," 46.0","  27.5"," ","  20.3"," "," 0.00","I"," 22.4","000000"
"01220099999","2020-12-04","62.45","7.7666666","1294.0","MANNEN, NO","  19.2","22","  15.8","22","9999.9"," 0","999.9"," 0","999.9"," 0"," 14.2","22"," 25.1"," 40.4","  23.2"," ","  17.6"," "," 0.00","I","999.9","000000"
"01220099999","2020-12-05","62.45","7.7666666","1294.0","MANNEN, NO","  21.5","23","  18.7","23","9999.9"," 0","999.9"," 0","999.9"," 0","  4.6","23"," 13.6"," 18.5","  25.5"," ","  18.0"," "," 0.00","I","999.9","000000"
"01220099999","2020-12-06","62.45","7.7666666","1294.0","MANNEN, NO","  23.3","20","  20.1","20","9999.9"," 0","999.9"," 0","999.9"," 0","  7.6","20"," 16.3"," 21.0","  27.1"," ","  18.3"," "," 0.00","I","999.9","000000"
"01220099999","2020-12-07","62.45","7.7666666","1294.0","MANNEN, NO","  27.1","21","  24.4","21","9999.9"," 0","999.9"," 0","999.9"," 0"," 15.8","21"," 20.4"," 32.6","  30.2"," ","  22.1"," "," 0.00","I"," 22.0","000000"
"01220099999","2020-12-08","62.45","7.7666666","1294.0","MANNEN, NO","  26.4","18","  24.6","18","9999.9"," 0","999.9"," 0","999.9"," 0"," 10.8","18"," 22.0"," 31.1","  30.2"," ","  23.7"," "," 0.00","I","999.9","000000"
"01220099999","2020-12-09","62.45","7.7666666","1294.0","MANNEN, NO","  23.7","21","  19.5","21","9999.9"," 0","999.9"," 0","999.9"," 0","  7.9","21"," 13.2"," 22.3","  27.7"," ","  18.1"," "," 0.00","I","999.9","000000"
"01220099999","2020-12-10","62.45","7.7666666","1294.0","MANNEN, NO","  22.9","17","  20.2","17","9999.9"," 0","999.9"," 0","999.9"," 0"," 15.1","17"," 24.7"," 33.6","  25.2"," ","  19.6"," "," 0.00","I"," 16.1","000000"
"01220099999","2020-12-11","62.45","7.7666666","1294.0","MANNEN, NO","  20.9","20","  18.3","20","9999.9"," 0","999.9"," 0","999.9"," 0"," 16.0","20"," 23.1"," 38.3","  23.9"," ","  19.0"," "," 0.00","I","999.9","000000"
"01220099999","2020-12-12","62.45","7.7666666","1294.0","MANNEN, NO","  19.5","20","  17.5","20","9999.9"," 0","999.9"," 0","999.9"," 0","  9.6","20"," 14.6"," 19.0","  23.0"," ","  16.9"," "," 0.00","I","999.9","000000"
"01220099999","2020-12-13","62.45","7.7666666","1294.0","MANNEN, NO","  20.2","22","  17.5","22","9999.9"," 0","999.9"," 0","999.9"," 0","  8.1","22"," 13.4"," 23.7","  24.6"," ","  18.1"," "," 0.00","I"," 15.4","000000"
"01220099999","2020-12-14","62.45","7.7666666","1294.0","MANNEN, NO","  24.4","20","  21.0","20","9999.9"," 0","999.9"," 0","999.9"," 0"," 20.8","20"," 27.6"," 41.2","  27.5"," ","  20.1"," "," 0.00","I","999.9","000000"
"01220099999","2020-12-15","62.45","7.7666666","1294.0","MANNEN, NO","  27.8","20","  24.2","20","9999.9"," 0","999.9"," 0","999.9"," 0","  5.1","20","  8.9"," 12.4","  30.9"," ","  21.9"," "," 0.00","I","999.9","000000"
"01220099999","2020-12-16","62.45","7.7666666","1294.0","MANNEN, NO","  28.9","21","  25.7","21","9999.9"," 0","999.9"," 0","999.9"," 0","  9.2","21"," 14.6"," 17.3","  30.9"," ","  25.5"," "," 0.00","I"," 16.1","000000"
"01220099999","2020-12-17","62.45","7.7666666","1294.0","MANNEN, NO","  27.4","23","  24.1","23","9999.9"," 0","999.9"," 0","999.9"," 0"," 14.5","23"," 26.2"," 39.0","  30.0"," ","  23.5"," "," 0.00","I"," 15.0","000000"
"01220099999","2020-12-18","62.45","7.7666666","1294.0","MANNEN, NO","  27.3","19","  22.5","19","9999.9"," 0","999.9"," 0","999.9"," 0","  6.6","19"," 12.2"," 17.7","  32.2"," ","  24.1"," "," 0.00","I","999.9","000000"
"01220099999","2020-12-19","62.45","7.7666666","1294.0","MANNEN, NO","  39.5","11","  31.2","11","9999.9"," 0","999.9"," 0","999.9"," 0"," 22.4","11"," 27.0"," 41.4","  44.2"," ","  32.9"," "," 0.00","I","999.9","000000"
"01220099999","2020-12-20","62.45","7.7666666","1294.0","MANNEN, NO","  33.1","19","  22.6","19","9999.9"," 0","999.9"," 0","999.9"," 0"," 24.8","19"," 32.2"," 50.5","  35.6"," ","  30.4"," "," 0.00","I","999.9","000000"
"01220099999","2020-12-21","62.45","7.7666666","1294.0","MANNEN, NO","  29.6","14","  21.8","14","9999.9"," 0","999.9"," 0","999.9"," 0"," 15.9","14"," 23.9"," 38.5","  32.2"," ","  27.7"," "," 0.00","I","999.9","000000"
"01220099999","2020-12-22","62.45","7.7666666","1294.0","MANNEN, NO","  26.4","17","  22.5","17","9999.9"," 0","999.9"," 0","999.9"," 0"," 15.1","17"," 23.7"," 35.9","  29.1"," ","  24.8"," "," 0.00","I","999.9","000000"
"01220099999","2020-12-23","62.45","7.7666666","1294.0","MANNEN, NO","  23.2","20","  22.3","20","9999.9"," 0","999.9"," 0","999.9"," 0","  4.7","20","  9.5"," 21.2","  25.9"," ","  19.9"," "," 0.00","I","  0.4","000000"
"01220099999","2020-12-24","62.45","7.7666666","1294.0","MANNEN, NO","  18.7","20","  17.3","20","9999.9"," 0","999.9"," 0","999.9"," 0","  2.3","20","  4.7"," 18.1","  20.3"," ","  17.2"," "," 0.00","I","999.9","000000"
"01220099999","2020-12-25","62.45","7.7666666","1294.0","MANNEN, NO","  17.0","20","  15.5","20","9999.9"," 0","999.9"," 0","999.9"," 0","  3.8","20","  7.2"," 12.6","  24.4"," ","  13.3"," "," 0.00","I","999.9","000000"
"01220099999","2020-12-26","62.45","7.7666666","1294.0","MANNEN, NO","  22.9","21","  19.8","21","9999.9"," 0","999.9"," 0","999.9"," 0"," 17.0","21"," 28.2"," 39.6","  26.8"," ","  17.8"," "," 0.00","I"," 49.6","000000"
"01220099999","2020-12-27","62.45","7.7666666","1294.0","MANNEN, NO","  24.4","19","  21.3","19","9999.9"," 0","999.9"," 0","999.9"," 0"," 30.8","19"," 42.3"," 61.2","  27.1"," ","  17.8"," "," 0.01","G","999.9","000000"
"01220099999","2020-12-28","62.45","7.7666666","1294.0","MANNEN, NO","  22.0","20","  19.0","20","9999.9"," 0","999.9"," 0","999.9"," 0"," 17.0","20"," 30.3"," 42.5","  25.3"," ","  19.8"," "," 0.00","G","999.9","000000"
"01220099999","2020-12-29","62.45","7.7666666","1294.0","MANNEN, NO","  23.4","21","  21.3","21","9999.9"," 0","999.9"," 0","999.9"," 0","  8.7","21"," 19.2"," 28.4","  25.7"," ","  21.9"," "," 0.00","I"," 13.8","000000"
"01220099999","2020-12-30","62.45","7.7666666","1294.0","MANNEN, NO","  23.8","20","  22.6","20","9999.9"," 0","999.9"," 0","999.9"," 0","  4.2","20","  9.7"," 13.0","  26.1"," ","  22.1"," "," 0.00","I","999.9","000000"
"01220099999","2020-12-31","62.45","7.7666666","1294.0","MANNEN, NO","  22.4","19","  21.4","19","9999.9"," 0","999.9"," 0","999.9"," 0","  1.9","19","  5.2"," 11.1","  25.3"," ","  18.0"," "," 0.00","I","999.9","000000"
