"STATION","DATE","LATITUDE","LONGITUDE","ELEVATION","NAME","TEMP","TEMP_ATTRIBUTES","DEWP","DEWP_ATTRIBUTES","SLP","SLP_ATTRIBUTES","STP","STP_ATTRIBUTES","VISIB","VISIB_ATTRIBUTES","WDSP","WDSP_ATTRIBUTES","MXSPD","GUST","MAX","MAX_ATTRIBUTES","MIN","MIN_ATTRIBUTES","PRCP","PRCP_ATTRIBUTES","SNDP","FRSHTT"
"02815099999","2020-01-01","67.2833333","28.1833333","180.0","SAVUKOSKI KK, FI","   4.2","24","   2.3","24","9999.9"," 0","999.9"," 0","999.9"," 0","  0.9","24","  2.1","999.9","  21.7","*","  -8.9"," "," 0.00","I","999.9","000000"
"02815099999","2020-01-02","67.2833333","28.1833333","180.0","SAVUKOSKI KK, FI","  29.5","24","  29.4","24","9999.9"," 0","999.9"," 0","999.9"," 0","  2.2","24","  6.4"," 13.4","  35.6","*","  14.9"," "," 0.00","I","999.9","000000"
"02815099999","2020-01-03","67.2833333","28.1833333","180.0","SAVUKOSKI KK, FI","  32.3","24","  29.6","20","9999.9"," 0","999.9"," 0","999.9"," 0","  5.7","24","  8.0"," 16.1","  36.1"," ","  23.9","*"," 0.00","I","999.9","000000"
"02815099999","2020-01-04","67.2833333","28.1833333","180.0","SAVUKOSKI KK, FI","  17.8","24","  14.3","24","9999.9"," 0","999.9"," 0","999.9"," 0","  3.4","24","  8.2"," 20.0","  31.3"," ","   9.5"," "," 0.00","I","999.9","000000"
"02815099999","2020-01-05","67.2833333","28.1833333","180.0","SAVUKOSKI KK, FI","   3.2","24","   0.4","24","9999.9"," 0","999.9"," 0","999.9"," 0","  1.7","24","  4.3"," 11.1","  23.5"," ","  -4.9"," "," 0.00","I","999.9","000000"
"02815099999","2020-01-06","67.2833333","28.1833333","180.0","SAVUKOSKI KK, FI","  21.0","24","  20.7","24","9999.9"," 0","999.9"," 0","999.9"," 0","  2.6","24","  5.8"," 11.8","  24.3"," ","  -4.7"," "," 0.00","I","999.9","000000"
"02815099999","2020-01-07","67.2833333","28.1833333","180.0","SAVUKOSKI KK, FI","  30.6","24","  30.4","22","9999.9"," 0","999.9"," 0","999.9"," 0","  3.7","24","  6.6"," 16.7","  33.1"," ","  22.3"," "," 0.00","I","999.9","000000"
"02815099999","2020-01-08","67.2833333","28.1833333","180.0","SAVUKOSKI KK, FI","  33.0","24","  33.0","18","9999.9"," 0","999.9"," 0","999.9"," 0","  5.4","24","  8.7"," 18.3","  34.2"," ","  29.5","*"," 0.00","I","999.9","000000"
"02815099999","2020-01-09","67.2833333","28.1833333","180.0","SAVUKOSKI KK, FI","  29.4","24","  24.1","24","9999.9"," 0","999.9"," 0","999.9"," 0","  6.5","24","  9.5"," 22.7","  34.3"," ","  26.2"," "," 0.00","I","999.9","000000"
"02815099999","2020-01-10","67.2833333","28.1833333","180.0","SAVUKOSKI KK, FI","  19.7","24","  15.2","24","9999.9"," 0","999.9"," 0","999.9"," 0","  3.5","24","  8.0"," 16.9","  30.7"," ","   1.9","*"," 0.00","I","999.9","000000"
"02815099999","2020-01-11","67.2833333","28.1833333","180.0","SAVUKOSKI KK, FI","  11.5","21","   9.7","21","9999.9"," 0","999.9"," 0","999.9"," 0","  1.5","21","  3.9"," 11.3","  27.1","*","  -0.0"," "," 0.00","I","999.9","000000"
"02815099999","2020-01-12","67.2833333","28.1833333","180.0","SAVUKOSKI KK, FI","  25.7","24","  25.5","24","9999.9"," 0","999.9"," 0","999.9"," 0","  2.0","24","  4.7"," 11.1","  29.1"," ","  14.9","*"," 0.00","I","999.9","000000"
"02815099999","2020-01-13","67.2833333","28.1833333","180.0","SAVUKOSKI KK, FI","  12.3","21","  11.2","21","9999.9"," 0","999.9"," 0","999.9"," 0","  1.4","21","  4.3","  9.7","  25.7","*","   1.0","*"," 0.00","I","999.9","000000"
"02815099999","2020-01-14","67.2833333","28.1833333","180.0","SAVUKOSKI KK, FI","  21.1","24","  20.6","24","9999.9"," 0","999.9"," 0","999.9"," 0","  2.2","24","  4.7"," 12.0","  30.7","*","  11.5"," "," 0.00","I","999.9","000000"
"02815099999","2020-01-15","67.2833333","28.1833333","180.0","SAVUKOSKI KK, FI","  27.3","24","  27.2","24","9999.9"," 0","999.9"," 0","999.9"," 0","  1.8","24","  4.3","  9.9","  32.0","*","  17.6","*"," 0.00","I","999.9","000000"
"02815099999","2020-01-16","67.2833333","28.1833333","180.0","SAVUKOSKI KK, FI","  17.5","24","  16.8","24","9999.9"," 0","999.9"," 0","999.9"," 0","  0.4","24","  1.9","999.9","  24.1"," ","  11.1"," "," 0.00","I","999.9","000000"
"02815099999","2020-01-17","67.2833333","28.1833333","180.0","SAVUKOSKI KK, FI","   5.7","24","   3.6","24","9999.9"," 0","999.9"," 0","999.9"," 0","  0.5","24","  1.7","999.9","  20.3"," "," -11.9","*"," 0.00","I","999.9","000000"
"02815099999","2020-01-18","67.2833333","28.1833333","180.0","SAVUKOSKI KK, FI","  14.3","24","  12.9","24","9999.9"," 0","999.9"," 0","999.9"," 0","  1.8","24","  3.3"," 10.1","  22.6","*"," -12.1"," "," 0.00","I","999.9","000000"
"02815099999","2020-01-19","67.2833333","28.1833333","180.0","SAVUKOSKI KK, FI","  19.3","24","  18.6","24","9999.9"," 0","999.9"," 0","999.9"," 0","  1.7","24","  3.1","999.9","  22.6"," ","  16.2"," "," 0.00","I","999.9","000000"
"02815099999","2020-01-20","67.2833333","28.1833333","180.0","SAVUKOSKI KK, FI","  26.1","24","  25.9","24","9999.9"," 0","999.9"," 0","999.9"," 0","  3.0","24","  4.7"," 11.3","  32.4","*","  16.9"," "," 0.00","I","999.9","000000"
"02815099999","2020-01-21","67.2833333","28.1833333","180.0","SAVUKOSKI KK, FI","  26.6","24","  25.2","23","9999.9"," 0","999.9"," 0","999.9"," 0","  3.1","24","  5.1"," 12.2","  33.1"," ","  18.5","*"," 0.00","I","999.9","000000"
"02815099999","2020-01-22","67.2833333","28.1833333","180.0","SAVUKOSKI KK, FI","  19.6","24","  16.8","24","9999.9"," 0","999.9"," 0","999.9"," 0","  4.6","24","  6.0"," 15.2","  25.7"," ","  15.3"," "," 0.00","I","999.9","000000"
"02815099999","2020-01-23","67.2833333","28.1833333","180.0","SAVUKOSKI KK, FI","   7.0","24","   5.0","24","9999.9"," 0","999.9"," 0","999.9"," 0","  2.6","24","  4.3"," 12.6","  16.5"," ","  -4.2"," "," 0.00","I","999.9","000000"
"02815099999","2020-01-24","67.2833333","28.1833333","180.0","SAVUKOSKI KK, FI","  12.1","24","  10.9","24","9999.9"," 0","999.9"," 0","999.9"," 0","  0.5","24","  3.1","999.9","  16.7"," ","   2.3","*"," 0.00","I","999.9","000000"
"02815099999","2020-01-25","67.2833333","28.1833333","180.0","SAVUKOSKI KK, FI","  -2.6","24","  -5.3","24","9999.9"," 0","999.9"," 0","999.9"," 0","  0.2","23","  1.4","999.9","   6.8"," "," -13.0"," "," 0.00","I","999.9","000000"
"02815099999","2020-01-26","67.2833333","28.1833333","180.0","SAVUKOSKI KK, FI"," -13.2","24"," -17.4","24","9999.9"," 0","999.9"," 0","999.9"," 0","  0.4","24","  1.9","999.9","   5.0"," "," -22.4"," "," 0.00","I","999.9","000000"
"02815099999","2020-01-27","67.2833333","28.1833333","180.0","SAVUKOSKI KK, FI"," -24.8","24"," -30.7","24","9999.9"," 0","999.9"," 0","999.9"," 0","  0.0","24","  1.0","999.9","  -4.0"," "," -28.7"," "," 0.00","I","999.9","000000"
"02815099999","2020-01-28","67.2833333","28.1833333","180.0","SAVUKOSKI KK, FI","  -9.8","24"," -14.0","24","9999.9"," 0","999.9"," 0","999.9"," 0","  0.9","24","  3.3","  9.7","   9.1","*"," -29.2"," "," 0.00","I","999.9","000000"
"02815099999","2020-01-29","67.2833333","28.1833333","180.0","SAVUKOSKI KK, FI","  13.1","24","  10.8","24","9999.9"," 0","999.9"," 0","999.9"," 0","  3.7","24","  4.9"," 13.6","  15.1","*","   6.1"," "," 0.00","I","999.9","000000"
"02815099999","2020-01-30","67.2833333","28.1833333","180.0","SAVUKOSKI KK, FI","  15.2","24","  12.7","24","9999.9"," 0","999.9"," 0","999.9"," 0","  4.5","24","  5.4"," 16.1","  15.8"," ","  13.6","*"," 0.00","I","999.9","000000"
"02815099999","2020-01-31","67.2833333","28.1833333","180.0","SAVUKOSKI KK, FI","  11.2","24","   7.8","24","9999.9"," 0","999.9"," 0","999.9"," 0","  5.7","24","  7.4"," 18.8","  15.6"," ","   7.7","*"," 0.00","I","999.9","000000"
"02815099999","2020-02-01","67.2833333","28.1833333","180.0","SAVUKOSKI KK, FI","   6.5","24","   3.0","24","9999.9"," 0","999.9"," 0","999.9"," 0","  4.7","24","  6.0"," 16.9","  10.4","*","   2.3"," "," 0.00","I","999.9","000000"
"02815099999","2020-02-02","67.2833333","28.1833333","180.0","SAVUKOSKI KK, FI","  12.9","24","  10.2","24","9999.9"," 0","999.9"," 0","999.9"," 0","  3.1","24","  5.2"," 12.6","  14.5","*","   7.0"," "," 0.00","I","999.9","000000"
"02815099999","2020-02-03","67.2833333","28.1833333","180.0","SAVUKOSKI KK, FI","  16.9","24","  14.6","24","9999.9"," 0","999.9"," 0","999.9"," 0","  3.4","24","  6.2"," 14.4","  26.2"," ","   7.9","*"," 0.00","I","999.9","000000"
"02815099999","2020-02-04","67.2833333","28.1833333","180.0","SAVUKOSKI KK, FI","  -8.0","23"," -11.8","23","9999.9"," 0","999.9"," 0","999.9"," 0","  0.6","22","  3.5","999.9","  15.3"," "," -15.3"," "," 0.00","I","999.9","000000"
"02815099999","2020-02-05","67.2833333","28.1833333","180.0","SAVUKOSKI KK, FI","  -8.6","24"," -12.6","24","9999.9"," 0","999.9"," 0","999.9"," 0","  1.0","24","  2.5","999.9","  -3.1"," "," -15.9"," "," 0.00","I","999.9","000000"
"02815099999","2020-02-06","67.2833333","28.1833333","180.0","SAVUKOSKI KK, FI","  11.5","24","   8.7","24","9999.9"," 0","999.9"," 0","999.9"," 0","  3.0","24","  5.2"," 14.8","  19.6"," "," -16.2"," "," 0.00","I","999.9","000000"
"02815099999","2020-02-07","67.2833333","28.1833333","180.0","SAVUKOSKI KK, FI","   8.1","24","   6.1","24","9999.9"," 0","999.9"," 0","999.9"," 0","  1.6","24","  4.3"," 10.1","  19.2"," ","  -4.0"," "," 0.00","I","999.9","000000"
"02815099999","2020-02-08","67.2833333","28.1833333","180.0","SAVUKOSKI KK, FI","  19.2","24","  18.4","24","9999.9"," 0","999.9"," 0","999.9"," 0","  2.0","24","  4.7"," 11.7","  28.4","*","   3.4"," "," 0.00","I","999.9","000000"
"02815099999","2020-02-09","67.2833333","28.1833333","180.0","SAVUKOSKI KK, FI","  30.4","24","  29.7","24","9999.9"," 0","999.9"," 0","999.9"," 0","  5.1","24","  7.6"," 16.3","  32.2"," ","  26.4"," "," 0.00","I","999.9","000000"
"02815099999","2020-02-10","67.2833333","28.1833333","180.0","SAVUKOSKI KK, FI","  33.3","24","  33.1","21","9999.9"," 0","999.9"," 0","999.9"," 0","  4.8","24","  7.4"," 15.0","  35.2"," ","  30.0"," "," 0.00","I","999.9","000000"
"02815099999","2020-02-11","67.2833333","28.1833333","180.0","SAVUKOSKI KK, FI","  32.4","24","  32.4","18","9999.9"," 0","999.9"," 0","999.9"," 0","  5.1","24","  6.6"," 14.2","  34.3"," ","  31.8"," "," 0.00","I","999.9","000000"
"02815099999","2020-02-12","67.2833333","28.1833333","180.0","SAVUKOSKI KK, FI","  30.4","24","  28.9","24","9999.9"," 0","999.9"," 0","999.9"," 0","  5.1","24","  7.8"," 17.7","  32.5"," ","  28.9","*"," 0.00","I","999.9","000000"
"02815099999","2020-02-13","67.2833333","28.1833333","180.0","SAVUKOSKI KK, FI","  27.4","23","  26.7","23","9999.9"," 0","999.9"," 0","999.9"," 0","  1.3","23","  3.3","999.9","  32.0","*","  21.0"," "," 0.00","I","999.9","000000"
"02815099999","2020-02-14","67.2833333","28.1833333","180.0","SAVUKOSKI KK, FI","  21.6","23","  21.1","23","9999.9"," 0","999.9"," 0","999.9"," 0","  2.2","23","  4.5"," 10.5","  26.2"," ","  16.7","*"," 0.00","I","999.9","000000"
"02815099999","2020-02-15","67.2833333","28.1833333","180.0","SAVUKOSKI KK, FI","  20.5","24","  20.1","24","9999.9"," 0","999.9"," 0","999.9"," 0","  2.7","24","  4.7","999.9","  25.7","*","  13.8"," "," 0.00","I","999.9","000000"
"02815099999","2020-02-16","67.2833333","28.1833333","180.0","SAVUKOSKI KK, FI","  29.0","24","  28.8","24","9999.9"," 0","999.9"," 0","999.9"," 0","  3.2","24","  5.4"," 15.5","  31.6"," ","  23.9"," "," 0.00","I","999.9","000000"
"02815099999","2020-02-17","67.2833333","28.1833333","180.0","SAVUKOSKI KK, FI","  30.3","24","  30.0","24","9999.9"," 0","999.9"," 0","999.9"," 0","  5.3","24","  7.6"," 17.9","  34.2"," ","  26.1"," "," 0.00","I","999.9","000000"
"02815099999","2020-02-18","67.2833333","28.1833333","180.0","SAVUKOSKI KK, FI","  26.6","24","  25.9","24","9999.9"," 0","999.9"," 0","999.9"," 0","  2.1","24","  4.9"," 11.3","  30.0"," ","  21.7","*"," 0.00","I","999.9","000000"
"02815099999","2020-02-19","67.2833333","28.1833333","180.0","SAVUKOSKI KK, FI","  12.9","24","  11.2","24","9999.9"," 0","999.9"," 0","999.9"," 0","  2.1","24","  4.1"," 10.5","  24.8"," ","  -6.5","*"," 0.00","I","999.9","000000"
"02815099999","2020-02-20","67.2833333","28.1833333","180.0","SAVUKOSKI KK, FI","  -0.5","24","  -3.4","24","9999.9"," 0","999.9"," 0","999.9"," 0","  2.0","24","  4.7"," 12.2","  12.7","*"," -16.6"," "," 0.00","I","999.9","000000"
"02815099999","2020-02-21","67.2833333","28.1833333","180.0","SAVUKOSKI KK, FI","  28.4","24","  26.1","19","9999.9"," 0","999.9"," 0","999.9"," 0","  6.8","24","  9.5"," 21.0","  32.9"," ","   5.7"," "," 0.00","I","999.9","000000"
"02815099999","2020-02-22","67.2833333","28.1833333","180.0","SAVUKOSKI KK, FI","  33.4","24","  32.8","23","9999.9"," 0","999.9"," 0","999.9"," 0","  6.5","24"," 10.5"," 20.8","  34.9"," ","  31.5"," "," 0.00","I","999.9","000000"
"02815099999","2020-02-23","67.2833333","28.1833333","180.0","SAVUKOSKI KK, FI","  28.1","24","  27.4","22","9999.9"," 0","999.9"," 0","999.9"," 0","  1.6","24","  3.9"," 10.5","  34.2"," ","  15.4","*"," 0.00","I","999.9","000000"
"02815099999","2020-02-24","67.2833333","28.1833333","180.0","SAVUKOSKI KK, FI","  20.5","24","  19.8","24","9999.9"," 0","999.9"," 0","999.9"," 0","  3.0","23","  6.8"," 17.3","  29.5"," ","   6.8"," "," 0.00","I","999.9","000000"
"02815099999","2020-02-25","67.2833333","28.1833333","180.0","SAVUKOSKI KK, FI","  11.1","23","   8.2","23","9999.9"," 0","999.9"," 0","999.9"," 0","  2.2","23","  6.0"," 13.6","  25.2"," "," -12.8","*"," 0.00","I","999.9","000000"
"02815099999","2020-02-26","67.2833333","28.1833333","180.0","SAVUKOSKI KK, FI","  -5.0","24","  -8.2","24","9999.9"," 0","999.9"," 0","999.9"," 0","  0.6","24","  1.9","999.9","   7.2"," "," -19.7"," "," 0.00","I","999.9","000000"
"02815099999","2020-02-27","67.2833333","28.1833333","180.0","SAVUKOSKI KK, FI","   4.1","24","   1.7","24","9999.9"," 0","999.9"," 0","999.9"," 0","  1.3","23","  4.3"," 11.1","  19.0"," ","  -7.6"," "," 0.00","I","999.9","000000"
"02815099999","2020-02-28","67.2833333","28.1833333","180.0","SAVUKOSKI KK, FI","   5.9","24","   3.8","24","9999.9"," 0","999.9"," 0","999.9"," 0","  1.2","24","  2.7","999.9","  17.2"," "," -11.0","*"," 0.00","I","999.9","000000"
"02815099999","2020-02-29","67.2833333","28.1833333","180.0","SAVUKOSKI KK, FI","  -8.4","24"," -12.7","24","9999.9"," 0","999.9"," 0","999.9"," 0","  0.2","24","  1.7","999.9","  12.9"," "," -19.8"," "," 0.00","I","999.9","000000"
"02815099999","2020-03-01","67.2833333","28.1833333","180.0","SAVUKOSKI KK, FI","  -2.1","24","  -6.1","24","9999.9"," 0","999.9"," 0","999.9"," 0","  0.8","24","  2.1","999.9","  12.7"," "," -18.2"," "," 0.00","I","999.9","000000"
"02815099999","2020-03-02","67.2833333","28.1833333","180.0","SAVUKOSKI KK, FI","   8.1","24","   5.1","24","9999.9"," 0","999.9"," 0","999.9"," 0","  1.9","24","  4.3"," 12.6","  15.4"," ","  -0.2","*"," 0.00","I","999.9","000000"
"02815099999","2020-03-03","67.2833333","28.1833333","180.0","SAVUKOSKI KK, FI","   0.5","24","  -3.2","24","9999.9"," 0","999.9"," 0","999.9"," 0","  0.5","24","  2.1","999.9","  22.8"," "," -13.4"," "," 0.00","I","999.9","000000"
"02815099999","2020-03-04","67.2833333","28.1833333","180.0","SAVUKOSKI KK, FI","  -0.0","24","  -3.5","24","9999.9"," 0","999.9"," 0","999.9"," 0","  0.8","24","  3.9"," 12.0","  17.8"," "," -13.9"," "," 0.00","I","999.9","000000"
"02815099999","2020-03-05","67.2833333","28.1833333","180.0","SAVUKOSKI KK, FI","  20.7","24","  19.0","24","9999.9"," 0","999.9"," 0","999.9"," 0","  4.4","24","  7.2"," 21.6","  22.6","*","  -2.0"," "," 0.00","I","999.9","000000"
"02815099999","2020-03-06","67.2833333","28.1833333","180.0","SAVUKOSKI KK, FI","  22.8","24","  21.7","24","9999.9"," 0","999.9"," 0","999.9"," 0","  3.3","24","  6.4"," 13.2","  28.0"," ","  14.2","*"," 0.00","I","999.9","000000"
"02815099999","2020-03-07","67.2833333","28.1833333","180.0","SAVUKOSKI KK, FI","  19.5","24","  18.9","24","9999.9"," 0","999.9"," 0","999.9"," 0","  2.6","24","  5.6"," 12.8","  27.0"," ","   7.7"," "," 0.00","I","999.9","000000"
"02815099999","2020-03-08","67.2833333","28.1833333","180.0","SAVUKOSKI KK, FI","  29.2","24","  27.9","24","9999.9"," 0","999.9"," 0","999.9"," 0","  5.2","24","  8.0"," 17.1","  32.9","*","  19.4"," "," 0.00","I","999.9","000000"
"02815099999","2020-03-09","67.2833333","28.1833333","180.0","SAVUKOSKI KK, FI","  34.5","24","  34.1","23","9999.9"," 0","999.9"," 0","999.9"," 0","  7.9","24"," 10.5"," 21.0","  35.6"," ","  31.8"," "," 0.00","I","999.9","000000"
"02815099999","2020-03-10","67.2833333","28.1833333","180.0","SAVUKOSKI KK, FI","  31.7","24","  28.8","24","9999.9"," 0","999.9"," 0","999.9"," 0","  5.9","24","  9.9"," 20.8","  36.0"," ","  23.0","*"," 0.00","I","999.9","000000"
"02815099999","2020-03-11","67.2833333","28.1833333","180.0","SAVUKOSKI KK, FI","  25.7","24","  22.4","24","9999.9"," 0","999.9"," 0","999.9"," 0","  3.1","24","  4.5"," 13.2","  28.9"," ","  21.6"," "," 0.00","I","999.9","000000"
"02815099999","2020-03-12","67.2833333","28.1833333","180.0","SAVUKOSKI KK, FI","  29.4","24","  28.3","24","9999.9"," 0","999.9"," 0","999.9"," 0","  1.9","24","  3.1"," 10.7","  32.9"," ","  25.5"," "," 0.00","I","999.9","000000"
"02815099999","2020-03-13","67.2833333","28.1833333","180.0","SAVUKOSKI KK, FI","  19.4","24","  15.5","24","9999.9"," 0","999.9"," 0","999.9"," 0","  5.1","24"," 10.5"," 25.4","  30.6"," ","   4.1","*"," 0.00","I","999.9","000000"
"02815099999","2020-03-14","67.2833333","28.1833333","180.0","SAVUKOSKI KK, FI","   5.7","24","  -1.0","24","9999.9"," 0","999.9"," 0","999.9"," 0","  2.9","24","  5.8"," 14.0","  19.4"," ","  -9.6"," "," 0.00","I","999.9","000000"
"02815099999","2020-03-15","67.2833333","28.1833333","180.0","SAVUKOSKI KK, FI","  25.3","24","  20.8","24","9999.9"," 0","999.9"," 0","999.9"," 0","  6.4","24"," 14.0"," 25.1","  30.7"," ","  13.3","*"," 0.00","I","999.9","000000"
"02815099999","2020-03-16","67.2833333","28.1833333","180.0","SAVUKOSKI KK, FI","  26.8","24","  18.0","24","9999.9"," 0","999.9"," 0","999.9"," 0","  4.9","24","  8.7"," 21.8","  29.8","*","  23.5"," "," 0.00","I","999.9","000000"
"02815099999","2020-03-17","67.2833333","28.1833333","180.0","SAVUKOSKI KK, FI","  26.7","24","  23.1","24","9999.9"," 0","999.9"," 0","999.9"," 0","  5.4","24","  8.9"," 20.0","  29.3","*","  18.7"," "," 0.00","I","999.9","000000"
"02815099999","2020-03-18","67.2833333","28.1833333","180.0","SAVUKOSKI KK, FI","  29.1","24","  24.9","24","9999.9"," 0","999.9"," 0","999.9"," 0","  3.3","24","  5.6"," 14.6","  38.8"," ","  13.3","*"," 0.00","I","999.9","000000"
"02815099999","2020-03-19","67.2833333","28.1833333","180.0","SAVUKOSKI KK, FI","  19.3","24","  13.0","24","9999.9"," 0","999.9"," 0","999.9"," 0","  3.5","24","  8.2"," 21.4","  29.7"," ","   6.6"," "," 0.00","I","999.9","000000"
"02815099999","2020-03-20","67.2833333","28.1833333","180.0","SAVUKOSKI KK, FI","   8.3","24","   1.1","24","9999.9"," 0","999.9"," 0","999.9"," 0","  1.5","24","  4.1","  9.7","  27.5"," ","  -8.9"," "," 0.00","I","999.9","000000"
"02815099999","2020-03-21","67.2833333","28.1833333","180.0","SAVUKOSKI KK, FI","  10.2","24","   0.6","24","9999.9"," 0","999.9"," 0","999.9"," 0","  2.4","24","  4.9"," 11.8","  28.4"," "," -16.2"," "," 0.00","I","999.9","000000"
"02815099999","2020-03-22","67.2833333","28.1833333","180.0","SAVUKOSKI KK, FI","  23.5","24","  15.3","24","9999.9"," 0","999.9"," 0","999.9"," 0","  6.4","24"," 10.5"," 22.5","  31.5"," ","   6.8"," "," 0.00","I","999.9","000000"
"02815099999","2020-03-23","67.2833333","28.1833333","180.0","SAVUKOSKI KK, FI","  31.0","24","  23.6","24","9999.9"," 0","999.9"," 0","999.9"," 0","  6.8","24"," 10.5"," 21.6","  38.5"," ","  23.2"," "," 0.00","I","999.9","000000"
"02815099999","2020-03-24","67.2833333","28.1833333","180.0","SAVUKOSKI KK, FI","  34.6","24","  27.3","24","9999.9"," 0","999.9"," 0","999.9"," 0","  8.2","24"," 10.9"," 23.9","  41.0"," ","  30.9"," "," 0.00","I","999.9","000000"
"02815099999","2020-03-25","67.2833333","28.1833333","180.0","SAVUKOSKI KK, FI","  36.2","24","  27.2","24","9999.9"," 0","999.9"," 0","999.9"," 0","  5.0","24","  7.2"," 15.0","  41.0"," ","  27.5","*"," 0.00","I","999.9","000000"
"02815099999","2020-03-26","67.2833333","28.1833333","180.0","SAVUKOSKI KK, FI","  34.1","23","  22.5","23","9999.9"," 0","999.9"," 0","999.9"," 0","  5.4","23","  7.6"," 18.8","  42.8"," ","  24.3"," "," 0.00","I","999.9","000000"
"02815099999","2020-03-27","67.2833333","28.1833333","180.0","SAVUKOSKI KK, FI","  33.8","24","  26.9","24","9999.9"," 0","999.9"," 0","999.9"," 0","  5.0","24","  7.6"," 15.5","  41.0","*","  26.6"," "," 0.00","I","999.9","000000"
"02815099999","2020-03-28","67.2833333","28.1833333","180.0","SAVUKOSKI KK, FI","  27.4","24","  20.2","24","9999.9"," 0","999.9"," 0","999.9"," 0","  7.0","24"," 10.9"," 23.7","  35.1"," ","  18.5","*"," 0.00","I","999.9","000000"
"02815099999","2020-03-29","67.2833333","28.1833333","180.0","SAVUKOSKI KK, FI","  20.5","24","   7.1","24","9999.9"," 0","999.9"," 0","999.9"," 0","  4.1","24","  6.8"," 16.9","  29.1"," ","  13.8"," "," 0.00","I","999.9","000000"
"02815099999","2020-03-30","67.2833333","28.1833333","180.0","SAVUKOSKI KK, FI","  17.6","24","   7.0","24","9999.9"," 0","999.9"," 0","999.9"," 0","  3.3","24","  7.0"," 16.9","  29.3"," ","   3.9"," "," 0.00","I","999.9","000000"
"02815099999","2020-03-31","67.2833333","28.1833333","180.0","SAVUKOSKI KK, FI","  18.3","24","  16.6","24","9999.9"," 0","999.9"," 0","999.9"," 0","  3.0","24","  6.8"," 16.7","  25.0"," ","   2.1"," "," 0.00","I","999.9","000000"
"02815099999","2020-04-01","67.2833333","28.1833333","180.0","SAVUKOSKI KK, FI","  21.1","24","  17.6","24","9999.9"," 0","999.9"," 0","999.9"," 0","  4.1","24","  6.4"," 15.3","  27.9"," ","   8.2","*"," 0.00","I","999.9","000000"
"02815099999","2020-04-02","67.2833333","28.1833333","180.0","SAVUKOSKI KK, FI","  18.0","24","  11.8","24","9999.9"," 0","999.9"," 0","999.9"," 0","  1.6","24","  3.3","999.9","  28.4"," ","   4.6"," "," 0.00","I","999.9","000000"
"02815099999","2020-04-03","67.2833333","28.1833333","180.0","SAVUKOSKI KK, FI","  16.9","24","  10.5","24","9999.9"," 0","999.9"," 0","999.9"," 0","  2.4","24","  4.9"," 12.0","  29.7"," ","   0.7","*"," 0.00","I","999.9","000000"
"02815099999","2020-04-04","67.2833333","28.1833333","180.0","SAVUKOSKI KK, FI","  13.7","24","   3.1","24","9999.9"," 0","999.9"," 0","999.9"," 0","  1.7","24","  4.9"," 11.1","  31.5"," "," -10.3"," "," 0.00","I","999.9","000000"
"02815099999","2020-04-05","67.2833333","28.1833333","180.0","SAVUKOSKI KK, FI","  13.5","24","   2.0","24","9999.9"," 0","999.9"," 0","999.9"," 0","  2.4","24","  5.8"," 13.4","  30.7"," "," -11.6"," "," 0.00","I","999.9","000000"
"02815099999","2020-04-06","67.2833333","28.1833333","180.0","SAVUKOSKI KK, FI","  21.2","22","   6.7","22","9999.9"," 0","999.9"," 0","999.9"," 0","  3.1","22","  6.0"," 14.8","  35.1"," ","  -5.4"," "," 0.00","I","999.9","000000"
"02815099999","2020-04-07","67.2833333","28.1833333","180.0","SAVUKOSKI KK, FI","  31.6","24","  27.7","23","9999.9"," 0","999.9"," 0","999.9"," 0","  2.9","24","  4.9"," 11.1","  36.3"," ","  22.6","*"," 0.00","I","999.9","000000"
"02815099999","2020-04-08","67.2833333","28.1833333","180.0","SAVUKOSKI KK, FI","  36.3","23","  27.5","23","9999.9"," 0","999.9"," 0","999.9"," 0","  5.7","23"," 10.3"," 22.7","  46.8"," ","  22.1"," "," 0.00","I","999.9","000000"
"02815099999","2020-04-09","67.2833333","28.1833333","180.0","SAVUKOSKI KK, FI","  28.9","24","  18.1","24","9999.9"," 0","999.9"," 0","999.9"," 0","  4.7","24","  8.9"," 21.8","  37.2"," ","  15.4","*"," 0.00","I","999.9","000000"
"02815099999","2020-04-10","67.2833333","28.1833333","180.0","SAVUKOSKI KK, FI","  22.7","24","  11.3","24","9999.9"," 0","999.9"," 0","999.9"," 0","  2.4","24","  5.2"," 12.2","  34.5"," ","   8.4"," "," 0.00","I","999.9","000000"
"02815099999","2020-04-11","67.2833333","28.1833333","180.0","SAVUKOSKI KK, FI","  22.3","24","  12.0","24","9999.9"," 0","999.9"," 0","999.9"," 0","  1.9","24","  5.1"," 11.7","  36.7"," ","   4.8"," "," 0.00","I","999.9","000000"
"02815099999","2020-04-12","67.2833333","28.1833333","180.0","SAVUKOSKI KK, FI","  26.0","24","  21.0","24","9999.9"," 0","999.9"," 0","999.9"," 0","  4.5","24","  6.8"," 21.8","  33.8"," ","  14.4"," "," 0.00","I","999.9","000000"
"02815099999","2020-04-13","67.2833333","28.1833333","180.0","SAVUKOSKI KK, FI","  31.9","24","  31.2","24","9999.9"," 0","999.9"," 0","999.9"," 0","  5.0","24","  8.9"," 16.9","  35.2"," ","  28.4"," "," 0.00","I","999.9","000000"
"02815099999","2020-04-14","67.2833333","28.1833333","180.0","SAVUKOSKI KK, FI","  32.3","24","  30.7","24","9999.9"," 0","999.9"," 0","999.9"," 0","  2.9","24","  5.2"," 11.5","  35.4"," ","  29.1"," "," 0.00","I","999.9","000000"
"02815099999","2020-04-15","67.2833333","28.1833333","180.0","SAVUKOSKI KK, FI","  31.4","24","  27.9","24","9999.9"," 0","999.9"," 0","999.9"," 0","  3.1","24","  5.4"," 12.6","  38.3"," ","  22.6","*"," 0.00","I","999.9","000000"
"02815099999","2020-04-16","67.2833333","28.1833333","180.0","SAVUKOSKI KK, FI","  30.2","24","  23.0","24","9999.9"," 0","999.9"," 0","999.9"," 0","  3.7","24","  6.4"," 14.4","  39.4"," ","  15.8"," "," 0.00","I","999.9","000000"
"02815099999","2020-04-17","67.2833333","28.1833333","180.0","SAVUKOSKI KK, FI","  33.7","24","  30.6","24","9999.9"," 0","999.9"," 0","999.9"," 0","  5.5","24","  7.8"," 17.7","  36.7"," ","  29.8"," "," 0.00","I","999.9","000000"
"02815099999","2020-04-18","67.2833333","28.1833333","180.0","SAVUKOSKI KK, FI","  34.3","24","  29.9","24","9999.9"," 0","999.9"," 0","999.9"," 0","  5.1","24","  8.0"," 19.2","  37.4"," ","  32.0"," "," 0.00","I","999.9","000000"
"02815099999","2020-04-19","67.2833333","28.1833333","180.0","SAVUKOSKI KK, FI","  37.9","23","  30.5","23","9999.9"," 0","999.9"," 0","999.9"," 0","  2.8","23","  4.5"," 12.0","  43.9"," ","  28.6"," "," 0.00","I","999.9","000000"
"02815099999","2020-04-20","67.2833333","28.1833333","180.0","SAVUKOSKI KK, FI","  38.9","24","  26.2","24","9999.9"," 0","999.9"," 0","999.9"," 0","  3.2","24","  6.6"," 14.6","  46.0"," ","  29.3","*"," 0.00","I","999.9","000000"
"02815099999","2020-04-21","67.2833333","28.1833333","180.0","SAVUKOSKI KK, FI","  36.7","24","  22.1","24","9999.9"," 0","999.9"," 0","999.9"," 0","  4.4","24","  7.6"," 19.6","  43.0"," ","  28.8"," "," 0.00","I","999.9","000000"
"02815099999","2020-04-22","67.2833333","28.1833333","180.0","SAVUKOSKI KK, FI","  35.5","24","  18.7","24","9999.9"," 0","999.9"," 0","999.9"," 0","  3.8","24","  6.6"," 15.7","  42.6"," ","  27.1","*"," 0.00","I","999.9","000000"
"02815099999","2020-04-23","67.2833333","28.1833333","180.0","SAVUKOSKI KK, FI","  30.9","24","  17.7","24","9999.9"," 0","999.9"," 0","999.9"," 0","  3.5","24","  5.8"," 15.0","  37.9"," ","  21.2","*"," 0.00","I","999.9","000000"
"02815099999","2020-04-24","67.2833333","28.1833333","180.0","SAVUKOSKI KK, FI","  28.5","23","  19.5","23","9999.9"," 0","999.9"," 0","999.9"," 0","  5.8","23","  8.4"," 18.5","  34.0"," ","  19.2"," "," 0.00","I","999.9","000000"
"02815099999","2020-04-25","67.2833333","28.1833333","180.0","SAVUKOSKI KK, FI","  31.5","24","  25.3","24","9999.9"," 0","999.9"," 0","999.9"," 0","  6.2","24","  7.6"," 19.6","  34.9"," ","  27.7"," "," 0.00","I","999.9","000000"
"02815099999","2020-04-26","67.2833333","28.1833333","180.0","SAVUKOSKI KK, FI","  32.6","24","  23.1","24","9999.9"," 0","999.9"," 0","999.9"," 0","  4.9","24","  7.6"," 17.5","  37.2"," ","  28.0","*"," 0.00","I","999.9","000000"
"02815099999","2020-04-27","67.2833333","28.1833333","180.0","SAVUKOSKI KK, FI","  29.9","24","  22.9","24","9999.9"," 0","999.9"," 0","999.9"," 0","  4.2","24","  6.2"," 13.8","  35.6"," ","  23.5"," "," 0.00","I","999.9","000000"
"02815099999","2020-04-28","67.2833333","28.1833333","180.0","SAVUKOSKI KK, FI","  29.1","23","  20.6","23","9999.9"," 0","999.9"," 0","999.9"," 0","  3.9","23","  8.2"," 13.8","  36.5"," ","  21.2"," "," 0.00","I","999.9","000000"
"02815099999","2020-04-29","67.2833333","28.1833333","180.0","SAVUKOSKI KK, FI","  28.3","24","  20.3","24","9999.9"," 0","999.9"," 0","999.9"," 0","  3.1","24","  5.6"," 15.0","  36.9"," ","  19.4","*"," 0.00","I","999.9","000000"
"02815099999","2020-04-30","67.2833333","28.1833333","180.0","SAVUKOSKI KK, FI","  27.7","24","  17.5","24","9999.9"," 0","999.9"," 0","999.9"," 0","  1.5","24","  3.7","999.9","  37.4"," ","  17.2","*"," 0.00","I","999.9","000000"
"02815099999","2020-05-01","67.2833333","28.1833333","180.0","SAVUKOSKI KK, FI","  30.7","24","  17.6","24","9999.9"," 0","999.9"," 0","999.9"," 0","  2.0","24","  5.6"," 13.6","  42.1"," ","  13.8"," "," 0.00","I","999.9","000000"
"02815099999","2020-05-02","67.2833333","28.1833333","180.0","SAVUKOSKI KK, FI","  35.8","24","  24.5","23","9999.9"," 0","999.9"," 0","999.9"," 0","  3.3","24","  4.9"," 13.6","  43.7"," ","  26.6"," "," 0.00","I","999.9","000000"
"02815099999","2020-05-03","67.2833333","28.1833333","180.0","SAVUKOSKI KK, FI","  35.8","24","  31.4","23","9999.9"," 0","999.9"," 0","999.9"," 0","  2.7","24","  4.9"," 15.3","  41.5"," ","  31.6"," "," 0.00","I","999.9","000000"
"02815099999","2020-05-04","67.2833333","28.1833333","180.0","SAVUKOSKI KK, FI","  36.7","24","  35.0","21","9999.9"," 0","999.9"," 0","999.9"," 0","  3.1","24","  5.4"," 12.6","  41.0"," ","  33.3"," "," 0.00","I","999.9","000000"
"02815099999","2020-05-05","67.2833333","28.1833333","180.0","SAVUKOSKI KK, FI","  39.0","24","  27.9","24","9999.9"," 0","999.9"," 0","999.9"," 0","  4.6","24","  8.2"," 17.3","  48.9"," ","  30.2"," "," 0.00","I","999.9","000000"
"02815099999","2020-05-06","67.2833333","28.1833333","180.0","SAVUKOSKI KK, FI","  36.7","24","  29.8","24","9999.9"," 0","999.9"," 0","999.9"," 0","  4.4","24","  8.4"," 16.7","  45.3"," ","  26.8","*"," 0.00","I","999.9","000000"
"02815099999","2020-05-07","67.2833333","28.1833333","180.0","SAVUKOSKI KK, FI","  37.6","24","  25.2","24","9999.9"," 0","999.9"," 0","999.9"," 0","  3.3","24","  5.6"," 15.9","  46.4"," ","  24.8"," "," 0.00","I","999.9","000000"
"02815099999","2020-05-08","67.2833333","28.1833333","180.0","SAVUKOSKI KK, FI","  36.2","23","  22.7","23","9999.9"," 0","999.9"," 0","999.9"," 0","  2.4","23","  5.1"," 12.2","  43.2"," ","  27.1","*"," 0.00","I","999.9","000000"
"02815099999","2020-05-09","67.2833333","28.1833333","180.0","SAVUKOSKI KK, FI","  35.1","24","  19.1","24","9999.9"," 0","999.9"," 0","999.9"," 0","  2.0","24","  4.3"," 11.8","  42.8"," ","  24.1"," "," 0.00","I","999.9","000000"
"02815099999","2020-05-10","67.2833333","28.1833333","180.0","SAVUKOSKI KK, FI","  32.4","23","  27.2","22","9999.9"," 0","999.9"," 0","999.9"," 0","  2.3","23","  6.4"," 19.6","  40.1"," ","  21.2"," "," 0.00","I","999.9","000000"
"02815099999","2020-05-11","67.2833333","28.1833333","180.0","SAVUKOSKI KK, FI","  33.1","24","  27.7","24","9999.9"," 0","999.9"," 0","999.9"," 0","  2.2","24","  4.9"," 12.8","  39.0"," ","  25.7","*"," 0.00","I","999.9","000000"
"02815099999","2020-05-12","67.2833333","28.1833333","180.0","SAVUKOSKI KK, FI","  34.4","24","  18.5","24","9999.9"," 0","999.9"," 0","999.9"," 0","  3.8","24","  6.8"," 14.8","  43.2"," ","  25.0"," "," 0.00","I","999.9","000000"
"02815099999","2020-05-13","67.2833333","28.1833333","180.0","SAVUKOSKI KK, FI","  35.7","24","  18.3","24","9999.9"," 0","999.9"," 0","999.9"," 0","  1.5","24","  3.1","999.9","  46.2"," ","  22.8"," "," 0.00","I","999.9","000000"
"02815099999","2020-05-14","67.2833333","28.1833333","180.0","SAVUKOSKI KK, FI","  34.1","24","  20.1","24","9999.9"," 0","999.9"," 0","999.9"," 0","  3.5","24","  7.4"," 15.3","  42.4"," ","  22.3"," "," 0.00","I","999.9","000000"
"02815099999","2020-05-15","67.2833333","28.1833333","180.0","SAVUKOSKI KK, FI","  36.5","24","  21.1","24","9999.9"," 0","999.9"," 0","999.9"," 0","  4.7","24","  8.4"," 18.1","  44.8"," ","  27.5","*"," 0.00","I","999.9","000000"
"02815099999","2020-05-16","67.2833333","28.1833333","180.0","SAVUKOSKI KK, FI","  37.6","24","  23.9","24","9999.9"," 0","999.9"," 0","999.9"," 0","  2.3","24","  7.6"," 19.8","  46.9"," ","  25.7"," "," 0.00","I","999.9","000000"
"02815099999","2020-05-17","67.2833333","28.1833333","180.0","SAVUKOSKI KK, FI","  37.0","23","  28.9","23","9999.9"," 0","999.9"," 0","999.9"," 0","  2.9","23","  5.2"," 11.7","  45.5"," ","  28.6","*"," 0.00","I","999.9","000000"
"02815099999","2020-05-18","67.2833333","28.1833333","180.0","SAVUKOSKI KK, FI","  37.3","24","  27.2","24","9999.9"," 0","999.9"," 0","999.9"," 0","  2.7","23","  6.8"," 12.8","  45.0"," ","  26.6","*"," 0.00","I","999.9","000000"
"02815099999","2020-05-19","67.2833333","28.1833333","180.0","SAVUKOSKI KK, FI","  38.2","24","  25.2","24","9999.9"," 0","999.9"," 0","999.9"," 0","  2.6","24","  4.9"," 11.1","  45.3"," ","  26.2"," "," 0.00","I","999.9","000000"
"02815099999","2020-05-20","67.2833333","28.1833333","180.0","SAVUKOSKI KK, FI","  40.0","24","  23.2","24","9999.9"," 0","999.9"," 0","999.9"," 0","  2.7","24","  5.4"," 12.4","  47.3"," ","  30.6"," "," 0.00","I","999.9","000000"
"02815099999","2020-05-21","67.2833333","28.1833333","180.0","SAVUKOSKI KK, FI","  40.4","23","  22.6","23","9999.9"," 0","999.9"," 0","999.9"," 0","  2.9","23","  4.9"," 12.4","  48.6"," ","  27.7","*"," 0.00","I","999.9","000000"
"02815099999","2020-05-22","67.2833333","28.1833333","180.0","SAVUKOSKI KK, FI","  43.4","24","  22.1","24","9999.9"," 0","999.9"," 0","999.9"," 0","  2.0","24","  4.5"," 10.7","  55.0"," ","  26.2"," "," 0.00","I","999.9","000000"
"02815099999","2020-05-23","67.2833333","28.1833333","180.0","SAVUKOSKI KK, FI","  48.4","24","  23.4","24","9999.9"," 0","999.9"," 0","999.9"," 0","  3.4","24","  8.0"," 19.2","  61.0"," ","  29.5"," "," 0.00","I","999.9","000000"
"02815099999","2020-05-24","67.2833333","28.1833333","180.0","SAVUKOSKI KK, FI","  52.0","24","  27.4","24","9999.9"," 0","999.9"," 0","999.9"," 0","  2.6","24","  5.8"," 12.6","  63.7"," ","  34.5"," "," 0.00","I","999.9","000000"
"02815099999","2020-05-25","67.2833333","28.1833333","180.0","SAVUKOSKI KK, FI","  52.0","24","  28.6","24","9999.9"," 0","999.9"," 0","999.9"," 0","  1.8","24","  4.3","999.9","  63.5"," ","  34.3"," "," 0.00","I","999.9","000000"
"02815099999","2020-05-26","67.2833333","28.1833333","180.0","SAVUKOSKI KK, FI","  54.7","24","  28.6","24","9999.9"," 0","999.9"," 0","999.9"," 0","  1.8","24","  4.5"," 11.7","  69.4"," ","  33.1"," "," 0.00","I","999.9","000000"
"02815099999","2020-05-27","67.2833333","28.1833333","180.0","SAVUKOSKI KK, FI","  51.3","24","  40.0","24","9999.9"," 0","999.9"," 0","999.9"," 0","  2.9","24","  8.9"," 14.8","  62.2"," ","  40.6"," "," 0.00","I","999.9","000000"
"02815099999","2020-05-28","67.2833333","28.1833333","180.0","SAVUKOSKI KK, FI","  48.2","23","  30.6","23","9999.9"," 0","999.9"," 0","999.9"," 0","  3.2","23","  6.4"," 14.0","  55.9"," ","  34.7","*"," 0.00","I","999.9","000000"
"02815099999","2020-05-29","67.2833333","28.1833333","180.0","SAVUKOSKI KK, FI","  45.0","24","  34.7","24","9999.9"," 0","999.9"," 0","999.9"," 0","  2.6","24","  5.8"," 12.8","  52.9"," ","  33.1"," "," 0.00","I","999.9","000000"
"02815099999","2020-05-30","67.2833333","28.1833333","180.0","SAVUKOSKI KK, FI","  46.9","24","  32.3","24","9999.9"," 0","999.9"," 0","999.9"," 0","  3.7","24","  5.8"," 14.4","  53.8"," ","  37.9"," "," 0.00","I","999.9","000000"
"02815099999","2020-05-31","67.2833333","28.1833333","180.0","SAVUKOSKI KK, FI","  46.8","24","  40.6","24","9999.9"," 0","999.9"," 0","999.9"," 0","  1.3","24","  2.3","999.9","  50.7"," ","  40.6"," "," 0.00","I","999.9","000000"
"02815099999","2020-06-01","67.2833333","28.1833333","180.0","SAVUKOSKI KK, FI","  57.3","23","  43.2","23","9999.9"," 0","999.9"," 0","999.9"," 0","  1.5","23","  4.3","999.9","  69.4"," ","  45.5","*"," 0.00","I","999.9","000000"
"02815099999","2020-06-02","67.2833333","28.1833333","180.0","SAVUKOSKI KK, FI","  64.0","24","  45.4","24","9999.9"," 0","999.9"," 0","999.9"," 0","  4.2","24","  7.6"," 18.3","  75.2"," ","  44.1"," "," 0.00","I","999.9","000000"
"02815099999","2020-06-03","67.2833333","28.1833333","180.0","SAVUKOSKI KK, FI","  57.9","24","  48.3","24","9999.9"," 0","999.9"," 0","999.9"," 0","  2.3","24","  6.0"," 13.4","  70.7"," ","  50.2","*"," 0.00","I","999.9","000000"
"02815099999","2020-06-04","67.2833333","28.1833333","180.0","SAVUKOSKI KK, FI","  56.5","22","  47.7","22","9999.9"," 0","999.9"," 0","999.9"," 0","  2.5","22","  4.9"," 14.0","  66.9"," ","  48.4"," "," 0.00","I","999.9","000000"
"02815099999","2020-06-05","67.2833333","28.1833333","180.0","SAVUKOSKI KK, FI","  53.2","24","  47.1","24","9999.9"," 0","999.9"," 0","999.9"," 0","  3.3","24","  7.6"," 16.7","  63.1"," ","  49.3"," "," 0.00","I","999.9","000000"
"02815099999","2020-06-06","67.2833333","28.1833333","180.0","SAVUKOSKI KK, FI","  58.0","24","  53.4","23","9999.9"," 0","999.9"," 0","999.9"," 0","  3.3","24","  6.4"," 19.2","  65.1"," ","  51.3"," "," 0.00","I","999.9","000000"
"02815099999","2020-06-07","67.2833333","28.1833333","180.0","SAVUKOSKI KK, FI","  53.9","24","  44.2","24","9999.9"," 0","999.9"," 0","999.9"," 0","  7.4","24"," 10.9"," 26.2","  60.6"," ","  51.3"," "," 0.00","I","999.9","000000"
"02815099999","2020-06-08","67.2833333","28.1833333","180.0","SAVUKOSKI KK, FI","  56.8","24","  42.8","24","9999.9"," 0","999.9"," 0","999.9"," 0","  6.1","24","  9.9"," 21.8","  64.4"," ","  48.6","*"," 0.00","I","999.9","000000"
"02815099999","2020-06-09","67.2833333","28.1833333","180.0","SAVUKOSKI KK, FI","  54.7","24","  37.5","24","9999.9"," 0","999.9"," 0","999.9"," 0","  3.6","24","  6.2"," 14.6","  64.2"," ","  42.3","*"," 0.00","I","999.9","000000"
"02815099999","2020-06-10","67.2833333","28.1833333","180.0","SAVUKOSKI KK, FI","  52.9","24","  34.2","24","9999.9"," 0","999.9"," 0","999.9"," 0","  2.6","24","  5.2"," 13.2","  63.0"," ","  41.0","*"," 0.00","I","999.9","000000"
"02815099999","2020-06-11","67.2833333","28.1833333","180.0","SAVUKOSKI KK, FI","  53.5","24","  34.7","24","9999.9"," 0","999.9"," 0","999.9"," 0","  2.8","24","  5.1"," 12.8","  61.7"," ","  40.3"," "," 0.00","I","999.9","000000"
"02815099999","2020-06-12","67.2833333","28.1833333","180.0","SAVUKOSKI KK, FI","  55.1","24","  36.8","24","9999.9"," 0","999.9"," 0","999.9"," 0","  2.0","24","  4.5"," 13.8","  65.5"," ","  39.9"," "," 0.00","I","999.9","000000"
"02815099999","2020-06-13","67.2833333","28.1833333","180.0","SAVUKOSKI KK, FI","  65.6","24","  39.3","24","9999.9"," 0","999.9"," 0","999.9"," 0","  3.1","24","  5.2"," 13.4","  78.4"," ","  43.3"," "," 0.00","I","999.9","000000"
"02815099999","2020-06-14","67.2833333","28.1833333","180.0","SAVUKOSKI KK, FI","  69.4","24","  40.9","24","9999.9"," 0","999.9"," 0","999.9"," 0","  4.9","24","  8.5"," 18.1","  81.3"," ","  50.2"," "," 0.00","I","999.9","000000"
"02815099999","2020-06-15","67.2833333","28.1833333","180.0","SAVUKOSKI KK, FI","  61.0","24","  45.0","24","9999.9"," 0","999.9"," 0","999.9"," 0","  3.1","24","  5.4"," 13.2","  74.7"," ","  49.1","*"," 0.00","I","999.9","000000"
"02815099999","2020-06-16","67.2833333","28.1833333","180.0","SAVUKOSKI KK, FI","  52.9","24","  32.6","24","9999.9"," 0","999.9"," 0","999.9"," 0","  2.5","24","  4.7"," 12.8","  62.4"," ","  41.9","*"," 0.00","I","999.9","000000"
"02815099999","2020-06-17","67.2833333","28.1833333","180.0","SAVUKOSKI KK, FI","  61.1","24","  39.3","24","9999.9"," 0","999.9"," 0","999.9"," 0","  1.7","24","  4.3"," 11.7","  73.9"," ","  39.6","*"," 0.00","I","999.9","000000"
"02815099999","2020-06-18","67.2833333","28.1833333","180.0","SAVUKOSKI KK, FI","  64.9","24","  46.0","24","9999.9"," 0","999.9"," 0","999.9"," 0","  3.0","24","  6.2"," 13.0","  78.3"," ","  49.3"," "," 0.00","I","999.9","000000"
"02815099999","2020-06-19","67.2833333","28.1833333","180.0","SAVUKOSKI KK, FI","  52.2","24","  36.3","24","9999.9"," 0","999.9"," 0","999.9"," 0","  4.2","24","  7.0"," 18.3","  61.7"," ","  39.6","*"," 0.00","I","999.9","000000"
"02815099999","2020-06-20","67.2833333","28.1833333","180.0","SAVUKOSKI KK, FI","  54.7","24","  34.5","24","9999.9"," 0","999.9"," 0","999.9"," 0","  1.6","24","  3.1","999.9","  66.9"," ","  36.9"," "," 0.00","I","999.9","000000"
"02815099999","2020-06-21","67.2833333","28.1833333","180.0","SAVUKOSKI KK, FI","  64.2","24","  36.3","24","9999.9"," 0","999.9"," 0","999.9"," 0","  2.8","24","  5.2"," 11.8","  76.5"," ","  40.8"," "," 0.00","I","999.9","000000"
"02815099999","2020-06-22","67.2833333","28.1833333","180.0","SAVUKOSKI KK, FI","  68.2","24","  39.4","24","9999.9"," 0","999.9"," 0","999.9"," 0","  2.9","24","  4.9"," 14.2","  78.6"," ","  56.3","*"," 0.00","I","999.9","000000"
"02815099999","2020-06-23","67.2833333","28.1833333","180.0","SAVUKOSKI KK, FI","  60.8","24","  34.1","24","9999.9"," 0","999.9"," 0","999.9"," 0","  2.3","24","  4.3"," 11.7","  72.5"," ","  51.3"," "," 0.00","I","999.9","000000"
"02815099999","2020-06-24","67.2833333","28.1833333","180.0","SAVUKOSKI KK, FI","  63.3","23","  47.7","23","9999.9"," 0","999.9"," 0","999.9"," 0","  2.1","23","  4.9"," 12.6","  73.4"," ","  52.0","*"," 0.00","I","999.9","000000"
"02815099999","2020-06-25","67.2833333","28.1833333","180.0","SAVUKOSKI KK, FI","  65.4","24","  48.9","24","9999.9"," 0","999.9"," 0","999.9"," 0","  2.4","24","  4.7"," 13.6","  77.5"," ","  49.1"," "," 0.00","I","999.9","000000"
"02815099999","2020-06-26","67.2833333","28.1833333","180.0","SAVUKOSKI KK, FI","  61.9","24","  38.7","24","9999.9"," 0","999.9"," 0","999.9"," 0","  4.5","24","  7.8"," 17.9","  73.2"," ","  50.4","*"," 0.00","I","999.9","000000"
"02815099999","2020-06-27","67.2833333","28.1833333","180.0","SAVUKOSKI KK, FI","  52.0","24","  37.7","24","9999.9"," 0","999.9"," 0","999.9"," 0","  3.0","24","  4.9"," 14.8","  63.0"," ","  47.3","*"," 0.00","I","999.9","000000"
"02815099999","2020-06-28","67.2833333","28.1833333","180.0","SAVUKOSKI KK, FI","  55.9","24","  36.3","24","9999.9"," 0","999.9"," 0","999.9"," 0","  1.6","24","  3.9"," 10.7","  67.3"," ","  44.1","*"," 0.00","I","999.9","000000"
"02815099999","2020-06-29","67.2833333","28.1833333","180.0","SAVUKOSKI KK, FI","  60.5","23","  42.8","23","9999.9"," 0","999.9"," 0","999.9"," 0","  3.6","23","  6.0"," 15.5","  72.7"," ","  41.9"," "," 0.00","I","999.9","000000"
"02815099999","2020-06-30","67.2833333","28.1833333","180.0","SAVUKOSKI KK, FI","  56.1","24","  54.4","24","9999.9"," 0","999.9"," 0","999.9"," 0","  4.3","24","  6.8"," 15.3","  65.8"," ","  52.0","*"," 0.00","I","999.9","000000"
"02815099999","2020-07-01","67.2833333","28.1833333","180.0","SAVUKOSKI KK, FI","  51.2","24","  50.5","24","9999.9"," 0","999.9"," 0","999.9"," 0","  3.8","24","  8.4"," 17.7","  55.2"," ","  48.4"," "," 0.00","I","999.9","000000"
"02815099999","2020-07-02","67.2833333","28.1833333","180.0","SAVUKOSKI KK, FI","  51.9","23","  44.5","23","9999.9"," 0","999.9"," 0","999.9"," 0","  3.0","23","  6.8"," 15.0","  59.7"," ","  42.3","*"," 0.00","I","999.9","000000"
"02815099999","2020-07-03","67.2833333","28.1833333","180.0","SAVUKOSKI KK, FI","  51.2","24","  44.8","24","9999.9"," 0","999.9"," 0","999.9"," 0","  2.5","24","  5.8"," 15.2","  59.4"," ","  40.3"," "," 0.00","I","999.9","000000"
"02815099999","2020-07-04","67.2833333","28.1833333","180.0","SAVUKOSKI KK, FI","  54.5","24","  45.0","24","9999.9"," 0","999.9"," 0","999.9"," 0","  4.2","24","  9.1"," 18.6","  66.2"," ","  44.4"," "," 0.00","I","999.9","000000"
"02815099999","2020-07-05","67.2833333","28.1833333","180.0","SAVUKOSKI KK, FI","  51.6","24","  48.6","24","9999.9"," 0","999.9"," 0","999.9"," 0","  3.1","24","  5.8"," 16.7","  58.8"," ","  46.4"," "," 0.00","I","999.9","000000"
"02815099999","2020-07-06","67.2833333","28.1833333","180.0","SAVUKOSKI KK, FI","  52.0","24","  45.4","24","9999.9"," 0","999.9"," 0","999.9"," 0","  2.0","24","  3.7","  9.9","  59.0"," ","  46.8"," "," 0.00","I","999.9","000000"
"02815099999","2020-07-07","67.2833333","28.1833333","180.0","SAVUKOSKI KK, FI","  56.1","24","  50.6","24","9999.9"," 0","999.9"," 0","999.9"," 0","  3.6","24","  6.2"," 15.9","  63.1"," ","  50.7"," "," 0.00","I","999.9","000000"
"02815099999","2020-07-08","67.2833333","28.1833333","180.0","SAVUKOSKI KK, FI","  57.5","24","  51.7","23","9999.9"," 0","999.9"," 0","999.9"," 0","  2.2","24","  5.8"," 14.0","  65.7"," ","  50.2"," "," 0.00","I","999.9","000000"
"02815099999","2020-07-09","67.2833333","28.1833333","180.0","SAVUKOSKI KK, FI","  57.3","24","  50.0","24","9999.9"," 0","999.9"," 0","999.9"," 0","  1.7","24","  3.9"," 10.3","  63.9","*","  47.7"," "," 0.00","I","999.9","000000"
"02815099999","2020-07-10","67.2833333","28.1833333","180.0","SAVUKOSKI KK, FI","  53.0","24","  49.0","24","9999.9"," 0","999.9"," 0","999.9"," 0","  1.8","24","  6.6"," 13.8","  62.1"," ","  48.4","*"," 0.00","I","999.9","000000"
"02815099999","2020-07-11","67.2833333","28.1833333","180.0","SAVUKOSKI KK, FI","  53.0","24","  46.5","24","9999.9"," 0","999.9"," 0","999.9"," 0","  2.5","24","  6.0"," 13.6","  62.1"," ","  45.9","*"," 0.00","I","999.9","000000"
"02815099999","2020-07-12","67.2833333","28.1833333","180.0","SAVUKOSKI KK, FI","  53.7","24","  44.2","24","9999.9"," 0","999.9"," 0","999.9"," 0","  2.0","24","  3.7"," 10.7","  62.8"," ","  44.4"," "," 0.00","I","999.9","000000"
"02815099999","2020-07-13","67.2833333","28.1833333","180.0","SAVUKOSKI KK, FI","  55.9","24","  45.9","24","9999.9"," 0","999.9"," 0","999.9"," 0","  3.1","24","  5.4"," 12.4","  64.8"," ","  42.6"," "," 0.00","I","999.9","000000"
"02815099999","2020-07-14","67.2833333","28.1833333","180.0","SAVUKOSKI KK, FI","  55.6","24","  49.7","24","9999.9"," 0","999.9"," 0","999.9"," 0","  2.3","24","  4.7"," 13.2","  63.7"," ","  48.2","*"," 0.00","I","999.9","000000"
"02815099999","2020-07-15","67.2833333","28.1833333","180.0","SAVUKOSKI KK, FI","  58.0","24","  48.6","23","9999.9"," 0","999.9"," 0","999.9"," 0","  2.2","23","  5.4"," 12.6","  68.4"," ","  46.8","*"," 0.00","I","999.9","000000"
"02815099999","2020-07-16","67.2833333","28.1833333","180.0","SAVUKOSKI KK, FI","  60.1","24","  52.3","24","9999.9"," 0","999.9"," 0","999.9"," 0","  2.3","24","  5.2"," 10.5","  68.5"," ","  49.3"," "," 0.00","I","999.9","000000"
"02815099999","2020-07-17","67.2833333","28.1833333","180.0","SAVUKOSKI KK, FI","  63.8","24","  49.6","24","9999.9"," 0","999.9"," 0","999.9"," 0","  2.5","24","  4.5"," 11.3","  75.4"," ","  50.2"," "," 0.00","I","999.9","000000"
"02815099999","2020-07-18","67.2833333","28.1833333","180.0","SAVUKOSKI KK, FI","  65.7","24","  54.9","24","9999.9"," 0","999.9"," 0","999.9"," 0","  3.2","24","  6.2"," 12.6","  74.7"," ","  52.7"," "," 0.00","I","999.9","000000"
"02815099999","2020-07-19","67.2833333","28.1833333","180.0","SAVUKOSKI KK, FI","  64.4","24","  55.8","24","9999.9"," 0","999.9"," 0","999.9"," 0","  3.5","24","  6.0"," 15.5","  71.6"," ","  54.9","*"," 0.00","I","999.9","000000"
"02815099999","2020-07-20","67.2833333","28.1833333","180.0","SAVUKOSKI KK, FI","  67.9","24","  55.3","24","9999.9"," 0","999.9"," 0","999.9"," 0","  2.4","24","  6.4"," 15.2","  77.9"," ","  52.9"," "," 0.00","I","999.9","000000"
"02815099999","2020-07-21","67.2833333","28.1833333","180.0","SAVUKOSKI KK, FI","  64.6","24","  62.6","20","9999.9"," 0","999.9"," 0","999.9"," 0","  1.4","24","  2.7"," 14.4","  75.7"," ","  59.4","*"," 0.00","I","999.9","000000"
"02815099999","2020-07-22","67.2833333","28.1833333","180.0","SAVUKOSKI KK, FI","  66.5","24","  55.0","21","9999.9"," 0","999.9"," 0","999.9"," 0","  2.0","24","  6.2"," 14.0","  79.3"," ","  59.2"," "," 0.00","I","999.9","000000"
"02815099999","2020-07-23","67.2833333","28.1833333","180.0","SAVUKOSKI KK, FI","  62.0","24","  58.4","24","9999.9"," 0","999.9"," 0","999.9"," 0","  3.7","24","  6.4"," 16.1","  70.0"," ","  57.6","*"," 0.00","I","999.9","000000"
"02815099999","2020-07-24","67.2833333","28.1833333","180.0","SAVUKOSKI KK, FI","  56.7","24","  55.0","23","9999.9"," 0","999.9"," 0","999.9"," 0","  1.4","24","  3.1"," 10.5","  64.0"," ","  51.8","*"," 0.00","I","999.9","000000"
"02815099999","2020-07-25","67.2833333","28.1833333","180.0","SAVUKOSKI KK, FI","  59.4","24","  48.0","24","9999.9"," 0","999.9"," 0","999.9"," 0","  3.6","24","  5.2"," 15.9","  69.1"," ","  51.3"," "," 0.00","I","999.9","000000"
"02815099999","2020-07-26","67.2833333","28.1833333","180.0","SAVUKOSKI KK, FI","  59.6","24","  54.2","24","9999.9"," 0","999.9"," 0","999.9"," 0","  2.2","24","  4.7"," 12.2","  66.7"," ","  54.3"," "," 0.00","I","999.9","000000"
"02815099999","2020-07-27","67.2833333","28.1833333","180.0","SAVUKOSKI KK, FI","  62.9","23","  51.2","23","9999.9"," 0","999.9"," 0","999.9"," 0","  1.4","23","  3.9","  9.7","  73.9"," ","  55.2"," "," 0.00","I","999.9","000000"
"02815099999","2020-07-28","67.2833333","28.1833333","180.0","SAVUKOSKI KK, FI","  63.8","24","  54.3","24","9999.9"," 0","999.9"," 0","999.9"," 0","  1.1","24","  4.1","  9.7","  75.0"," ","  53.1","*"," 0.00","I","999.9","000000"
"02815099999","2020-07-29","67.2833333","28.1833333","180.0","SAVUKOSKI KK, FI","  64.0","24","  49.5","24","9999.9"," 0","999.9"," 0","999.9"," 0","  2.9","24","  5.4"," 14.4","  74.5"," ","  52.0"," "," 0.00","I","999.9","000000"
"02815099999","2020-07-30","67.2833333","28.1833333","180.0","SAVUKOSKI KK, FI","  62.0","24","  45.1","24","9999.9"," 0","999.9"," 0","999.9"," 0","  4.5","24","  6.6"," 16.3","  72.0"," ","  48.6","*"," 0.00","I","999.9","000000"
"02815099999","2020-07-31","67.2833333","28.1833333","180.0","SAVUKOSKI KK, FI","  53.7","24","  44.2","24","9999.9"," 0","999.9"," 0","999.9"," 0","  2.3","24","  4.3"," 12.0","  63.7"," ","  45.3"," "," 0.00","I","999.9","000000"
"02815099999","2020-08-01","67.2833333","28.1833333","180.0","SAVUKOSKI KK, FI","  55.1","24","  45.9","24","9999.9"," 0","999.9"," 0","999.9"," 0","  2.0","23","  3.9"," 10.9","  66.2"," ","  43.2","*"," 0.00","I","999.9","000000"
"02815099999","2020-08-02","67.2833333","28.1833333","180.0","SAVUKOSKI KK, FI","  53.5","24","  46.3","24","9999.9"," 0","999.9"," 0","999.9"," 0","  1.2","24","  3.7"," 11.5","  62.6"," ","  43.0"," "," 0.00","I","999.9","000000"
"02815099999","2020-08-03","67.2833333","28.1833333","180.0","SAVUKOSKI KK, FI","  54.8","24","  43.7","23","9999.9"," 0","999.9"," 0","999.9"," 0","  1.1","24","  4.3"," 12.8","  68.7"," ","  40.1"," "," 0.00","I","999.9","000000"
"02815099999","2020-08-04","67.2833333","28.1833333","180.0","SAVUKOSKI KK, FI","  57.7","24","  49.4","23","9999.9"," 0","999.9"," 0","999.9"," 0","  2.2","24","  5.2"," 11.5","  71.6"," ","  41.2"," "," 0.00","I","999.9","000000"
"02815099999","2020-08-05","67.2833333","28.1833333","180.0","SAVUKOSKI KK, FI","  55.9","24","  54.5","23","9999.9"," 0","999.9"," 0","999.9"," 0","  1.5","24","  3.9"," 10.7","  65.3"," ","  50.2","*"," 0.00","I","999.9","000000"
"02815099999","2020-08-06","67.2833333","28.1833333","180.0","SAVUKOSKI KK, FI","  60.1","24","  51.1","22","9999.9"," 0","999.9"," 0","999.9"," 0","  2.8","24","  5.1"," 12.0","  72.3"," ","  47.7","*"," 0.00","I","999.9","000000"
"02815099999","2020-08-07","67.2833333","28.1833333","180.0","SAVUKOSKI KK, FI","  60.5","24","  52.1","24","9999.9"," 0","999.9"," 0","999.9"," 0","  2.6","24","  4.9"," 13.4","  72.5"," ","  48.6","*"," 0.00","I","999.9","000000"
"02815099999","2020-08-08","67.2833333","28.1833333","180.0","SAVUKOSKI KK, FI","  62.9","24","  54.3","24","9999.9"," 0","999.9"," 0","999.9"," 0","  1.1","24","  4.1","999.9","  77.0"," ","  44.6"," "," 0.00","I","999.9","000000"
"02815099999","2020-08-09","67.2833333","28.1833333","180.0","SAVUKOSKI KK, FI","  59.8","24","  55.3","24","9999.9"," 0","999.9"," 0","999.9"," 0","  4.1","24","  7.8"," 19.0","  70.7"," ","  51.8","*"," 0.00","I","999.9","000000"
"02815099999","2020-08-10","67.2833333","28.1833333","180.0","SAVUKOSKI KK, FI","  53.6","24","  44.6","24","9999.9"," 0","999.9"," 0","999.9"," 0","  3.4","24","  6.2"," 15.2","  58.6"," ","  49.3","*"," 0.00","I","999.9","000000"
"02815099999","2020-08-11","67.2833333","28.1833333","180.0","SAVUKOSKI KK, FI","  50.9","24","  41.7","24","9999.9"," 0","999.9"," 0","999.9"," 0","  1.7","24","  3.5"," 11.8","  55.9"," ","  44.1","*"," 0.00","I","999.9","000000"
"02815099999","2020-08-12","67.2833333","28.1833333","180.0","SAVUKOSKI KK, FI","  52.7","22","  46.6","21","9999.9"," 0","999.9"," 0","999.9"," 0","  1.7","22","  4.1","999.9","  60.3"," ","  39.4"," "," 0.00","I","999.9","000000"
"02815099999","2020-08-13","67.2833333","28.1833333","180.0","SAVUKOSKI KK, FI","  54.0","24","  48.0","24","9999.9"," 0","999.9"," 0","999.9"," 0","  1.4","24","  2.9","999.9","  60.4"," ","  50.2"," "," 0.00","I","999.9","000000"
"02815099999","2020-08-14","67.2833333","28.1833333","180.0","SAVUKOSKI KK, FI","  55.7","24","  51.2","24","9999.9"," 0","999.9"," 0","999.9"," 0","  2.9","24","  5.4"," 15.2","  64.6"," ","  45.0","*"," 0.00","I","999.9","000000"
"02815099999","2020-08-15","67.2833333","28.1833333","180.0","SAVUKOSKI KK, FI","  57.8","24","  51.9","23","9999.9"," 0","999.9"," 0","999.9"," 0","  3.3","23","  6.4"," 15.0","  66.9"," ","  44.2"," "," 0.00","I","999.9","000000"
"02815099999","2020-08-16","67.2833333","28.1833333","180.0","SAVUKOSKI KK, FI","  50.9","24","  36.7","24","9999.9"," 0","999.9"," 0","999.9"," 0","  4.9","24","  7.8"," 19.4","  59.9"," ","  44.1","*"," 0.00","I","999.9","000000"
"02815099999","2020-08-17","67.2833333","28.1833333","180.0","SAVUKOSKI KK, FI","  48.7","24","  39.1","24","9999.9"," 0","999.9"," 0","999.9"," 0","  3.9","24","  6.2"," 18.8","  57.4"," ","  42.1"," "," 0.00","I","999.9","000000"
"02815099999","2020-08-18","67.2833333","28.1833333","180.0","SAVUKOSKI KK, FI","  49.4","24","  42.8","24","9999.9"," 0","999.9"," 0","999.9"," 0","  1.6","24","  3.7","999.9","  58.5"," ","  38.7"," "," 0.00","I","999.9","000000"
"02815099999","2020-08-19","67.2833333","28.1833333","180.0","SAVUKOSKI KK, FI","  57.0","24","  47.6","23","9999.9"," 0","999.9"," 0","999.9"," 0","  2.5","24","  6.2"," 15.0","  71.1"," ","  38.5"," "," 0.00","I","999.9","000000"
"02815099999","2020-08-20","67.2833333","28.1833333","180.0","SAVUKOSKI KK, FI","  59.6","24","  58.0","24","9999.9"," 0","999.9"," 0","999.9"," 0","  2.0","24","  3.9","  9.9","  64.6"," ","  49.5"," "," 0.00","I","999.9","000000"
"02815099999","2020-08-21","67.2833333","28.1833333","180.0","SAVUKOSKI KK, FI","  62.5","23","  55.5","23","9999.9"," 0","999.9"," 0","999.9"," 0","  3.2","23","  6.6"," 15.7","  74.3"," ","  51.3","*"," 0.00","I","999.9","000000"
"02815099999","2020-08-22","67.2833333","28.1833333","180.0","SAVUKOSKI KK, FI","  63.5","21","  56.1","21","9999.9"," 0","999.9"," 0","999.9"," 0","  5.1","21","  8.4"," 17.1","  73.6"," ","  49.1"," "," 0.00","I","999.9","000000"
"02815099999","2020-08-23","67.2833333","28.1833333","180.0","SAVUKOSKI KK, FI","  59.9","24","  57.2","23","9999.9"," 0","999.9"," 0","999.9"," 0","  3.4","24","  5.6"," 13.4","  67.3"," ","  54.5","*"," 0.00","I","999.9","000000"
"02815099999","2020-08-24","67.2833333","28.1833333","180.0","SAVUKOSKI KK, FI","  57.4","21","  49.8","21","9999.9"," 0","999.9"," 0","999.9"," 0","  3.4","21","  6.4"," 15.0","  65.7"," ","  50.9","*"," 0.00","I","999.9","000000"
"02815099999","2020-08-25","67.2833333","28.1833333","180.0","SAVUKOSKI KK, FI","  51.2","24","  41.0","24","9999.9"," 0","999.9"," 0","999.9"," 0","  4.1","21","  7.4"," 19.6","  61.3"," ","  38.5","*"," 0.00","I","999.9","000000"
"02815099999","2020-08-26","67.2833333","28.1833333","180.0","SAVUKOSKI KK, FI","  48.0","24","  43.7","24","9999.9"," 0","999.9"," 0","999.9"," 0","  2.1","23","  4.5"," 13.4","  60.8"," ","  38.5"," "," 0.00","I","999.9","000000"
"02815099999","2020-08-27","67.2833333","28.1833333","180.0","SAVUKOSKI KK, FI","  44.5","24","  39.5","23","9999.9"," 0","999.9"," 0","999.9"," 0","  2.0","24","  4.9"," 13.0","  52.2"," ","  31.1","*"," 0.00","I","999.9","000000"
"02815099999","2020-08-28","67.2833333","28.1833333","180.0","SAVUKOSKI KK, FI","  45.1","24","  36.7","24","9999.9"," 0","999.9"," 0","999.9"," 0","  1.7","24","  4.5"," 12.2","  58.6"," ","  28.9"," "," 0.00","I","999.9","000000"
"02815099999","2020-08-29","67.2833333","28.1833333","180.0","SAVUKOSKI KK, FI","  49.6","24","  43.6","23","9999.9"," 0","999.9"," 0","999.9"," 0","  1.4","24","  4.3"," 13.2","  58.8"," ","  41.4","*"," 0.00","I","999.9","000000"
"02815099999","2020-08-30","67.2833333","28.1833333","180.0","SAVUKOSKI KK, FI","  49.3","24","  43.3","23","9999.9"," 0","999.9"," 0","999.9"," 0","  1.0","24","  4.3"," 12.0","  61.3"," ","  39.2","*"," 0.00","I","999.9","000000"
"02815099999","2020-08-31","67.2833333","28.1833333","180.0","SAVUKOSKI KK, FI","  44.9","24","  42.4","22","9999.9"," 0","999.9"," 0","999.9"," 0","  1.3","23","  3.9"," 10.7","  54.5"," ","  32.0","*"," 0.00","I","999.9","000000"
"02815099999","2020-09-01","67.2833333","28.1833333","180.0","SAVUKOSKI KK, FI","  44.9","23","  38.3","21","9999.9"," 0","999.9"," 0","999.9"," 0","  1.3","23","  3.9"," 10.3","  60.8"," ","  28.8"," "," 0.00","I","999.9","000000"
"02815099999","2020-09-02","67.2833333","28.1833333","180.0","SAVUKOSKI KK, FI","  48.3","24","  41.2","23","9999.9"," 0","999.9"," 0","999.9"," 0","  2.9","24","  8.2"," 16.7","  64.0"," ","  33.1"," "," 0.00","I","999.9","000000"
"02815099999","2020-09-03","67.2833333","28.1833333","180.0","SAVUKOSKI KK, FI","  50.9","24","  43.8","23","9999.9"," 0","999.9"," 0","999.9"," 0","  2.6","24","  6.0"," 11.3","  65.1"," ","  35.4"," "," 0.00","I","999.9","000000"
"02815099999","2020-09-04","67.2833333","28.1833333","180.0","SAVUKOSKI KK, FI","  55.4","24","  54.0","24","9999.9"," 0","999.9"," 0","999.9"," 0","  3.0","24","  5.4"," 12.2","  60.1"," ","  47.1"," "," 0.00","I","999.9","000000"
"02815099999","2020-09-05","67.2833333","28.1833333","180.0","SAVUKOSKI KK, FI","  55.1","24","  52.9","23","9999.9"," 0","999.9"," 0","999.9"," 0","  3.1","24","  6.8"," 15.3","  62.6"," ","  46.4","*"," 0.00","I","999.9","000000"
"02815099999","2020-09-06","67.2833333","28.1833333","180.0","SAVUKOSKI KK, FI","  51.3","24","  48.1","21","9999.9"," 0","999.9"," 0","999.9"," 0","  3.9","24","  7.4"," 15.9","  58.8"," ","  43.7"," "," 0.00","I","999.9","000000"
"02815099999","2020-09-07","67.2833333","28.1833333","180.0","SAVUKOSKI KK, FI","  50.6","24","  46.9","24","9999.9"," 0","999.9"," 0","999.9"," 0","  1.9","24","  4.7","999.9","  60.3"," ","  44.1","*"," 0.00","I","999.9","000000"
"02815099999","2020-09-08","67.2833333","28.1833333","180.0","SAVUKOSKI KK, FI","  51.0","24","  45.1","22","9999.9"," 0","999.9"," 0","999.9"," 0","  3.4","24","  8.9"," 17.3","  59.5"," ","  43.5"," "," 0.00","I","999.9","000000"
"02815099999","2020-09-09","67.2833333","28.1833333","180.0","SAVUKOSKI KK, FI","  48.1","24","  42.7","23","9999.9"," 0","999.9"," 0","999.9"," 0","  2.7","24","  5.4"," 15.2","  59.5"," ","  34.2","*"," 0.00","I","999.9","000000"
"02815099999","2020-09-10","67.2833333","28.1833333","180.0","SAVUKOSKI KK, FI","  43.2","24","  41.3","23","9999.9"," 0","999.9"," 0","999.9"," 0","  0.9","24","  2.9","999.9","  55.2"," ","  31.6","*"," 0.00","I","999.9","000000"
"02815099999","2020-09-11","67.2833333","28.1833333","180.0","SAVUKOSKI KK, FI","  41.3","24","  35.5","22","9999.9"," 0","999.9"," 0","999.9"," 0","  2.1","23","  4.9"," 12.4","  55.9"," ","  29.7"," "," 0.00","I","999.9","000000"
"02815099999","2020-09-12","67.2833333","28.1833333","180.0","SAVUKOSKI KK, FI","  43.3","24","  41.0","19","9999.9"," 0","999.9"," 0","999.9"," 0","  2.1","24","  6.2"," 15.7","  51.4"," ","  32.2"," "," 0.00","I","999.9","000000"
"02815099999","2020-09-13","67.2833333","28.1833333","180.0","SAVUKOSKI KK, FI","  45.1","24","  42.3","21","9999.9"," 0","999.9"," 0","999.9"," 0","  1.1","24","  2.9"," 10.3","  51.6"," ","  35.1","*"," 0.00","I","999.9","000000"
"02815099999","2020-09-14","67.2833333","28.1833333","180.0","SAVUKOSKI KK, FI","  40.4","24","  39.7","22","9999.9"," 0","999.9"," 0","999.9"," 0","  1.9","24","  4.1"," 12.2","  46.4"," ","  32.0"," "," 0.00","I","999.9","000000"
"02815099999","2020-09-15","67.2833333","28.1833333","180.0","SAVUKOSKI KK, FI","  44.4","24","  40.6","24","9999.9"," 0","999.9"," 0","999.9"," 0","  1.6","24","  4.3"," 10.3","  52.5"," ","  37.2"," "," 0.00","I","999.9","000000"
"02815099999","2020-09-16","67.2833333","28.1833333","180.0","SAVUKOSKI KK, FI","  42.7","24","  40.4","24","9999.9"," 0","999.9"," 0","999.9"," 0","  2.5","24","  4.1"," 12.6","  48.2"," ","  37.8"," "," 0.00","I","999.9","000000"
"02815099999","2020-09-17","67.2833333","28.1833333","180.0","SAVUKOSKI KK, FI","  40.6","24","  36.7","24","9999.9"," 0","999.9"," 0","999.9"," 0","  2.3","24","  5.6"," 12.6","  49.8"," ","  31.6","*"," 0.00","I","999.9","000000"
"02815099999","2020-09-18","67.2833333","28.1833333","180.0","SAVUKOSKI KK, FI","  41.8","24","  38.8","22","9999.9"," 0","999.9"," 0","999.9"," 0","  4.3","24","  7.8"," 16.7","  50.0"," ","  31.3"," "," 0.00","I","999.9","000000"
"02815099999","2020-09-19","67.2833333","28.1833333","180.0","SAVUKOSKI KK, FI","  43.1","24","  33.2","24","9999.9"," 0","999.9"," 0","999.9"," 0","  5.0","24","  8.2"," 25.8","  49.6"," ","  30.2","*"," 0.00","I","999.9","000000"
"02815099999","2020-09-20","67.2833333","28.1833333","180.0","SAVUKOSKI KK, FI","  35.7","24","  34.6","23","9999.9"," 0","999.9"," 0","999.9"," 0","  2.0","24","  5.4"," 10.9","  44.1"," ","  27.3"," "," 0.00","I","999.9","000000"
"02815099999","2020-09-21","67.2833333","28.1833333","180.0","SAVUKOSKI KK, FI","  41.6","24","  38.9","23","9999.9"," 0","999.9"," 0","999.9"," 0","  5.1","24","  8.2"," 20.2","  49.1"," ","  30.4"," "," 0.00","I","999.9","000000"
"02815099999","2020-09-22","67.2833333","28.1833333","180.0","SAVUKOSKI KK, FI","  43.1","24","  28.5","24","9999.9"," 0","999.9"," 0","999.9"," 0","  6.3","24","  9.7"," 23.3","  50.5"," ","  32.4","*"," 0.00","I","999.9","000000"
"02815099999","2020-09-23","67.2833333","28.1833333","180.0","SAVUKOSKI KK, FI","  41.0","24","  36.5","24","9999.9"," 0","999.9"," 0","999.9"," 0","  2.9","24","  6.0"," 14.2","  48.6","*","  28.9"," "," 0.00","I","999.9","000000"
"02815099999","2020-09-24","67.2833333","28.1833333","180.0","SAVUKOSKI KK, FI","  47.4","24","  39.7","24","9999.9"," 0","999.9"," 0","999.9"," 0","  2.2","24","  4.7"," 11.1","  51.8"," ","  44.4"," "," 0.00","I","999.9","000000"
"02815099999","2020-09-25","67.2833333","28.1833333","180.0","SAVUKOSKI KK, FI","  52.6","24","  47.6","23","9999.9"," 0","999.9"," 0","999.9"," 0","  5.1","24"," 12.0"," 26.4","  60.3"," ","  38.7","*"," 0.00","I","999.9","000000"
"02815099999","2020-09-26","67.2833333","28.1833333","180.0","SAVUKOSKI KK, FI","  40.4","24","9999.9"," 0","9999.9"," 0","999.9"," 0","999.9"," 0","  1.5","24","  3.7"," 10.3","  48.0"," ","  33.1","*"," 0.00","I","999.9","000000"
"02815099999","2020-09-27","67.2833333","28.1833333","180.0","SAVUKOSKI KK, FI","  39.0","24","  38.7","20","9999.9"," 0","999.9"," 0","999.9"," 0","  2.8","24","  4.5"," 11.8","  44.6"," ","  30.0"," "," 0.00","I","999.9","000000"
"02815099999","2020-09-28","67.2833333","28.1833333","180.0","SAVUKOSKI KK, FI","  47.3","24","9999.9"," 0","9999.9"," 0","999.9"," 0","999.9"," 0","  2.6","24","  4.3"," 10.3","  54.5"," ","  42.1"," "," 0.00","I","999.9","000000"
"02815099999","2020-09-29","67.2833333","28.1833333","180.0","SAVUKOSKI KK, FI","  47.5","24","  46.6","21","9999.9"," 0","999.9"," 0","999.9"," 0","  1.5","24","  3.9","999.9","  58.5"," ","  38.5","*"," 0.00","I","999.9","000000"
"02815099999","2020-09-30","67.2833333","28.1833333","180.0","SAVUKOSKI KK, FI","  43.5","24","  43.2","20","9999.9"," 0","999.9"," 0","999.9"," 0","  0.8","24","  1.7","999.9","  50.5"," ","  38.1"," "," 0.00","I","999.9","000000"
"02815099999","2020-10-01","67.2833333","28.1833333","180.0","SAVUKOSKI KK, FI","  50.1","24","9999.9"," 0","9999.9"," 0","999.9"," 0","999.9"," 0","  2.2","24","  4.5","999.9","  52.0"," ","  42.8"," "," 0.00","I","999.9","000000"
"02815099999","2020-10-02","67.2833333","28.1833333","180.0","SAVUKOSKI KK, FI","  49.2","24","  49.1","18","9999.9"," 0","999.9"," 0","999.9"," 0","  1.5","24","  3.7","999.9","  52.5"," ","  46.6"," "," 0.00","I","999.9","000000"
"02815099999","2020-10-03","67.2833333","28.1833333","180.0","SAVUKOSKI KK, FI","  46.5","24","  44.2","24","9999.9"," 0","999.9"," 0","999.9"," 0","  2.5","24","  4.7"," 13.2","  48.7"," ","  40.1","*"," 0.00","I","999.9","000000"
"02815099999","2020-10-04","67.2833333","28.1833333","180.0","SAVUKOSKI KK, FI","  43.8","24","  42.5","22","9999.9"," 0","999.9"," 0","999.9"," 0","  3.0","24","  4.3"," 12.6","  46.6"," ","  39.7"," "," 0.00","I","999.9","000000"
"02815099999","2020-10-05","67.2833333","28.1833333","180.0","SAVUKOSKI KK, FI","  42.6","24","  41.9","23","9999.9"," 0","999.9"," 0","999.9"," 0","  2.9","24","  3.9"," 11.3","  46.0"," ","  40.6"," "," 0.00","I","999.9","000000"
"02815099999","2020-10-06","67.2833333","28.1833333","180.0","SAVUKOSKI KK, FI","  44.1","24","  42.3","24","9999.9"," 0","999.9"," 0","999.9"," 0","  4.4","24","  6.4"," 17.3","  46.0"," ","  42.1"," "," 0.00","I","999.9","000000"
"02815099999","2020-10-07","67.2833333","28.1833333","180.0","SAVUKOSKI KK, FI","  46.2","24","  46.1","22","9999.9"," 0","999.9"," 0","999.9"," 0","  3.9","24","  6.8"," 16.7","  48.6","*","  43.0"," "," 0.00","I","999.9","000000"
"02815099999","2020-10-08","67.2833333","28.1833333","180.0","SAVUKOSKI KK, FI","  48.6","24","  48.3","21","9999.9"," 0","999.9"," 0","999.9"," 0","  2.7","24","  3.3"," 10.3","  50.2"," ","  45.7"," "," 0.00","I","999.9","000000"
"02815099999","2020-10-09","67.2833333","28.1833333","180.0","SAVUKOSKI KK, FI","  47.9","24","  47.8","23","9999.9"," 0","999.9"," 0","999.9"," 0","  2.1","24","  3.1","999.9","  50.5"," ","  43.9","*"," 0.00","I","999.9","000000"
"02815099999","2020-10-10","67.2833333","28.1833333","180.0","SAVUKOSKI KK, FI","  46.1","24","  45.3","21","9999.9"," 0","999.9"," 0","999.9"," 0","  1.7","24","  3.5"," 12.6","  48.7"," ","  43.2","*"," 0.00","I","999.9","000000"
"02815099999","2020-10-11","67.2833333","28.1833333","180.0","SAVUKOSKI KK, FI","  44.1","24","  43.5","23","9999.9"," 0","999.9"," 0","999.9"," 0","  1.0","24","  3.9"," 10.1","  47.3"," ","  41.4","*"," 0.00","I","999.9","000000"
"02815099999","2020-10-12","67.2833333","28.1833333","180.0","SAVUKOSKI KK, FI","  42.1","24","  42.0","23","9999.9"," 0","999.9"," 0","999.9"," 0","  1.0","24","  3.5","999.9","  44.8"," ","  39.2","*"," 0.00","I","999.9","000000"
"02815099999","2020-10-13","67.2833333","28.1833333","180.0","SAVUKOSKI KK, FI","  34.1","24","  33.0","24","9999.9"," 0","999.9"," 0","999.9"," 0","  1.9","24","  4.7"," 10.9","  41.9"," ","  26.2","*"," 0.00","I","999.9","000000"
"02815099999","2020-10-14","67.2833333","28.1833333","180.0","SAVUKOSKI KK, FI","  32.2","23","  30.0","23","9999.9"," 0","999.9"," 0","999.9"," 0","  2.0","22","  4.3"," 11.1","  34.7","*","  26.1"," "," 0.00","I","999.9","000000"
"02815099999","2020-10-15","67.2833333","28.1833333","180.0","SAVUKOSKI KK, FI","  33.7","24","  31.4","24","9999.9"," 0","999.9"," 0","999.9"," 0","  2.7","24","  4.3"," 14.0","  36.9"," ","  30.2"," "," 0.00","I","999.9","000000"
"02815099999","2020-10-16","67.2833333","28.1833333","180.0","SAVUKOSKI KK, FI","  33.4","24","  30.0","24","9999.9"," 0","999.9"," 0","999.9"," 0","  2.5","24","  4.1"," 11.3","  36.0"," ","  31.3"," "," 0.00","I","999.9","000000"
"02815099999","2020-10-17","67.2833333","28.1833333","180.0","SAVUKOSKI KK, FI","  31.1","24","  30.2","24","9999.9"," 0","999.9"," 0","999.9"," 0","  3.5","24","  5.8"," 13.4","  32.7"," ","  27.5","*"," 0.00","I","999.9","000000"
"02815099999","2020-10-18","67.2833333","28.1833333","180.0","SAVUKOSKI KK, FI","  27.8","24","  25.4","24","9999.9"," 0","999.9"," 0","999.9"," 0","  6.0","24","  7.6"," 15.9","  30.2","*","  25.2"," "," 0.00","I","999.9","000000"
"02815099999","2020-10-19","67.2833333","28.1833333","180.0","SAVUKOSKI KK, FI","  29.8","24","  26.3","24","9999.9"," 0","999.9"," 0","999.9"," 0","  4.3","24","  6.8"," 14.8","  32.4"," ","  26.1"," "," 0.00","I","999.9","000000"
"02815099999","2020-10-20","67.2833333","28.1833333","180.0","SAVUKOSKI KK, FI","  29.0","23","  27.6","23","9999.9"," 0","999.9"," 0","999.9"," 0","  2.1","23","  3.9","999.9","  32.5"," ","  25.9"," "," 0.00","I","999.9","000000"
"02815099999","2020-10-21","67.2833333","28.1833333","180.0","SAVUKOSKI KK, FI","  23.2","24","  21.9","24","9999.9"," 0","999.9"," 0","999.9"," 0","  1.3","24","  3.3"," 10.3","  30.9"," ","  18.3"," "," 0.00","I","999.9","000000"
"02815099999","2020-10-22","67.2833333","28.1833333","180.0","SAVUKOSKI KK, FI","  29.2","24","  27.9","24","9999.9"," 0","999.9"," 0","999.9"," 0","  3.7","24","  5.2"," 15.3","  30.6"," ","  23.0"," "," 0.00","I","999.9","000000"
"02815099999","2020-10-23","67.2833333","28.1833333","180.0","SAVUKOSKI KK, FI","  28.7","24","  27.6","24","9999.9"," 0","999.9"," 0","999.9"," 0","  1.3","24","  2.5","999.9","  31.1"," ","  24.4","*"," 0.00","I","999.9","000000"
"02815099999","2020-10-24","67.2833333","28.1833333","180.0","SAVUKOSKI KK, FI","  25.8","24","  24.3","24","9999.9"," 0","999.9"," 0","999.9"," 0","  0.5","24","  2.7","999.9","  27.5"," ","  23.5"," "," 0.00","I","999.9","000000"
"02815099999","2020-10-25","67.2833333","28.1833333","180.0","SAVUKOSKI KK, FI","  28.3","24","  27.1","24","9999.9"," 0","999.9"," 0","999.9"," 0","  1.3","24","  3.9"," 10.9","  31.1"," ","  26.2"," "," 0.00","I","999.9","000000"
"02815099999","2020-10-26","67.2833333","28.1833333","180.0","SAVUKOSKI KK, FI","  32.4","24","  31.7","23","9999.9"," 0","999.9"," 0","999.9"," 0","  3.1","24","  5.1"," 13.8","  37.4","*","  27.3"," "," 0.00","I","999.9","000000"
"02815099999","2020-10-27","67.2833333","28.1833333","180.0","SAVUKOSKI KK, FI","  37.6","24","  37.1","22","9999.9"," 0","999.9"," 0","999.9"," 0","  3.9","24","  9.5"," 20.6","  42.1","*","  33.1"," "," 0.00","I","999.9","000000"
"02815099999","2020-10-28","67.2833333","28.1833333","180.0","SAVUKOSKI KK, FI","  38.3","24","  37.9","23","9999.9"," 0","999.9"," 0","999.9"," 0","  2.5","24","  5.8"," 11.8","  42.6"," ","  36.0"," "," 0.00","I","999.9","000000"
"02815099999","2020-10-29","67.2833333","28.1833333","180.0","SAVUKOSKI KK, FI","  38.5","24","  37.9","24","9999.9"," 0","999.9"," 0","999.9"," 0","  3.6","24","  7.8","999.9","  42.1"," ","  32.7","*"," 0.00","I","999.9","000000"
"02815099999","2020-10-30","67.2833333","28.1833333","180.0","SAVUKOSKI KK, FI","  25.5","24","  23.5","24","9999.9"," 0","999.9"," 0","999.9"," 0","  2.0","22","  3.9","999.9","  35.1"," ","  17.2","*"," 0.00","I","999.9","000000"
"02815099999","2020-10-31","67.2833333","28.1833333","180.0","SAVUKOSKI KK, FI","  20.6","24","  18.9","24","9999.9"," 0","999.9"," 0","999.9"," 0","  1.1","24","  2.1","999.9","  27.1","*","  12.7"," "," 0.00","I","999.9","000000"
"02815099999","2020-11-01","67.2833333","28.1833333","180.0","SAVUKOSKI KK, FI","  34.0","24","  33.6","22","9999.9"," 0","999.9"," 0","999.9"," 0","  3.1","24","  6.8"," 15.9","  40.5","*","  25.0"," "," 0.00","I","999.9","000000"
"02815099999","2020-11-02","67.2833333","28.1833333","180.0","SAVUKOSKI KK, FI","  36.5","18","  35.6","18","9999.9"," 0","999.9"," 0","999.9"," 0","  5.2","18","  6.2"," 16.7","  39.4","*","  33.1"," "," 0.00","I","999.9","000000"
"02815099999","2020-11-03","67.2833333","28.1833333","180.0","SAVUKOSKI KK, FI","  39.4","24","  38.5","24","9999.9"," 0","999.9"," 0","999.9"," 0","  3.9","24","  6.2"," 16.3","  43.9"," ","  33.6"," "," 0.00","I","999.9","000000"
"02815099999","2020-11-04","67.2833333","28.1833333","180.0","SAVUKOSKI KK, FI","  37.3","22","  34.9","22","9999.9"," 0","999.9"," 0","999.9"," 0","  5.4","22","  8.0"," 17.3","  39.4"," ","  32.5"," "," 0.00","I","999.9","000000"
"02815099999","2020-11-05","67.2833333","28.1833333","180.0","SAVUKOSKI KK, FI","  36.0","23","  33.3","23","9999.9"," 0","999.9"," 0","999.9"," 0","  5.7","23","  9.1"," 18.3","  39.6"," ","  32.4","*"," 0.00","I","999.9","000000"
"02815099999","2020-11-06","67.2833333","28.1833333","180.0","SAVUKOSKI KK, FI","  34.8","24","  29.8","24","9999.9"," 0","999.9"," 0","999.9"," 0","  3.9","24","  7.0"," 17.5","  37.2"," ","  30.2"," "," 0.00","I","999.9","000000"
"02815099999","2020-11-07","67.2833333","28.1833333","180.0","SAVUKOSKI KK, FI","  35.8","24","  29.1","24","9999.9"," 0","999.9"," 0","999.9"," 0","  5.1","24","  7.2"," 16.9","  40.8"," ","  30.0"," "," 0.00","I","999.9","000000"
"02815099999","2020-11-08","67.2833333","28.1833333","180.0","SAVUKOSKI KK, FI","  28.7","24","  21.3","24","9999.9"," 0","999.9"," 0","999.9"," 0","  3.9","24","  6.4"," 18.8","  35.2"," ","  21.2","*"," 0.00","I","999.9","000000"
"02815099999","2020-11-09","67.2833333","28.1833333","180.0","SAVUKOSKI KK, FI","  29.2","24","  26.0","24","9999.9"," 0","999.9"," 0","999.9"," 0","  3.1","24","  5.4"," 17.1","  34.7"," ","  20.5"," "," 0.00","I","999.9","000000"
"02815099999","2020-11-10","67.2833333","28.1833333","180.0","SAVUKOSKI KK, FI","  23.2","24","  19.8","24","9999.9"," 0","999.9"," 0","999.9"," 0","  1.6","24","  3.9"," 11.7","  29.7"," ","  15.8","*"," 0.00","I","999.9","000000"
"02815099999","2020-11-11","67.2833333","28.1833333","180.0","SAVUKOSKI KK, FI","  22.3","24","  20.9","24","9999.9"," 0","999.9"," 0","999.9"," 0","  0.2","24","  1.4","999.9","  30.4","*","  10.9"," "," 0.00","I","999.9","000000"
"02815099999","2020-11-12","67.2833333","28.1833333","180.0","SAVUKOSKI KK, FI","  32.0","24","  31.8","24","9999.9"," 0","999.9"," 0","999.9"," 0","  2.0","24","  4.9"," 10.7","  34.7","*","  28.6"," "," 0.00","I","999.9","000000"
"02815099999","2020-11-13","67.2833333","28.1833333","180.0","SAVUKOSKI KK, FI","  36.8","24","  36.1","24","9999.9"," 0","999.9"," 0","999.9"," 0","  4.4","24","  6.2"," 16.1","  38.1"," ","  32.0"," "," 0.00","I","999.9","000000"
"02815099999","2020-11-14","67.2833333","28.1833333","180.0","SAVUKOSKI KK, FI","  34.8","24","  33.0","24","9999.9"," 0","999.9"," 0","999.9"," 0","  4.8","24","  6.0"," 13.2","  37.4"," ","  34.0"," "," 0.00","I","999.9","000000"
"02815099999","2020-11-15","67.2833333","28.1833333","180.0","SAVUKOSKI KK, FI","  35.2","24","  33.4","24","9999.9"," 0","999.9"," 0","999.9"," 0","  5.7","24","  7.8"," 17.5","  36.5","*","  33.6"," "," 0.00","I","999.9","000000"
"02815099999","2020-11-16","67.2833333","28.1833333","180.0","SAVUKOSKI KK, FI","  35.5","21","  33.4","21","9999.9"," 0","999.9"," 0","999.9"," 0","  6.3","21","  8.4"," 20.0","  36.5"," ","  34.2","*"," 0.00","I","999.9","000000"
"02815099999","2020-11-17","67.2833333","28.1833333","180.0","SAVUKOSKI KK, FI","  36.1","24","  34.9","24","9999.9"," 0","999.9"," 0","999.9"," 0","  5.6","24","  7.8"," 18.3","  38.8"," ","  33.8"," "," 0.00","I","999.9","000000"
"02815099999","2020-11-18","67.2833333","28.1833333","180.0","SAVUKOSKI KK, FI","  35.1","24","  34.0","24","9999.9"," 0","999.9"," 0","999.9"," 0","  5.4","24","  7.2"," 19.2","  38.8"," ","  32.0","*"," 0.00","I","999.9","000000"
"02815099999","2020-11-19","67.2833333","28.1833333","180.0","SAVUKOSKI KK, FI","  29.0","24","  27.7","24","9999.9"," 0","999.9"," 0","999.9"," 0","  2.8","24","  6.8"," 16.7","  34.0"," ","  25.9","*"," 0.00","I","999.9","000000"
"02815099999","2020-11-20","67.2833333","28.1833333","180.0","SAVUKOSKI KK, FI","  26.2","24","  23.2","24","9999.9"," 0","999.9"," 0","999.9"," 0","  3.1","24","  6.2"," 17.1","  32.0","*","  15.8","*"," 0.00","I","999.9","000000"
"02815099999","2020-11-21","67.2833333","28.1833333","180.0","SAVUKOSKI KK, FI","  16.7","24","  14.6","24","9999.9"," 0","999.9"," 0","999.9"," 0","  2.1","24","  3.9"," 12.4","  28.0","*","   5.7"," "," 0.00","I","999.9","000000"
"02815099999","2020-11-22","67.2833333","28.1833333","180.0","SAVUKOSKI KK, FI","  30.9","24","  30.1","24","9999.9"," 0","999.9"," 0","999.9"," 0","  3.5","24","  6.6"," 13.8","  33.8"," ","  25.3"," "," 0.00","I","999.9","000000"
"02815099999","2020-11-23","67.2833333","28.1833333","180.0","SAVUKOSKI KK, FI","  31.4","24","  31.0","24","9999.9"," 0","999.9"," 0","999.9"," 0","  1.3","24","  2.1"," 10.1","  33.3"," ","  29.3","*"," 0.00","I","999.9","000000"
"02815099999","2020-11-24","67.2833333","28.1833333","180.0","SAVUKOSKI KK, FI","  24.2","24","  22.9","24","9999.9"," 0","999.9"," 0","999.9"," 0","  1.1","24","  2.9","999.9","  30.9"," ","  18.1","*"," 0.00","I","999.9","000000"
"02815099999","2020-11-25","67.2833333","28.1833333","180.0","SAVUKOSKI KK, FI","  14.3","24","  12.3","24","9999.9"," 0","999.9"," 0","999.9"," 0","  0.9","24","  2.5","999.9","  19.4"," ","  10.8"," "," 0.00","I","999.9","000000"
"02815099999","2020-11-26","67.2833333","28.1833333","180.0","SAVUKOSKI KK, FI","  24.0","24","  22.7","24","9999.9"," 0","999.9"," 0","999.9"," 0","  3.7","24","  4.9"," 11.1","  26.2"," ","  12.9"," "," 0.00","I","999.9","000000"
"02815099999","2020-11-27","67.2833333","28.1833333","180.0","SAVUKOSKI KK, FI","  24.3","24","  23.2","24","9999.9"," 0","999.9"," 0","999.9"," 0","  1.1","24","  3.7","999.9","  27.1","*","  22.1"," "," 0.00","I","999.9","000000"
"02815099999","2020-11-28","67.2833333","28.1833333","180.0","SAVUKOSKI KK, FI","  24.6","24","  23.4","24","9999.9"," 0","999.9"," 0","999.9"," 0","  2.5","24","  4.1","999.9","  27.0"," ","  17.6"," "," 0.00","I","999.9","000000"
"02815099999","2020-11-29","67.2833333","28.1833333","180.0","SAVUKOSKI KK, FI","  26.9","24","  25.4","24","9999.9"," 0","999.9"," 0","999.9"," 0","  4.5","24","  5.8"," 13.0","  28.4","*","  17.6"," "," 0.00","I","999.9","000000"
"02815099999","2020-11-30","67.2833333","28.1833333","180.0","SAVUKOSKI KK, FI","  27.5","24","  25.4","24","9999.9"," 0","999.9"," 0","999.9"," 0","  5.5","24","  7.0"," 16.5","  28.6"," ","  26.4"," "," 0.00","I","999.9","000000"
"02815099999","2020-12-01","67.2833333","28.1833333","180.0","SAVUKOSKI KK, FI","  28.9","24","  27.6","24","9999.9"," 0","999.9"," 0","999.9"," 0","  3.6","24","  5.6"," 11.8","  30.6"," ","  23.9","*"," 0.00","I","999.9","000000"
"02815099999","2020-12-02","67.2833333","28.1833333","180.0","SAVUKOSKI KK, FI","  24.5","24","  22.9","24","9999.9"," 0","999.9"," 0","999.9"," 0","  4.7","24","  9.1"," 17.9","  29.3"," ","  16.7"," "," 0.00","I","999.9","000000"
"02815099999","2020-12-03","67.2833333","28.1833333","180.0","SAVUKOSKI KK, FI","  30.8","24","  28.2","24","9999.9"," 0","999.9"," 0","999.9"," 0","  7.0","24","  9.3"," 20.8","  33.8","*","  27.7","*"," 0.00","I","999.9","000000"
"02815099999","2020-12-04","67.2833333","28.1833333","180.0","SAVUKOSKI KK, FI","  26.4","24","  24.0","24","9999.9"," 0","999.9"," 0","999.9"," 0","  3.6","24","  5.8"," 12.6","  29.7"," ","  24.8"," "," 0.00","I","999.9","000000"
"02815099999","2020-12-05","67.2833333","28.1833333","180.0","SAVUKOSKI KK, FI","  29.1","24","  27.8","24","9999.9"," 0","999.9"," 0","999.9"," 0","  3.2","24","  4.9"," 10.7","  32.0","*","  26.8"," "," 0.00","I","999.9","000000"
"02815099999","2020-12-06","67.2833333","28.1833333","180.0","SAVUKOSKI KK, FI","  32.1","24","  32.0","23","9999.9"," 0","999.9"," 0","999.9"," 0","  1.1","24","  3.1","999.9","  32.9","*","  30.4"," "," 0.00","I","999.9","000000"
"02815099999","2020-12-07","67.2833333","28.1833333","180.0","SAVUKOSKI KK, FI","  32.9","24","  32.9","21","9999.9"," 0","999.9"," 0","999.9"," 0","  2.3","24","  4.7"," 10.9","  34.3"," ","  32.0"," "," 0.00","I","999.9","000000"
"02815099999","2020-12-08","67.2833333","28.1833333","180.0","SAVUKOSKI KK, FI","  29.2","24","  28.2","24","9999.9"," 0","999.9"," 0","999.9"," 0","  3.4","24","  6.4"," 15.0","  32.9"," ","  25.3"," "," 0.00","I","999.9","000000"
"02815099999","2020-12-09","67.2833333","28.1833333","180.0","SAVUKOSKI KK, FI","  24.5","24","  22.7","24","9999.9"," 0","999.9"," 0","999.9"," 0","  5.4","24","  7.0"," 16.5","  26.6"," ","  21.2"," "," 0.00","I","999.9","000000"
"02815099999","2020-12-10","67.2833333","28.1833333","180.0","SAVUKOSKI KK, FI","  29.0","24","  27.9","24","9999.9"," 0","999.9"," 0","999.9"," 0","  4.9","24","  7.8"," 13.2","  31.1","*","  21.9"," "," 0.00","I","999.9","000000"
"02815099999","2020-12-11","67.2833333","28.1833333","180.0","SAVUKOSKI KK, FI","  26.2","24","  25.1","24","9999.9"," 0","999.9"," 0","999.9"," 0","  1.5","24","  3.5","999.9","  30.2"," ","  23.2","*"," 0.00","I","999.9","000000"
"02815099999","2020-12-12","67.2833333","28.1833333","180.0","SAVUKOSKI KK, FI","  16.6","24","  14.4","24","9999.9"," 0","999.9"," 0","999.9"," 0","  1.2","24","  3.7","999.9","  25.9"," ","   8.1"," "," 0.00","I","999.9","000000"
"02815099999","2020-12-13","67.2833333","28.1833333","180.0","SAVUKOSKI KK, FI","  21.4","24","  20.2","24","9999.9"," 0","999.9"," 0","999.9"," 0","  0.8","24","  2.3","999.9","  22.6"," ","  12.0"," "," 0.00","I","999.9","000000"
"02815099999","2020-12-14","67.2833333","28.1833333","180.0","SAVUKOSKI KK, FI","  21.6","24","  20.2","24","9999.9"," 0","999.9"," 0","999.9"," 0","  1.3","24","  5.1"," 12.6","  24.1","*","  20.5"," "," 0.00","I","999.9","000000"
"02815099999","2020-12-15","67.2833333","28.1833333","180.0","SAVUKOSKI KK, FI","  21.9","24","  19.7","24","9999.9"," 0","999.9"," 0","999.9"," 0","  2.4","24","  4.7","  9.9","  24.3"," ","  19.8"," "," 0.00","I","999.9","000000"
"02815099999","2020-12-16","67.2833333","28.1833333","180.0","SAVUKOSKI KK, FI","  21.2","24","  19.2","24","9999.9"," 0","999.9"," 0","999.9"," 0","  2.8","24","  4.5"," 12.6","  24.8","*","  16.3"," "," 0.00","I","999.9","000000"
"02815099999","2020-12-17","67.2833333","28.1833333","180.0","SAVUKOSKI KK, FI","   3.3","24","  -0.1","24","9999.9"," 0","999.9"," 0","999.9"," 0","  1.1","24","  3.7"," 10.9","  24.6"," "," -10.7","*"," 0.00","I","999.9","000000"
"02815099999","2020-12-18","67.2833333","28.1833333","180.0","SAVUKOSKI KK, FI","   7.0","24","   4.2","24","9999.9"," 0","999.9"," 0","999.9"," 0","  1.1","24","  2.3","999.9","  16.9","*"," -11.0"," "," 0.00","I","999.9","000000"
"02815099999","2020-12-19","67.2833333","28.1833333","180.0","SAVUKOSKI KK, FI","  21.0","24","  19.4","24","9999.9"," 0","999.9"," 0","999.9"," 0","  1.3","24","  2.9","999.9","  23.0","*","  15.8"," "," 0.00","I","999.9","000000"
"02815099999","2020-12-20","67.2833333","28.1833333","180.0","SAVUKOSKI KK, FI","  29.0","24","  28.4","24","9999.9"," 0","999.9"," 0","999.9"," 0","  4.0","24","  8.2"," 19.2","  34.7","*","  21.7"," "," 0.00","I","999.9","000000"
"02815099999","2020-12-21","67.2833333","28.1833333","180.0","SAVUKOSKI KK, FI","  34.8","24","  34.0","24","9999.9"," 0","999.9"," 0","999.9"," 0","  4.1","24","  6.6"," 15.2","  35.8"," ","  33.8","*"," 0.00","I","999.9","000000"
"02815099999","2020-12-22","67.2833333","28.1833333","180.0","SAVUKOSKI KK, FI","  32.4","24","  31.7","24","9999.9"," 0","999.9"," 0","999.9"," 0","  2.3","24","  3.9"," 11.5","  35.4"," ","  31.1","*"," 0.00","I","999.9","000000"
"02815099999","2020-12-23","67.2833333","28.1833333","180.0","SAVUKOSKI KK, FI","  31.9","24","  31.5","24","9999.9"," 0","999.9"," 0","999.9"," 0","  2.5","24","  4.3"," 10.7","  32.7"," ","  30.4"," "," 0.00","I","999.9","000000"
"02815099999","2020-12-24","67.2833333","28.1833333","180.0","SAVUKOSKI KK, FI","  24.0","24","  20.7","24","9999.9"," 0","999.9"," 0","999.9"," 0","  4.4","24","  6.2"," 13.6","  31.6"," ","  15.8","*"," 0.00","I","999.9","000000"
"02815099999","2020-12-25","67.2833333","28.1833333","180.0","SAVUKOSKI KK, FI","   7.9","24","   3.6","24","9999.9"," 0","999.9"," 0","999.9"," 0","  2.7","24","  4.3"," 10.3","  19.2"," ","  -9.4","*"," 0.00","I","999.9","000000"
"02815099999","2020-12-26","67.2833333","28.1833333","180.0","SAVUKOSKI KK, FI"," -15.6","24"," -20.4","24","9999.9"," 0","999.9"," 0","999.9"," 0","  1.0","24","  2.1","999.9","  -0.9"," "," -20.4"," "," 0.00","I","999.9","000000"
"02815099999","2020-12-27","67.2833333","28.1833333","180.0","SAVUKOSKI KK, FI","   2.4","24","  -1.5","24","9999.9"," 0","999.9"," 0","999.9"," 0","  3.3","24","  5.8"," 16.9","  12.2","*"," -18.4"," "," 0.00","I","999.9","000000"
"02815099999","2020-12-28","67.2833333","28.1833333","180.0","SAVUKOSKI KK, FI","  20.5","24","  18.1","24","9999.9"," 0","999.9"," 0","999.9"," 0","  3.6","24","  4.9"," 15.9","  25.7","*","   9.7"," "," 0.00","I","999.9","000000"
"02815099999","2020-12-29","67.2833333","28.1833333","180.0","SAVUKOSKI KK, FI","  23.2","24","  20.6","24","9999.9"," 0","999.9"," 0","999.9"," 0","  3.6","24","  5.2"," 13.6","  25.7"," ","  21.4"," "," 0.00","I","999.9","000000"
"02815099999","2020-12-30","67.2833333","28.1833333","180.0","SAVUKOSKI KK, FI","  23.1","24","  20.6","24","9999.9"," 0","999.9"," 0","999.9"," 0","  3.8","24","  5.4"," 15.0","  25.5"," ","  20.5","*"," 0.00","I","999.9","000000"
"02815099999","2020-12-31","67.2833333","28.1833333","180.0","SAVUKOSKI KK, FI","  25.1","24","  22.1","24","9999.9"," 0","999.9"," 0","999.9"," 0","  3.7","24","  5.4"," 13.2","  27.7"," ","  20.5"," "," 0.00","I","999.9","000000"
