"STATION","DATE","LATITUDE","LONGITUDE","ELEVATION","NAME","TEMP","TEMP_ATTRIBUTES","DEWP","DEWP_ATTRIBUTES","SLP","SLP_ATTRIBUTES","STP","STP_ATTRIBUTES","VISIB","VISIB_ATTRIBUTES","WDSP","WDSP_ATTRIBUTES","MXSPD","GUST","MAX","MAX_ATTRIBUTES","MIN","MIN_ATTRIBUTES","PRCP","PRCP_ATTRIBUTES","SNDP","FRSHTT"
"47815099999","2020-01-01","33.2333333","131.6166666","13.47","OITA, JA","  40.8","21","  31.1","21","1028.6","21","026.9","21"," 19.5"," 7","  5.2","21","  8.0","999.9","  52.2"," ","  32.2"," "," 0.00","G","999.9","000000"
"47815099999","2020-01-02","33.2333333","131.6166666","13.47","OITA, JA","  45.0","23","  36.2","23","1025.8","23","024.2","23"," 14.6"," 7","  4.6","23","  6.0","999.9","  55.8"," ","  32.5"," "," 0.00","G","999.9","000000"
"47815099999","2020-01-03","33.2333333","131.6166666","13.47","OITA, JA","  48.3","24","  35.9","24","1022.5","24","020.8","24"," 11.1"," 7","  4.6","24","  8.9","999.9","  59.2"," ","  37.6"," "," 0.00","G","999.9","000000"
"47815099999","2020-01-04","33.2333333","131.6166666","13.47","OITA, JA","  50.4","24","  33.1","24","1022.8","24","021.2","24"," 19.5"," 7","  6.5","24"," 11.1","999.9","  59.5"," ","  38.3"," "," 0.00","G","999.9","000000"
"47815099999","2020-01-05","33.2333333","131.6166666","13.47","OITA, JA","  44.5","23","  33.6","23","1029.5","23","027.8","23"," 18.6"," 7","  5.4","23","  7.0","999.9","  53.8"," ","  36.7","*"," 0.00","G","999.9","000000"
"47815099999","2020-01-06","33.2333333","131.6166666","13.47","OITA, JA","  49.8","23","  40.8","23","1025.9","23","024.2","23"," 12.0"," 7","  3.1","23","  6.0","999.9","  53.4"," ","  36.5"," "," 0.00","G","999.9","010000"
"47815099999","2020-01-07","33.2333333","131.6166666","13.47","OITA, JA","  59.4","22","  50.8","22","1013.3","22","011.7","22","  7.1"," 7","  4.8","22"," 15.9","999.9","  64.2"," ","  48.4"," "," 0.00","G","999.9","010000"
"47815099999","2020-01-08","33.2333333","131.6166666","13.47","OITA, JA","  54.1","24","  38.2","24","1015.4","24","013.8","24"," 14.6"," 7","  8.0","24"," 18.1","999.9","  62.4"," ","  49.5","*"," 0.22","G","999.9","000000"
"47815099999","2020-01-09","33.2333333","131.6166666","13.47","OITA, JA","  52.1","23","  35.9","23","1019.4","23","017.7","23"," 13.8"," 7","  6.5","23","  9.9","999.9","  59.4"," ","  43.3","*"," 0.00","G","999.9","000000"
"47815099999","2020-01-10","33.2333333","131.6166666","13.47","OITA, JA","  46.6","23","  35.8","23","1019.3","23","017.6","23"," 20.9"," 7","  4.8","23","  7.0","999.9","  55.6"," ","  40.3","*"," 0.00","G","999.9","000000"
"47815099999","2020-01-11","33.2333333","131.6166666","13.47","OITA, JA","  50.5","18","  40.5","18","1015.0","18","013.4","18"," 12.9"," 6","  4.0","18","  8.0","999.9","  57.9"," ","  39.9"," "," 0.00","G","999.9","010000"
"47815099999","2020-01-12","33.2333333","131.6166666","13.47","OITA, JA","  48.5","24","  32.6","24","1015.4","24","013.7","24"," 12.0"," 7","  6.9","24","  9.9","999.9","  53.4"," ","  44.8","*"," 0.00","G","999.9","000000"
"47815099999","2020-01-13","33.2333333","131.6166666","13.47","OITA, JA","  46.2","21","  30.6","21","1021.3","21","019.6","21"," 17.6"," 6","  5.9","21","  9.9","999.9","  55.2"," ","  36.1","*"," 0.00","G","999.9","000000"
"47815099999","2020-01-14","33.2333333","131.6166666","13.47","OITA, JA","  41.6","24","  36.2","24","1023.1","24","021.4","24"," 10.2"," 7","  4.4","24","  9.9","999.9","  45.3"," ","  35.8"," "," 0.00","G","999.9","010000"
"47815099999","2020-01-15","33.2333333","131.6166666","13.47","OITA, JA","  43.0","24","  32.1","24","1024.8","24","023.1","24"," 11.1"," 7","  4.3","24","  7.0","999.9","  49.5"," ","  35.4"," "," 0.04","G","999.9","000000"
"47815099999","2020-01-16","33.2333333","131.6166666","13.47","OITA, JA","  44.7","24","  33.5","24","1022.4","24","020.7","24"," 11.5"," 7","  3.2","24","  6.0","999.9","  48.4"," ","  37.4"," "," 0.00","G","999.9","010000"
"47815099999","2020-01-17","33.2333333","131.6166666","13.47","OITA, JA","  47.5","22","  34.9","22","1016.3","22","014.6","22"," 12.4"," 7","  5.2","22","  9.9","999.9","  52.9"," ","  38.7","*"," 0.00","G","999.9","000000"
"47815099999","2020-01-18","33.2333333","131.6166666","13.47","OITA, JA","  44.8","24","  37.3","24","1016.8","24","015.2","24"," 12.9"," 7","  5.1","24","  8.0","999.9","  52.2"," ","  37.6","*"," 0.00","G","999.9","010000"
"47815099999","2020-01-19","33.2333333","131.6166666","13.47","OITA, JA","  48.9","22","  35.4","22","1018.7","22","017.0","22"," 11.4"," 7","  4.4","22","  9.9","999.9","  56.8"," ","  37.4"," "," 0.00","G","999.9","000000"
"47815099999","2020-01-20","33.2333333","131.6166666","13.47","OITA, JA","  48.2","24","  32.1","24","1022.3","24","020.6","24","  8.9"," 7","  5.7","24","  9.9","999.9","  56.3"," ","  41.0","*"," 0.00","G","999.9","000000"
"47815099999","2020-01-21","33.2333333","131.6166666","13.47","OITA, JA","  44.8","24","  32.1","24","1028.0","24","026.3","24"," 12.4"," 7","  5.5","24","  9.9","999.9","  53.8"," ","  38.1","*"," 0.00","G","999.9","000000"
"47815099999","2020-01-22","33.2333333","131.6166666","13.47","OITA, JA","  46.8","24","  44.5","24","1022.9","24","021.2","24","  6.3"," 7","  2.9","24","  6.0","999.9","  50.0","*","  37.8"," "," 0.08","E","999.9","010000"
"47815099999","2020-01-23","33.2333333","131.6166666","13.47","OITA, JA","  56.1","23","  54.3","23","1020.9","23","019.3","23","  4.7"," 7","  2.9","23","  8.0","999.9","  58.6"," ","  46.8"," "," 0.39","G","999.9","000000"
"47815099999","2020-01-24","33.2333333","131.6166666","13.47","OITA, JA","  55.9","23","  47.8","23","1026.3","23","024.6","23"," 10.7"," 7","  6.0","23","  8.9","999.9","  60.4"," ","  51.1","*"," 0.00","G","999.9","010000"
"47815099999","2020-01-25","33.2333333","131.6166666","13.47","OITA, JA","  47.5","23","  44.9","23","1026.3","23","024.6","23","  6.5"," 7","  3.1","23","  6.0","999.9","  50.5","*","  45.5","*"," 0.00","G","999.9","010000"
"47815099999","2020-01-26","33.2333333","131.6166666","13.47","OITA, JA","  49.3","23","  45.6","23","1020.9","23","019.2","23","  8.3"," 7","  5.2","23"," 14.0","999.9","  51.3"," ","  45.3"," "," 0.89","G","999.9","010000"
"47815099999","2020-01-27","33.2333333","131.6166666","13.47","OITA, JA","  49.3","23","  47.9","23","1007.3","23","005.7","23","  6.5"," 7","  8.0","23"," 14.0","999.9","  52.0"," ","  43.7","*"," 1.12","G","999.9","010000"
"47815099999","2020-01-28","33.2333333","131.6166666","13.47","OITA, JA","  53.6","24","  45.6","24","1011.8","24","010.2","24"," 11.5"," 7","  7.8","24"," 11.1","999.9","  61.0"," ","  43.2"," "," 1.06","G","999.9","000000"
"47815099999","2020-01-29","33.2333333","131.6166666","13.47","OITA, JA","  51.9","24","  40.4","24","1011.1","24","009.5","24"," 12.9"," 7","  6.2","24","  8.9","999.9","  59.4"," ","  47.1","*"," 0.00","G","999.9","010000"
"47815099999","2020-01-30","33.2333333","131.6166666","13.47","OITA, JA","  48.2","22","  34.9","22","1012.2","22","010.6","22"," 16.0"," 7","  7.3","22","  8.9","999.9","  55.4"," ","  43.0","*"," 0.02","G","999.9","010000"
"47815099999","2020-01-31","33.2333333","131.6166666","13.47","OITA, JA","  45.1","24","  34.4","24","1019.2","24","017.5","24"," 13.8"," 7","  6.0","24","  9.9","999.9","  52.0"," ","  39.0","*"," 0.00","G","999.9","010000"
"47815099999","2020-02-01","33.2333333","131.6166666","13.47","OITA, JA","  45.4","23","  34.2","23","1023.4","23","021.8","23"," 11.5"," 7","  4.7","23","  7.0","999.9","  55.4"," ","  37.6","*"," 0.00","G","999.9","000000"
"47815099999","2020-02-02","33.2333333","131.6166666","13.47","OITA, JA","  45.8","23","  35.0","23","1023.6","23","021.9","23","  6.0"," 7","  4.5","23","  7.0","999.9","  55.6"," ","  36.9"," "," 0.00","G","999.9","000000"
"47815099999","2020-02-03","33.2333333","131.6166666","13.47","OITA, JA","  46.3","24","  35.0","24","1024.4","24","022.7","24","  8.1","20","  5.2","24","  8.9","999.9","  57.6"," ","  36.1","*"," 0.00","G","999.9","000000"
"47815099999","2020-02-04","33.2333333","131.6166666","13.47","OITA, JA","  44.5","23","  34.9","23","1023.3","23","021.6","23"," 10.8","23","  4.5","23","  7.0","999.9","  55.0"," ","  35.8"," "," 0.00","F","999.9","000000"
"47815099999","2020-02-05","33.2333333","131.6166666","13.47","OITA, JA","  43.4","23","  25.8","23","1025.7","23","024.0","23"," 11.5","23","  8.0","23"," 13.0","999.9","  53.6"," ","  35.6"," "," 0.00","F","999.9","010000"
"47815099999","2020-02-06","33.2333333","131.6166666","13.47","OITA, JA","  43.1","23","  28.7","23","1029.2","23","027.5","23"," 12.4","23","  5.8","23"," 12.0","999.9","  49.3"," ","  34.0"," "," 0.00","F","999.9","010000"
"47815099999","2020-02-07","33.2333333","131.6166666","13.47","OITA, JA","  42.7","24","  38.8","24","1024.3","24","022.6","24"," 11.3","24","  4.2","24","  6.0","999.9","  46.8"," ","  38.1","*"," 0.08","F","999.9","010000"
"47815099999","2020-02-08","33.2333333","131.6166666","13.47","OITA, JA","  46.6","24","  32.1","24","1022.2","24","020.5","24"," 11.4","24","  8.0","24"," 12.0","999.9","  53.2"," ","  37.6"," "," 0.00","F","999.9","010000"
"47815099999","2020-02-09","33.2333333","131.6166666","13.47","OITA, JA","  42.5","23","  31.2","23","1022.0","23","020.3","23"," 12.4","23","  4.5","23","  8.9","999.9","  46.8"," ","  38.5","*"," 0.04","F","999.9","010000"
"47815099999","2020-02-10","33.2333333","131.6166666","13.47","OITA, JA","  46.6","21","  33.7","21","1025.3","21","023.6","21","  6.7","21","  4.5","21","  7.0","999.9","  54.9"," ","  36.7","*"," 0.00","F","999.9","000000"
"47815099999","2020-02-11","33.2333333","131.6166666","13.47","OITA, JA","  48.4","24","  35.7","24","1028.4","24","026.7","24"," 11.8","24","  3.7","24","  7.0","999.9","  55.0"," ","  36.3"," "," 0.00","F","999.9","010000"
"47815099999","2020-02-12","33.2333333","131.6166666","13.47","OITA, JA","  51.5","24","  50.9","24","1018.7","24","017.1","24","  2.2","24","  2.6","24","  5.1","999.9","  55.0","*","  45.0"," "," 0.35","F","999.9","010000"
"47815099999","2020-02-13","33.2333333","131.6166666","13.47","OITA, JA","  55.7","23","  49.7","23","1018.9","23","017.3","23"," 10.8","23","  4.3","23","  8.9","999.9","  65.1"," ","  49.3","*"," 0.04","F","999.9","010000"
"47815099999","2020-02-14","33.2333333","131.6166666","13.47","OITA, JA","  53.3","23","  50.2","23","1020.5","23","018.8","23","  7.8","23","  3.3","23","  8.0","999.9","  62.8"," ","  47.8","*"," 0.08","F","999.9","010000"
"47815099999","2020-02-15","33.2333333","131.6166666","13.47","OITA, JA","  55.2","24","  53.3","24","1015.8","24","014.2","24","  3.0","24","  3.4","24","  5.1","999.9","  59.5"," ","  47.5"," "," 0.00","F","999.9","110000"
"47815099999","2020-02-16","33.2333333","131.6166666","13.47","OITA, JA","  49.1","24","  38.8","24","1011.3","24","009.7","24"," 10.7","24","  7.3","24"," 12.0","999.9","  57.9"," ","  43.0","*"," 0.51","F","999.9","010000"
"47815099999","2020-02-17","33.2333333","131.6166666","13.47","OITA, JA","  39.7","23","  25.4","23","1016.8","23","015.1","23"," 12.4","23","  8.0","23"," 13.0","999.9","  47.5"," ","  35.1","*"," 0.00","F","999.9","011000"
"47815099999","2020-02-18","33.2333333","131.6166666","13.47","OITA, JA","  39.2","23","  27.5","23","1026.3","23","024.6","23"," 12.4","23","  6.0","23","  9.9","999.9","  47.8"," ","  30.6","*"," 0.00","F","999.9","000000"
"47815099999","2020-02-19","33.2333333","131.6166666","13.47","OITA, JA","  44.3","24","  34.2","24","1029.1","24","027.4","24"," 12.4","24","  4.5","24","  8.0","999.9","  53.2"," ","  30.6"," "," 0.00","F","999.9","000000"
"47815099999","2020-02-20","33.2333333","131.6166666","13.47","OITA, JA","  47.2","23","  36.0","23","1033.3","23","031.6","23"," 12.4","23","  4.7","23","  8.0","999.9","  57.4"," ","  37.6","*"," 0.00","F","999.9","000000"
"47815099999","2020-02-21","33.2333333","131.6166666","13.47","OITA, JA","  55.0","23","  45.6","23","1028.9","23","027.3","23"," 12.2","23","  5.3","23"," 11.1","999.9","  61.3"," ","  37.2"," "," 0.00","F","999.9","010000"
"47815099999","2020-02-22","33.2333333","131.6166666","13.47","OITA, JA","  53.7","23","  35.3","23","1024.8","23","023.2","23","  8.7","23","  8.1","23"," 13.0","999.9","  64.9"," ","  46.2","*"," 0.08","F","999.9","010000"
"47815099999","2020-02-23","33.2333333","131.6166666","13.47","OITA, JA","  45.7","24","  31.7","24","1027.5","24","025.9","24"," 12.4","24","  6.7","24"," 12.0","999.9","  57.0"," ","  34.9","*"," 0.00","F","999.9","000000"
"47815099999","2020-02-24","33.2333333","131.6166666","13.47","OITA, JA","  50.9","24","  37.2","24","1024.1","24","022.5","24"," 12.4","24","  3.5","24","  6.0","999.9","  59.7"," ","  34.2"," "," 0.00","F","999.9","000000"
"47815099999","2020-02-25","33.2333333","131.6166666","13.47","OITA, JA","  59.7","23","  49.2","23","1015.0","23","013.4","23"," 12.1","23","  4.7","23","  8.9","999.9","  68.4"," ","  46.8"," "," 0.00","H","999.9","010000"
"47815099999","2020-02-26","33.2333333","131.6166666","13.47","OITA, JA","  54.3","23","  45.1","23","1020.5","23","018.9","23"," 12.4","23","  7.6","23"," 11.1","999.9","  61.2"," ","  48.6","*"," 0.08","F","999.9","010000"
"47815099999","2020-02-27","33.2333333","131.6166666","13.47","OITA, JA","  45.2","22","  30.9","22","1027.0","22","025.3","22"," 12.4","22","  6.0","22","  9.9","999.9","  54.0"," ","  36.1","*"," 0.00","F","999.9","010000"
"47815099999","2020-02-28","33.2333333","131.6166666","13.47","OITA, JA","  44.4","24","  37.5","24","1022.0","24","020.3","24","  6.9","24","  3.1","24","  5.1","999.9","  48.6"," ","  35.8"," "," 0.20","F","999.9","010000"
"47815099999","2020-02-29","33.2333333","131.6166666","13.47","OITA, JA","  49.0","23","  48.2","23","1016.3","23","014.7","23","  6.6","23","  2.7","23","  5.1","999.9","  50.0"," ","  42.1"," "," 1.22","F","999.9","010000"
"47815099999","2020-03-01","33.2333333","131.6166666","13.47","OITA, JA","  49.4","21","  46.9","21","1016.7","21","015.1","21","  5.8","21","  2.1","21","  4.1","999.9","  52.5"," ","  46.6","*"," 0.28","F","999.9","010000"
"47815099999","2020-03-02","33.2333333","131.6166666","13.47","OITA, JA","  50.2","23","  38.5","23","1021.8","23","020.1","23"," 12.1","23","  5.8","23","  9.9","999.9","  60.4"," ","  39.0","*"," 0.00","F","999.9","000000"
"47815099999","2020-03-03","33.2333333","131.6166666","13.47","OITA, JA","  50.2","23","  40.5","23","1021.9","23","020.2","23"," 11.8","23","  3.5","23","  7.0","999.9","  54.3"," ","  38.8"," "," 0.00","F","999.9","010000"
"47815099999","2020-03-04","33.2333333","131.6166666","13.47","OITA, JA","  50.5","24","  35.1","24","1018.1","24","016.5","24"," 11.7","24","  6.9","24"," 13.0","999.9","  58.3"," ","  41.2","*"," 0.04","F","999.9","010000"
"47815099999","2020-03-05","33.2333333","131.6166666","13.47","OITA, JA","  44.2","24","  29.1","24","1022.9","24","021.2","24"," 11.0","24","  6.7","24","  9.9","999.9","  53.2"," ","  34.5","*"," 0.00","F","999.9","010000"
"47815099999","2020-03-06","33.2333333","131.6166666","13.47","OITA, JA","  45.4","23","  34.1","23","1021.8","23","020.1","23"," 10.8","23","  4.9","23","  8.0","999.9","  54.9"," ","  34.5"," "," 0.00","F","999.9","000000"
"47815099999","2020-03-07","33.2333333","131.6166666","13.47","OITA, JA","  51.3","23","  47.8","23","1014.8","23","013.2","23","  6.1","23","  4.8","23","  9.9","999.9","  54.9"," ","  39.0"," "," 0.35","E","999.9","010000"
"47815099999","2020-03-08","33.2333333","131.6166666","13.47","OITA, JA","  53.1","24","  44.1","24","1016.9","24","015.2","24"," 12.4","24","  6.5","24"," 12.0","999.9","  62.2"," ","  44.4","*"," 0.63","F","999.9","000000"
"47815099999","2020-03-09","33.2333333","131.6166666","13.47","OITA, JA","  56.3","24","  51.9","24","1009.3","24","007.7","24","  9.6","24","  3.4","24","  7.0","999.9","  59.5","*","  44.1"," "," 0.20","F","999.9","010000"
"47815099999","2020-03-10","33.2333333","131.6166666","13.47","OITA, JA","  57.5","23","  47.2","23","1004.3","23","002.7","23"," 12.4","23","  6.3","23"," 14.0","999.9","  66.9","*","  51.1","*"," 0.28","F","999.9","010000"
"47815099999","2020-03-11","33.2333333","131.6166666","13.47","OITA, JA","  49.6","17","  32.7","17","1018.0","17","016.4","17"," 12.4","17","  6.7","17"," 11.1","999.9","  60.6","*","  39.0","*"," 0.00","E","999.9","000000"
"47815099999","2020-03-12","33.2333333","131.6166666","13.47","OITA, JA","  50.2","23","  37.0","23","1022.6","23","020.9","23"," 12.4","23","  4.7","23","  8.0","999.9","  61.0"," ","  38.8"," "," 0.00","F","999.9","000000"
"47815099999","2020-03-13","33.2333333","131.6166666","13.47","OITA, JA","  53.0","20","  41.6","20","1016.4","20","014.8","20"," 12.1","20","  3.0","20","  8.0","999.9","  57.7","*","  42.6"," "," 0.00","H","999.9","010000"
"47815099999","2020-03-14","33.2333333","131.6166666","13.47","OITA, JA","  47.1","17","  32.3","17","1012.3","17","010.7","17"," 12.0","17","  6.8","17","  9.9","999.9","  53.2","*","  40.5","*"," 0.04","E","999.9","010000"
"47815099999","2020-03-15","33.2333333","131.6166666","13.47","OITA, JA","  49.9","24","  30.6","24","1011.7","24","010.1","24"," 11.7","24"," 10.9","24"," 15.9","999.9","  59.7","*","  39.4","*"," 0.00","F","999.9","010000"
"47815099999","2020-03-16","33.2333333","131.6166666","13.47","OITA, JA","  45.2","24","  32.9","24","1021.3","24","019.6","24"," 12.4","24","  6.0","24","  9.9","999.9","  54.7"," ","  36.7","*"," 0.04","F","999.9","010000"
"47815099999","2020-03-17","33.2333333","131.6166666","13.47","OITA, JA","  53.1","23","  39.1","23","1017.3","23","015.7","23"," 12.4","23","  4.7","23","  7.0","999.9","  61.5","*","  36.5"," "," 0.00","F","999.9","000000"
"47815099999","2020-03-18","33.2333333","131.6166666","13.47","OITA, JA","  54.2","23","  43.4","23","1015.0","23","013.4","23"," 12.4","23","  4.9","23","  8.9","999.9","  66.2","*","  43.0"," "," 0.00","F","999.9","000000"
"47815099999","2020-03-19","33.2333333","131.6166666","13.47","OITA, JA","  58.1","24","  39.4","24","1010.2","24","008.6","24"," 11.8","24","  6.9","24"," 12.0","999.9","  70.5","*","  44.6"," "," 0.00","F","999.9","010000"
"47815099999","2020-03-20","33.2333333","131.6166666","13.47","OITA, JA","  52.3","24","  34.3","24","1015.8","24","014.2","24"," 12.4","24","  5.3","24","  9.9","999.9","  62.8","*","  41.2","*"," 0.00","F","999.9","000000"
"47815099999","2020-03-21","33.2333333","131.6166666","13.47","OITA, JA","  56.5","24","  43.2","24","1014.7","24","013.1","24"," 12.4","24","  3.7","24","  8.0","999.9","  65.8"," ","  41.0"," "," 0.00","F","999.9","010000"
"47815099999","2020-03-22","33.2333333","131.6166666","13.47","OITA, JA","  59.9","23","  50.5","23","1012.1","23","010.5","23","  9.3","23","  4.3","23","  9.9","999.9","  68.9"," ","  50.4"," "," 0.00","F","999.9","000000"
"47815099999","2020-03-23","33.2333333","131.6166666","13.47","OITA, JA","  55.1","23","  35.2","23","1016.7","23","015.1","23"," 12.4","23","  6.0","23","  8.9","999.9","  66.7"," ","  44.1","*"," 0.00","F","999.9","000000"
"47815099999","2020-03-24","33.2333333","131.6166666","13.47","OITA, JA","  51.3","24","  35.0","24","1021.2","24","019.6","24"," 12.4","24","  5.3","24","  8.0","999.9","  61.2"," ","  40.8","*"," 0.00","F","999.9","000000"
"47815099999","2020-03-25","33.2333333","131.6166666","13.47","OITA, JA","  54.8","23","  42.8","23","1021.9","23","020.3","23"," 12.4","23","  4.2","23","  8.0","999.9","  62.2"," ","  40.6"," "," 0.00","F","999.9","000000"
"47815099999","2020-03-26","33.2333333","131.6166666","13.47","OITA, JA","  59.1","24","  54.9","24","1018.5","24","016.9","24","  7.1","24","  3.8","24","  8.0","999.9","  63.7","*","  50.4"," "," 0.20","F","999.9","010000"
"47815099999","2020-03-27","33.2333333","131.6166666","13.47","OITA, JA","  63.6","24","  59.9","24","1012.6","24","011.0","24","  8.8","24","  4.2","24","  8.0","999.9","  71.2","*","  57.0"," "," 0.20","F","999.9","010000"
"47815099999","2020-03-28","33.2333333","131.6166666","13.47","OITA, JA","  53.0","24","  49.1","24","1015.8","24","014.2","24","  9.1","24","  7.2","24","  9.9","999.9","  58.8","*","  50.2","*"," 0.63","F","999.9","010000"
"47815099999","2020-03-29","33.2333333","131.6166666","13.47","OITA, JA","  53.9","24","  43.0","24","1019.1","24","017.5","24"," 12.4","24","  5.4","24","  9.9","999.9","  57.2","*","  49.8"," "," 0.16","F","999.9","010000"
"47815099999","2020-03-30","33.2333333","131.6166666","13.47","OITA, JA","  52.3","24","  49.0","24","1019.4","24","017.8","24","  6.9","24","  2.3","24","  5.1","999.9","  53.1","*","  50.9"," "," 0.16","F","999.9","010000"
"47815099999","2020-03-31","33.2333333","131.6166666","13.47","OITA, JA","  54.0","23","  52.8","23","1013.4","23","011.8","23","  2.9","23","  2.0","23","  4.1","999.9","  55.9","*","  51.1"," "," 0.06","F","999.9","010000"
"47815099999","2020-04-01","33.2333333","131.6166666","13.47","OITA, JA","  52.6","24","  46.4","24","1011.7","24","010.1","24"," 11.2","24","  7.8","24"," 15.0","999.9","  56.5","*","  45.0","*"," 0.71","F","999.9","010000"
"47815099999","2020-04-02","33.2333333","131.6166666","13.47","OITA, JA","  53.5","24","  37.2","24","1021.2","24","019.6","24"," 12.4","24","  5.6","24","  9.9","999.9","  62.6","*","  44.8"," "," 0.00","F","999.9","000000"
"47815099999","2020-04-03","33.2333333","131.6166666","13.47","OITA, JA","  53.7","24","  46.2","24","1019.5","24","017.9","24"," 10.8","24","  3.8","24","  8.0","999.9","  59.5","*","  44.6"," "," 0.00","F","999.9","000000"
"47815099999","2020-04-04","33.2333333","131.6166666","13.47","OITA, JA","  59.7","23","  42.1","23","1016.3","23","014.7","23"," 11.9","23","  5.3","23","  9.9","999.9","  68.2","*","  46.9"," "," 0.00","F","999.9","010000"
"47815099999","2020-04-05","33.2333333","131.6166666","13.47","OITA, JA","  50.6","23","  31.2","23","1020.7","23","019.0","23"," 12.4","23","  7.0","23"," 12.0","999.9","  59.2","*","  39.2","*"," 0.00","F","999.9","000000"
"47815099999","2020-04-06","33.2333333","131.6166666","13.47","OITA, JA","  52.6","22","  30.5","22","1019.1","22","017.4","22"," 12.4","22","  4.8","22","  8.0","999.9","  60.1","*","  38.8"," "," 0.00","F","999.9","000000"
"47815099999","2020-04-07","33.2333333","131.6166666","13.47","OITA, JA","  55.2","24","  39.8","24","1015.1","24","013.5","24"," 12.4","24","  4.7","24","  8.9","999.9","  65.5","*","  44.8"," "," 0.00","F","999.9","000000"
"47815099999","2020-04-08","33.2333333","131.6166666","13.47","OITA, JA","  59.0","23","  44.3","23","1017.2","23","015.6","23","  8.7","23","  4.3","23","  8.9","999.9","  68.7","*","  45.3"," "," 0.00","F","999.9","000000"
"47815099999","2020-04-09","33.2333333","131.6166666","13.47","OITA, JA","  56.8","24","  44.1","24","1021.1","24","019.5","24"," 12.4","24","  5.7","24","  9.9","999.9","  64.2","*","  46.4"," "," 0.00","F","999.9","000000"
"47815099999","2020-04-10","33.2333333","131.6166666","13.47","OITA, JA","  54.9","24","  38.1","24","1022.9","24","021.3","24"," 12.4","24","  6.1","24"," 11.1","999.9","  61.5","*","  46.0","*"," 0.00","F","999.9","000000"
"47815099999","2020-04-11","33.2333333","131.6166666","13.47","OITA, JA","  55.1","23","  39.1","23","1016.1","23","014.5","23"," 10.9","23","  5.3","23","  9.9","999.9","  59.9","*","  45.5"," "," 0.00","H","999.9","010000"
"47815099999","2020-04-12","33.2333333","131.6166666","13.47","OITA, JA","  49.2","24","  45.9","24","1003.4","24","001.8","24","  8.4","24","  8.8","24"," 13.0","999.9","  51.6","*","  47.5","*"," 1.38","F","999.9","010000"
"47815099999","2020-04-13","33.2333333","131.6166666","13.47","OITA, JA","  50.6","23","  40.3","23","1009.5","23","007.9","23"," 11.6","23"," 10.6","23"," 15.0","999.9","  54.5","*","  47.3"," "," 0.04","F","999.9","010000"
"47815099999","2020-04-14","33.2333333","131.6166666","13.47","OITA, JA","  57.1","24","  38.3","24","1015.9","24","014.3","24"," 12.4","24","  6.2","24"," 11.1","999.9","  67.1","*","  47.5","*"," 0.00","F","999.9","000000"
"47815099999","2020-04-15","33.2333333","131.6166666","13.47","OITA, JA","  58.4","24","  45.6","24","1015.1","24","013.5","24"," 12.4","24","  3.9","24","  8.0","999.9","  65.5","*","  47.1"," "," 0.00","F","999.9","000000"
"47815099999","2020-04-16","33.2333333","131.6166666","13.47","OITA, JA","  59.9","24","  44.8","24","1018.1","24","016.5","24"," 12.4","24","  5.6","24","  8.9","999.9","  70.9","*","  49.1","*"," 0.00","F","999.9","000000"
"47815099999","2020-04-17","33.2333333","131.6166666","13.47","OITA, JA","  63.7","24","  51.9","24","1013.8","24","012.2","24"," 10.8","24","  8.1","24"," 15.0","999.9","  71.2","*","  48.7"," "," 0.00","F","999.9","010000"
"47815099999","2020-04-18","33.2333333","131.6166666","13.47","OITA, JA","  61.0","24","  46.1","24","1016.4","24","014.8","24"," 12.4","24","  7.1","24"," 14.0","999.9","  71.8","*","  50.7","*"," 0.08","F","999.9","000000"
"47815099999","2020-04-19","33.2333333","131.6166666","13.47","OITA, JA","  59.0","24","  51.6","24","1010.2","24","008.6","24","  9.5","24","  4.3","24","  9.9","999.9","  63.9","*","  50.0"," "," 0.08","F","999.9","010000"
"47815099999","2020-04-20","33.2333333","131.6166666","13.47","OITA, JA","  62.4","23","  50.7","23","1011.9","23","010.3","23"," 11.4","23","  5.4","23"," 11.1","999.9","  68.4","*","  57.0"," "," 0.20","F","999.9","010000"
"47815099999","2020-04-21","33.2333333","131.6166666","13.47","OITA, JA","  59.5","23","  34.6","23","1014.2","23","012.6","23"," 12.1","23","  7.1","23","  9.9","999.9","  69.6","*","  49.8","*"," 0.00","F","999.9","000000"
"47815099999","2020-04-22","33.2333333","131.6166666","13.47","OITA, JA","  55.6","23","  28.4","23","1014.6","23","013.0","23"," 12.4","23","  8.9","23"," 15.9","999.9","  63.3","*","  48.7","*"," 0.00","F","999.9","000000"
"47815099999","2020-04-23","33.2333333","131.6166666","13.47","OITA, JA","  53.1","23","  34.2","23","1015.5","23","013.9","23"," 12.4","23","  6.6","23"," 11.1","999.9","  58.8","*","  46.0","*"," 0.00","F","999.9","000000"
"47815099999","2020-04-24","33.2333333","131.6166666","13.47","OITA, JA","  54.4","22","  32.4","22","1017.6","22","016.0","22"," 12.4","22","  6.8","22"," 11.1","999.9","  64.0","*","  43.5","*"," 0.00","F","999.9","000000"
"47815099999","2020-04-25","33.2333333","131.6166666","13.47","OITA, JA","  63.7","24","  43.0","24","1016.8","24","015.2","24"," 12.4","24","  6.2","24"," 12.0","999.9","  72.7","*","  43.3"," "," 0.00","F","999.9","010000"
"47815099999","2020-04-26","33.2333333","131.6166666","13.47","OITA, JA","  61.6","22","  47.4","22","1017.2","22","015.6","22"," 11.4","22","  5.8","22"," 11.1","999.9","  72.7","*","  51.8","*"," 0.00","F","999.9","010000"
"47815099999","2020-04-27","33.2333333","131.6166666","13.47","OITA, JA","  60.5","24","  41.1","24","1019.1","24","017.5","24"," 12.4","24","  5.0","24","  8.9","999.9","  67.8","*","  50.9","*"," 0.00","F","999.9","000000"
"47815099999","2020-04-28","33.2333333","131.6166666","13.47","OITA, JA","  58.5","23","  42.6","23","1020.4","23","018.8","23"," 12.4","23","  5.5","23","  8.0","999.9","  67.8","*","  47.5","*"," 0.00","F","999.9","000000"
"47815099999","2020-04-29","33.2333333","131.6166666","13.47","OITA, JA","  61.2","24","  44.7","24","1020.6","24","019.0","24"," 12.4","24","  5.1","24","  8.0","999.9","  72.5","*","  47.3"," "," 0.00","F","999.9","000000"
"47815099999","2020-04-30","33.2333333","131.6166666","13.47","OITA, JA","  62.7","23","  51.4","23","1018.6","23","017.0","23"," 12.0","23","  4.8","23","  8.9","999.9","  70.5","*","  50.9"," "," 0.00","F","999.9","000000"
"47815099999","2020-05-01","33.2333333","131.6166666","13.47","OITA, JA","  67.3","24","  55.1","24","1016.1","24","014.5","24"," 11.0","24","  4.8","24","  8.9","999.9","  79.9","*","  53.2"," "," 0.00","F","999.9","000000"
"47815099999","2020-05-02","33.2333333","131.6166666","13.47","OITA, JA","  69.4","24","  57.0","24","1012.6","24","011.0","24","  9.3","24","  5.6","24","  9.9","999.9","  80.1","*","  57.9"," "," 0.00","F","999.9","010000"
"47815099999","2020-05-03","33.2333333","131.6166666","13.47","OITA, JA","  62.2","22","  62.1","22","1008.6","22","007.0","22","  1.8","22","  2.7","22","  7.0","999.9","  65.3","*","  60.8","*"," 0.79","F","999.9","010000"
"47815099999","2020-05-04","33.2333333","131.6166666","13.47","OITA, JA","  66.9","24","  62.7","24","1009.3","24","007.7","24","  6.7","24","  3.3","24","  7.0","999.9","  72.0","*","  60.4"," "," 0.16","F","999.9","010000"
"47815099999","2020-05-05","33.2333333","131.6166666","13.47","OITA, JA","  69.7","24","  63.0","24","1010.2","24","008.7","24","  7.8","24","  4.1","24","  7.0","999.9","  77.9"," ","  64.9"," "," 0.00","F","999.9","000000"
"47815099999","2020-05-06","33.2333333","131.6166666","13.47","OITA, JA","  69.9","23","  57.4","23","1012.2","23","010.6","23"," 10.2","23","  5.9","23","  9.9","999.9","  80.1","*","  61.9","*"," 0.00","F","999.9","000000"
"47815099999","2020-05-07","33.2333333","131.6166666","13.47","OITA, JA","  62.9","22","  40.5","22","1017.5","22","015.9","22"," 12.4","22","  5.8","22"," 11.1","999.9","  71.4","*","  52.9","*"," 0.00","F","999.9","000000"
"47815099999","2020-05-08","33.2333333","131.6166666","13.47","OITA, JA","  69.2","24","  55.7","24","1017.3","24","015.7","24"," 12.4","24","  8.1","24"," 15.9","999.9","  75.9","*","  52.3"," "," 0.00","F","999.9","010000"
"47815099999","2020-05-09","33.2333333","131.6166666","13.47","OITA, JA","  70.2","24","  64.1","24","1010.0","24","008.4","24"," 10.9","24","  6.2","24"," 14.0","999.9","  74.5","*","  64.8"," "," 0.71","F","999.9","010000"
"47815099999","2020-05-10","33.2333333","131.6166666","13.47","OITA, JA","  67.3","24","  63.5","24","1007.4","24","005.8","24","  7.7","24","  3.9","24","  9.9","999.9","  78.1","*","  61.0","*"," 0.02","F","999.9","010000"
"47815099999","2020-05-11","33.2333333","131.6166666","13.47","OITA, JA","  71.6","24","  52.6","24","1007.5","24","006.0","24"," 12.4","24","  4.5","24","  9.9","999.9","  83.3","*","  59.5","*"," 0.00","H","999.9","010000"
"47815099999","2020-05-12","33.2333333","131.6166666","13.47","OITA, JA","  70.5","22","  51.8","22","1008.7","22","007.1","22"," 12.1","22","  5.4","22","  8.9","999.9","  77.7","*","  59.5"," "," 0.00","F","999.9","010000"
"47815099999","2020-05-13","33.2333333","131.6166666","13.47","OITA, JA","  65.7","22","  43.4","22","1016.9","22","015.3","22"," 12.4","22","  7.4","22"," 11.1","999.9","  76.6","*","  52.9","*"," 0.00","F","999.9","010000"
"47815099999","2020-05-14","33.2333333","131.6166666","13.47","OITA, JA","  70.2","23","  49.0","23","1017.5","23","015.9","23"," 12.4","23","  6.2","23"," 11.1","999.9","  80.1","*","  52.3"," "," 0.00","F","999.9","000000"
"47815099999","2020-05-15","33.2333333","131.6166666","13.47","OITA, JA","  67.0","21","  62.5","21","1012.2","21","010.6","21","  5.7","21","  5.2","21"," 13.0","999.9","  74.1","*","  60.3"," "," 0.55","F","999.9","010010"
"47815099999","2020-05-16","33.2333333","131.6166666","13.47","OITA, JA","  65.0","23","  64.2","23","1006.5","23","004.9","23","  4.9","23","  2.8","23","  4.1","999.9","  67.3","*","  63.1"," "," 3.50","F","999.9","010000"
"47815099999","2020-05-17","33.2333333","131.6166666","13.47","OITA, JA","  71.2","21","  65.7","21","1005.9","21","004.3","21","  9.2","21","  2.9","21","  8.0","999.9","  75.7","*","  64.2"," "," 0.08","F","999.9","010000"
"47815099999","2020-05-18","33.2333333","131.6166666","13.47","OITA, JA","  67.1","21","  66.2","21","1000.1","21","998.5","21","  4.8","21","  3.0","21","  6.0","999.9","  69.1","*","  65.1","*"," 1.50","F","999.9","110000"
"47815099999","2020-05-19","33.2333333","131.6166666","13.47","OITA, JA","  69.1","22","  49.0","22","1003.4","22","001.8","22"," 12.4","22","  6.8","22"," 15.0","999.9","  77.2","*","  61.0","*"," 0.00","F","999.9","000000"
"47815099999","2020-05-20","33.2333333","131.6166666","13.47","OITA, JA","  65.2","20","  51.6","20","1011.5","20","009.9","20"," 12.4","20","  7.7","20"," 12.0","999.9","  73.6","*","  59.0","*"," 0.00","F","999.9","000000"
"47815099999","2020-05-21","33.2333333","131.6166666","13.47","OITA, JA","  62.1","23","  51.4","23","1015.2","23","013.6","23"," 12.4","23","  4.7","23","  7.0","999.9","  68.5","*","  54.3","*"," 0.00","F","999.9","000000"
"47815099999","2020-05-22","33.2333333","131.6166666","13.47","OITA, JA","  65.7","21","  57.8","21","1013.1","21","011.5","21"," 12.3","21","  4.4","21","  8.0","999.9","  69.8","*","  54.0"," "," 0.00","F","999.9","000000"
"47815099999","2020-05-23","33.2333333","131.6166666","13.47","OITA, JA","  69.4"," 8","  58.3"," 8","1012.3"," 8","010.7"," 8"," 12.4"," 8","  4.9"," 8","  7.0","999.9","  73.8","*","  62.2"," "," 0.00","F","999.9","000000"
"47815099999","2020-05-24","33.2333333","131.6166666","13.47","OITA, JA","  74.4"," 8","  63.1"," 8","1011.5"," 8","010.0"," 8"," 12.4"," 8","  6.0"," 8","  9.9","999.9","  82.2","*","  63.5"," "," 0.00","F","999.9","000000"
"47815099999","2020-05-25","33.2333333","131.6166666","13.47","OITA, JA","  71.4"," 8","  65.7"," 8","1010.9"," 8","009.3"," 8","  9.3"," 8","  4.1"," 8","  8.0","999.9","  77.0","*","  66.7"," "," 0.02","F","999.9","000000"
"47815099999","2020-05-26","33.2333333","131.6166666","13.47","OITA, JA","  67.9"," 8","  65.3"," 8","1008.9"," 8","007.3"," 8","  4.4"," 8","  3.0"," 8","  5.1","999.9","  71.2","*","  65.1","*"," 0.16","E","999.9","010000"
"47815099999","2020-05-27","33.2333333","131.6166666","13.47","OITA, JA","  71.0"," 8","  60.0"," 8","1007.7"," 8","006.1"," 8","  9.2"," 8","  4.5"," 8","  6.0","999.9","  77.2","*","  63.7","*"," 0.00","F","999.9","000000"
"47815099999","2020-05-28","33.2333333","131.6166666","13.47","OITA, JA","  70.7","18","  52.8","18","1010.7","18","009.1","18"," 12.4","18","  4.4","18","  8.9","999.9","  80.1","*","  60.6","*"," 0.00","H","999.9","010000"
"47815099999","2020-05-29","33.2333333","131.6166666","13.47","OITA, JA","  69.8","23","  54.8","23","1015.7","23","014.1","23"," 12.4","23","  5.0","23","  8.9","999.9","  78.8","*","  60.3"," "," 0.00","F","999.9","000000"
"47815099999","2020-05-30","33.2333333","131.6166666","13.47","OITA, JA","  69.6","24","  61.5","24","1016.8","24","015.2","24","  8.5","24","  3.8","24","  6.0","999.9","  74.8","*","  60.4"," "," 0.00","F","999.9","010000"
"47815099999","2020-05-31","33.2333333","131.6166666","13.47","OITA, JA","  68.5","22","  65.1","22","1012.5","22","010.9","22"," 11.3","22","  4.3","22","  8.0","999.9","  71.1","*","  63.7"," "," 0.41","F","999.9","010000"
"47815099999","2020-06-01","33.2333333","131.6166666","13.47","OITA, JA","  72.6","23","  68.2","23","1009.7","23","008.2","23"," 10.9","23","  4.2","23","  9.9","999.9","  79.0","*","  67.6","*"," 0.00","F","999.9","010000"
"47815099999","2020-06-02","33.2333333","131.6166666","13.47","OITA, JA","  70.9","21","  59.9","21","1008.0","21","006.4","21"," 10.7","21","  4.9","21","  8.9","999.9","  79.2","*","  62.2","*"," 0.00","F","999.9","000000"
"47815099999","2020-06-03","33.2333333","131.6166666","13.47","OITA, JA","  71.6","22","  64.2","22","1006.0","22","004.4","22","  7.5","22","  3.4","22","  7.0","999.9","  76.1","*","  62.1"," "," 0.00","F","999.9","010000"
"47815099999","2020-06-04","33.2333333","131.6166666","13.47","OITA, JA","  74.1","21","  67.4","21","1006.0","21","004.5","21","  6.9","21","  3.8","21","  8.0","999.9","  79.9","*","  67.6"," "," 0.00","F","999.9","000000"
"47815099999","2020-06-05","33.2333333","131.6166666","13.47","OITA, JA","  76.6","23","  68.5","23","1007.7","23","006.2","23","  7.1","23","  3.8","23","  6.0","999.9","  82.9","*","  68.4"," "," 0.00","F","999.9","000000"
"47815099999","2020-06-06","33.2333333","131.6166666","13.47","OITA, JA","  73.9","23","  64.5","23","1008.1","23","006.6","23"," 11.0","23","  3.7","23","  7.0","999.9","  79.3","*","  67.6","*"," 0.00","F","999.9","010000"
"47815099999","2020-06-07","33.2333333","131.6166666","13.47","OITA, JA","  75.6","21","  62.3","21","1011.6","21","010.1","21"," 10.9","21","  4.8","21","  8.9","999.9","  84.0","*","  65.7","*"," 0.00","F","999.9","000000"
"47815099999","2020-06-08","33.2333333","131.6166666","13.47","OITA, JA","  75.8","20","  65.2","20","1016.4","20","014.8","20"," 10.4","20","  6.4","20","  9.9","999.9","  84.2","*","  65.3"," "," 0.00","F","999.9","000000"
"47815099999","2020-06-09","33.2333333","131.6166666","13.47","OITA, JA","  75.8","23","  67.9","23","1015.7","23","014.1","23","  9.3","23","  6.0","23","  9.9","999.9","  83.3","*","  68.2"," "," 0.00","F","999.9","010000"
"47815099999","2020-06-10","33.2333333","131.6166666","13.47","OITA, JA","  73.0","23","  70.2","23","1009.2","23","007.6","23","  7.0","23","  3.6","23","  7.0","999.9","  75.9","*","  68.7"," "," 0.43","F","999.9","010000"
"47815099999","2020-06-11","33.2333333","131.6166666","13.47","OITA, JA","  75.4","22","  72.5","22","1005.1","22","003.6","22"," 10.3","22","  4.1","22","  8.9","999.9","  81.5","*","  71.4"," "," 1.77","F","999.9","010000"
"47815099999","2020-06-12","33.2333333","131.6166666","13.47","OITA, JA","  78.4","21","  74.4","21","1006.5","21","005.0","21"," 10.6","21","  4.0","21","  7.0","999.9","  83.7","*","  71.2"," "," 0.04","F","999.9","010000"
"47815099999","2020-06-13","33.2333333","131.6166666","13.47","OITA, JA","  80.3","22","  75.0","22","1008.0","22","006.5","22"," 11.9","22","  5.4","22","  9.9","999.9","  82.8","*","  74.8"," "," 0.59","F","999.9","010000"
"47815099999","2020-06-14","33.2333333","131.6166666","13.47","OITA, JA","  82.1","24","  73.8","24","1006.4","24","004.9","24"," 12.3","24","  5.6","24"," 11.1","999.9","  86.2","*","  77.0"," "," 0.08","F","999.9","010000"
"47815099999","2020-06-15","33.2333333","131.6166666","13.47","OITA, JA","  75.8","21","  69.1","21","1006.1","21","004.6","21"," 10.3","21","  3.7","21","  6.0","999.9","  80.8","*","  69.6","*"," 0.00","F","999.9","000000"
"47815099999","2020-06-16","33.2333333","131.6166666","13.47","OITA, JA","  77.7","23","  64.6","23","1005.5","23","004.0","23"," 12.3","23","  3.9","23","  7.0","999.9","  86.4","*","  69.4"," "," 0.00","F","999.9","010000"
"47815099999","2020-06-17","33.2333333","131.6166666","13.47","OITA, JA","  75.7","21","  66.4","21","1005.4","21","003.9","21","  9.8","21","  4.2","21","  8.9","999.9","  81.7","*","  67.3","*"," 0.00","F","999.9","010000"
"47815099999","2020-06-18","33.2333333","131.6166666","13.47","OITA, JA","  68.6","21","  68.1","21","1000.7","21","999.1","21","  3.9","21","  3.5","21","  7.0","999.9","  71.1","*","  66.6"," "," 1.14","F","999.9","010000"
"47815099999","2020-06-19","33.2333333","131.6166666","13.47","OITA, JA","  70.8","22","  64.6","22","1006.0","22","004.5","22"," 11.5","22","  5.6","22"," 12.0","999.9","  77.0","*","  65.1","*"," 2.44","F","999.9","010000"
"47815099999","2020-06-20","33.2333333","131.6166666","13.47","OITA, JA","  70.8","21","  60.2","21","1009.7","21","008.1","21"," 12.4","21","  4.6","21","  6.0","999.9","  77.7","*","  63.5","*"," 0.00","F","999.9","000000"
"47815099999","2020-06-21","33.2333333","131.6166666","13.47","OITA, JA","  69.8","22","  64.5","22","1008.2","22","006.6","22"," 11.8","22","  3.5","22","  5.1","999.9","  73.0","*","  63.3"," "," 0.00","H","999.9","010000"
"47815099999","2020-06-22","33.2333333","131.6166666","13.47","OITA, JA","  74.9","21","  66.1","21","1009.5","21","007.9","21"," 12.3","21","  4.2","21","  8.0","999.9","  83.3","*","  64.2"," "," 0.00","F","999.9","010000"
"47815099999","2020-06-23","33.2333333","131.6166666","13.47","OITA, JA","  77.9","22","  66.3","22","1009.4","22","007.9","22"," 12.0","22","  3.8","22","  6.0","999.9","  86.5","*","  67.6"," "," 0.00","F","999.9","000000"
"47815099999","2020-06-24","33.2333333","131.6166666","13.47","OITA, JA","  79.7","23","  68.0","23","1007.0","23","005.4","23"," 11.6","23","  8.3","23"," 12.0","999.9","  88.0","*","  69.4"," "," 0.00","F","999.9","010000"
"47815099999","2020-06-25","33.2333333","131.6166666","13.47","OITA, JA","  78.2","19","  72.9","19","1005.5","19","004.0","19"," 10.4","19","  4.4","19","  8.0","999.9","  81.7","*","  71.8"," "," 0.28","F","999.9","010000"
"47815099999","2020-06-26","33.2333333","131.6166666","13.47","OITA, JA","  78.4","22","  72.8","22","1007.5","22","006.0","22","  9.9","22","  3.8","22","  7.0","999.9","  85.8","*","  73.2","*"," 0.00","E","999.9","010010"
"47815099999","2020-06-27","33.2333333","131.6166666","13.47","OITA, JA","  73.7","23","  71.6","23","1004.6","23","003.1","23","  8.0","23","  4.8","23","  8.0","999.9","  81.5","*","  68.9","*"," 1.26","F","999.9","010010"
"47815099999","2020-06-28","33.2333333","131.6166666","13.47","OITA, JA","  77.9","23","  69.8","23","1005.2","23","003.7","23"," 10.4","23","  4.9","23","  9.9","999.9","  85.6","*","  68.5"," "," 2.24","F","999.9","000000"
"47815099999","2020-06-29","33.2333333","131.6166666","13.47","OITA, JA","  76.8","22","  72.2","22","1003.8","22","002.2","22","  6.0","22","  5.5","22","  8.9","999.9","  82.6","*","  69.8"," "," 0.12","F","999.9","010000"
"47815099999","2020-06-30","33.2333333","131.6166666","13.47","OITA, JA","  78.2","24","  68.3","24"," 999.3","24","997.8","24"," 12.4","24","  7.4","24"," 14.0","999.9","  85.1","*","  69.8","*"," 0.22","F","999.9","010000"
"47815099999","2020-07-01","33.2333333","131.6166666","13.47","OITA, JA","  73.9","23","  65.1","23","1006.6","23","005.1","23"," 12.4","23","  4.7","23","  8.9","999.9","  82.0","*","  66.6","*"," 0.00","F","999.9","010000"
"47815099999","2020-07-02","33.2333333","131.6166666","13.47","OITA, JA","  76.2","21","  64.3","21","1011.9","21","010.4","21"," 11.8","21","  4.3","21","  7.0","999.9","  81.5","*","  66.0"," "," 0.00","F","999.9","010000"
"47815099999","2020-07-03","33.2333333","131.6166666","13.47","OITA, JA","  68.9","22","  68.3","22","1008.1","22","006.5","22","  5.1","22","  2.6","22","  5.1","999.9","  69.8","*","  68.4","*"," 0.98","F","999.9","010000"
"47815099999","2020-07-04","33.2333333","131.6166666","13.47","OITA, JA","  73.9","20","  70.2","20","1006.0","20","004.5","20"," 11.4","20","  3.4","20","  6.0","999.9","  78.4","*","  68.4"," "," 1.14","F","999.9","010000"
"47815099999","2020-07-05","33.2333333","131.6166666","13.47","OITA, JA","  74.9","22","  72.1","22","1004.4","22","002.9","22","  7.9","22","  3.2","22","  6.0","999.9","  79.9","*","  70.7"," "," 0.22","F","999.9","010000"
"47815099999","2020-07-06","33.2333333","131.6166666","13.47","OITA, JA","  74.4","21","  73.5","21","1005.6","21","004.1","21","  6.4","21","  5.0","21","  8.9","999.9","  79.0","*","  72.0","*"," 2.56","F","999.9","010010"
"47815099999","2020-07-07","33.2333333","131.6166666","13.47","OITA, JA","  72.2","20","  71.8","20","1006.2","20","004.6","20","  5.1","20","  4.0","20","  8.0","999.9","  75.0","*","  70.3","*"," 7.48","F","999.9","010010"
"47815099999","2020-07-08","33.2333333","131.6166666","13.47","OITA, JA","  76.3","23","  71.7","23","1005.5","23","004.0","23","  9.6","23","  3.6","23","  8.9","999.9","  81.7","*","  70.7"," "," 3.86","F","999.9","010000"
"47815099999","2020-07-09","33.2333333","131.6166666","13.47","OITA, JA","  74.7","22","  73.9","22","1006.9","22","005.4","22","  4.8","22","  2.4","22","  7.0","999.9","  76.5","*","  72.7"," "," 0.51","F","999.9","010000"
"47815099999","2020-07-10","33.2333333","131.6166666","13.47","OITA, JA","  76.8","23","  75.3","23","1005.5","23","004.0","23","  9.1","23","  4.8","23","  8.9","999.9","  78.1","*","  73.2"," "," 1.06","F","999.9","010010"
"47815099999","2020-07-11","33.2333333","131.6166666","13.47","OITA, JA","  75.1","23","  74.1","23","1008.5","23","006.9","23","  6.0","23","  3.4","23","  6.0","999.9","  81.1","*","  71.8","*"," 2.40","F","999.9","010010"
"47815099999","2020-07-12","33.2333333","131.6166666","13.47","OITA, JA","  72.4","23","  70.2","23","1010.1","23","008.5","23","  9.3","23","  2.4","23","  5.1","999.9","  75.0","*","  70.3","*"," 1.22","F","999.9","010000"
"47815099999","2020-07-13","33.2333333","131.6166666","13.47","OITA, JA","  76.4","21","  73.3","21","1004.4","21","002.9","21","  6.0","21","  6.1","21"," 11.1","999.9","  79.7","*","  70.2"," "," 0.04","F","999.9","010000"
"47815099999","2020-07-14","33.2333333","131.6166666","13.47","OITA, JA","  73.1","24","  71.0","24","1003.2","24","001.6","24"," 11.3","24","  2.7","24","  5.1","999.9","  77.0","*","  70.2","*"," 1.57","F","999.9","110000"
"47815099999","2020-07-15","33.2333333","131.6166666","13.47","OITA, JA","  72.8","24","  68.5","24","1005.5","24","004.0","24"," 11.6","24","  2.8","24","  6.0","999.9","  77.5","*","  69.8"," "," 0.04","F","999.9","010000"
"47815099999","2020-07-16","33.2333333","131.6166666","13.47","OITA, JA","  74.3","22","  67.2","22","1006.2","22","004.6","22"," 12.4","22","  4.0","22","  8.0","999.9","  79.7","*","  69.6"," "," 0.00","F","999.9","000000"
"47815099999","2020-07-17","33.2333333","131.6166666","13.47","OITA, JA","  77.2","24","  69.0","24","1007.9","24","006.3","24"," 12.4","24","  3.8","24","  7.0","999.9","  83.5","*","  70.2"," "," 0.00","F","999.9","000000"
"47815099999","2020-07-18","33.2333333","131.6166666","13.47","OITA, JA","  77.9","23","  72.3","23","1009.9","23","008.4","23"," 10.4","23","  3.7","23","  8.0","999.9","  82.9","*","  71.4"," "," 0.00","F","999.9","000000"
"47815099999","2020-07-19","33.2333333","131.6166666","13.47","OITA, JA","  80.0","24","  75.3","24","1011.2","24","009.7","24","  8.7","24","  4.0","24","  8.9","999.9","  85.5","*","  74.7"," "," 0.00","F","999.9","010010"
"47815099999","2020-07-20","33.2333333","131.6166666","13.47","OITA, JA","  83.8","23","  75.7","23","1011.4","23","009.9","23"," 11.6","23","  4.7","23","  8.0","999.9","  88.2","*","  75.9"," "," 0.00","F","999.9","010000"
"47815099999","2020-07-21","33.2333333","131.6166666","13.47","OITA, JA","  83.0","24","  76.2","24","1011.7","24","010.2","24"," 12.4","24","  3.9","24","  8.0","999.9","  91.8","*","  77.4","*"," 0.02","F","999.9","010000"
"47815099999","2020-07-22","33.2333333","131.6166666","13.47","OITA, JA","  81.2","23","  75.1","23","1010.4","23","008.9","23"," 12.1","23","  3.6","23","  7.0","999.9","  86.4","*","  77.0","*"," 0.00","F","999.9","000000"
"47815099999","2020-07-23","33.2333333","131.6166666","13.47","OITA, JA","  78.5","24","  74.4","24","1007.7","24","006.2","24"," 10.6","24","  4.1","24","  8.9","999.9","  84.0","*","  75.0","*"," 0.08","F","999.9","010010"
"47815099999","2020-07-24","33.2333333","131.6166666","13.47","OITA, JA","  77.7","24","  72.9","24","1002.9","24","001.4","24","  9.8","24","  6.5","24"," 11.1","999.9","  80.2","*","  74.8"," "," 1.73","F","999.9","010000"
"47815099999","2020-07-25","33.2333333","131.6166666","13.47","OITA, JA","  78.9","24","  68.9","24","1007.5","24","006.0","24"," 11.3","24","  4.6","24","  9.9","999.9","  87.4","*","  72.3","*"," 0.00","F","999.9","010000"
"47815099999","2020-07-26","33.2333333","131.6166666","13.47","OITA, JA","  78.7","24","  74.0","24","1009.7","24","008.2","24"," 10.6","24","  4.4","24","  9.9","999.9","  84.7","*","  71.8"," "," 0.10","F","999.9","010000"
"47815099999","2020-07-27","33.2333333","131.6166666","13.47","OITA, JA","  80.1","22","  76.5","22","1011.3","22","009.8","22"," 11.5","22","  3.3","22","  7.0","999.9","  82.8","*","  76.1"," "," 0.02","F","999.9","010000"
"47815099999","2020-07-28","33.2333333","131.6166666","13.47","OITA, JA","  79.8","24","  75.5","24","1013.3","24","011.8","24"," 10.9","24","  3.6","24","  7.0","999.9","  85.3","*","  75.9"," "," 0.00","F","999.9","010010"
"47815099999","2020-07-29","33.2333333","131.6166666","13.47","OITA, JA","  82.4","23","  75.1","23","1014.5","23","013.0","23"," 11.9","23","  4.5","23","  8.0","999.9","  91.0","*","  75.7"," "," 0.00","F","999.9","010010"
"47815099999","2020-07-30","33.2333333","131.6166666","13.47","OITA, JA","  84.2","23","  76.0","23","1014.6","23","013.1","23"," 11.2","23","  4.4","23","  8.0","999.9","  92.1","*","  76.5"," "," 0.00","F","999.9","010000"
"47815099999","2020-07-31","33.2333333","131.6166666","13.47","OITA, JA","  84.5","23","  75.3","23","1013.6","23","012.1","23"," 12.3","23","  3.8","23","  8.0","999.9","  91.8","*","  77.7"," "," 0.00","F","999.9","000000"
"47815099999","2020-08-01","33.2333333","131.6166666","13.47","OITA, JA","  83.8","24","  73.2","24","1012.6","24","011.1","24"," 12.4","24","  4.1","24","  6.0","999.9","  90.9","*","  77.2","*"," 0.00","F","999.9","000000"
"47815099999","2020-08-02","33.2333333","131.6166666","13.47","OITA, JA","  83.3","24","  73.2","24","1012.2","24","010.7","24"," 10.6","24","  4.7","24","  8.9","999.9","  92.3","*","  76.6","*"," 0.00","F","999.9","000000"
"47815099999","2020-08-03","33.2333333","131.6166666","13.47","OITA, JA","  82.8","24","  75.2","24","1012.9","24","011.4","24","  4.4","24","  4.6","24","  8.9","999.9","  88.9","*","  76.6"," "," 0.00","F","999.9","010000"
"47815099999","2020-08-04","33.2333333","131.6166666","13.47","OITA, JA","  82.8","23","  75.7","23","1015.4","23","013.9","23","  2.8","23","  4.2","23","  8.0","999.9","  90.1","*","  78.3","*"," 0.00","F","999.9","000000"
"47815099999","2020-08-05","33.2333333","131.6166666","13.47","OITA, JA","  82.5","23","  76.4","23","1015.1","23","013.6","23","  7.0","23","  4.9","23","  9.9","999.9","  89.6","*","  77.5","*"," 0.00","F","999.9","000000"
"47815099999","2020-08-06","33.2333333","131.6166666","13.47","OITA, JA","  86.3","23","  75.8","23","1011.4","23","009.9","23","  7.3","23","  4.8","23","  7.0","999.9","  93.0","*","  77.4"," "," 0.00","F","999.9","000000"
"47815099999","2020-08-07","33.2333333","131.6166666","13.47","OITA, JA","  84.5","23","  75.8","23","1009.2","23","007.7","23","  4.3","23","  3.6","23","  8.0","999.9","  92.3","*","  79.5","*"," 0.00","F","999.9","000000"
"47815099999","2020-08-08","33.2333333","131.6166666","13.47","OITA, JA","  83.4","24","  75.3","24","1008.6","24","007.1","24","  7.8","24","  4.0","24","  8.0","999.9","  89.4","*","  77.5","*"," 0.00","F","999.9","010010"
"47815099999","2020-08-09","33.2333333","131.6166666","13.47","OITA, JA","  84.6","24","  76.4","24","1009.8","24","008.3","24"," 11.5","24","  7.2","24"," 14.0","999.9","  89.4","*","  76.8"," "," 0.04","F","999.9","010000"
"47815099999","2020-08-10","33.2333333","131.6166666","13.47","OITA, JA","  84.7","23","  77.1","23","1010.5","23","009.0","23"," 12.3","23","  8.0","23"," 15.9","999.9","  92.3","*","  79.3","*"," 0.02","F","999.9","010000"
"47815099999","2020-08-11","33.2333333","131.6166666","13.47","OITA, JA","  83.0","24","  76.2","24","1015.4","24","013.9","24"," 12.4","24","  4.3","24"," 11.1","999.9","  91.6","*","  78.6"," "," 0.00","F","999.9","010000"
"47815099999","2020-08-12","33.2333333","131.6166666","13.47","OITA, JA","  85.2","22","  76.3","22","1014.8","22","013.3","22"," 12.4","22","  4.0","22","  7.0","999.9","  92.8","*","  79.0"," "," 0.00","F","999.9","010000"
"47815099999","2020-08-13","33.2333333","131.6166666","13.47","OITA, JA","  86.8","24","  75.7","24","1011.4","24","009.9","24"," 12.4","24","  4.2","24","  8.0","999.9","  95.7","*","  79.0"," "," 0.00","F","999.9","000000"
"47815099999","2020-08-14","33.2333333","131.6166666","13.47","OITA, JA","  86.3","24","  74.3","24","1010.0","24","008.5","24"," 12.4","24","  4.8","24","  8.0","999.9","  93.9","*","  78.4","*"," 0.00","F","999.9","000000"
"47815099999","2020-08-15","33.2333333","131.6166666","13.47","OITA, JA","  87.5","24","  75.4","24","1011.1","24","009.6","24"," 12.4","24","  4.4","24","  7.0","999.9","  95.2","*","  78.3"," "," 0.00","F","999.9","000000"
"47815099999","2020-08-16","33.2333333","131.6166666","13.47","OITA, JA","  88.3","22","  76.9","22","1011.9","22","010.4","22"," 12.4","22","  4.6","22","  8.9","999.9","  96.3","*","  79.2"," "," 0.00","F","999.9","000000"
"47815099999","2020-08-17","33.2333333","131.6166666","13.47","OITA, JA","  88.4","24","  74.7","24","1012.5","24","011.0","24"," 11.2","24","  4.9","24","  8.0","999.9","  96.8","*","  79.9","*"," 0.00","F","999.9","000000"
"47815099999","2020-08-18","33.2333333","131.6166666","13.47","OITA, JA","  87.1","23","  72.1","23","1011.0","23","009.5","23"," 10.6","23","  4.8","23","  8.0","999.9","  96.1","*","  78.1","*"," 0.00","F","999.9","000000"
"47815099999","2020-08-19","33.2333333","131.6166666","13.47","OITA, JA","  85.2","22","  73.8","22","1010.7","22","009.2","22","  8.4","22","  4.4","22","  7.0","999.9","  92.8","*","  77.7"," "," 0.00","F","999.9","000000"
"47815099999","2020-08-20","33.2333333","131.6166666","13.47","OITA, JA","  85.1","23","  77.3","23","1012.0","23","010.5","23","  7.5","23","  4.5","23","  8.9","999.9","  92.8","*","  77.7"," "," 0.00","F","999.9","000000"
"47815099999","2020-08-21","33.2333333","131.6166666","13.47","OITA, JA","  86.4","23","  75.5","23","1012.2","23","010.7","23","  7.3","23","  4.1","23","  8.0","999.9","  94.3","*","  79.5"," "," 0.00","F","999.9","000000"
"47815099999","2020-08-22","33.2333333","131.6166666","13.47","OITA, JA","  83.1","24","  74.8","24","1009.7","24","008.2","24","  7.5","24","  4.6","24","  8.0","999.9","  91.6","*","  77.4","*"," 0.00","F","999.9","010010"
"47815099999","2020-08-23","33.2333333","131.6166666","13.47","OITA, JA","  82.3","24","  75.8","24","1007.4","24","005.9","24","  5.8","24","  4.3","24","  8.0","999.9","  87.8","*","  76.6","*"," 0.04","F","999.9","010010"
"47815099999","2020-08-24","33.2333333","131.6166666","13.47","OITA, JA","  84.6","23","  75.2","23","1006.2","23","004.7","23","  6.0","23","  4.8","23","  9.9","999.9","  91.6","*","  76.5"," "," 0.00","F","999.9","000000"
"47815099999","2020-08-25","33.2333333","131.6166666","13.47","OITA, JA","  85.7","24","  75.5","24","1007.2","24","005.7","24"," 11.2","24","  7.9","24"," 15.9","999.9","  94.6","*","  77.5"," "," 0.00","F","999.9","010010"
"47815099999","2020-08-26","33.2333333","131.6166666","13.47","OITA, JA","  81.9","22","  75.7","22","1007.3","22","005.8","22"," 11.3","22","  8.1","22"," 13.0","999.9","  88.7","*","  77.7"," "," 1.14","F","999.9","010000"
"47815099999","2020-08-27","33.2333333","131.6166666","13.47","OITA, JA","  85.1","23","  74.5","23","1008.3","23","006.8","23"," 12.4","23","  7.7","23"," 13.0","999.9","  94.1","*","  77.7"," "," 0.04","F","999.9","010000"
"47815099999","2020-08-28","33.2333333","131.6166666","13.47","OITA, JA","  83.6","24","  76.1","24","1009.9","24","008.4","24"," 12.2","24","  4.5","24","  8.9","999.9","  91.8","*","  77.5","*"," 0.04","F","999.9","010000"
"47815099999","2020-08-29","33.2333333","131.6166666","13.47","OITA, JA","  84.3","24","  76.0","24","1010.3","24","008.8","24"," 12.4","24","  4.4","24","  9.9","999.9","  90.9","*","  77.2"," "," 0.00","F","999.9","000000"
"47815099999","2020-08-30","33.2333333","131.6166666","13.47","OITA, JA","  85.5","23","  74.8","23","1010.2","23","008.7","23"," 12.4","23","  4.6","23","  8.0","999.9","  93.2","*","  78.4"," "," 0.00","F","999.9","000000"
"47815099999","2020-08-31","33.2333333","131.6166666","13.47","OITA, JA","  84.7","24","  75.8","24","1009.5","24","008.0","24"," 11.6","24","  4.8","24","  8.9","999.9","  92.3","*","  77.4","*"," 0.00","F","999.9","010000"
"47815099999","2020-09-01","33.2333333","131.6166666","13.47","OITA, JA","  85.0","23","  77.1","23","1007.3","23","005.8","23"," 11.4","23","  6.0","23","  9.9","999.9","  92.3","*","  76.6"," "," 0.24","F","999.9","010010"
"47815099999","2020-09-02","33.2333333","131.6166666","13.47","OITA, JA","  84.4","24","  75.1","24"," 999.6","24","998.1","24"," 11.1","24"," 11.5","24"," 21.0","999.9","  87.8","*","  78.6"," "," 0.59","F","999.9","010000"
"47815099999","2020-09-03","33.2333333","131.6166666","13.47","OITA, JA","  84.7","22","  69.5","22","1009.8","22","008.3","22"," 12.4","22","  6.8","22"," 14.0","999.9","  93.0","*","  77.5","*"," 0.08","F","999.9","010000"
"47815099999","2020-09-04","33.2333333","131.6166666","13.47","OITA, JA","  79.2","23","  66.9","23","1013.5","23","012.0","23"," 10.6","23","  4.4","23","  8.0","999.9","  86.9","*","  71.2","*"," 0.00","E","999.9","010000"
"47815099999","2020-09-05","33.2333333","131.6166666","13.47","OITA, JA","  80.0","24","  74.8","24","1009.0","24","007.4","24","  9.2","24","  3.9","24","  9.9","999.9","  84.2","*","  71.1"," "," 0.59","F","999.9","010000"
"47815099999","2020-09-06","33.2333333","131.6166666","13.47","OITA, JA","  79.8","22","  75.6","22"," 993.4","22","991.9","22","  6.6","22"," 16.5","22"," 25.1","999.9","  82.4","*","  76.1","*"," 2.83","F","999.9","010000"
"47815099999","2020-09-07","33.2333333","131.6166666","13.47","OITA, JA","  81.7","23","  68.8","23","1006.3","23","004.7","23"," 12.4","23"," 10.1","23"," 18.1","999.9","  90.5","*","  73.6","*"," 1.18","F","999.9","010000"
"47815099999","2020-09-08","33.2333333","131.6166666","13.47","OITA, JA","  80.4","22","  68.5","22","1014.8","22","013.3","22","  8.9","22","  5.4","22","  8.0","999.9","  89.4","*","  73.2"," "," 0.00","F","999.9","010000"
"47815099999","2020-09-09","33.2333333","131.6166666","13.47","OITA, JA","  76.9","23","  68.5","23","1011.1","23","009.5","23","  5.9","23","  4.3","23","  8.0","999.9","  85.3","*","  70.5","*"," 0.00","F","999.9","010000"
"47815099999","2020-09-10","33.2333333","131.6166666","13.47","OITA, JA","  79.5","24","  73.0","24","1010.0","24","008.5","24"," 10.7","24","  4.2","24","  8.0","999.9","  84.7","*","  70.0"," "," 0.00","F","999.9","010000"
"47815099999","2020-09-11","33.2333333","131.6166666","13.47","OITA, JA","  77.6","24","  74.6","24","1011.4","24","009.8","24","  8.1","24","  4.0","24","  8.0","999.9","  84.2","*","  74.3","*"," 0.87","F","999.9","010010"
"47815099999","2020-09-12","33.2333333","131.6166666","13.47","OITA, JA","  79.1","22","  72.4","22","1010.8","22","009.3","22"," 12.3","22","  6.6","22"," 11.1","999.9","  87.4","*","  74.1"," "," 0.67","F","999.9","010000"
"47815099999","2020-09-13","33.2333333","131.6166666","13.47","OITA, JA","  75.4","21","  65.3","21","1013.8","21","012.2","21"," 12.4","21","  6.8","21","  9.9","999.9","  81.3","*","  68.7","*"," 0.00","F","999.9","000000"
"47815099999","2020-09-14","33.2333333","131.6166666","13.47","OITA, JA","  73.9","23","  64.1","23","1013.4","23","011.9","23"," 12.4","23","  4.6","23","  8.9","999.9","  79.5","*","  68.0","*"," 0.00","F","999.9","000000"
"47815099999","2020-09-15","33.2333333","131.6166666","13.47","OITA, JA","  76.4","24","  69.0","24","1012.4","24","010.8","24"," 11.8","24","  4.2","24","  7.0","999.9","  81.3","*","  67.5"," "," 0.00","F","999.9","010000"
"47815099999","2020-09-16","33.2333333","131.6166666","13.47","OITA, JA","  74.7","23","  72.3","23","1011.0","23","009.4","23"," 10.5","23","  4.1","23","  8.9","999.9","  77.7","*","  72.9"," "," 0.28","F","999.9","010000"
"47815099999","2020-09-17","33.2333333","131.6166666","13.47","OITA, JA","  78.1","23","  74.7","23","1010.0","23","008.5","23"," 10.0","23","  2.9","23","  8.0","999.9","  81.7","*","  72.7"," "," 0.12","F","999.9","010000"
"47815099999","2020-09-18","33.2333333","131.6166666","13.47","OITA, JA","  72.5","24","  65.1","24","1014.4","24","012.8","24"," 12.2","24","  6.1","24"," 12.0","999.9","  77.0","*","  67.6","*"," 0.37","F","999.9","010000"
"47815099999","2020-09-19","33.2333333","131.6166666","13.47","OITA, JA","  71.9","23","  57.7","23","1015.7","23","014.2","23"," 12.4","23","  4.7","23","  8.0","999.9","  80.1","*","  65.3","*"," 0.00","F","999.9","000000"
"47815099999","2020-09-20","33.2333333","131.6166666","13.47","OITA, JA","  70.4","22","  54.6","22","1015.6","22","014.0","22"," 12.4","22","  6.0","22","  9.9","999.9","  78.8","*","  59.0","*"," 0.00","F","999.9","000000"
"47815099999","2020-09-21","33.2333333","131.6166666","13.47","OITA, JA","  69.2","24","  53.9","24","1015.4","24","013.8","24"," 12.4","24","  4.8","24","  8.0","999.9","  78.1","*","  58.8"," "," 0.00","F","999.9","000000"
"47815099999","2020-09-22","33.2333333","131.6166666","13.47","OITA, JA","  72.9","24","  62.4","24","1013.1","24","011.5","24"," 12.4","24","  4.1","24","  8.0","999.9","  77.0","*","  61.3"," "," 0.00","F","999.9","010000"
"47815099999","2020-09-23","33.2333333","131.6166666","13.47","OITA, JA","  74.2","23","  65.8","23","1012.1","23","010.5","23"," 10.2","23","  4.1","23","  6.0","999.9","  79.5","*","  68.2"," "," 0.00","F","999.9","010000"
"47815099999","2020-09-24","33.2333333","131.6166666","13.47","OITA, JA","  70.1","23","  69.2","23","1008.7","23","007.1","23","  4.5","23","  4.1","23","  8.9","999.9","  71.1","*","  68.5"," "," 1.02","F","999.9","010000"
"47815099999","2020-09-25","33.2333333","131.6166666","13.47","OITA, JA","  75.1","23","  65.7","23","1007.6","23","006.0","23"," 12.4","23","  8.5","23"," 12.0","999.9","  81.1","*","  68.5"," "," 1.26","F","999.9","010000"
"47815099999","2020-09-26","33.2333333","131.6166666","13.47","OITA, JA","  73.4","23","  63.2","23","1011.7","23","010.1","23"," 12.4","23","  7.8","23","  9.9","999.9","  79.2","*","  69.8","*"," 0.00","H","999.9","010000"
"47815099999","2020-09-27","33.2333333","131.6166666","13.47","OITA, JA","  71.5","24","  58.4","24","1014.6","24","013.0","24"," 12.4","24","  5.6","24","  8.0","999.9","  76.6","*","  64.2","*"," 0.00","F","999.9","010000"
"47815099999","2020-09-28","33.2333333","131.6166666","13.47","OITA, JA","  68.6","24","  57.3","24","1012.9","24","011.3","24"," 12.4","23","  5.5","24","  8.9","999.9","  75.6","*","  62.6","*"," 0.00","F","999.9","000000"
"47815099999","2020-09-29","33.2333333","131.6166666","13.47","OITA, JA","  71.9","24","  62.6","24","1008.0","24","006.4","24"," 12.4","24","  4.2","24","  7.0","999.9","  78.6","*","  62.4"," "," 0.00","F","999.9","010000"
"47815099999","2020-09-30","33.2333333","131.6166666","13.47","OITA, JA","  70.2","24","  64.8","24","1008.7","24","007.1","24"," 11.8","24","  4.1","24","  8.0","999.9","  75.9","*","  62.8","*"," 0.39","F","999.9","010000"
"47815099999","2020-10-01","33.2333333","131.6166666","13.47","OITA, JA","  70.0","23","  60.0","23","1013.7","23","012.1","23"," 12.4","23","  5.3","23","  8.0","999.9","  78.6","*","  61.3","*"," 0.00","F","999.9","000000"
"47815099999","2020-10-02","33.2333333","131.6166666","13.47","OITA, JA","  72.3","24","  64.7","24","1015.8","24","014.3","24"," 12.3","24","  4.9","24","  8.0","999.9","  80.6","*","  61.2"," "," 0.00","F","999.9","000000"
"47815099999","2020-10-03","33.2333333","131.6166666","13.47","OITA, JA","  73.6","24","  66.4","24","1014.5","24","012.9","24"," 12.3","24","  4.1","24","  7.0","999.9","  80.4","*","  65.1"," "," 0.00","H","999.9","010000"
"47815099999","2020-10-04","33.2333333","131.6166666","13.47","OITA, JA","  74.8","21","  66.5","21","1010.7","21","009.2","21","  9.4","21","  3.9","21","  8.0","999.9","  81.1","*","  67.8"," "," 0.00","H","999.9","010000"
"47815099999","2020-10-05","33.2333333","131.6166666","13.47","OITA, JA","  68.1","24","  51.4","24","1014.8","24","013.2","24"," 12.4","24","  7.7","24"," 12.0","999.9","  76.1","*","  58.6","*"," 0.00","F","999.9","000000"
"47815099999","2020-10-06","33.2333333","131.6166666","13.47","OITA, JA","  68.8","24","  53.4","24","1019.1","24","017.5","24"," 12.4","24","  6.3","24","  9.9","999.9","  74.1","*","  58.1"," "," 0.00","F","999.9","000000"
"47815099999","2020-10-07","33.2333333","131.6166666","13.47","OITA, JA","  71.6","23","  56.6","23","1019.9","23","018.3","23"," 12.4","23","  9.8","23"," 14.0","999.9","  75.2","*","  64.4"," "," 0.00","F","999.9","010000"
"47815099999","2020-10-08","33.2333333","131.6166666","13.47","OITA, JA","  67.0","24","  59.2","24","1017.9","24","016.3","24","  9.4","24"," 12.7","24"," 17.1","999.9","  69.3","*","  63.7","*"," 0.12","F","999.9","010000"
"47815099999","2020-10-09","33.2333333","131.6166666","13.47","OITA, JA","  71.0","24","  63.0","24","1014.4","24","012.8","24"," 12.3","24","  7.0","24"," 13.0","999.9","  72.3","*","  64.2"," "," 0.08","F","999.9","010000"
"47815099999","2020-10-10","33.2333333","131.6166666","13.47","OITA, JA","  73.5","23","  64.3","23","1013.3","23","011.8","23"," 12.4","23","  8.3","23"," 11.1","999.9","  81.5","*","  68.2","*"," 0.00","E","999.9","010000"
"47815099999","2020-10-11","33.2333333","131.6166666","13.47","OITA, JA","  72.0","24","  62.0","24","1012.1","24","010.5","24"," 12.4","24","  5.1","24","  9.9","999.9","  76.6","*","  68.0"," "," 0.00","F","999.9","000000"
"47815099999","2020-10-12","33.2333333","131.6166666","13.47","OITA, JA","  69.5","22","  58.0","22","1013.2","22","011.6","22"," 12.4","22","  5.8","22","  9.9","999.9","  78.6","*","  58.6","*"," 0.00","F","999.9","000000"
"47815099999","2020-10-13","33.2333333","131.6166666","13.47","OITA, JA","  69.8","23","  56.7","23","1017.5","23","016.0","23"," 12.3","23","  6.1","23","  9.9","999.9","  78.3","*","  58.1"," "," 0.00","F","999.9","000000"
"47815099999","2020-10-14","33.2333333","131.6166666","13.47","OITA, JA","  69.3","22","  55.0","22","1020.3","22","018.8","22"," 12.4","22","  7.2","22","  9.9","999.9","  75.6","*","  60.3"," "," 0.00","F","999.9","000000"
"47815099999","2020-10-15","33.2333333","131.6166666","13.47","OITA, JA","  68.4","23","  53.9","23","1020.6","23","019.0","23"," 12.4","23","  5.1","23","  7.0","999.9","  73.8","*","  62.8"," "," 0.00","F","999.9","010000"
"47815099999","2020-10-16","33.2333333","131.6166666","13.47","OITA, JA","  64.4","23","  55.3","23","1020.3","23","018.7","23","  9.8","23","  5.0","23","  8.0","999.9","  70.5","*","  57.6","*"," 0.00","F","999.9","010000"
"47815099999","2020-10-17","33.2333333","131.6166666","13.47","OITA, JA","  58.6","23","  53.6","23","1021.4","23","019.8","23"," 11.7","23","  3.8","23","  6.0","999.9","  64.4","*","  55.0","*"," 0.83","F","999.9","010000"
"47815099999","2020-10-18","33.2333333","131.6166666","13.47","OITA, JA","  62.4","24","  53.1","24","1021.4","24","019.8","24"," 12.4","24","  4.1","24","  6.0","999.9","  70.7","*","  54.9"," "," 0.00","F","999.9","010000"
"47815099999","2020-10-19","33.2333333","131.6166666","13.47","OITA, JA","  63.1","24","  55.5","24","1023.0","24","021.4","24"," 12.4","24","  4.1","24","  8.0","999.9","  69.4","*","  55.9","*"," 0.00","F","999.9","010000"
"47815099999","2020-10-20","33.2333333","131.6166666","13.47","OITA, JA","  61.8","24","  51.3","24","1023.5","24","021.9","24"," 12.4","24","  5.5","24","  8.0","999.9","  71.1","*","  53.4","*"," 0.00","F","999.9","000000"
"47815099999","2020-10-21","33.2333333","131.6166666","13.47","OITA, JA","  69.6","23","  61.1","23","1016.4","23","014.8","23","  9.6","23","  4.1","23"," 11.1","999.9","  76.8","*","  53.2"," "," 0.00","F","999.9","010000"
"47815099999","2020-10-22","33.2333333","131.6166666","13.47","OITA, JA","  65.9","23","  64.0","23","1009.1","23","007.5","23","  7.9","23","  3.7","23","  8.0","999.9","  68.7","*","  61.7","*"," 2.91","F","999.9","010000"
"47815099999","2020-10-23","33.2333333","131.6166666","13.47","OITA, JA","  58.5","24","  44.7","24","1012.1","24","010.5","24"," 12.4","24","  8.0","24"," 14.0","999.9","  65.5","*","  50.2","*"," 0.39","F","999.9","000000"
"47815099999","2020-10-24","33.2333333","131.6166666","13.47","OITA, JA","  59.4","23","  42.9","23","1016.7","23","015.1","23"," 12.4","23","  5.8","23","  9.9","999.9","  67.8","*","  49.8"," "," 0.00","F","999.9","000000"
"47815099999","2020-10-25","33.2333333","131.6166666","13.47","OITA, JA","  60.4","24","  47.3","24","1018.5","24","016.9","24"," 12.4","24","  4.9","24","  6.0","999.9","  70.5","*","  48.9"," "," 0.00","F","999.9","000000"
"47815099999","2020-10-26","33.2333333","131.6166666","13.47","OITA, JA","  60.7","23","  50.4","23","1018.6","23","017.0","23"," 12.4","23","  5.1","23","  7.0","999.9","  69.6","*","  51.1"," "," 0.00","F","999.9","000000"
"47815099999","2020-10-27","33.2333333","131.6166666","13.47","OITA, JA","  62.2","24","  53.8","24","1020.2","24","018.6","24"," 12.4","24","  4.5","24","  6.0","999.9","  70.7","*","  51.1"," "," 0.00","F","999.9","000000"
"47815099999","2020-10-28","33.2333333","131.6166666","13.47","OITA, JA","  62.7","23","  53.0","23","1020.6","23","019.0","23"," 12.4","23","  3.8","23","  6.0","999.9","  70.5","*","  54.7"," "," 0.00","H","999.9","010000"
"47815099999","2020-10-29","33.2333333","131.6166666","13.47","OITA, JA","  65.3","24","  52.0","24","1019.4","24","017.8","24"," 10.6","24","  4.7","24","  8.0","999.9","  71.2","*","  55.6"," "," 0.00","F","999.9","000000"
"47815099999","2020-10-30","33.2333333","131.6166666","13.47","OITA, JA","  62.4","23","  45.9","23","1023.1","23","021.5","23"," 12.4","23","  8.0","23"," 12.0","999.9","  68.0","*","  57.0","*"," 0.00","F","999.9","010000"
"47815099999","2020-10-31","33.2333333","131.6166666","13.47","OITA, JA","  58.6","24","  48.5","24","1024.2","24","022.6","24"," 12.4","24","  5.1","24","  7.0","999.9","  65.3","*","  52.3","*"," 0.00","F","999.9","000000"
"47815099999","2020-11-01","33.2333333","131.6166666","13.47","OITA, JA","  66.6","24","  61.1","24","1020.3","24","018.7","24","  9.9","24","  4.2","24","  8.0","999.9","  75.0","*","  51.8"," "," 0.00","F","999.9","010000"
"47815099999","2020-11-02","33.2333333","131.6166666","13.47","OITA, JA","  61.8","24","  56.3","24","1016.9","24","015.3","24","  8.7","24","  5.3","24","  8.0","999.9","  64.0","*","  59.7","*"," 0.83","F","999.9","010000"
"47815099999","2020-11-03","33.2333333","131.6166666","13.47","OITA, JA","  57.4","22","  37.6","22","1018.0","22","016.4","22"," 12.4","22","  7.9","22"," 12.0","999.9","  67.3","*","  47.5","*"," 0.00","F","999.9","000000"
"47815099999","2020-11-04","33.2333333","131.6166666","13.47","OITA, JA","  51.0","23","  37.8","23","1024.0","23","022.4","23"," 12.4","23","  6.6","23","  9.9","999.9","  61.3","*","  41.9","*"," 0.00","F","999.9","000000"
"47815099999","2020-11-05","33.2333333","131.6166666","13.47","OITA, JA","  57.1","23","  45.9","23","1026.5","23","024.9","23"," 12.4","23","  4.3","23","  6.0","999.9","  63.9","*","  41.7"," "," 0.00","F","999.9","010000"
"47815099999","2020-11-06","33.2333333","131.6166666","13.47","OITA, JA","  64.6","24","  59.1","24","1020.9","24","019.3","24","  9.0","24","  3.8","24","  8.0","999.9","  70.0","*","  52.9"," "," 0.04","F","999.9","010000"
"47815099999","2020-11-07","33.2333333","131.6166666","13.47","OITA, JA","  65.4","23","  61.9","23","1016.7","23","015.1","23","  8.7","23","  3.7","23","  8.9","999.9","  68.5","*","  60.1","*"," 0.35","F","999.9","010000"
"47815099999","2020-11-08","33.2333333","131.6166666","13.47","OITA, JA","  61.2","24","  43.2","24","1018.7","24","017.1","24"," 12.3","24","  7.3","24"," 11.1","999.9","  69.4","*","  54.1","*"," 0.00","F","999.9","010000"
"47815099999","2020-11-09","33.2333333","131.6166666","13.47","OITA, JA","  54.2","21","  38.6","21","1022.9","21","021.3","21"," 12.4","21","  6.7","21"," 11.1","999.9","  63.5","*","  44.2","*"," 0.00","F","999.9","000000"
"47815099999","2020-11-10","33.2333333","131.6166666","13.47","OITA, JA","  54.0","23","  41.9","23","1027.2","23","025.5","23"," 12.4","23","  5.1","23","  8.9","999.9","  64.0","*","  43.9"," "," 0.00","F","999.9","000000"
"47815099999","2020-11-11","33.2333333","131.6166666","13.47","OITA, JA","  53.5","24","  42.4","24","1030.6","24","029.0","24"," 12.4","24","  4.7","24","  7.0","999.9","  61.5","*","  45.1"," "," 0.00","F","999.9","000000"
"47815099999","2020-11-12","33.2333333","131.6166666","13.47","OITA, JA","  54.8","23","  47.3","23","1027.8","23","026.1","23"," 12.4","23","  4.6","23","  7.0","999.9","  63.1","*","  45.1"," "," 0.00","F","999.9","000000"
"47815099999","2020-11-13","33.2333333","131.6166666","13.47","OITA, JA","  57.3","24","  46.6","24","1025.9","24","024.3","24"," 12.4","24","  4.4","24","  8.0","999.9","  68.2","*","  46.6"," "," 0.00","F","999.9","000000"
"47815099999","2020-11-14","33.2333333","131.6166666","13.47","OITA, JA","  56.0","22","  47.5","22","1027.9","22","026.2","22"," 12.3","22","  5.6","22","  8.0","999.9","  66.4","*","  47.1","*"," 0.00","F","999.9","000000"
"47815099999","2020-11-15","33.2333333","131.6166666","13.47","OITA, JA","  63.3","23","  57.3","23","1025.7","23","024.1","23"," 12.3","23","  4.4","23","  8.9","999.9","  71.6","*","  46.9"," "," 0.00","F","999.9","010000"
"47815099999","2020-11-16","33.2333333","131.6166666","13.47","OITA, JA","  64.5","21","  60.9","21","1025.1","21","023.5","21","  8.8","21","  2.9","21","  5.1","999.9","  68.7","*","  59.0"," "," 0.00","F","999.9","010000"
"47815099999","2020-11-17","33.2333333","131.6166666","13.47","OITA, JA","  64.9","21","  60.5","21","1024.8","21","023.2","21","  6.7","21","  4.2","21","  6.0","999.9","  72.0","*","  57.9","*"," 0.00","F","999.9","000000"
"47815099999","2020-11-18","33.2333333","131.6166666","13.47","OITA, JA","  68.0","24","  62.2","24","1020.0","24","018.4","24"," 10.8","24","  3.5","24","  7.0","999.9","  75.2"," ","  57.6"," "," 0.00","F","999.9","010000"
"47815099999","2020-11-19","33.2333333","131.6166666","13.47","OITA, JA","  72.0","24","  64.3","24","1012.4","24","010.8","24","  9.1","24","  7.3","24"," 15.0","999.9","  80.1","*","  62.6"," "," 0.00","F","999.9","010000"
"47815099999","2020-11-20","33.2333333","131.6166666","13.47","OITA, JA","  62.8","23","  52.1","23","1016.0","23","014.4","23"," 11.9","23","  6.7","23"," 11.1","999.9","  72.0","*","  57.6","*"," 0.59","F","999.9","000000"
"47815099999","2020-11-21","33.2333333","131.6166666","13.47","OITA, JA","  55.3","22","  45.4","22","1021.3","22","019.6","22"," 12.4","22","  5.7","22","  8.9","999.9","  64.4","*","  46.9","*"," 0.00","F","999.9","000000"
"47815099999","2020-11-22","33.2333333","131.6166666","13.47","OITA, JA","  61.5","23","  54.8","23","1019.0","23","017.4","23"," 12.2","23","  4.8","23"," 11.1","999.9","  65.8","*","  46.6"," "," 0.00","F","999.9","010000"
"47815099999","2020-11-23","33.2333333","131.6166666","13.47","OITA, JA","  54.9","24","  45.4","24","1023.0","24","021.4","24"," 12.4","24","  6.1","24"," 12.0","999.9","  61.7","*","  48.2","*"," 0.00","F","999.9","000000"
"47815099999","2020-11-24","33.2333333","131.6166666","13.47","OITA, JA","  57.2","23","  47.0","23","1023.9","23","022.3","23"," 12.4","23","  3.9","23","  5.1","999.9","  62.8","*","  47.7"," "," 0.00","F","999.9","010000"
"47815099999","2020-11-25","33.2333333","131.6166666","13.47","OITA, JA","  56.5","24","  48.1","24","1023.1","24","021.4","24"," 12.4","24","  4.3","24","  6.0","999.9","  66.0","*","  47.8","*"," 0.00","F","999.9","000000"
"47815099999","2020-11-26","33.2333333","131.6166666","13.47","OITA, JA","  56.6","24","  48.3","24","1022.8","24","021.1","24"," 12.3","24","  4.4","24","  6.0","999.9","  63.5","*","  47.5"," "," 0.00","F","999.9","000000"
"47815099999","2020-11-27","33.2333333","131.6166666","13.47","OITA, JA","  58.7","23","  43.4","23","1020.7","23","019.0","23"," 12.4","23","  5.7","23"," 13.0","999.9","  65.7","*","  48.2"," "," 0.00","F","999.9","010000"
"47815099999","2020-11-28","33.2333333","131.6166666","13.47","OITA, JA","  50.0","23","  34.2","23","1023.6","23","022.0","23"," 12.4","23","  6.3","23"," 12.0","999.9","  59.4","*","  42.4","*"," 0.00","F","999.9","000000"
"47815099999","2020-11-29","33.2333333","131.6166666","13.47","OITA, JA","  50.0","22","  36.9","22","1026.6","22","024.9","22"," 12.4","22","  5.2","22","  8.0","999.9","  58.5","*","  40.3","*"," 0.00","H","999.9","010000"
"47815099999","2020-11-30","33.2333333","131.6166666","13.47","OITA, JA","  47.3","23","  35.0","23","1030.9","23","029.2","23"," 12.4","23","  6.3","23","  8.9","999.9","  53.6","*","  39.2","*"," 0.00","F","999.9","000000"
"47815099999","2020-12-01","33.2333333","131.6166666","13.47","OITA, JA","  49.8","24","  37.8","24","1028.7","24","027.0","24"," 12.4","24","  5.0","24","  9.9","999.9","  56.7","*","  38.8"," "," 0.00","F","999.9","000000"
"47815099999","2020-12-02","33.2333333","131.6166666","13.47","OITA, JA","  50.4","24","  40.6","24","1024.4","24","022.8","24"," 12.4","24","  4.1","24","  8.0","999.9","  56.3","*","  41.4"," "," 0.00","F","999.9","010000"
"47815099999","2020-12-03","33.2333333","131.6166666","13.47","OITA, JA","  50.9","22","  35.7","22","1024.3","22","022.7","22"," 12.4","22","  6.7","22"," 11.1","999.9","  59.9","*","  41.4","*"," 0.00","F","999.9","000000"
"47815099999","2020-12-04","33.2333333","131.6166666","13.47","OITA, JA","  47.9","24","  36.4","24","1025.4","24","023.7","24"," 12.4","24","  4.6","24","  7.0","999.9","  58.1","*","  39.2","*"," 0.00","F","999.9","000000"
"47815099999","2020-12-05","33.2333333","131.6166666","13.47","OITA, JA","  47.7","24","  36.5","24","1026.7","24","025.0","24"," 12.4","24","  6.3","24"," 12.0","999.9","  56.7","*","  38.7","*"," 0.00","F","999.9","000000"
"47815099999","2020-12-06","33.2333333","131.6166666","13.47","OITA, JA","  48.6","24","  39.4","24","1025.7","24","024.0","24"," 12.3","24","  4.6","24","  7.0","999.9","  58.5","*","  38.1"," "," 0.00","F","999.9","000000"
"47815099999","2020-12-07","33.2333333","131.6166666","13.47","OITA, JA","  51.8","23","  41.8","23","1024.2","23","022.5","23"," 10.7","23","  5.9","23","  9.9","999.9","  60.1","*","  39.6"," "," 0.00","F","999.9","000000"
"47815099999","2020-12-08","33.2333333","131.6166666","13.47","OITA, JA","  50.2","24","  36.6","24","1024.7","24","023.0","24"," 10.7","24","  7.1","24"," 12.0","999.9","  56.8","*","  42.6","*"," 0.00","F","999.9","000000"
"47815099999","2020-12-09","33.2333333","131.6166666","13.47","OITA, JA","  46.6","23","  36.8","23","1022.8","23","021.1","23"," 12.4","23","  4.9","23","  8.9","999.9","  55.2","*","  39.0","*"," 0.00","F","999.9","000000"
"47815099999","2020-12-10","33.2333333","131.6166666","13.47","OITA, JA","  52.9","19","  43.0","19","1019.8","19","018.2","19"," 12.4","19","  5.2","19","  9.9","999.9","  60.6","*","  39.0"," "," 0.00","F","999.9","000000"
"47815099999","2020-12-11","33.2333333","131.6166666","13.47","OITA, JA","  53.6"," 8","  43.4"," 8","1017.0"," 8","015.4"," 8"," 12.4"," 8","  4.3"," 8","  6.0","999.9","  59.2","*","  42.1"," "," 0.00","F","999.9","010000"
"47815099999","2020-12-12","33.2333333","131.6166666","13.47","OITA, JA","  51.1"," 8","  37.8"," 8","1015.4"," 8","013.8"," 8","  9.1"," 8","  6.0"," 8"," 13.0","999.9","  58.3","*","  43.3","*"," 0.00","F","999.9","000000"
"47815099999","2020-12-13","33.2333333","131.6166666","13.47","OITA, JA","  49.6"," 8","  35.6"," 8","1017.0"," 8","015.3"," 8"," 11.4"," 8","  6.6"," 8"," 12.0","999.9","  54.9","*","  41.9"," "," 0.00","F","999.9","010000"
"47815099999","2020-12-14","33.2333333","131.6166666","13.47","OITA, JA","  41.9","20","  22.6","20","1022.4","20","020.7","20"," 12.4","20"," 11.4","20"," 15.0","999.9","  47.7","*","  37.2","*"," 0.00","F","999.9","000000"
"47815099999","2020-12-15","33.2333333","131.6166666","13.47","OITA, JA","  38.2","24","  21.1","24","1025.8","24","024.1","24"," 12.4","24","  7.2","24"," 12.0","999.9","  43.5","*","  34.5","*"," 0.00","F","999.9","000000"
"47815099999","2020-12-16","33.2333333","131.6166666","13.47","OITA, JA","  39.5","24","  21.5","24","1026.0","24","024.3","24"," 12.4","24","  7.9","24"," 12.0","999.9","  43.5","*","  34.0"," "," 0.00","F","999.9","000000"
"47815099999","2020-12-17","33.2333333","131.6166666","13.47","OITA, JA","  38.1","23","  23.1","23","1027.4","23","025.7","23"," 12.4","23","  5.9","23","  8.9","999.9","  46.9","*","  30.0","*"," 0.00","F","999.9","000000"
"47815099999","2020-12-18","33.2333333","131.6166666","13.47","OITA, JA","  45.7","24","  30.4","24","1025.1","24","023.4","24"," 12.4","24","  5.6","24"," 12.0","999.9","  52.3","*","  29.7"," "," 0.00","F","999.9","000000"
"47815099999","2020-12-19","33.2333333","131.6166666","13.47","OITA, JA","  43.3","23","  26.1","23","1026.9","23","025.2","23"," 12.4","23","  7.0","23"," 11.1","999.9","  50.4","*","  35.8","*"," 0.00","F","999.9","000000"
"47815099999","2020-12-20","33.2333333","131.6166666","13.47","OITA, JA","  42.0","23","  27.4","23","1028.2","23","026.5","23"," 12.4","23","  6.1","23"," 11.1","999.9","  49.5","*","  35.2"," "," 0.00","F","999.9","000000"
"47815099999","2020-12-21","33.2333333","131.6166666","13.47","OITA, JA","  42.2","23","  28.3","23","1027.4","23","025.7","23"," 12.4","23","  6.1","23","  8.9","999.9","  50.4","*","  34.3","*"," 0.00","F","999.9","000000"
"47815099999","2020-12-22","33.2333333","131.6166666","13.47","OITA, JA","  45.6","16","  30.7","16","1026.1","16","024.4","16"," 10.6","16","  6.0","16"," 11.1","999.9","  53.1","*","  33.6"," "," 0.00","F","999.9","010000"
"47815099999","2020-12-23","33.2333333","131.6166666","13.47","OITA, JA","  46.4"," 8","  32.5"," 8","1022.4"," 8","020.7"," 8"," 10.8"," 8","  4.0"," 8","  6.0","999.9","  54.0","*","  34.5"," "," 0.00","F","999.9","010000"
"47815099999","2020-12-24","33.2333333","131.6166666","13.47","OITA, JA","  46.9"," 8","  42.6"," 8","1015.6"," 8","013.9"," 8","  5.3"," 8","  5.1"," 8","  9.9","999.9","  50.0","*","  43.3"," "," 0.35","F","999.9","010000"
"47815099999","2020-12-25","33.2333333","131.6166666","13.47","OITA, JA","  42.8"," 8","  29.5"," 8","1022.9"," 8","021.2"," 8"," 12.4"," 8","  6.9"," 8","  9.9","999.9","  50.2","*","  33.6","*"," 0.00","F","999.9","000000"
"47815099999","2020-12-26","33.2333333","131.6166666","13.47","OITA, JA","  42.4"," 8","  32.4"," 8","1025.2"," 8","023.5"," 8"," 12.4"," 8","  5.3"," 8","  8.0","999.9","  52.3","*","  32.9"," "," 0.00","F","999.9","000000"
"47815099999","2020-12-27","33.2333333","131.6166666","13.47","OITA, JA","  47.8"," 8","  43.9"," 8","1021.0"," 8","019.3"," 8","  8.2"," 8","  3.3"," 8","  6.0","999.9","  51.3","*","  34.3"," "," 0.24","F","999.9","010000"
"47815099999","2020-12-28","33.2333333","131.6166666","13.47","OITA, JA","  49.4"," 8","  42.9"," 8","1022.0"," 8","020.3"," 8"," 12.4"," 8","  4.9"," 8","  6.0","999.9","  59.0","*","  40.8","*"," 0.24","F","999.9","010000"
"47815099999","2020-12-29","33.2333333","131.6166666","13.47","OITA, JA","  54.9"," 8","  47.2"," 8","1012.8"," 8","011.2"," 8"," 12.4"," 8","  6.2"," 8"," 13.0","999.9","  63.5","*","  39.7"," "," 0.00","H","999.9","010000"
"47815099999","2020-12-30","33.2333333","131.6166666","13.47","OITA, JA","  37.7"," 8","  21.8"," 8","1015.5"," 8","013.8"," 8"," 12.4"," 8"," 11.6"," 8"," 15.0","999.9","  49.6","*","  32.9","*"," 0.04","F","999.9","011000"
"47815099999","2020-12-31","33.2333333","131.6166666","13.47","OITA, JA","  37.6"," 8","  21.6"," 8","1023.0"," 8","021.3"," 8"," 12.4"," 8","  6.5"," 8","  8.9","999.9","  41.5","*","  31.8"," "," 0.00","F","999.9","000000"
