"STATION","DATE","LATITUDE","LONGITUDE","ELEVATION","NAME","TEMP","TEMP_ATTRIBUTES","DEWP","DEWP_ATTRIBUTES","SLP","SLP_ATTRIBUTES","STP","STP_ATTRIBUTES","VISIB","VISIB_ATTRIBUTES","WDSP","WDSP_ATTRIBUTES","MXSPD","GUST","MAX","MAX_ATTRIBUTES","MIN","MIN_ATTRIBUTES","PRCP","PRCP_ATTRIBUTES","SNDP","FRSHTT"
"71484099999","2020-01-01","53.5","-130.6333333","15.0","BONILLA ISLAND AUT BC, CA","  44.7","24","  40.6","24"," 995.9","24","993.5"," 8","999.9"," 0"," 10.3","24"," 22.0"," 27.0","  47.5","*","  37.9","*"," 0.36","G","999.9","000000"
"71484099999","2020-01-02","53.5","-130.6333333","15.0","BONILLA ISLAND AUT BC, CA","  37.4","24","  28.0","24","1011.8","24","010.1"," 8","999.9"," 0","  9.8","24"," 22.9"," 28.0","  40.3","*","  33.4","*"," 0.00","G","999.9","000000"
"71484099999","2020-01-03","53.5","-130.6333333","15.0","BONILLA ISLAND AUT BC, CA","  38.9","24","  37.7","24"," 988.7","24","988.2"," 8","999.9"," 0"," 11.3","24"," 33.0"," 38.9","  48.4","*","  32.5","*"," 0.02","G","999.9","000000"
"71484099999","2020-01-04","53.5","-130.6333333","15.0","BONILLA ISLAND AUT BC, CA","  41.6","24","  34.2","24"," 997.5","24","994.4"," 8","999.9"," 0"," 18.5","24"," 25.1"," 30.9","  48.6"," ","  32.5"," "," 0.06","G","999.9","000000"
"71484099999","2020-01-05","53.5","-130.6333333","15.0","BONILLA ISLAND AUT BC, CA","  41.1","24","  34.5","24","1006.7","24","004.6"," 8","999.9"," 0"," 21.7","24"," 39.0"," 50.9","  45.7"," ","  36.5"," "," 0.14","G","999.9","000000"
"71484099999","2020-01-06","53.5","-130.6333333","15.0","BONILLA ISLAND AUT BC, CA","  39.8","24","  32.8","24","1015.6","24","013.7"," 8","999.9"," 0","  8.1","24"," 18.1","999.9","  45.1"," ","  36.5"," "," 0.01","G","999.9","000000"
"71484099999","2020-01-07","53.5","-130.6333333","15.0","BONILLA ISLAND AUT BC, CA","  36.3","23","  31.3","23","1009.8","23","009.3"," 7","999.9"," 0","  9.5","23"," 27.0"," 31.9","  38.8","*","  32.9","*"," 0.00","G","999.9","000000"
"71484099999","2020-01-08","53.5","-130.6333333","15.0","BONILLA ISLAND AUT BC, CA","  38.4","24","  30.9","24","1007.9","24","005.8"," 8","999.9"," 0"," 16.7","24"," 26.0"," 33.0","  40.6"," ","  34.5"," "," 0.04","C","999.9","000000"
"71484099999","2020-01-09","53.5","-130.6333333","15.0","BONILLA ISLAND AUT BC, CA","  40.3","24","  34.3","24","1014.5","24","012.6"," 8","999.9"," 0"," 14.7","24"," 21.0"," 26.0","  43.2","*","  36.5","*"," 0.04","G","999.9","000000"
"71484099999","2020-01-10","53.5","-130.6333333","15.0","BONILLA ISLAND AUT BC, CA","  42.3","24","  39.8","24"," 994.1","24","993.2"," 8","999.9"," 0"," 23.7","24"," 39.0"," 61.0","  46.4"," ","  35.6"," "," 0.87","G","999.9","000000"
"71484099999","2020-01-11","53.5","-130.6333333","15.0","BONILLA ISLAND AUT BC, CA","  36.2","24","  31.6","22","1004.2","24","001.1"," 7","999.9"," 0"," 19.7","24"," 41.0"," 49.9","  40.3","*","  31.1","*"," 0.51","G","999.9","000000"
"71484099999","2020-01-12","53.5","-130.6333333","15.0","BONILLA ISLAND AUT BC, CA","  29.7","24","  24.3","24","1008.8","24","006.4"," 8","999.9"," 0"," 14.1","24"," 34.0"," 40.0","  33.6","*","  22.5","*"," 0.00","G","999.9","000000"
"71484099999","2020-01-13","53.5","-130.6333333","15.0","BONILLA ISLAND AUT BC, CA","  19.6","22","   7.0","22","1017.4","22","015.5"," 7","999.9"," 0","  3.3","22","  7.0","999.9","  35.6"," ","  17.1"," "," 0.00","I","999.9","000000"
"71484099999","2020-01-14","53.5","-130.6333333","15.0","BONILLA ISLAND AUT BC, CA","  16.4","24","   0.9","24","1018.3","24","016.3"," 8","999.9"," 0","  3.7","24","  5.1","999.9","  24.6"," ","  13.1"," "," 0.00","I","999.9","000000"
"71484099999","2020-01-15","53.5","-130.6333333","15.0","BONILLA ISLAND AUT BC, CA","  14.6","24","  -2.4","24","1016.2","24","014.7"," 8","999.9"," 0","  4.0","24","  7.0"," 15.0","  20.1"," ","  12.7"," "," 0.00","I","999.9","000000"
"71484099999","2020-01-16","53.5","-130.6333333","15.0","BONILLA ISLAND AUT BC, CA","  16.6","23","   3.6","23","1000.3","23","998.6"," 8","999.9"," 0","  3.7","23","  7.0"," 15.0","  22.1","*","  12.7","*"," 0.00","I","999.9","000000"
"71484099999","2020-01-17","53.5","-130.6333333","15.0","BONILLA ISLAND AUT BC, CA","  25.3","24","  15.5","24","1010.4","24","008.2"," 8","999.9"," 0","  7.5","24"," 14.0"," 26.0","  32.0","*","  20.7","*"," 0.00","I","999.9","000000"
"71484099999","2020-01-18","53.5","-130.6333333","15.0","BONILLA ISLAND AUT BC, CA","  33.1","24","  26.1","24","1000.1","24","998.9"," 8","999.9"," 0"," 12.6","24"," 18.1"," 35.9","  42.6","*","  26.6","*"," 0.12","A","999.9","000000"
"71484099999","2020-01-19","53.5","-130.6333333","15.0","BONILLA ISLAND AUT BC, CA","  42.5","24","  40.5","24","1004.0","24","001.9"," 8","999.9"," 0"," 15.5","24"," 28.0"," 40.0","  46.0"," ","  26.6"," "," 0.35","G","999.9","000000"
"71484099999","2020-01-20","53.5","-130.6333333","15.0","BONILLA ISLAND AUT BC, CA","  43.3","24","  41.5","24","1002.0","24","000.2"," 8","999.9"," 0"," 12.0","24"," 21.0"," 26.0","  46.0"," ","  40.6"," "," 0.61","G","999.9","000000"
"71484099999","2020-01-21","53.5","-130.6333333","15.0","BONILLA ISLAND AUT BC, CA","  43.7","23","  37.8","23"," 995.9","23","994.6"," 8","999.9"," 0","  6.7","23"," 12.0"," 23.9","  48.2"," ","  40.6"," "," 0.53","G","999.9","000000"
"71484099999","2020-01-22","53.5","-130.6333333","15.0","BONILLA ISLAND AUT BC, CA","  43.6","23","  41.5","23","1000.4","23","998.7"," 7","999.9"," 0"," 18.2","23"," 35.0"," 44.9","  46.0"," ","  42.3"," "," 0.00","G","999.9","000000"
"71484099999","2020-01-23","53.5","-130.6333333","15.0","BONILLA ISLAND AUT BC, CA","  44.5","24","  43.2","22"," 996.5","24","994.7"," 8","999.9"," 0"," 22.9","24"," 34.0"," 43.9","  45.5","*","  41.9","*"," 0.24","G","999.9","000000"
"71484099999","2020-01-24","53.5","-130.6333333","15.0","BONILLA ISLAND AUT BC, CA","  45.4","24","  44.1","23"," 997.9","24","996.1"," 8","999.9"," 0"," 22.1","24"," 24.9"," 29.9","  45.9","*","  43.7","*"," 0.06","G","999.9","000000"
"71484099999","2020-01-25","53.5","-130.6333333","15.0","BONILLA ISLAND AUT BC, CA","  45.5"," 5","  43.2"," 5","9999.9"," 0","999.9"," 0","999.9"," 0"," 22.8"," 5"," 27.0"," 28.9","  46.2","*","  44.4","*"," 0.04","G","999.9","000000"
"71484099999","2020-01-26","53.5","-130.6333333","15.0","BONILLA ISLAND AUT BC, CA","  45.1","20","  40.7","20"," 997.9","13","998.2"," 7","999.9"," 0"," 18.9","20"," 28.0"," 36.9","  46.9","*","  41.9","*"," 0.00","G","999.9","000000"
"71484099999","2020-01-27","53.5","-130.6333333","15.0","BONILLA ISLAND AUT BC, CA","  43.0","24","  37.1","24","1004.8","24","002.5"," 8","999.9"," 0"," 20.8","24"," 34.0"," 40.0","  45.7","*","  37.9","*"," 0.08","G","999.9","000000"
"71484099999","2020-01-28","53.5","-130.6333333","15.0","BONILLA ISLAND AUT BC, CA","  41.4","24","  39.1","24","1007.1","24","005.3"," 8","999.9"," 0","  8.4","24"," 28.9"," 37.9","  44.4","*","  39.0","*"," 0.21","G","999.9","000000"
"71484099999","2020-01-29","53.5","-130.6333333","15.0","BONILLA ISLAND AUT BC, CA","  44.8","24","  40.8","24"," 998.4","24","996.5"," 8","999.9"," 0"," 30.7","24"," 51.9"," 75.0","  46.8"," ","  40.6"," "," 0.29","G","999.9","000000"
"71484099999","2020-01-30","53.5","-130.6333333","15.0","BONILLA ISLAND AUT BC, CA","  45.2","24","  41.0","24","1003.6","24","002.2"," 8","999.9"," 0"," 30.8","24"," 49.0"," 61.0","  46.8"," ","  42.3"," "," 0.17","G","999.9","000000"
"71484099999","2020-01-31","53.5","-130.6333333","15.0","BONILLA ISLAND AUT BC, CA","  42.6","24","  37.7","24","1003.8","24","002.5"," 8","999.9"," 0"," 12.4","24"," 20.0"," 23.9","  44.8","*","  38.1","*"," 0.08","G","999.9","000000"
"71484099999","2020-02-01","53.5","-130.6333333","15.0","BONILLA ISLAND AUT BC, CA","  38.2","24","  33.1","24","1002.6","21","999.6"," 7","999.9"," 0"," 20.0","24"," 33.0"," 38.9","  44.8"," ","  33.6"," "," 0.63","G","999.9","000000"
"71484099999","2020-02-02","53.5","-130.6333333","15.0","BONILLA ISLAND AUT BC, CA","  36.3","22","  30.1","22","1015.4","22","012.9"," 8","999.9"," 0"," 12.5","22"," 20.0"," 21.0","  38.8","*","  32.4","*"," 0.33","G","999.9","000000"
"71484099999","2020-02-03","53.5","-130.6333333","15.0","BONILLA ISLAND AUT BC, CA","  36.0","24","  31.2","24","1025.6","24","023.8"," 8","999.9"," 0"," 10.9","24"," 33.0"," 37.9","  39.4"," ","  32.4"," "," 0.04","G","999.9","000000"
"71484099999","2020-02-04","53.5","-130.6333333","15.0","BONILLA ISLAND AUT BC, CA","  41.3","23","  39.9","23","1011.7","23","010.4"," 7","999.9"," 0"," 18.7","23"," 28.0"," 41.0","  46.2"," ","  33.4"," "," 1.31","G","999.9","000000"
"71484099999","2020-02-05","53.5","-130.6333333","15.0","BONILLA ISLAND AUT BC, CA","  44.4","22","  42.4","22","1008.6","22","006.8"," 8","999.9"," 0"," 13.0","22"," 21.0"," 31.9","  46.2"," ","  35.8"," "," 0.27","G","999.9","000000"
"71484099999","2020-02-06","53.5","-130.6333333","15.0","BONILLA ISLAND AUT BC, CA","  43.7","24","  39.4","24","1016.2","24","014.2"," 8","999.9"," 0","  5.8","24"," 12.0","999.9","  44.4","*","  41.9","*"," 0.00","G","999.9","000000"
"71484099999","2020-02-07","53.5","-130.6333333","15.0","BONILLA ISLAND AUT BC, CA","  40.0","23","  36.2","23","1012.1","23","011.0"," 8","999.9"," 0","  5.9","23"," 21.0","999.9","  43.7","*","  36.5","*"," 0.01","G","999.9","000000"
"71484099999","2020-02-08","53.5","-130.6333333","15.0","BONILLA ISLAND AUT BC, CA","  41.4","24","  32.4","24","1018.8","24","015.8"," 8","999.9"," 0"," 25.6","24"," 34.0"," 40.0","  42.6"," ","  39.2"," "," 0.00","G","999.9","000000"
"71484099999","2020-02-09","53.5","-130.6333333","15.0","BONILLA ISLAND AUT BC, CA","  43.1","22","  37.9","22","1034.0","22","032.1"," 7","999.9"," 0","  8.3","22"," 15.0","999.9","  45.0"," ","  40.1"," "," 0.00","G","999.9","000000"
"71484099999","2020-02-10","53.5","-130.6333333","15.0","BONILLA ISLAND AUT BC, CA","  42.9","10","  41.3","10","1033.5"," 6","999.9"," 0","999.9"," 0","  7.7","10"," 15.9","999.9","  44.1","*","  42.3","*"," 0.00","I","999.9","000000"
"71484099999","2020-02-11","53.5","-130.6333333","15.0","BONILLA ISLAND AUT BC, CA","  42.8"," 9","  37.1"," 9","9999.9"," 0","999.9"," 0","999.9"," 0"," 17.7"," 9"," 23.9"," 28.0","  45.3","*","  40.1","*"," 0.00","I","999.9","000000"
"71484099999","2020-02-12","53.5","-130.6333333","15.0","BONILLA ISLAND AUT BC, CA","  41.7","10","  34.5","10","9999.9"," 0","999.9"," 0","999.9"," 0"," 16.3","10"," 36.9"," 43.9","  42.8","*","  40.3","*"," 0.00","I","999.9","000000"
"71484099999","2020-02-13","53.5","-130.6333333","15.0","BONILLA ISLAND AUT BC, CA","  42.4","14","  37.6","14","1003.5"," 6","003.7"," 6","999.9"," 0"," 18.5","14"," 39.0"," 50.9","  44.8","*","  40.6","*"," 0.00","I","999.9","000000"
"71484099999","2020-02-14","53.5","-130.6333333","15.0","BONILLA ISLAND AUT BC, CA","  42.0","15","  35.9","15","1009.8"," 9","008.3"," 7","999.9"," 0"," 15.1","15"," 22.9"," 26.0","  43.2","*","  40.1","*"," 0.00","A","999.9","000000"
"71484099999","2020-02-15","53.5","-130.6333333","15.0","BONILLA ISLAND AUT BC, CA","  42.3","19","  37.1","19","1009.0","19","007.3"," 6","999.9"," 0"," 18.0","19"," 30.9"," 36.9","  43.9","*","  40.3","*"," 0.00","I","999.9","000000"
"71484099999","2020-02-16","53.5","-130.6333333","15.0","BONILLA ISLAND AUT BC, CA","  41.6","23","  35.8","23","1013.4","21","011.0"," 7","999.9"," 0"," 16.9","23"," 26.0"," 31.9","  43.3"," ","  38.8"," "," 0.04","C","999.9","000000"
"71484099999","2020-02-17","53.5","-130.6333333","15.0","BONILLA ISLAND AUT BC, CA","  41.9","24","  35.0","24","1025.8","24","023.4"," 8","999.9"," 0","  9.0","24"," 18.1","999.9","  44.8","*","  38.3","*"," 0.07","G","999.9","000000"
"71484099999","2020-02-18","53.5","-130.6333333","15.0","BONILLA ISLAND AUT BC, CA","  40.5","22","  35.7","22","1029.5","22","027.8"," 7","999.9"," 0","  7.4","22"," 18.1"," 22.0","  44.4","*","  38.5","*"," 0.00","G","999.9","000000"
"71484099999","2020-02-19","53.5","-130.6333333","15.0","BONILLA ISLAND AUT BC, CA","  41.4","24","  35.7","24","1022.5","24","020.8"," 8","999.9"," 0"," 22.3","24"," 31.1"," 38.9","  42.8","*","  40.1","*"," 0.03","G","999.9","000000"
"71484099999","2020-02-20","53.5","-130.6333333","15.0","BONILLA ISLAND AUT BC, CA","  39.4","24","  36.1","24","1021.0","24","019.2"," 8","999.9"," 0"," 12.9","24"," 27.0"," 33.0","  43.2","*","  36.0","*"," 0.49","G","999.9","000000"
"71484099999","2020-02-21","53.5","-130.6333333","15.0","BONILLA ISLAND AUT BC, CA","  43.7","23","  38.6","23","1010.8","23","009.2"," 8","999.9"," 0"," 23.9","23"," 41.0"," 50.9","  46.0"," ","  35.8"," "," 0.34","G","999.9","000000"
"71484099999","2020-02-22","53.5","-130.6333333","15.0","BONILLA ISLAND AUT BC, CA","  42.0","24","  33.8","24","1015.8","24","013.9"," 8","999.9"," 0"," 11.8","24"," 20.0"," 21.0","  46.0"," ","  37.9"," "," 0.00","G","999.9","000000"
"71484099999","2020-02-23","53.5","-130.6333333","15.0","BONILLA ISLAND AUT BC, CA","  39.8","24","  33.2","24","1007.8","24","006.1"," 8","999.9"," 0"," 10.5","24"," 27.0"," 34.0","  44.2"," ","  35.6"," "," 0.14","G","999.9","000000"
"71484099999","2020-02-24","53.5","-130.6333333","15.0","BONILLA ISLAND AUT BC, CA","  36.9","24","  28.3","24","1026.9","24","024.4"," 8","999.9"," 0"," 12.3","24"," 27.0"," 31.9","  42.8"," ","  34.9"," "," 0.03","G","999.9","000000"
"71484099999","2020-02-25","53.5","-130.6333333","15.0","BONILLA ISLAND AUT BC, CA","  40.9","24","  38.8","24","1021.8","24","020.4"," 8","999.9"," 0"," 23.0","24"," 40.0"," 49.0","  45.1","*","  34.7","*"," 0.28","G","999.9","000000"
"71484099999","2020-02-26","53.5","-130.6333333","15.0","BONILLA ISLAND AUT BC, CA","  45.1","24","  41.6","24","1018.2","24","016.6"," 8","999.9"," 0"," 23.5","24"," 29.9"," 35.9","  46.2","*","  44.6","*"," 0.09","G","999.9","000000"
"71484099999","2020-02-27","53.5","-130.6333333","15.0","BONILLA ISLAND AUT BC, CA","  45.7","24","  42.2","24","1014.9","24","013.2"," 8","999.9"," 0"," 20.8","24"," 31.1"," 38.9","  47.3","*","  43.9","*"," 0.04","G","999.9","000000"
"71484099999","2020-02-28","53.5","-130.6333333","15.0","BONILLA ISLAND AUT BC, CA","  43.4","24","  37.5","24","1013.7","24","012.3"," 8","999.9"," 0"," 13.9","24"," 21.0","999.9","  47.5"," ","  40.8"," "," 0.00","G","999.9","000000"
"71484099999","2020-02-29","53.5","-130.6333333","15.0","BONILLA ISLAND AUT BC, CA","  41.4","24","  35.2","24","1013.6","24","011.1"," 8","999.9"," 0"," 20.3","24"," 22.0"," 27.0","  44.2"," ","  39.2"," "," 0.02","G","999.9","000000"
"71484099999","2020-03-01","53.5","-130.6333333","15.0","BONILLA ISLAND AUT BC, CA","  41.0","24","  34.4","23","1021.9","24","020.5"," 8","999.9"," 0"," 18.9","24"," 35.0"," 42.0","  44.2","*","  36.5","*"," 0.08","G","999.9","000000"
"71484099999","2020-03-02","53.5","-130.6333333","15.0","BONILLA ISLAND AUT BC, CA","  43.7","22","  40.3","22","1013.9","22","012.5"," 7","999.9"," 0"," 14.5","22"," 28.0"," 35.0","  46.0","*","  38.3","*"," 0.00","G","999.9","000000"
"71484099999","2020-03-03","53.5","-130.6333333","15.0","BONILLA ISLAND AUT BC, CA","  43.4","24","  37.2","24","1006.8","24","005.5"," 8","999.9"," 0"," 21.5","24"," 36.9"," 49.9","  47.5"," ","  39.7"," "," 0.05","G","999.9","000000"
"71484099999","2020-03-04","53.5","-130.6333333","15.0","BONILLA ISLAND AUT BC, CA","  40.4","24","  31.5","24","1010.0","24","007.6"," 8","999.9"," 0"," 21.3","24"," 34.0"," 44.9","  42.6","*","  38.3","*"," 0.04","G","999.9","000000"
"71484099999","2020-03-05","53.5","-130.6333333","15.0","BONILLA ISLAND AUT BC, CA","  39.9","23","  34.6","23"," 997.3","23","996.3"," 7","999.9"," 0"," 29.3","23"," 44.9"," 56.9","  43.0"," ","  35.4"," "," 0.22","G","999.9","000000"
"71484099999","2020-03-06","53.5","-130.6333333","15.0","BONILLA ISLAND AUT BC, CA","  37.3","24","  30.7","24","1011.4","24","009.2"," 8","999.9"," 0","  8.7","24"," 19.0"," 21.0","  42.8"," ","  32.0"," "," 0.02","G","999.9","000000"
"71484099999","2020-03-07","53.5","-130.6333333","15.0","BONILLA ISLAND AUT BC, CA","  37.6","24","  29.6","24","1011.9","24","009.9"," 8","999.9"," 0","  4.2","24","  8.9","999.9","  42.1","*","  34.0","*"," 0.10","G","999.9","000000"
"71484099999","2020-03-08","53.5","-130.6333333","15.0","BONILLA ISLAND AUT BC, CA","  40.0","24","  30.8","24","1017.0","24","014.9"," 8","999.9"," 0","  6.5","24"," 13.0","999.9","  43.9"," ","  33.6"," "," 0.00","G","999.9","000000"
"71484099999","2020-03-09","53.5","-130.6333333","15.0","BONILLA ISLAND AUT BC, CA","  41.6","20","  32.5","20","1017.3","20","016.0"," 6","999.9"," 0"," 22.8","20"," 41.0"," 48.0","  44.2"," ","  35.8"," "," 0.00","G","999.9","000000"
"71484099999","2020-03-10","53.5","-130.6333333","15.0","BONILLA ISLAND AUT BC, CA","  43.3","24","  39.2","24","1004.9","20","003.0"," 8","999.9"," 0"," 23.2","24"," 45.1"," 54.0","  45.5"," ","  39.4"," "," 0.18","G","999.9","000000"
"71484099999","2020-03-11","53.5","-130.6333333","15.0","BONILLA ISLAND AUT BC, CA","  40.6","19","  33.5","19","1018.1","19","015.9"," 8","999.9"," 0"," 13.1","19"," 20.0"," 27.0","  45.5"," ","  37.2"," "," 0.01","G","999.9","000000"
"71484099999","2020-03-12","53.5","-130.6333333","15.0","BONILLA ISLAND AUT BC, CA","  38.5","24","  31.2","24","1029.4","24","027.4"," 8","999.9"," 0","  7.3","24"," 15.0","999.9","  40.8","*","  35.6","*"," 0.00","G","999.9","000000"
"71484099999","2020-03-13","53.5","-130.6333333","15.0","BONILLA ISLAND AUT BC, CA","  37.5","20","  25.8","20","1027.3","20","025.3"," 8","999.9"," 0"," 13.2","20"," 22.9"," 31.9","  41.0"," ","  34.0"," "," 0.00","G","999.9","000000"
"71484099999","2020-03-14","53.5","-130.6333333","15.0","BONILLA ISLAND AUT BC, CA","  32.8","20","  10.4","20","1028.9","20","026.8"," 8","999.9"," 0"," 18.5","20"," 31.1"," 40.0","  38.7"," ","  27.7"," "," 0.00","G","999.9","000000"
"71484099999","2020-03-15","53.5","-130.6333333","15.0","BONILLA ISLAND AUT BC, CA","  38.1","24","  20.8","24","1027.4","24","025.7"," 8","999.9"," 0"," 10.6","24"," 26.0","999.9","  42.6","*","  32.9","*"," 0.00","G","999.9","000000"
"71484099999","2020-03-16","53.5","-130.6333333","15.0","BONILLA ISLAND AUT BC, CA","  40.9","24","  35.0","24","1026.0","24","024.1"," 8","999.9"," 0"," 13.5","24"," 22.9","999.9","  42.6"," ","  34.2"," "," 0.00","I","999.9","000000"
"71484099999","2020-03-17","53.5","-130.6333333","15.0","BONILLA ISLAND AUT BC, CA","  41.6","24","  36.1","24","1020.9","24","019.3"," 8","999.9"," 0"," 24.7","24"," 29.9"," 31.9","  43.2"," ","  36.7"," "," 0.00","G","999.9","000000"
"71484099999","2020-03-18","53.5","-130.6333333","15.0","BONILLA ISLAND AUT BC, CA","  42.6","24","  37.8","24","1014.4","24","012.8"," 8","999.9"," 0"," 20.0","24"," 27.0"," 33.0","  43.3"," ","  40.8"," "," 0.00","G","999.9","000000"
"71484099999","2020-03-19","53.5","-130.6333333","15.0","BONILLA ISLAND AUT BC, CA","  43.2","24","  37.1","24","1014.3","24","012.2"," 8","999.9"," 0","  6.4","24"," 15.9","999.9","  47.8","*","  40.6","*"," 0.00","G","999.9","000000"
"71484099999","2020-03-20","53.5","-130.6333333","15.0","BONILLA ISLAND AUT BC, CA","  44.2","24","  40.0","24","1025.3","24","023.0"," 8","999.9"," 0","  6.7","24"," 15.9","999.9","  49.1"," ","  40.6"," "," 0.00","G","999.9","000000"
"71484099999","2020-03-21","53.5","-130.6333333","15.0","BONILLA ISLAND AUT BC, CA","  42.9","24","  38.0","24","1029.9","24","028.0"," 8","999.9"," 0"," 21.3","24"," 25.1"," 28.9","  45.3","*","  40.1","*"," 0.00","G","999.9","000000"
"71484099999","2020-03-22","53.5","-130.6333333","15.0","BONILLA ISLAND AUT BC, CA","  41.6","24","  37.2","24","1015.4","24","014.6"," 8","999.9"," 0"," 16.9","24"," 27.0"," 35.0","  43.5"," ","  39.7"," "," 0.16","G","999.9","000000"
"71484099999","2020-03-23","53.5","-130.6333333","15.0","BONILLA ISLAND AUT BC, CA","  39.4","24","  36.2","24","1006.3","24","004.2"," 8","999.9"," 0","  8.1","24"," 17.1","999.9","  43.2","*","  34.7","*"," 0.06","G","999.9","000000"
"71484099999","2020-03-24","53.5","-130.6333333","15.0","BONILLA ISLAND AUT BC, CA","  43.1","24","  34.6","24","1014.5","24","012.4"," 8","999.9"," 0"," 20.6","24"," 26.0"," 29.9","  45.1"," ","  36.1"," "," 0.00","G","999.9","000000"
"71484099999","2020-03-25","53.5","-130.6333333","15.0","BONILLA ISLAND AUT BC, CA","  42.5","23","  35.5","23","1017.8","23","016.1"," 7","999.9"," 0"," 17.0","23"," 26.0","999.9","  44.4"," ","  41.2"," "," 0.00","G","999.9","000000"
"71484099999","2020-03-26","53.5","-130.6333333","15.0","BONILLA ISLAND AUT BC, CA","  42.9","23","  40.0","22","1009.2","23","008.0"," 8","999.9"," 0"," 10.9","23"," 18.1","999.9","  44.6","*","  41.5","*"," 0.33","G","999.9","000000"
"71484099999","2020-03-27","53.5","-130.6333333","15.0","BONILLA ISLAND AUT BC, CA","  44.2","24","  43.0","24","1006.6","24","004.8"," 8","999.9"," 0","  7.6","24"," 12.0","999.9","  45.3","*","  43.5","*"," 0.19","G","999.9","000000"
"71484099999","2020-03-28","53.5","-130.6333333","15.0","BONILLA ISLAND AUT BC, CA","  43.4","23","  40.6","23","1000.8","23","999.1"," 7","999.9"," 0"," 16.6","23"," 26.0"," 31.9","  45.7","*","  41.2","*"," 0.13","G","999.9","000000"
"71484099999","2020-03-29","53.5","-130.6333333","15.0","BONILLA ISLAND AUT BC, CA","  42.2","24","  36.6","24"," 998.2","24","996.3"," 8","999.9"," 0"," 15.3","24"," 29.9"," 36.9","  44.4"," ","  40.6"," "," 0.09","G","999.9","000000"
"71484099999","2020-03-30","53.5","-130.6333333","15.0","BONILLA ISLAND AUT BC, CA","  40.1","23","  37.0","23"," 993.0","23","991.3"," 8","999.9"," 0"," 14.7","23"," 35.0"," 42.0","  43.5"," ","  37.4"," "," 0.51","G","999.9","000000"
"71484099999","2020-03-31","53.5","-130.6333333","15.0","BONILLA ISLAND AUT BC, CA","  38.2","23","  27.4","23","1010.8","23","008.0"," 8","999.9"," 0","  5.7","23"," 12.0"," 18.1","  41.9","*","  34.7","*"," 0.00","G","999.9","000000"
"71484099999","2020-04-01","53.5","-130.6333333","15.0","BONILLA ISLAND AUT BC, CA","  36.3","24","  20.3","24","1023.0","24","020.9"," 8","999.9"," 0","  9.3","24"," 24.1","999.9","  42.1","*","  29.3","*"," 0.00","G","999.9","000000"
"71484099999","2020-04-02","53.5","-130.6333333","15.0","BONILLA ISLAND AUT BC, CA","  38.5","24","  25.6","24","1022.3","24","020.5"," 8","999.9"," 0"," 12.1","24"," 20.0","999.9","  39.9","*","  36.1","*"," 0.00","G","999.9","000000"
"71484099999","2020-04-03","53.5","-130.6333333","15.0","BONILLA ISLAND AUT BC, CA","  39.4","23","  24.5","23","1020.2","23","018.5"," 7","999.9"," 0","  9.2","23"," 15.0","999.9","  42.1","*","  35.1","*"," 0.00","G","999.9","000000"
"71484099999","2020-04-04","53.5","-130.6333333","15.0","BONILLA ISLAND AUT BC, CA","  36.6","23","  28.5","23","1013.8","23","012.1"," 7","999.9"," 0","  5.8","23"," 18.1","999.9","  41.0","*","  31.1","*"," 0.00","A","999.9","000000"
"71484099999","2020-04-05","53.5","-130.6333333","15.0","BONILLA ISLAND AUT BC, CA","  40.3","24","  30.6","24","1009.9","24","008.2"," 8","999.9"," 0"," 17.4","24"," 21.0"," 23.9","  41.4"," ","  32.5"," "," 0.00","G","999.9","000000"
"71484099999","2020-04-06","53.5","-130.6333333","15.0","BONILLA ISLAND AUT BC, CA","  42.0","23","  34.8","23","1011.0","23","009.1"," 8","999.9"," 0"," 13.1","23"," 20.0","999.9","  44.4","*","  40.1","*"," 0.00","G","999.9","000000"
"71484099999","2020-04-07","53.5","-130.6333333","15.0","BONILLA ISLAND AUT BC, CA","  41.3","23","  30.0","23","1024.0","23","021.2"," 8","999.9"," 0"," 17.8","23"," 24.9"," 30.9","  44.4"," ","  38.5"," "," 0.00","G","999.9","000000"
"71484099999","2020-04-08","53.5","-130.6333333","15.0","BONILLA ISLAND AUT BC, CA","  42.1","23","  33.0","23","1026.8","23","025.1"," 8","999.9"," 0"," 12.3","23"," 26.0"," 30.9","  43.9","*","  40.1","*"," 0.01","G","999.9","000000"
"71484099999","2020-04-09","53.5","-130.6333333","15.0","BONILLA ISLAND AUT BC, CA","  43.4","24","  41.1","24","1022.1","24","020.3"," 8","999.9"," 0"," 18.8","24"," 28.0"," 33.0","  45.0"," ","  39.9"," "," 0.28","G","999.9","000000"
"71484099999","2020-04-10","53.5","-130.6333333","15.0","BONILLA ISLAND AUT BC, CA","  42.4","24","  35.2","24","1023.9","24","021.9"," 8","999.9"," 0"," 20.5","24"," 24.1","999.9","  45.0"," ","  39.9"," "," 0.00","G","999.9","000000"
"71484099999","2020-04-11","53.5","-130.6333333","15.0","BONILLA ISLAND AUT BC, CA","  44.2","24","  36.0","24","1027.0","24","024.9"," 8","999.9"," 0"," 11.2","24"," 23.9","999.9","  48.0","*","  39.9","*"," 0.01","G","999.9","000000"
"71484099999","2020-04-12","53.5","-130.6333333","15.0","BONILLA ISLAND AUT BC, CA","  44.3","24","  37.4","24","1029.1","24","027.1"," 8","999.9"," 0","  7.8","24"," 16.9","999.9","  50.5"," ","  39.7"," "," 0.00","G","999.9","000000"
"71484099999","2020-04-13","53.5","-130.6333333","15.0","BONILLA ISLAND AUT BC, CA","  45.2","24","  39.5","24","1029.9","24","028.0"," 8","999.9"," 0","  3.1","24","  6.0","999.9","  49.5"," ","  40.1"," "," 0.00","G","999.9","000000"
"71484099999","2020-04-14","53.5","-130.6333333","15.0","BONILLA ISLAND AUT BC, CA","  46.3","23","  39.6","23","1030.9","23","029.0"," 8","999.9"," 0","  5.2","23"," 16.9","999.9","  50.5"," ","  41.0"," "," 0.00","G","999.9","000000"
"71484099999","2020-04-15","53.5","-130.6333333","15.0","BONILLA ISLAND AUT BC, CA","  44.7","24","  42.9","23","1030.5","24","028.6"," 8","999.9"," 0"," 17.7","24"," 21.0","999.9","  46.6","*","  41.9","*"," 0.00","G","999.9","000000"
"71484099999","2020-04-16","53.5","-130.6333333","15.0","BONILLA ISLAND AUT BC, CA","  43.6","24","  42.5","24","1026.5","24","024.7"," 8","999.9"," 0"," 17.2","24"," 20.0"," 23.9","  46.9"," ","  42.1"," "," 0.00","G","999.9","000000"
"71484099999","2020-04-17","53.5","-130.6333333","15.0","BONILLA ISLAND AUT BC, CA","  44.8","24","  43.2","22","1020.3","24","018.8"," 8","999.9"," 0"," 17.0","24"," 24.1"," 26.0","  45.5","*","  41.9","*"," 0.00","G","999.9","000000"
"71484099999","2020-04-18","53.5","-130.6333333","15.0","BONILLA ISLAND AUT BC, CA","  43.4","24","  42.5","24","1014.4","24","012.7"," 8","999.9"," 0"," 15.7","24"," 22.0","999.9","  45.9"," ","  42.1"," "," 0.00","G","999.9","000000"
"71484099999","2020-04-19","53.5","-130.6333333","15.0","BONILLA ISLAND AUT BC, CA","  45.2","24","  42.9","24","1016.2","24","014.1"," 8","999.9"," 0"," 13.5","24"," 22.0","999.9","  48.9"," ","  42.1"," "," 0.01","G","999.9","000000"
"71484099999","2020-04-20","53.5","-130.6333333","15.0","BONILLA ISLAND AUT BC, CA","  46.0","24","  42.7","24","1018.4","24","016.6"," 8","999.9"," 0"," 16.3","24"," 22.0","999.9","  47.8"," ","  42.1"," "," 0.00","G","999.9","000000"
"71484099999","2020-04-21","53.5","-130.6333333","15.0","BONILLA ISLAND AUT BC, CA","  45.8","24","  43.8","24","1016.5","24","014.9"," 8","999.9"," 0"," 20.1","24"," 27.0"," 36.9","  46.6","*","  43.7","*"," 0.05","G","999.9","000000"
"71484099999","2020-04-22","53.5","-130.6333333","15.0","BONILLA ISLAND AUT BC, CA","  46.1","24","  44.0","24","1016.7","24","014.7"," 8","999.9"," 0"," 11.5","24"," 28.9"," 35.0","  46.9"," ","  44.2"," "," 0.09","G","999.9","000000"
"71484099999","2020-04-23","53.5","-130.6333333","15.0","BONILLA ISLAND AUT BC, CA","  46.0","23","  42.8","23","1021.3","23","019.4"," 8","999.9"," 0","  4.5","23","  9.9","999.9","  50.5","*","  41.9","*"," 0.02","G","999.9","000000"
"71484099999","2020-04-24","53.5","-130.6333333","15.0","BONILLA ISLAND AUT BC, CA","  46.5","22","  43.4","22","1021.1","22","019.5"," 8","999.9"," 0","  8.7","22"," 18.1"," 19.0","  48.4","*","  45.1","*"," 0.00","G","999.9","000000"
"71484099999","2020-04-25","53.5","-130.6333333","15.0","BONILLA ISLAND AUT BC, CA","  47.3","23","  44.3","23","1003.5","23","001.5"," 7","999.9"," 0"," 22.3","23"," 34.0"," 42.9","  48.6"," ","  44.2"," "," 0.02","G","999.9","000000"
"71484099999","2020-04-26","53.5","-130.6333333","15.0","BONILLA ISLAND AUT BC, CA","  46.4","24","  42.9","24","1004.1","24","002.6"," 8","999.9"," 0"," 28.4","24"," 44.9"," 57.9","  48.7"," ","  44.6"," "," 0.13","G","999.9","000000"
"71484099999","2020-04-27","53.5","-130.6333333","15.0","BONILLA ISLAND AUT BC, CA","  46.6","23","  42.9","23","1000.3","23","997.7"," 8","999.9"," 0"," 25.9","23"," 45.1"," 55.9","  48.2"," ","  44.6"," "," 0.28","G","999.9","000000"
"71484099999","2020-04-28","53.5","-130.6333333","15.0","BONILLA ISLAND AUT BC, CA","  46.5","23","  43.2","23","1010.6","23","008.9"," 8","999.9"," 0"," 29.1","23"," 45.1"," 55.0","  47.8","*","  44.2","*"," 0.02","G","999.9","000000"
"71484099999","2020-04-29","53.5","-130.6333333","15.0","BONILLA ISLAND AUT BC, CA","  47.5","17","  43.7","17","1010.7","17","008.9"," 6","999.9"," 0"," 30.6","17"," 39.0"," 47.0","  48.7","*","  46.6","*"," 0.00","G","999.9","000000"
"71484099999","2020-04-30","53.5","-130.6333333","15.0","BONILLA ISLAND AUT BC, CA","  46.8","23","  42.5","23","1012.9","17","009.5"," 8","999.9"," 0","  6.1","23"," 12.0","999.9","  49.8","*","  43.7","*"," 0.02","B","999.9","000000"
"71484099999","2020-05-01","53.5","-130.6333333","15.0","BONILLA ISLAND AUT BC, CA","  47.9","24","  41.5","24","1014.9","24","013.4"," 8","999.9"," 0","  9.3","24"," 14.0"," 20.0","  51.8","*","  43.7","*"," 0.00","G","999.9","000000"
"71484099999","2020-05-02","53.5","-130.6333333","15.0","BONILLA ISLAND AUT BC, CA","  47.9","24","  44.1","24","1005.6","24","004.2"," 8","999.9"," 0"," 12.4","24"," 20.0"," 30.9","  52.3"," ","  45.3"," "," 0.26","G","999.9","000000"
"71484099999","2020-05-03","53.5","-130.6333333","15.0","BONILLA ISLAND AUT BC, CA","  46.8","24","  42.9","24","1007.4","24","005.0"," 8","999.9"," 0"," 26.3","24"," 34.0"," 41.0","  48.7"," ","  45.5"," "," 0.16","G","999.9","000000"
"71484099999","2020-05-04","53.5","-130.6333333","15.0","BONILLA ISLAND AUT BC, CA","  48.3","24","  40.1","24","1018.8","24","017.0"," 8","999.9"," 0"," 14.5","24"," 22.0"," 27.0","  52.0","*","  45.5","*"," 0.00","G","999.9","000000"
"71484099999","2020-05-05","53.5","-130.6333333","15.0","BONILLA ISLAND AUT BC, CA","  47.8","24","  42.6","24","1016.8","24","014.9"," 8","999.9"," 0"," 15.8","24"," 22.0"," 29.9","  53.1"," ","  45.3"," "," 0.05","G","999.9","000000"
"71484099999","2020-05-06","53.5","-130.6333333","15.0","BONILLA ISLAND AUT BC, CA","  49.7","24","  41.7","24","1017.7","24","015.5"," 8","999.9"," 0"," 12.0","24"," 18.1"," 22.9","  56.7"," ","  45.3"," "," 0.06","G","999.9","000000"
"71484099999","2020-05-07","53.5","-130.6333333","15.0","BONILLA ISLAND AUT BC, CA","  48.1","24","  42.7","24","1032.1","24","030.1"," 8","999.9"," 0","  9.2","24"," 14.0"," 18.1","  50.7","*","  45.1","*"," 0.00","G","999.9","000000"
"71484099999","2020-05-08","53.5","-130.6333333","15.0","BONILLA ISLAND AUT BC, CA","  48.9","24","  42.0","24","1025.9","24","024.4"," 8","999.9"," 0","  4.2","24","  8.0","999.9","  54.0","*","  45.5","*"," 0.00","G","999.9","000000"
"71484099999","2020-05-09","53.5","-130.6333333","15.0","BONILLA ISLAND AUT BC, CA","  54.1","24","  44.1","24","1018.8","24","017.2"," 8","999.9"," 0","  3.3","24","  7.0","999.9","  62.1"," ","  45.3"," "," 0.00","G","999.9","000000"
"71484099999","2020-05-10","53.5","-130.6333333","15.0","BONILLA ISLAND AUT BC, CA","  59.4","24","  39.0","24","1015.0","24","013.4"," 8","999.9"," 0","  4.7","24","  9.9"," 20.0","  68.4"," ","  48.7"," "," 0.00","G","999.9","000000"
"71484099999","2020-05-11","53.5","-130.6333333","15.0","BONILLA ISLAND AUT BC, CA","  58.7","24","  36.0","24","1009.8","24","008.3"," 8","999.9"," 0","  3.2","24","  5.1","999.9","  70.2"," ","  51.1"," "," 0.00","G","999.9","000000"
"71484099999","2020-05-12","53.5","-130.6333333","15.0","BONILLA ISLAND AUT BC, CA","  51.8","24","  45.0","24","1004.2","24","002.5"," 8","999.9"," 0"," 10.1","24"," 20.0"," 23.9","  64.4"," ","  45.7"," "," 0.00","G","999.9","000000"
"71484099999","2020-05-13","53.5","-130.6333333","15.0","BONILLA ISLAND AUT BC, CA","  49.1","24","  46.5","24","1005.0","24","002.9"," 8","999.9"," 0"," 14.2","24"," 19.0"," 20.0","  58.5"," ","  45.7"," "," 0.00","G","999.9","000000"
"71484099999","2020-05-14","53.5","-130.6333333","15.0","BONILLA ISLAND AUT BC, CA","  52.3","21","  46.6","21","1013.2","18","011.3"," 7","999.9"," 0","  9.0","21"," 14.0","999.9","  55.2","*","  49.8","*"," 0.00","G","999.9","000000"
"71484099999","2020-05-15","53.5","-130.6333333","15.0","BONILLA ISLAND AUT BC, CA","  51.5","24","  46.7","24","1016.9","24","015.1"," 8","999.9"," 0"," 11.0","24"," 19.0","999.9","  55.9"," ","  49.5"," "," 0.00","G","999.9","000000"
"71484099999","2020-05-16","53.5","-130.6333333","15.0","BONILLA ISLAND AUT BC, CA","  52.4","24","  47.2","24","1010.2","24","008.8"," 8","999.9"," 0","  5.7","24"," 17.1"," 22.0","  57.9","*","  48.4","*"," 0.08","G","999.9","000000"
"71484099999","2020-05-17","53.5","-130.6333333","15.0","BONILLA ISLAND AUT BC, CA","  53.3","24","  49.5","24","1006.3","24","004.4"," 8","999.9"," 0","  3.8","24","  6.0","999.9","  58.8"," ","  48.4"," "," 0.06","G","999.9","000000"
"71484099999","2020-05-18","53.5","-130.6333333","15.0","BONILLA ISLAND AUT BC, CA","  50.5","24","  46.7","24","1010.1","24","008.2"," 8","999.9"," 0"," 14.4","24"," 20.0","999.9","  57.6"," ","  47.3"," "," 0.01","G","999.9","000000"
"71484099999","2020-05-19","53.5","-130.6333333","15.0","BONILLA ISLAND AUT BC, CA","  50.5","24","  45.7","24","1014.9","24","013.0"," 8","999.9"," 0"," 10.5","24"," 18.1","999.9","  52.7"," ","  47.3"," "," 0.00","G","999.9","000000"
"71484099999","2020-05-20","53.5","-130.6333333","15.0","BONILLA ISLAND AUT BC, CA","  48.7","24","  44.1","24","1015.8","24","013.9"," 8","999.9"," 0"," 11.5","24"," 21.0","999.9","  51.8"," ","  46.6"," "," 0.20","G","999.9","000000"
"71484099999","2020-05-21","53.5","-130.6333333","15.0","BONILLA ISLAND AUT BC, CA","  49.3","24","  43.1","24","1018.2","24","016.3"," 8","999.9"," 0"," 13.3","24"," 19.0","999.9","  54.3"," ","  46.6"," "," 0.00","G","999.9","000000"
"71484099999","2020-05-22","53.5","-130.6333333","15.0","BONILLA ISLAND AUT BC, CA","  48.8","24","  43.0","24","1017.5","24","015.7"," 8","999.9"," 0"," 14.2","24"," 19.0","999.9","  50.9"," ","  47.3"," "," 0.00","G","999.9","000000"
"71484099999","2020-05-23","53.5","-130.6333333","15.0","BONILLA ISLAND AUT BC, CA","  49.3","24","  44.4","24","1015.6","24","014.0"," 8","999.9"," 0"," 16.0","24"," 22.9"," 43.9","  53.1"," ","  47.3"," "," 0.00","G","999.9","000000"
"71484099999","2020-05-24","53.5","-130.6333333","15.0","BONILLA ISLAND AUT BC, CA","  49.6","24","  48.1","23","1014.2","24","012.1"," 8","999.9"," 0"," 19.1","24"," 33.0"," 41.0","  50.4","*","  47.3","*"," 0.32","G","999.9","000000"
"71484099999","2020-05-25","53.5","-130.6333333","15.0","BONILLA ISLAND AUT BC, CA","  49.4","24","  45.6","24","1017.4","24","015.5"," 8","999.9"," 0","  6.4","24"," 12.0","999.9","  53.4","*","  45.5","*"," 0.01","G","999.9","000000"
"71484099999","2020-05-26","53.5","-130.6333333","15.0","BONILLA ISLAND AUT BC, CA","  50.0","24","  43.8","24","1022.9","24","020.8"," 8","999.9"," 0","  4.9","24"," 12.0","999.9","  55.0"," ","  45.7"," "," 0.09","G","999.9","000000"
"71484099999","2020-05-27","53.5","-130.6333333","15.0","BONILLA ISLAND AUT BC, CA","  49.7","24","  43.9","24","1024.2","24","022.6"," 8","999.9"," 0","  8.2","24"," 14.0","999.9","  53.2"," ","  45.7"," "," 0.00","G","999.9","000000"
"71484099999","2020-05-28","53.5","-130.6333333","15.0","BONILLA ISLAND AUT BC, CA","  51.3","24","  44.9","24","1018.2","24","016.7"," 8","999.9"," 0"," 12.8","24"," 21.0"," 28.0","  56.5"," ","  47.3"," "," 0.07","G","999.9","000000"
"71484099999","2020-05-29","53.5","-130.6333333","15.0","BONILLA ISLAND AUT BC, CA","  51.0","24","  47.3","24","1015.9","24","014.2"," 8","999.9"," 0"," 14.0","24"," 19.0"," 22.0","  53.1"," ","  47.5"," "," 0.00","G","999.9","000000"
"71484099999","2020-05-30","53.5","-130.6333333","15.0","BONILLA ISLAND AUT BC, CA","  51.5","24","  46.7","24","1013.5","24","011.9"," 8","999.9"," 0","  6.9","24"," 15.9","999.9","  55.4","*","  49.1","*"," 0.00","G","999.9","000000"
"71484099999","2020-05-31","53.5","-130.6333333","15.0","BONILLA ISLAND AUT BC, CA","  51.6","24","  45.5","24","1012.9","24","010.9"," 8","999.9"," 0"," 11.6","24"," 16.9","999.9","  56.5"," ","  49.1"," "," 0.01","G","999.9","000000"
"71484099999","2020-06-01","53.5","-130.6333333","15.0","BONILLA ISLAND AUT BC, CA","  50.9","24","  45.5","24","1017.3","24","015.6"," 8","999.9"," 0"," 15.8","24"," 26.0"," 33.0","  54.0"," ","  48.9"," "," 0.00","G","999.9","000000"
"71484099999","2020-06-02","53.5","-130.6333333","15.0","BONILLA ISLAND AUT BC, CA","  50.4","24","  47.0","24","1013.7","24","011.7"," 8","999.9"," 0"," 15.7","24"," 33.0"," 43.9","  54.1","*","  48.7","*"," 0.47","G","999.9","000000"
"71484099999","2020-06-03","53.5","-130.6333333","15.0","BONILLA ISLAND AUT BC, CA","  51.6","24","  46.2","24","1020.9","24","019.1"," 8","999.9"," 0","  7.0","24"," 14.0","999.9","  55.9"," ","  48.7"," "," 0.03","G","999.9","000000"
"71484099999","2020-06-04","53.5","-130.6333333","15.0","BONILLA ISLAND AUT BC, CA","  50.3","20","  46.6","20","1017.1","20","015.7"," 6","999.9"," 0","  8.2","20"," 16.9","999.9","  53.1","*","  48.0","*"," 0.02","G","999.9","000000"
"71484099999","2020-06-05","53.5","-130.6333333","15.0","BONILLA ISLAND AUT BC, CA","  50.4","24","  46.1","24","1012.7","24","011.2"," 8","999.9"," 0"," 10.6","24"," 19.0"," 21.0","  53.4","*","  47.7","*"," 0.15","G","999.9","000000"
"71484099999","2020-06-06","53.5","-130.6333333","15.0","BONILLA ISLAND AUT BC, CA","  52.5","23","  47.1","23","1007.1","23","005.2"," 8","999.9"," 0","  4.8","23","  8.0","999.9","  56.7"," ","  47.7"," "," 0.00","G","999.9","000000"
"71484099999","2020-06-07","53.5","-130.6333333","15.0","BONILLA ISLAND AUT BC, CA","  51.4","24","  42.5","24","1014.7","24","012.5"," 8","999.9"," 0"," 10.4","24"," 18.1","999.9","  55.0","*","  49.1","*"," 0.00","G","999.9","000000"
"71484099999","2020-06-08","53.5","-130.6333333","15.0","BONILLA ISLAND AUT BC, CA","  51.2","24","  44.0","24","1017.7","24","016.0"," 8","999.9"," 0","  4.7","24"," 15.9","999.9","  55.4"," ","  46.8"," "," 0.00","G","999.9","000000"
"71484099999","2020-06-09","53.5","-130.6333333","15.0","BONILLA ISLAND AUT BC, CA","  52.6","24","  45.0","24","1008.8","24","007.5"," 8","999.9"," 0"," 12.3","24"," 28.0"," 37.9","  56.7"," ","  46.8"," "," 0.08","G","999.9","000000"
"71484099999","2020-06-10","53.5","-130.6333333","15.0","BONILLA ISLAND AUT BC, CA","  52.1","24","  48.8","24","1011.6","24","009.5"," 8","999.9"," 0"," 18.5","24"," 28.9"," 35.0","  56.7"," ","  50.4"," "," 0.06","G","999.9","000000"
"71484099999","2020-06-11","53.5","-130.6333333","15.0","BONILLA ISLAND AUT BC, CA","  51.9","24","  49.4","24","1013.9","24","012.0"," 8","999.9"," 0"," 15.0","24"," 20.0"," 28.0","  53.8"," ","  49.8"," "," 0.13","G","999.9","000000"
"71484099999","2020-06-12","53.5","-130.6333333","15.0","BONILLA ISLAND AUT BC, CA","  51.5","24","  48.8","24","1014.7","24","013.1"," 8","999.9"," 0","  6.9","24"," 15.9","999.9","  53.2","*","  49.1","*"," 0.05","G","999.9","000000"
"71484099999","2020-06-13","53.5","-130.6333333","15.0","BONILLA ISLAND AUT BC, CA","  52.3","24","  47.7","24","1013.9","24","011.9"," 8","999.9"," 0","  8.2","24"," 11.1","999.9","  55.9","*","  49.1","*"," 0.05","G","999.9","000000"
"71484099999","2020-06-14","53.5","-130.6333333","15.0","BONILLA ISLAND AUT BC, CA","  52.8","24","  49.1","24","1012.5","24","010.8"," 8","999.9"," 0","  6.2","24"," 14.0","999.9","  57.6"," ","  50.4"," "," 0.01","G","999.9","000000"
"71484099999","2020-06-15","53.5","-130.6333333","15.0","BONILLA ISLAND AUT BC, CA","  53.1","24","  46.3","24","1008.6","24","006.9"," 8","999.9"," 0"," 10.4","24"," 21.0"," 26.0","  56.3"," ","  50.4"," "," 0.02","G","999.9","000000"
"71484099999","2020-06-16","53.5","-130.6333333","15.0","BONILLA ISLAND AUT BC, CA","  54.3","24","  48.9","24","1017.2","24","014.9"," 8","999.9"," 0","  5.7","24"," 12.0","999.9","  59.0"," ","  51.3"," "," 0.01","G","999.9","000000"
"71484099999","2020-06-17","53.5","-130.6333333","15.0","BONILLA ISLAND AUT BC, CA","  53.7","24","  48.3","24","1023.6","24","021.7"," 8","999.9"," 0","  8.1","24"," 15.0","999.9","  57.2"," ","  51.1"," "," 0.00","G","999.9","000000"
"71484099999","2020-06-18","53.5","-130.6333333","15.0","BONILLA ISLAND AUT BC, CA","  52.9","24","  50.6","24","1019.5","24","018.0"," 8","999.9"," 0"," 20.6","24"," 24.1"," 37.9","  54.1","*","  50.9","*"," 0.32","G","999.9","000000"
"71484099999","2020-06-19","53.5","-130.6333333","15.0","BONILLA ISLAND AUT BC, CA","  54.0","24","  52.9","23","1010.8","24","009.6"," 8","999.9"," 0"," 19.0","24"," 29.9"," 35.0","  55.4","*","  52.7","*"," 0.65","G","999.9","000000"
"71484099999","2020-06-20","53.5","-130.6333333","15.0","BONILLA ISLAND AUT BC, CA","  52.9","24","  51.4","24","1008.1","24","005.9"," 8","999.9"," 0"," 13.3","24"," 28.0"," 35.9","  55.6"," ","  50.9"," "," 0.54","G","999.9","000000"
"71484099999","2020-06-21","53.5","-130.6333333","15.0","BONILLA ISLAND AUT BC, CA","  53.1","24","  47.4","24","1018.2","24","016.2"," 8","999.9"," 0","  7.7","24"," 15.0","999.9","  56.1"," ","  50.9"," "," 0.01","G","999.9","000000"
"71484099999","2020-06-22","53.5","-130.6333333","15.0","BONILLA ISLAND AUT BC, CA","  52.5","24","  48.6","24","1014.6","24","013.0"," 8","999.9"," 0"," 16.3","24"," 22.9"," 35.9","  54.3","*","  49.1","*"," 0.19","G","999.9","000000"
"71484099999","2020-06-23","53.5","-130.6333333","15.0","BONILLA ISLAND AUT BC, CA","  52.9","24","  50.1","24","1016.1","24","014.2"," 8","999.9"," 0","  9.8","24"," 20.0"," 24.9","  54.9"," ","  50.4"," "," 0.01","G","999.9","000000"
"71484099999","2020-06-24","53.5","-130.6333333","15.0","BONILLA ISLAND AUT BC, CA","  52.7","24","  49.0","24","1017.1","24","015.1"," 8","999.9"," 0"," 19.9","24"," 23.9"," 26.0","  55.2"," ","  50.7"," "," 0.00","G","999.9","000000"
"71484099999","2020-06-25","53.5","-130.6333333","15.0","BONILLA ISLAND AUT BC, CA","  52.1","24","  46.6","24","1019.9","24","018.2"," 8","999.9"," 0"," 13.0","24"," 26.0","999.9","  54.3","*","  49.6","*"," 0.02","G","999.9","000000"
"71484099999","2020-06-26","53.5","-130.6333333","15.0","BONILLA ISLAND AUT BC, CA","  51.5","24","  49.6","24","1014.9","24","013.3"," 8","999.9"," 0"," 16.4","24"," 25.1"," 31.9","  55.0","*","  49.1","*"," 0.28","G","999.9","000000"
"71484099999","2020-06-27","53.5","-130.6333333","15.0","BONILLA ISLAND AUT BC, CA","  52.6","24","  50.0","23","1016.4","24","014.4"," 8","999.9"," 0","  4.4","24","  8.0","999.9","  55.6"," ","  50.0"," "," 0.06","G","999.9","000000"
"71484099999","2020-06-28","53.5","-130.6333333","15.0","BONILLA ISLAND AUT BC, CA","  52.7","24","  50.1","24","1019.4","24","017.5"," 8","999.9"," 0"," 19.4","24"," 27.0"," 28.0","  54.0"," ","  51.6"," "," 0.06","G","999.9","000000"
"71484099999","2020-06-29","53.5","-130.6333333","15.0","BONILLA ISLAND AUT BC, CA","  52.3","24","  48.9","24","1017.9","24","016.2"," 8","999.9"," 0"," 11.7","24"," 21.0","999.9","  57.2","*","  49.8","*"," 0.01","G","999.9","000000"
"71484099999","2020-06-30","53.5","-130.6333333","15.0","BONILLA ISLAND AUT BC, CA","  53.0","24","  49.1","24","1018.5","24","016.6"," 8","999.9"," 0"," 18.8","24"," 22.9","999.9","  58.5"," ","  49.5"," "," 0.03","G","999.9","000000"
"71484099999","2020-07-01","53.5","-130.6333333","15.0","BONILLA ISLAND AUT BC, CA","  52.7","24","  48.7","24","1017.2","24","015.6"," 8","999.9"," 0"," 25.4","24"," 30.9"," 35.0","  54.1"," ","  51.4"," "," 0.00","G","999.9","000000"
"71484099999","2020-07-02","53.5","-130.6333333","15.0","BONILLA ISLAND AUT BC, CA","  52.3","24","  49.1","24","1009.6","24","008.1"," 8","999.9"," 0"," 13.8","24"," 22.9"," 23.9","  54.1","*","  50.2","*"," 0.35","G","999.9","000000"
"71484099999","2020-07-03","53.5","-130.6333333","15.0","BONILLA ISLAND AUT BC, CA","  54.5","24","  48.7","24","1014.3","24","012.1"," 8","999.9"," 0","  6.0","24"," 15.9"," 26.0","  59.4","*","  51.8","*"," 0.09","G","999.9","000000"
"71484099999","2020-07-04","53.5","-130.6333333","15.0","BONILLA ISLAND AUT BC, CA","  55.6","24","  50.0","24","1020.4","24","018.4"," 8","999.9"," 0","  6.2","24"," 15.0","999.9","  61.7"," ","  51.8"," "," 0.00","G","999.9","000000"
"71484099999","2020-07-05","53.5","-130.6333333","15.0","BONILLA ISLAND AUT BC, CA","  55.1","24","  51.6","24","1022.5","24","020.7"," 8","999.9"," 0"," 10.0","24"," 16.9","999.9","  56.1","*","  52.7","*"," 0.00","G","999.9","000000"
"71484099999","2020-07-06","53.5","-130.6333333","15.0","BONILLA ISLAND AUT BC, CA","  55.1","24","  52.0","24","1018.4","24","016.8"," 8","999.9"," 0","  7.1","24","  9.9","999.9","  56.5","*","  52.7","*"," 0.00","G","999.9","000000"
"71484099999","2020-07-07","53.5","-130.6333333","15.0","BONILLA ISLAND AUT BC, CA","  55.0","24","  52.2","24","1016.1","24","014.4"," 8","999.9"," 0","  4.6","24","  8.9","999.9","  57.6","*","  52.7","*"," 0.00","G","999.9","000000"
"71484099999","2020-07-08","53.5","-130.6333333","15.0","BONILLA ISLAND AUT BC, CA","  55.7","23","  52.6","23","1014.7","23","012.9"," 8","999.9"," 0"," 12.3","23"," 17.1"," 22.9","  57.0","*","  52.7","*"," 0.06","G","999.9","000000"
"71484099999","2020-07-09","53.5","-130.6333333","15.0","BONILLA ISLAND AUT BC, CA","  55.4","24","  52.5","24","1013.2","24","011.5"," 8","999.9"," 0"," 12.1","24"," 19.0","999.9","  57.0","*","  52.7","*"," 0.05","G","999.9","000000"
"71484099999","2020-07-10","53.5","-130.6333333","15.0","BONILLA ISLAND AUT BC, CA","  54.9","24","  52.6","24","1011.2","24","009.4"," 8","999.9"," 0"," 21.6","24"," 29.9"," 42.9","  57.4"," ","  53.6"," "," 0.41","G","999.9","000000"
"71484099999","2020-07-11","53.5","-130.6333333","15.0","BONILLA ISLAND AUT BC, CA","  54.1","23","  51.9","21","1011.7","23","009.8"," 8","999.9"," 0"," 18.9","23"," 28.9"," 35.0","  54.9","*","  52.7","*"," 0.40","G","999.9","000000"
"71484099999","2020-07-12","53.5","-130.6333333","15.0","BONILLA ISLAND AUT BC, CA","  54.9","23","  51.7","23","1016.8","23","014.6"," 8","999.9"," 0","  7.9","23"," 15.9"," 20.0","  59.5","*","  53.1","*"," 0.00","G","999.9","000000"
"71484099999","2020-07-13","53.5","-130.6333333","15.0","BONILLA ISLAND AUT BC, CA","  56.6","24","  52.2","24","1021.3","24","019.5"," 8","999.9"," 0","  6.0","24"," 11.1","999.9","  61.5"," ","  53.6"," "," 0.00","G","999.9","000000"
"71484099999","2020-07-14","53.5","-130.6333333","15.0","BONILLA ISLAND AUT BC, CA","  55.6","20","  52.8","20","1019.5","20","017.9"," 6","999.9"," 0"," 16.4","20"," 25.1"," 33.0","  57.4","*","  52.7","*"," 0.31","A","999.9","000000"
"71484099999","2020-07-15","53.5","-130.6333333","15.0","BONILLA ISLAND AUT BC, CA","  55.8","21","  54.3","20","1016.6","21","014.7"," 8","999.9"," 0"," 17.7","21"," 26.0"," 30.9","  57.0","*","  54.5","*"," 0.12","B","999.9","000000"
"71484099999","2020-07-16","53.5","-130.6333333","15.0","BONILLA ISLAND AUT BC, CA","  55.5","22","  53.6","22","1012.4","22","010.3"," 8","999.9"," 0","  6.1","22"," 17.1","999.9","  57.9","*","  54.1","*"," 0.02","A","999.9","000000"
"71484099999","2020-07-17","53.5","-130.6333333","15.0","BONILLA ISLAND AUT BC, CA","  55.8","24","  51.7","24","1020.2","24","018.1"," 8","999.9"," 0","  5.6","24"," 13.0","999.9","  57.9"," ","  54.5"," "," 0.00","G","999.9","000000"
"71484099999","2020-07-18","53.5","-130.6333333","15.0","BONILLA ISLAND AUT BC, CA","  56.4","22","  53.8","22","1021.1","22","019.4"," 7","999.9"," 0"," 12.9","22"," 22.0"," 29.9","  60.6"," ","  54.5"," "," 0.13","G","999.9","000000"
"71484099999","2020-07-19","53.5","-130.6333333","15.0","BONILLA ISLAND AUT BC, CA","  56.0","24","  53.5","23","1025.2","24","023.3"," 8","999.9"," 0","  7.4","24"," 12.0","999.9","  58.1","*","  52.7","*"," 0.00","G","999.9","000000"
"71484099999","2020-07-20","53.5","-130.6333333","15.0","BONILLA ISLAND AUT BC, CA","  57.0","23","  54.0","23","1022.1","23","020.4"," 8","999.9"," 0","  6.5","23"," 17.1","999.9","  59.4"," ","  54.3"," "," 0.02","G","999.9","000000"
"71484099999","2020-07-21","53.5","-130.6333333","15.0","BONILLA ISLAND AUT BC, CA","  56.1","23","  54.4","23","1014.3","23","012.7"," 8","999.9"," 0"," 11.4","23"," 15.9"," 20.0","  58.8","*","  54.0","*"," 0.00","G","999.9","000000"
"71484099999","2020-07-22","53.5","-130.6333333","15.0","BONILLA ISLAND AUT BC, CA","  54.8","22","  52.6","22","1013.3","22","011.5"," 8","999.9"," 0","  8.7","22"," 18.1","999.9","  56.8","*","  52.7","*"," 0.00","B","999.9","000000"
"71484099999","2020-07-23","53.5","-130.6333333","15.0","BONILLA ISLAND AUT BC, CA","  54.8","23","  52.2","23","1013.3","23","011.5"," 8","999.9"," 0","  9.2","23"," 15.0","999.9","  56.8"," ","  53.8"," "," 0.00","G","999.9","000000"
"71484099999","2020-07-24","53.5","-130.6333333","15.0","BONILLA ISLAND AUT BC, CA","  55.6","23","  52.1","23","1015.4","23","013.4"," 8","999.9"," 0","  5.8","23"," 13.0","999.9","  58.3","*","  54.0","*"," 0.20","B","999.9","000000"
"71484099999","2020-07-25","53.5","-130.6333333","15.0","BONILLA ISLAND AUT BC, CA","  56.1","23","  53.0","23","1020.7","23","018.9"," 7","999.9"," 0"," 11.4","23"," 22.0"," 27.0","  57.4","*","  54.5","*"," 0.00","C","999.9","000000"
"71484099999","2020-07-26","53.5","-130.6333333","15.0","BONILLA ISLAND AUT BC, CA","  55.9","24","  54.4","24","1020.5","24","018.8"," 8","999.9"," 0"," 17.3","24"," 22.0"," 29.9","  59.5","*","  54.1","*"," 0.07","G","999.9","000000"
"71484099999","2020-07-27","53.5","-130.6333333","15.0","BONILLA ISLAND AUT BC, CA","  57.0","20","  54.6","20","1018.2","20","016.5"," 8","999.9"," 0"," 12.4","20"," 15.0","999.9","  59.9"," ","  54.3"," "," 0.06","G","999.9","000000"
"71484099999","2020-07-28","53.5","-130.6333333","15.0","BONILLA ISLAND AUT BC, CA","  55.4","24","  51.9","24","1015.3","24","013.6"," 8","999.9"," 0"," 13.9","24"," 20.0","999.9","  57.4"," ","  54.5"," "," 0.00","G","999.9","000000"
"71484099999","2020-07-29","53.5","-130.6333333","15.0","BONILLA ISLAND AUT BC, CA","  55.7","24","  52.6","24","1014.6","24","012.7"," 8","999.9"," 0","  6.2","24"," 12.0","999.9","  61.0","*","  52.5","*"," 0.00","G","999.9","000000"
"71484099999","2020-07-30","53.5","-130.6333333","15.0","BONILLA ISLAND AUT BC, CA","  58.9","23","  54.6","23","1017.3","23","015.5"," 8","999.9"," 0","  3.3","23","  8.0","999.9","  63.9","*","  56.5","*"," 0.00","G","999.9","000000"
"71484099999","2020-07-31","53.5","-130.6333333","15.0","BONILLA ISLAND AUT BC, CA","  60.4","24","  55.6","24","1011.7","24","010.1"," 8","999.9"," 0"," 10.1","24"," 21.0"," 27.0","  64.8"," ","  55.6"," "," 0.00","G","999.9","000000"
"71484099999","2020-08-01","53.5","-130.6333333","15.0","BONILLA ISLAND AUT BC, CA","  58.5","24","  56.0","24","1014.2","24","012.2"," 8","999.9"," 0"," 17.0","24"," 26.0"," 33.0","  60.8","*","  56.3","*"," 0.06","G","999.9","000000"
"71484099999","2020-08-02","53.5","-130.6333333","15.0","BONILLA ISLAND AUT BC, CA","  57.9","24","  56.0","24","1015.1","24","013.4"," 8","999.9"," 0"," 12.4","24"," 22.0"," 28.0","  60.4"," ","  56.3"," "," 0.10","G","999.9","000000"
"71484099999","2020-08-03","53.5","-130.6333333","15.0","BONILLA ISLAND AUT BC, CA","  57.8","22","  54.9","22","1016.6","22","014.7"," 7","999.9"," 0","  9.4","22"," 14.0","999.9","  60.1","*","  56.3","*"," 0.00","G","999.9","000000"
"71484099999","2020-08-04","53.5","-130.6333333","15.0","BONILLA ISLAND AUT BC, CA","  57.5","24","  54.8","24","1019.5","24","017.9"," 8","999.9"," 0"," 15.6","24"," 20.0"," 27.0","  60.4","*","  56.3","*"," 0.04","G","999.9","000000"
"71484099999","2020-08-05","53.5","-130.6333333","15.0","BONILLA ISLAND AUT BC, CA","  56.6","18","  54.5","18","1010.8","18","009.8"," 7","999.9"," 0"," 10.5","18"," 21.0"," 28.0","  58.6","*","  54.3","*"," 0.41","G","999.9","000000"
"71484099999","2020-08-06","53.5","-130.6333333","15.0","BONILLA ISLAND AUT BC, CA","  56.5","24","  53.1","24","1009.0","24","007.2"," 8","999.9"," 0"," 10.4","24"," 15.0"," 19.0","  58.8","*","  54.1","*"," 0.23","G","999.9","000000"
"71484099999","2020-08-07","53.5","-130.6333333","15.0","BONILLA ISLAND AUT BC, CA","  57.1","23","  53.5","23","1010.7","23","008.7"," 8","999.9"," 0"," 13.9","23"," 26.0"," 34.0","  59.2"," ","  54.0"," "," 0.09","C","999.9","000000"
"71484099999","2020-08-08","53.5","-130.6333333","15.0","BONILLA ISLAND AUT BC, CA","  56.9","24","  52.4","24","1020.1","24","017.9"," 8","999.9"," 0","  5.0","24","  8.0","999.9","  60.6","*","  54.5","*"," 0.02","G","999.9","000000"
"71484099999","2020-08-09","53.5","-130.6333333","15.0","BONILLA ISLAND AUT BC, CA","  57.0","22","  53.3","21","1022.2","22","020.4"," 8","999.9"," 0"," 12.4","22"," 29.9"," 37.9","  59.7","*","  52.7","*"," 0.01","G","999.9","000000"
"71484099999","2020-08-10","53.5","-130.6333333","15.0","BONILLA ISLAND AUT BC, CA","  56.9","24","  51.4","24","1024.2","24","022.3"," 8","999.9"," 0","  4.2","24","  7.0","999.9","  58.3","*","  55.8","*"," 0.01","G","999.9","000000"
"71484099999","2020-08-11","53.5","-130.6333333","15.0","BONILLA ISLAND AUT BC, CA","  54.9","24","  49.7","24","1018.1","24","016.7"," 8","999.9"," 0","  8.6","24"," 11.1","999.9","  57.9","*","  50.9","*"," 0.01","G","999.9","000000"
"71484099999","2020-08-12","53.5","-130.6333333","15.0","BONILLA ISLAND AUT BC, CA","  55.5","22","  50.4","22","1016.0","22","014.3"," 8","999.9"," 0","  9.4","22"," 13.0","999.9","  57.0","*","  54.7","*"," 0.00","G","999.9","000000"
"71484099999","2020-08-13","53.5","-130.6333333","15.0","BONILLA ISLAND AUT BC, CA","  56.3","23","  50.9","23","1018.5","23","016.7"," 7","999.9"," 0","  9.0","23"," 15.0","999.9","  60.1"," ","  54.0"," "," 0.00","G","999.9","000000"
"71484099999","2020-08-14","53.5","-130.6333333","15.0","BONILLA ISLAND AUT BC, CA","  56.5","23","  54.4","23","1016.0","23","014.4"," 8","999.9"," 0"," 15.5","23"," 22.0"," 27.0","  58.1","*","  55.0","*"," 0.34","C","999.9","000000"
"71484099999","2020-08-15","53.5","-130.6333333","15.0","BONILLA ISLAND AUT BC, CA","  57.5","24","  56.2","24","1012.1","24","010.6"," 8","999.9"," 0"," 20.0","24"," 26.0"," 33.0","  58.6"," ","  56.8"," "," 0.39","G","999.9","000000"
"71484099999","2020-08-16","53.5","-130.6333333","15.0","BONILLA ISLAND AUT BC, CA","  58.0","24","  57.0","22","1009.6","24","007.8"," 8","999.9"," 0"," 22.4","24"," 29.9"," 36.9","  60.3","*","  56.3","*"," 0.13","G","999.9","000000"
"71484099999","2020-08-17","53.5","-130.6333333","15.0","BONILLA ISLAND AUT BC, CA","  58.3","23","  57.1","23","1011.2","23","009.1"," 8","999.9"," 0"," 13.5","23"," 19.0"," 22.0","  60.8"," ","  57.2"," "," 0.02","G","999.9","000000"
"71484099999","2020-08-18","53.5","-130.6333333","15.0","BONILLA ISLAND AUT BC, CA","  57.1","21","  54.7","21","1015.6","21","013.8"," 6","999.9"," 0"," 10.2","21"," 18.1"," 20.0","  59.5","*","  55.0","*"," 0.00","G","999.9","000000"
"71484099999","2020-08-19","53.5","-130.6333333","15.0","BONILLA ISLAND AUT BC, CA","  57.1","24","  52.9","24","1012.9","24","011.7"," 8","999.9"," 0","  6.8","24"," 19.0"," 21.0","  59.5"," ","  54.1"," "," 0.02","G","999.9","000000"
"71484099999","2020-08-20","53.5","-130.6333333","15.0","BONILLA ISLAND AUT BC, CA","  58.8","20","  56.1","20","1000.1","19","998.5"," 6","999.9"," 0"," 20.9","20"," 33.0"," 40.0","  59.7","*","  56.3","*"," 0.45","G","999.9","000000"
"71484099999","2020-08-21","53.5","-130.6333333","15.0","BONILLA ISLAND AUT BC, CA","  57.0","22","  54.6","21","1000.7","20","999.2"," 7","999.9"," 0","  7.1","22"," 21.0"," 28.9","  59.0","*","  54.5","*"," 0.00","G","999.9","000000"
"71484099999","2020-08-22","53.5","-130.6333333","15.0","BONILLA ISLAND AUT BC, CA","  56.6","24","  53.5","24","1008.6","24","006.2"," 8","999.9"," 0"," 18.7","24"," 24.1"," 28.9","  57.4","*","  54.5","*"," 0.09","G","999.9","000000"
"71484099999","2020-08-23","53.5","-130.6333333","15.0","BONILLA ISLAND AUT BC, CA","  56.1","22","  54.0","22","1016.2","22","014.3"," 8","999.9"," 0"," 14.6","22"," 22.9"," 27.0","  57.2","*","  55.0","*"," 0.07","G","999.9","000000"
"71484099999","2020-08-24","53.5","-130.6333333","15.0","BONILLA ISLAND AUT BC, CA","  55.6","23","  52.8","23","1018.0","23","016.2"," 8","999.9"," 0","  7.6","23"," 14.0","999.9","  58.3","*","  52.7","*"," 0.00","G","999.9","000000"
"71484099999","2020-08-25","53.5","-130.6333333","15.0","BONILLA ISLAND AUT BC, CA","  55.9","17","  52.9","17","1017.2","17","015.4"," 7","999.9"," 0","  6.5","17","  9.9","999.9","  59.0"," ","  53.1"," "," 0.06","G","999.9","000000"
"71484099999","2020-08-26","53.5","-130.6333333","15.0","BONILLA ISLAND AUT BC, CA","  56.1","18","  54.2","18","1016.1","18","014.2"," 7","999.9"," 0","  5.7","18"," 15.9"," 18.1","  58.3","*","  55.2","*"," 0.06","G","999.9","000000"
"71484099999","2020-08-27","53.5","-130.6333333","15.0","BONILLA ISLAND AUT BC, CA","  55.5","24","  51.6","24","1016.8","24","015.1"," 8","999.9"," 0","  5.6","24"," 15.9"," 22.9","  59.0","*","  50.9","*"," 0.01","G","999.9","000000"
"71484099999","2020-08-28","53.5","-130.6333333","15.0","BONILLA ISLAND AUT BC, CA","  56.6","24","  52.7","24","1013.3","24","011.4"," 8","999.9"," 0"," 14.2","24"," 30.9"," 37.9","  58.8","*","  54.9","*"," 0.34","G","999.9","000000"
"71484099999","2020-08-29","53.5","-130.6333333","15.0","BONILLA ISLAND AUT BC, CA","  56.4","23","  51.2","23","1017.9","23","015.9"," 8","999.9"," 0"," 10.0","23"," 15.9","999.9","  59.0","*","  54.5","*"," 0.00","C","999.9","000000"
"71484099999","2020-08-30","53.5","-130.6333333","15.0","BONILLA ISLAND AUT BC, CA","  55.2","24","  51.8","24","1017.4","24","016.0"," 8","999.9"," 0"," 10.8","24"," 27.0"," 35.0","  61.9"," ","  52.2"," "," 0.17","G","999.9","000000"
"71484099999","2020-08-31","53.5","-130.6333333","15.0","BONILLA ISLAND AUT BC, CA","  54.9","24","  53.3","22","1015.8","24","013.9"," 8","999.9"," 0"," 12.4","24"," 23.9","999.9","  57.6","*","  52.7","*"," 0.19","G","999.9","000000"
"71484099999","2020-09-01","53.5","-130.6333333","15.0","BONILLA ISLAND AUT BC, CA","  57.0","24","  55.2","23","1016.8","24","015.2"," 8","999.9"," 0","  7.0","24"," 12.0","999.9","  59.0"," ","  54.5"," "," 0.15","G","999.9","000000"
"71484099999","2020-09-02","53.5","-130.6333333","15.0","BONILLA ISLAND AUT BC, CA","  55.1","23","  52.5","23","1019.0","23","017.3"," 7","999.9"," 0","  5.4","23"," 17.1","999.9","  56.1","*","  52.7","*"," 0.00","G","999.9","000000"
"71484099999","2020-09-03","53.5","-130.6333333","15.0","BONILLA ISLAND AUT BC, CA","  55.3","24","  53.0","24","1017.5","24","015.7"," 8","999.9"," 0"," 13.6","24"," 22.0"," 31.9","  57.9","*","  53.1","*"," 0.20","G","999.9","000000"
"71484099999","2020-09-04","53.5","-130.6333333","15.0","BONILLA ISLAND AUT BC, CA","  56.6","23","  53.6","23","1019.9","23","018.1"," 8","999.9"," 0","  3.6","23","  8.0","999.9","  59.2","*","  55.2","*"," 0.01","G","999.9","000000"
"71484099999","2020-09-05","53.5","-130.6333333","15.0","BONILLA ISLAND AUT BC, CA","  57.3","24","  54.5","24","1019.7","24","017.6"," 8","999.9"," 0","  4.6","24"," 15.0","999.9","  59.2","*","  54.5","*"," 0.00","G","999.9","000000"
"71484099999","2020-09-06","53.5","-130.6333333","15.0","BONILLA ISLAND AUT BC, CA","  58.5","24","  56.8","24","1026.0","24","023.9"," 8","999.9"," 0","  8.5","24"," 17.1"," 21.0","  60.4","*","  56.8","*"," 0.01","G","999.9","000000"
"71484099999","2020-09-07","53.5","-130.6333333","15.0","BONILLA ISLAND AUT BC, CA","  55.4","23","  54.1","23","1030.9","23","028.9"," 8","999.9"," 0"," 11.0","23"," 18.1","999.9","  59.2","*","  52.5","*"," 0.00","C","999.9","000000"
"71484099999","2020-09-08","53.5","-130.6333333","15.0","BONILLA ISLAND AUT BC, CA","  56.2","24","  53.6","24","1029.3","24","027.8"," 8","999.9"," 0"," 15.5","24"," 20.0"," 21.0","  61.0"," ","  52.3"," "," 0.01","G","999.9","000000"
"71484099999","2020-09-09","53.5","-130.6333333","15.0","BONILLA ISLAND AUT BC, CA","  55.6","24","  54.4","24","1023.3","24","021.7"," 8","999.9"," 0"," 17.4","24"," 22.9","999.9","  57.7"," ","  54.7"," "," 0.00","G","999.9","000000"
"71484099999","2020-09-10","53.5","-130.6333333","15.0","BONILLA ISLAND AUT BC, CA","  55.5","24","  53.7","24","1019.2","24","017.5"," 8","999.9"," 0"," 18.6","24"," 22.9","999.9","  57.4","*","  54.5","*"," 0.00","G","999.9","000000"
"71484099999","2020-09-11","53.5","-130.6333333","15.0","BONILLA ISLAND AUT BC, CA","  55.2","24","  52.6","24","1018.0","24","016.3"," 8","999.9"," 0"," 16.5","24"," 20.0","999.9","  56.3","*","  52.7","*"," 0.00","G","999.9","000000"
"71484099999","2020-09-12","53.5","-130.6333333","15.0","BONILLA ISLAND AUT BC, CA","  54.8","23","  52.0","23","1015.6","23","013.8"," 7","999.9"," 0","  9.4","23"," 18.1","999.9","  57.4","*","  52.7","*"," 0.00","G","999.9","000000"
"71484099999","2020-09-13","53.5","-130.6333333","15.0","BONILLA ISLAND AUT BC, CA","  53.5","24","  51.4","24","1013.0","24","011.3"," 8","999.9"," 0","  3.7","24","  8.9","999.9","  58.6"," ","  50.7"," "," 0.00","G","999.9","000000"
"71484099999","2020-09-14","53.5","-130.6333333","15.0","BONILLA ISLAND AUT BC, CA","  55.2","22","  51.7","22","1012.8","22","011.0"," 7","999.9"," 0","  3.2","22","  5.1","999.9","  59.7","*","  53.2","*"," 0.00","G","999.9","000000"
"71484099999","2020-09-15","53.5","-130.6333333","15.0","BONILLA ISLAND AUT BC, CA","  56.9","24","  51.1","24","1016.8","24","014.8"," 8","999.9"," 0","  4.6","24","  7.0","999.9","  62.2","*","  53.4","*"," 0.00","G","999.9","000000"
"71484099999","2020-09-16","53.5","-130.6333333","15.0","BONILLA ISLAND AUT BC, CA","  57.9","24","  51.7","24","1018.5","24","016.8"," 8","999.9"," 0","  5.8","24","  9.9","999.9","  64.2"," ","  52.9"," "," 0.00","G","999.9","000000"
"71484099999","2020-09-17","53.5","-130.6333333","15.0","BONILLA ISLAND AUT BC, CA","  57.8","23","  53.5","23","1015.9","23","014.1"," 8","999.9"," 0","  9.8","23"," 18.1","999.9","  61.5"," ","  55.0"," "," 0.00","G","999.9","000000"
"71484099999","2020-09-18","53.5","-130.6333333","15.0","BONILLA ISLAND AUT BC, CA","  55.2","23","  54.2","23","1013.5","23","012.0"," 7","999.9"," 0","  2.7","23","  8.9","999.9","  58.8","*","  52.3","*"," 0.00","C","999.9","000000"
"71484099999","2020-09-19","53.5","-130.6333333","15.0","BONILLA ISLAND AUT BC, CA","  55.4","20","  54.4","20","1012.3","19","010.6"," 7","999.9"," 0","  3.7","20","  9.9","999.9","  56.5","*","  54.1","*"," 0.00","B","999.9","000000"
"71484099999","2020-09-20","53.5","-130.6333333","15.0","BONILLA ISLAND AUT BC, CA","  53.2","20","  50.0","20","1014.5","20","012.6"," 7","999.9"," 0","  3.9","20","  9.9","999.9","  55.0","*","  50.9","*"," 0.00","A","999.9","000000"
"71484099999","2020-09-21","53.5","-130.6333333","15.0","BONILLA ISLAND AUT BC, CA","  54.0","24","  51.1","24","1012.8","24","011.0"," 8","999.9"," 0","  9.2","24"," 13.0","999.9","  56.3","*","  52.3","*"," 0.00","C","999.9","000000"
"71484099999","2020-09-22","53.5","-130.6333333","15.0","BONILLA ISLAND AUT BC, CA","  54.8","23","  49.4","23","1010.1","23","008.5"," 8","999.9"," 0"," 11.8","23"," 19.0"," 33.0","  56.7"," ","  52.2"," "," 0.01","G","999.9","000000"
"71484099999","2020-09-23","53.5","-130.6333333","15.0","BONILLA ISLAND AUT BC, CA","  55.4","22","  52.2","22"," 994.1","22","992.7"," 8","999.9"," 0"," 18.8","22"," 31.1"," 37.9","  56.5","*","  54.1","*"," 0.00","G","999.9","000000"
"71484099999","2020-09-24","53.5","-130.6333333","15.0","BONILLA ISLAND AUT BC, CA","  55.2","23","  51.9","23"," 993.1","23","991.2"," 7","999.9"," 0"," 18.1","23"," 22.0"," 23.9","  56.3","*","  54.1","*"," 0.00","C","999.9","000000"
"71484099999","2020-09-25","53.5","-130.6333333","15.0","BONILLA ISLAND AUT BC, CA","  52.9","24","  49.5","24"," 994.0","24","992.2"," 8","999.9"," 0"," 17.2","24"," 24.1"," 29.9","  56.5"," ","  47.5"," "," 0.33","G","999.9","000000"
"71484099999","2020-09-26","53.5","-130.6333333","15.0","BONILLA ISLAND AUT BC, CA","  54.0","24","  48.1","24","1007.1","24","004.5"," 8","999.9"," 0"," 12.7","24"," 22.0","999.9","  56.8","*","  51.3","*"," 0.06","G","999.9","000000"
"71484099999","2020-09-27","53.5","-130.6333333","15.0","BONILLA ISLAND AUT BC, CA","  54.2","23","  49.6","23","1016.2","23","014.4"," 8","999.9"," 0"," 26.4","23"," 42.9"," 52.8","  57.9"," ","  50.9"," "," 0.11","G","999.9","000000"
"71484099999","2020-09-28","53.5","-130.6333333","15.0","BONILLA ISLAND AUT BC, CA","  55.5","24","  53.4","24","1021.1","24","018.9"," 8","999.9"," 0"," 13.4","24"," 29.9","999.9","  57.4","*","  52.7","*"," 0.22","G","999.9","000000"
"71484099999","2020-09-29","53.5","-130.6333333","15.0","BONILLA ISLAND AUT BC, CA","  54.9","23","  53.1","23","1021.1","23","019.6"," 8","999.9"," 0","  5.4","23"," 13.0"," 18.1","  61.9","*","  52.5","*"," 0.09","G","999.9","000000"
"71484099999","2020-09-30","53.5","-130.6333333","15.0","BONILLA ISLAND AUT BC, CA","  59.9","24","  53.9","24","1014.8","24","013.0"," 8","999.9"," 0"," 11.8","24"," 29.9"," 36.9","  68.0"," ","  52.5"," "," 0.00","G","999.9","000000"
"71484099999","2020-10-01","53.5","-130.6333333","15.0","BONILLA ISLAND AUT BC, CA","  56.0","24","  54.8","24","1022.3","24","020.4"," 8","999.9"," 0","  8.7","24"," 20.0"," 24.9","  68.0"," ","  54.5"," "," 0.13","G","999.9","000000"
"71484099999","2020-10-02","53.5","-130.6333333","15.0","BONILLA ISLAND AUT BC, CA","  58.4","24","  56.2","23","1020.9","24","019.2"," 8","999.9"," 0"," 11.8","24"," 16.9"," 21.0","  60.8"," ","  54.5"," "," 0.00","G","999.9","000000"
"71484099999","2020-10-03","53.5","-130.6333333","15.0","BONILLA ISLAND AUT BC, CA","  56.7","23","  55.5","23","1018.4","23","016.7"," 8","999.9"," 0","  8.8","23"," 12.0"," 15.0","  60.6","*","  54.5","*"," 0.00","G","999.9","000000"
"71484099999","2020-10-04","53.5","-130.6333333","15.0","BONILLA ISLAND AUT BC, CA","  54.5","24","  52.6","23","1018.4","24","016.6"," 8","999.9"," 0","  7.6","24"," 20.0","999.9","  56.5","*","  52.7","*"," 0.07","G","999.9","000000"
"71484099999","2020-10-05","53.5","-130.6333333","15.0","BONILLA ISLAND AUT BC, CA","  56.0","23","  53.6","23","1016.8","23","015.2"," 7","999.9"," 0"," 16.3","23"," 31.9"," 38.9","  57.0","*","  54.5","*"," 0.47","G","999.9","000000"
"71484099999","2020-10-06","53.5","-130.6333333","15.0","BONILLA ISLAND AUT BC, CA","  53.0","23","  49.4","23","1022.1","23","019.9"," 7","999.9"," 0","  4.4","23"," 15.0","999.9","  55.2","*","  51.3","*"," 0.00","G","999.9","000000"
"71484099999","2020-10-07","53.5","-130.6333333","15.0","BONILLA ISLAND AUT BC, CA","  51.9","23","  46.9","23","1017.8","23","016.0"," 7","999.9"," 0"," 15.0","23"," 20.0","999.9","  53.8","*","  51.1","*"," 0.00","B","999.9","000000"
"71484099999","2020-10-08","53.5","-130.6333333","15.0","BONILLA ISLAND AUT BC, CA","  50.1","23","  45.1","23","1011.6","23","009.9"," 8","999.9"," 0","  7.8","23"," 12.0","999.9","  51.4","*","  45.5","*"," 0.00","G","999.9","000000"
"71484099999","2020-10-09","53.5","-130.6333333","15.0","BONILLA ISLAND AUT BC, CA","  49.3","21","  44.0","21","1003.2","21","002.3"," 7","999.9"," 0","  5.7","21"," 16.9"," 27.0","  50.5","*","  47.1","*"," 0.00","C","999.9","000000"
"71484099999","2020-10-10","53.5","-130.6333333","15.0","BONILLA ISLAND AUT BC, CA","  52.9","24","  46.1","24"," 994.9","21","992.5"," 8","999.9"," 0"," 11.8","24"," 22.0"," 27.0","  54.3","*","  49.3","*"," 0.13","G","999.9","000000"
"71484099999","2020-10-11","53.5","-130.6333333","15.0","BONILLA ISLAND AUT BC, CA","  52.7","23","  44.1","23","1005.3","23","003.4"," 7","999.9"," 0","  9.4","23"," 15.0","999.9","  54.0","*","  51.6","*"," 0.01","G","999.9","000000"
"71484099999","2020-10-12","53.5","-130.6333333","15.0","BONILLA ISLAND AUT BC, CA","  52.5","23","  44.5","23","1013.7","23","011.1"," 7","999.9"," 0","  8.1","23"," 13.0","999.9","  55.6","*","  50.9","*"," 0.02","G","999.9","000000"
"71484099999","2020-10-13","53.5","-130.6333333","15.0","BONILLA ISLAND AUT BC, CA","  49.6","21","  43.7","21","1007.3","21","006.0"," 8","999.9"," 0"," 11.8","21"," 22.9"," 27.0","  54.0","*","  45.5","*"," 0.00","G","999.9","000000"
"71484099999","2020-10-14","53.5","-130.6333333","15.0","BONILLA ISLAND AUT BC, CA","  51.5","21","  42.8","21","1019.7","21","016.7"," 7","999.9"," 0","  8.7","21"," 17.1","999.9","  53.2","*","  49.1","*"," 0.02","B","999.9","000000"
"71484099999","2020-10-15","53.5","-130.6333333","15.0","BONILLA ISLAND AUT BC, CA","  48.5","23","  43.6","23","1029.2","20","028.2"," 8","999.9"," 0","  8.6","23"," 26.0"," 37.9","  52.5","*","  45.1","*"," 0.03","C","999.9","000000"
"71484099999","2020-10-16","53.5","-130.6333333","15.0","BONILLA ISLAND AUT BC, CA","  51.4","24","  47.4","24","1014.6","24","012.5"," 8","999.9"," 0"," 20.0","24"," 30.9"," 37.9","  57.6"," ","  45.1"," "," 0.61","G","999.9","000000"
"71484099999","2020-10-17","53.5","-130.6333333","15.0","BONILLA ISLAND AUT BC, CA","  49.7","24","  42.9","24","1021.6","24","020.0"," 8","999.9"," 0","  8.7","24"," 22.0"," 23.9","  51.8","*","  47.3","*"," 0.00","G","999.9","000000"
"71484099999","2020-10-18","53.5","-130.6333333","15.0","BONILLA ISLAND AUT BC, CA","  44.5","24","  40.5","24","1013.8","24","012.5"," 8","999.9"," 0","  5.8","24"," 18.1"," 23.9","  47.8","*","  40.1","*"," 0.67","G","999.9","000000"
"71484099999","2020-10-19","53.5","-130.6333333","15.0","BONILLA ISLAND AUT BC, CA","  49.8","19","  45.0","19","1014.1","17","012.7"," 7","999.9"," 0"," 11.2","19"," 18.1"," 21.0","  52.9"," ","  42.3"," "," 0.09","G","999.9","000000"
"71484099999","2020-10-20","53.5","-130.6333333","15.0","BONILLA ISLAND AUT BC, CA","  49.2","22","  39.7","22","1021.3","22","019.5"," 7","999.9"," 0"," 11.2","22"," 15.9"," 19.0","  50.5","*","  47.3","*"," 0.00","G","999.9","000000"
"71484099999","2020-10-21","53.5","-130.6333333","15.0","BONILLA ISLAND AUT BC, CA","  46.7","24","  39.9","24","1022.9","24","020.8"," 8","999.9"," 0"," 10.3","24"," 20.0"," 23.9","  50.4"," ","  42.6"," "," 0.03","G","999.9","000000"
"71484099999","2020-10-22","53.5","-130.6333333","15.0","BONILLA ISLAND AUT BC, CA","  43.7","24","  35.8","24","1027.6","24","025.8"," 8","999.9"," 0","  6.1","24"," 11.1"," 16.9","  48.7"," ","  41.4"," "," 0.00","G","999.9","000000"
"71484099999","2020-10-23","53.5","-130.6333333","15.0","BONILLA ISLAND AUT BC, CA","  41.2","22","  35.4","22","1019.5","22","017.6"," 8","999.9"," 0","  7.3","22"," 11.1"," 21.0","  45.7","*","  36.5","*"," 0.15","G","999.9","000000"
"71484099999","2020-10-24","53.5","-130.6333333","15.0","BONILLA ISLAND AUT BC, CA","  38.8","24","  19.4","24","1029.1","24","026.7"," 8","999.9"," 0","  3.7","24","  8.0","999.9","  45.9","*","  34.0","*"," 0.00","G","999.9","000000"
"71484099999","2020-10-25","53.5","-130.6333333","15.0","BONILLA ISLAND AUT BC, CA","  41.9","22","  25.4","22","1033.0","22","031.4"," 6","999.9"," 0","  5.4","22"," 14.0"," 28.0","  43.3","*","  40.1","*"," 0.00","G","999.9","000000"
"71484099999","2020-10-26","53.5","-130.6333333","15.0","BONILLA ISLAND AUT BC, CA","  48.0","24","  45.9","23","1025.2","24","023.8"," 8","999.9"," 0"," 20.0","24"," 35.0"," 43.9","  53.2","*","  41.0","*"," 0.59","C","999.9","000000"
"71484099999","2020-10-27","53.5","-130.6333333","15.0","BONILLA ISLAND AUT BC, CA","  51.3","22","  49.4","22","1018.2","22","016.6"," 6","999.9"," 0"," 10.6","22"," 28.0"," 33.0","  53.6","*","  49.1","*"," 0.31","C","999.9","000000"
"71484099999","2020-10-28","53.5","-130.6333333","15.0","BONILLA ISLAND AUT BC, CA","  48.4","23","  45.6","23","1017.7","23","016.1"," 8","999.9"," 0","  3.8","23","  8.9","999.9","  49.5","*","  45.5","*"," 0.00","B","999.9","000000"
"71484099999","2020-10-29","53.5","-130.6333333","15.0","BONILLA ISLAND AUT BC, CA","  45.9","15","  41.2","15","1016.6","15","014.6"," 5","999.9"," 0","  6.4","15"," 12.0","999.9","  48.9","*","  42.1","*"," 0.00","B","999.9","000000"
"71484099999","2020-10-30","53.5","-130.6333333","15.0","BONILLA ISLAND AUT BC, CA","  47.8","17","  40.3","17","1008.9","16","001.8"," 7","999.9"," 0"," 26.2","17"," 40.0"," 49.0","  49.3","*","  45.3","*"," 1.43","C","999.9","000000"
"71484099999","2020-10-31","53.5","-130.6333333","15.0","BONILLA ISLAND AUT BC, CA","  49.1","21","  43.9","21","1021.5","21","019.6"," 7","999.9"," 0"," 18.8","21"," 36.9"," 44.9","  50.5"," ","  42.6"," "," 0.17","C","999.9","000000"
"71484099999","2020-11-01","53.5","-130.6333333","15.0","BONILLA ISLAND AUT BC, CA","  51.6","24","  50.2","22","1014.0","24","012.3"," 7","999.9"," 0"," 27.6","24"," 40.0"," 49.9","  53.2","*","  47.3","*"," 0.63","B","999.9","000000"
"71484099999","2020-11-02","53.5","-130.6333333","15.0","BONILLA ISLAND AUT BC, CA","  51.4","21","  49.7","21","1001.9","21","999.9"," 7","999.9"," 0"," 28.1","21"," 42.0"," 49.9","  53.1","*","  48.4","*"," 0.00","A","999.9","000000"
"71484099999","2020-11-03","53.5","-130.6333333","15.0","BONILLA ISLAND AUT BC, CA","  47.6","20","  45.7","20","1000.8","18","999.0"," 7","999.9"," 0"," 17.0","20"," 22.0"," 24.9","  52.2","*","  43.7","*"," 0.04","B","999.9","000000"
"71484099999","2020-11-04","53.5","-130.6333333","15.0","BONILLA ISLAND AUT BC, CA","  45.0","23","  38.5","23","1002.2","23","000.5"," 8","999.9"," 0"," 11.1","23"," 41.0"," 54.0","  52.2","*","  40.1","*"," 0.05","G","999.9","000000"
"71484099999","2020-11-05","53.5","-130.6333333","15.0","BONILLA ISLAND AUT BC, CA","  48.4","22","  42.5","22"," 994.2","22","988.7"," 7","999.9"," 0"," 28.6","22"," 48.0"," 59.8","  52.0","*","  44.4","*"," 0.00","G","999.9","000000"
"71484099999","2020-11-06","53.5","-130.6333333","15.0","BONILLA ISLAND AUT BC, CA","  42.9","23","  34.9","23","1020.5","23","018.2"," 7","999.9"," 0"," 17.1","23"," 22.9"," 31.9","  50.7"," ","  39.9"," "," 0.09","G","999.9","000000"
"71484099999","2020-11-07","53.5","-130.6333333","15.0","BONILLA ISLAND AUT BC, CA","  42.4","23","  34.9","23","1020.5","23","018.5"," 7","999.9"," 0"," 22.1","23"," 29.9"," 34.0","  43.5","*","  40.1","*"," 0.00","G","999.9","000000"
"71484099999","2020-11-08","53.5","-130.6333333","15.0","BONILLA ISLAND AUT BC, CA","  42.1","24","  32.3","24","1025.4","24","023.5"," 8","999.9"," 0"," 10.5","24"," 25.1"," 29.9","  44.8","*","  37.8","*"," 0.00","G","999.9","000000"
"71484099999","2020-11-09","53.5","-130.6333333","15.0","BONILLA ISLAND AUT BC, CA","  44.8","24","  38.0","24","1012.7","24","011.5"," 8","999.9"," 0"," 21.6","24"," 35.9"," 48.0","  48.0","*","  41.4","*"," 0.51","G","999.9","000000"
"71484099999","2020-11-10","53.5","-130.6333333","15.0","BONILLA ISLAND AUT BC, CA","  44.9","23","  39.1","23","1013.2","23","010.5"," 7","999.9"," 0"," 16.0","23"," 21.0"," 22.0","  47.3","*","  40.1","*"," 0.36","G","999.9","000000"
"71484099999","2020-11-11","53.5","-130.6333333","15.0","BONILLA ISLAND AUT BC, CA","  41.1","23","  35.8","23","1018.8","23","017.2"," 8","999.9"," 0"," 11.1","23"," 22.0"," 28.0","  45.1","*","  37.8","*"," 0.00","G","999.9","000000"
"71484099999","2020-11-12","53.5","-130.6333333","15.0","BONILLA ISLAND AUT BC, CA","  46.4","22","  41.4","22","1002.0","22","001.4"," 8","999.9"," 0"," 23.5","22"," 36.9"," 42.9","  48.0","*","  43.7","*"," 0.08","B","999.9","000000"
"71484099999","2020-11-13","53.5","-130.6333333","15.0","BONILLA ISLAND AUT BC, CA","  44.7","24","  38.1","24"," 991.3","24","989.5"," 8","999.9"," 0"," 12.6","24"," 19.0","999.9","  46.8","*","  41.9","*"," 0.02","G","999.9","000000"
"71484099999","2020-11-14","53.5","-130.6333333","15.0","BONILLA ISLAND AUT BC, CA","  44.1","24","  36.4","24","1001.5","24","999.4"," 8","999.9"," 0"," 12.9","24"," 18.1"," 21.0","  46.2","*","  40.1","*"," 0.01","G","999.9","000000"
"71484099999","2020-11-15","53.5","-130.6333333","15.0","BONILLA ISLAND AUT BC, CA","  42.1","24","  35.7","24"," 989.9","24","988.0"," 8","999.9"," 0"," 11.6","24"," 26.0","999.9","  46.6"," ","  39.0"," "," 0.48","G","999.9","000000"
"71484099999","2020-11-16","53.5","-130.6333333","15.0","BONILLA ISLAND AUT BC, CA","  43.2","23","  35.3","23","1012.4","23","009.5"," 7","999.9"," 0","  7.4","23"," 15.9"," 16.9","  45.7"," ","  39.7"," "," 0.43","G","999.9","000000"
"71484099999","2020-11-17","53.5","-130.6333333","15.0","BONILLA ISLAND AUT BC, CA","  41.7","24","  33.1","24"," 990.9","24","990.6"," 8","999.9"," 0"," 14.5","24"," 24.9"," 28.0","  45.7","*","  37.6","*"," 0.06","G","999.9","000000"
"71484099999","2020-11-18","53.5","-130.6333333","15.0","BONILLA ISLAND AUT BC, CA","  43.0","18","  33.4","18"," 992.0","18","989.1"," 7","999.9"," 0"," 13.9","18"," 20.0","999.9","  46.2","*","  37.4","*"," 0.33","G","999.9","000000"
"71484099999","2020-11-19","53.5","-130.6333333","15.0","BONILLA ISLAND AUT BC, CA","  42.0","23","  36.9","23","1007.0","23","004.8"," 8","999.9"," 0","  9.4","23"," 15.9"," 22.9","  45.3","*","  39.9","*"," 0.03","G","999.9","000000"
"71484099999","2020-11-20","53.5","-130.6333333","15.0","BONILLA ISLAND AUT BC, CA","  43.8","22","  37.9","22","1015.1","22","013.4"," 7","999.9"," 0"," 11.7","22"," 30.9"," 38.9","  45.1","*","  41.4","*"," 0.00","G","999.9","000000"
"71484099999","2020-11-21","53.5","-130.6333333","15.0","BONILLA ISLAND AUT BC, CA","  44.8","20","  41.9","20","1019.3","18","017.6"," 8","999.9"," 0"," 20.5","20"," 42.9"," 52.8","  47.5","*","  41.4","*"," 0.02","B","999.9","000000"
"71484099999","2020-11-22","53.5","-130.6333333","15.0","BONILLA ISLAND AUT BC, CA","  42.6","23","  40.0","23","1010.4","20","009.2"," 8","999.9"," 0"," 11.3","23"," 38.1"," 45.8","  46.8","*","  40.1","*"," 0.39","B","999.9","000000"
"71484099999","2020-11-23","53.5","-130.6333333","15.0","BONILLA ISLAND AUT BC, CA","  41.5","24","  39.0","24","1006.6","24","004.9"," 8","999.9"," 0"," 14.9","24"," 35.0"," 42.9","  44.6","*","  38.3","*"," 0.43","G","999.9","000000"
"71484099999","2020-11-24","53.5","-130.6333333","15.0","BONILLA ISLAND AUT BC, CA","  46.4","22","  41.0","22"," 999.2","20","997.3"," 7","999.9"," 0"," 20.9","22"," 35.9"," 42.9","  48.7","*","  44.6","*"," 0.49","G","999.9","000000"
"71484099999","2020-11-25","53.5","-130.6333333","15.0","BONILLA ISLAND AUT BC, CA","  44.4","22","  40.5","22","1009.6","22","008.0"," 7","999.9"," 0","  8.8","22"," 20.0","999.9","  46.8","*","  40.1","*"," 0.00","G","999.9","000000"
"71484099999","2020-11-26","53.5","-130.6333333","15.0","BONILLA ISLAND AUT BC, CA","  46.6","21","  42.2","21","1013.4","21","012.1"," 7","999.9"," 0"," 24.6","21"," 40.0"," 45.8","  48.6","*","  45.7","*"," 0.17","C","999.9","000000"
"71484099999","2020-11-27","53.5","-130.6333333","15.0","BONILLA ISLAND AUT BC, CA","  42.8","24","  37.7","24","1010.8","24","009.2"," 8","999.9"," 0","  7.0","24"," 15.9","999.9","  45.7","*","  41.4","*"," 0.00","C","999.9","000000"
"71484099999","2020-11-28","53.5","-130.6333333","15.0","BONILLA ISLAND AUT BC, CA","  43.2","23","  38.1","23","1016.6","23","014.1"," 7","999.9"," 0"," 14.0","23"," 38.9"," 45.8","  46.4","*","  40.6","*"," 0.20","G","999.9","000000"
"71484099999","2020-11-29","53.5","-130.6333333","15.0","BONILLA ISLAND AUT BC, CA","  46.0","24","  42.8","24","1010.1","24","008.9"," 8","999.9"," 0"," 38.2","24"," 44.1"," 54.0","  46.9","*","  43.7","*"," 0.20","G","999.9","000000"
"71484099999","2020-11-30","53.5","-130.6333333","15.0","BONILLA ISLAND AUT BC, CA","  44.6","24","  39.0","24","1004.3","24","001.4"," 8","999.9"," 0"," 23.7","24"," 40.0"," 48.0","  48.2"," ","  39.4"," "," 0.43","G","999.9","000000"
"71484099999","2020-12-01","53.5","-130.6333333","15.0","BONILLA ISLAND AUT BC, CA","  46.0","23","  40.9","23","1024.2","23","022.3"," 8","999.9"," 0"," 31.2","23"," 42.9"," 51.9","  48.0"," ","  39.4"," "," 0.00","G","999.9","000000"
"71484099999","2020-12-02","53.5","-130.6333333","15.0","BONILLA ISLAND AUT BC, CA","  46.3","24","  34.8","24","1020.6","24","019.2"," 8","999.9"," 0"," 20.6","24"," 32.1"," 43.9","  49.3","*","  44.1","*"," 0.23","G","999.9","000000"
"71484099999","2020-12-03","53.5","-130.6333333","15.0","BONILLA ISLAND AUT BC, CA","  47.1","24","  41.9","24","1013.2","24","011.5"," 8","999.9"," 0"," 20.4","24"," 35.0"," 41.0","  50.5"," ","  44.2"," "," 0.38","G","999.9","000000"
"71484099999","2020-12-04","53.5","-130.6333333","15.0","BONILLA ISLAND AUT BC, CA","  48.1","23","  46.2","23","1014.1","23","012.7"," 7","999.9"," 0"," 33.1","23"," 41.0"," 49.9","  49.3"," ","  44.2"," "," 0.54","G","999.9","000000"
"71484099999","2020-12-05","53.5","-130.6333333","15.0","BONILLA ISLAND AUT BC, CA","  48.2","22","  45.9","22","1006.4","22","004.6"," 7","999.9"," 0"," 30.3","22"," 40.0"," 49.0","  49.3","*","  47.5","*"," 0.00","G","999.9","000000"
"71484099999","2020-12-06","53.5","-130.6333333","15.0","BONILLA ISLAND AUT BC, CA","  48.0","21","  45.9","21","1005.3","21","002.9"," 6","999.9"," 0"," 32.6","21"," 48.0"," 62.0","  49.3","*","  46.2","*"," 0.35","B","999.9","000000"
"71484099999","2020-12-07","53.5","-130.6333333","15.0","BONILLA ISLAND AUT BC, CA","  47.8","21","  44.7","21","1007.8","16","004.9"," 7","999.9"," 0"," 21.4","21"," 42.9"," 55.9","  50.4","*","  43.7","*"," 0.59","B","999.9","000000"
"71484099999","2020-12-08","53.5","-130.6333333","15.0","BONILLA ISLAND AUT BC, CA","  46.8","22","  43.4","22","1013.8","22","011.6"," 7","999.9"," 0"," 15.5","22"," 22.9"," 28.0","  48.2","*","  45.7","*"," 0.07","C","999.9","000000"
"71484099999","2020-12-09","53.5","-130.6333333","15.0","BONILLA ISLAND AUT BC, CA","  44.7","23","  40.7","23","1019.6","23","017.6"," 7","999.9"," 0","  8.3","23"," 15.9","999.9","  47.1","*","  40.6","*"," 0.09","G","999.9","000000"
"71484099999","2020-12-10","53.5","-130.6333333","15.0","BONILLA ISLAND AUT BC, CA","  43.2","22","  37.7","22","1013.6","22","012.6"," 8","999.9"," 0"," 14.2","22"," 28.0"," 42.9","  45.1","*","  40.1","*"," 0.00","G","999.9","000000"
"71484099999","2020-12-11","53.5","-130.6333333","15.0","BONILLA ISLAND AUT BC, CA","  42.4","24","  37.6","24","1015.6","24","013.4"," 8","999.9"," 0","  5.8","24"," 16.9"," 22.0","  46.8","*","  39.2","*"," 0.04","G","999.9","000000"
"71484099999","2020-12-12","53.5","-130.6333333","15.0","BONILLA ISLAND AUT BC, CA","  40.7","24","  33.9","24","1019.1","24","017.7"," 8","999.9"," 0","  5.3","24"," 12.0"," 22.0","  48.2"," ","  38.8"," "," 0.00","G","999.9","000000"
"71484099999","2020-12-13","53.5","-130.6333333","15.0","BONILLA ISLAND AUT BC, CA","  42.8","24","  30.0","24","1004.5","24","003.1"," 8","999.9"," 0","  9.0","24"," 16.9"," 28.9","  46.8"," ","  38.8"," "," 0.00","G","999.9","000000"
"71484099999","2020-12-14","53.5","-130.6333333","15.0","BONILLA ISLAND AUT BC, CA","  45.2","24","  40.6","23","1010.7","24","008.5"," 8","999.9"," 0"," 17.7","24"," 23.9"," 31.9","  46.8","*","  40.1","*"," 0.15","G","999.9","000000"
"71484099999","2020-12-15","53.5","-130.6333333","15.0","BONILLA ISLAND AUT BC, CA","  44.5","24","  41.3","24"," 997.2","24","996.2"," 8","999.9"," 0"," 24.2","24"," 31.9"," 45.8","  46.9","*","  41.5","*"," 0.24","G","999.9","000000"
"71484099999","2020-12-16","53.5","-130.6333333","15.0","BONILLA ISLAND AUT BC, CA","  45.5","24","  41.2","24"," 997.7","24","995.7"," 8","999.9"," 0"," 21.6","24"," 35.0"," 45.8","  47.3"," ","  40.8"," "," 0.29","G","999.9","000000"
"71484099999","2020-12-17","53.5","-130.6333333","15.0","BONILLA ISLAND AUT BC, CA","  44.1","24","  38.2","24","1002.7","24","000.5"," 8","999.9"," 0"," 15.5","24"," 26.0"," 30.9","  45.1","*","  41.9","*"," 0.01","G","999.9","000000"
"71484099999","2020-12-18","53.5","-130.6333333","15.0","BONILLA ISLAND AUT BC, CA","  46.0","24","  44.0","24"," 997.2","24","995.7"," 8","999.9"," 0"," 25.7","24"," 32.1"," 38.9","  47.5"," ","  42.8"," "," 0.72","G","999.9","000000"
"71484099999","2020-12-19","53.5","-130.6333333","15.0","BONILLA ISLAND AUT BC, CA","  44.8","24","  39.4","24","1002.2","24","001.1"," 8","999.9"," 0"," 23.0","24"," 42.0"," 52.8","  46.0","*","  40.3","*"," 0.15","G","999.9","000000"
"71484099999","2020-12-20","53.5","-130.6333333","15.0","BONILLA ISLAND AUT BC, CA","  44.5","23","  38.9","23","1002.8","22","001.4"," 7","999.9"," 0"," 12.2","23"," 26.0"," 34.0","  47.7"," ","  39.6"," "," 0.76","G","999.9","000000"
"71484099999","2020-12-21","53.5","-130.6333333","15.0","BONILLA ISLAND AUT BC, CA","  43.4","24","  36.8","24","1012.3","24","010.5"," 8","999.9"," 0"," 17.8","24"," 28.0"," 35.0","  46.0"," ","  39.7"," "," 0.06","G","999.9","000000"
"71484099999","2020-12-22","53.5","-130.6333333","15.0","BONILLA ISLAND AUT BC, CA","  40.6","23","  33.9","23","1020.9","23","018.5"," 8","999.9"," 0"," 12.2","23"," 26.0"," 31.9","  42.8","*","  38.5","*"," 0.01","G","999.9","000000"
"71484099999","2020-12-23","53.5","-130.6333333","15.0","BONILLA ISLAND AUT BC, CA","  41.2","24","  38.2","24","1020.6","24","019.3"," 8","999.9"," 0"," 24.5","24"," 40.0"," 49.9","  45.3","*","  38.7","*"," 0.44","G","999.9","000000"
"71484099999","2020-12-24","53.5","-130.6333333","15.0","BONILLA ISLAND AUT BC, CA","  43.0","21","  40.5","21","1010.6","21","008.9"," 7","999.9"," 0"," 24.7","21"," 41.0"," 49.9","  45.7","*","  39.0","*"," 1.16","G","999.9","000000"
"71484099999","2020-12-25","53.5","-130.6333333","15.0","BONILLA ISLAND AUT BC, CA","  42.7","18","  38.7","18","1002.3","15","001.0"," 6","999.9"," 0"," 15.3","18"," 27.0"," 45.8","  47.5","*","  38.8","*"," 0.00","G","999.9","000000"
"71484099999","2020-12-26","53.5","-130.6333333","15.0","BONILLA ISLAND AUT BC, CA","  42.7","14","  38.8","14","1003.3"," 6","001.1"," 4","999.9"," 0","  4.8","14"," 11.1","999.9","  44.1","*","  41.0","*"," 0.00","I","999.9","000000"
"71484099999","2020-12-27","53.5","-130.6333333","15.0","BONILLA ISLAND AUT BC, CA","  41.2","13","  38.2","13","1012.9","11","008.8"," 5","999.9"," 0","  3.1","13","  6.0","999.9","  44.2","*","  40.1","*"," 0.00","A","999.9","000000"
"71484099999","2020-12-28","53.5","-130.6333333","15.0","BONILLA ISLAND AUT BC, CA","  42.2"," 9","  38.9"," 9","1020.4"," 5","018.3"," 5","999.9"," 0","  3.1"," 9","  7.0","999.9","  44.2","*","  41.0","*"," 0.00","I","999.9","000000"
"71484099999","2020-12-29","53.5","-130.6333333","15.0","BONILLA ISLAND AUT BC, CA","  41.2"," 8","  38.3"," 8","9999.9"," 0","999.9"," 0","999.9"," 0"," 17.6"," 8"," 24.9"," 34.0","  42.3","*","  40.1","*"," 0.00","I","999.9","000000"
"71484099999","2020-12-30","53.5","-130.6333333","15.0","BONILLA ISLAND AUT BC, CA","  42.1","13","  40.1","11","1002.6"," 7","001.6"," 4","999.9"," 0","  8.6","13"," 26.0"," 35.0","  44.6","*","  40.1","*"," 0.00","I","999.9","000000"
"71484099999","2020-12-31","53.5","-130.6333333","15.0","BONILLA ISLAND AUT BC, CA","  42.1","16","  38.6","16","1008.3","13","006.4"," 6","999.9"," 0","  7.2","16"," 15.0","999.9","  43.9","*","  40.1","*"," 0.00","A","999.9","000000"
