"STATION","DATE","LATITUDE","LONGITUDE","ELEVATION","NAME","TEMP","TEMP_ATTRIBUTES","DEWP","DEWP_ATTRIBUTES","SLP","SLP_ATTRIBUTES","STP","STP_ATTRIBUTES","VISIB","VISIB_ATTRIBUTES","WDSP","WDSP_ATTRIBUTES","MXSPD","GUST","MAX","MAX_ATTRIBUTES","MIN","MIN_ATTRIBUTES","PRCP","PRCP_ATTRIBUTES","SNDP","FRSHTT"
"71890099999","2020-01-01","49.052333","-123.870167","28.34","NANAIMO, CA","  49.3","16","  41.8","16","1003.1","16","000.3","16"," 18.7","16","  4.6","16","  8.0","999.9","  55.4","*","  42.8","*","99.99"," ","999.9","010000"
"71890099999","2020-01-02","49.052333","-123.870167","28.34","NANAIMO, CA","  38.8","17","  35.3","17","1015.9","17","013.0","17"," 13.1","17","  5.3","17"," 15.9"," 22.9","  50.0","*","  32.0","*","99.99"," ","999.9","010000"
"71890099999","2020-01-03","49.052333","-123.870167","28.34","NANAIMO, CA","  44.3","16","  42.2","16","1009.4","16","006.5","16","  7.1","16","  9.5","16"," 15.9"," 22.9","  50.0","*","  33.8","*","99.99"," ","999.9","010000"
"71890099999","2020-01-04","49.052333","-123.870167","28.34","NANAIMO, CA","  43.7","16","  38.9","16","1013.1","16","010.2","16"," 13.3","16","  5.5","16"," 14.0"," 22.0","  51.8","*","  33.8","*","99.99"," ","999.9","010000"
"71890099999","2020-01-05","49.052333","-123.870167","28.34","NANAIMO, CA","  42.1","16","  37.0","16","1020.1","16","017.2","16"," 14.3","16","  7.8","16"," 15.9"," 22.0","  46.4","*","  37.4","*","99.99"," ","999.9","010000"
"71890099999","2020-01-06","49.052333","-123.870167","28.34","NANAIMO, CA","  39.0","16","  36.4","16","1020.4","15","017.5","15","  7.0","16","  2.1","16","  6.0","999.9","  42.8","*","  37.4","*","99.99"," ","999.9","010000"
"71890099999","2020-01-07","49.052333","-123.870167","28.34","NANAIMO, CA","  44.3","16","  43.7","16","1009.7","16","006.8","16","  4.5","16","  4.2","16"," 12.0"," 18.1","  50.0","*","  41.0","*","99.99"," ","999.9","110000"
"71890099999","2020-01-08","49.052333","-123.870167","28.34","NANAIMO, CA","  41.6","16","  37.8","16","1006.6","16","003.7","16"," 19.9","16","  3.2","16","  6.0","999.9","  48.2","*","  37.4","*","99.99"," ","999.9","110000"
"71890099999","2020-01-09","49.052333","-123.870167","28.34","NANAIMO, CA","  36.8","16","  29.5","16","1018.0","16","015.1","16"," 27.2","16","  4.1","16","  7.0","999.9","  41.0","*","  30.2","*"," 0.00","I","999.9","000000"
"71890099999","2020-01-10","49.052333","-123.870167","28.34","NANAIMO, CA","  36.6","16","  34.2","16","1011.4","16","008.5","16"," 13.1","16","  3.7","16","  8.9","999.9","  41.0","*","  33.8","*","99.99"," ","999.9","010000"
"71890099999","2020-01-11","49.052333","-123.870167","28.34","NANAIMO, CA","  42.2","14","  35.9","14","1004.8","14","002.0","14"," 11.7","14","  6.4","14","  9.9"," 17.1","  42.8","*","  39.2","*","99.99"," ","999.9","010000"
"71890099999","2020-01-12","49.052333","-123.870167","28.34","NANAIMO, CA","  37.3","15","  33.6","15","1001.9","15","999.0","15"," 18.0","15","  4.6","15"," 15.0"," 22.0","  41.0","*","  32.0","*","99.99"," ","999.9","010000"
"71890099999","2020-01-13","49.052333","-123.870167","28.34","NANAIMO, CA","  28.1","13","  20.4","13","1008.0","13","005.1","13","  8.2","13","  7.4","13"," 17.1"," 28.0","  35.6","*","  24.8","*","99.99"," ","999.9","001000"
"71890099999","2020-01-14","49.052333","-123.870167","28.34","NANAIMO, CA","  23.7","16","  18.2","16","1013.0","16","010.1","16","  6.5","16","  5.8","16","  8.0","999.9","  24.8","*","  23.0","*","99.99"," ","999.9","001000"
"71890099999","2020-01-15","49.052333","-123.870167","28.34","NANAIMO, CA","  23.4","16","  21.0","16","1011.2","16","008.2","16","  3.2","16","  4.5","16","  8.9","999.9","  24.8","*","  23.0","*","99.99"," ","999.9","001000"
"71890099999","2020-01-16","49.052333","-123.870167","28.34","NANAIMO, CA","  34.1","16","  29.0","16"," 999.6","16","996.8","16","  7.8","16","  6.9","16"," 12.0"," 21.0","  39.2","*","  26.6","*","99.99"," ","999.9","011000"
"71890099999","2020-01-17","49.052333","-123.870167","28.34","NANAIMO, CA","  27.7","16","  23.6","16","1015.8","16","012.9","16"," 18.1","16","  2.3","16","  5.1","999.9","  37.4","*","  19.4","*"," 0.00","I","999.9","000000"
"71890099999","2020-01-18","49.052333","-123.870167","28.34","NANAIMO, CA","  36.9","17","  35.2","17","1018.2","17","015.3","17","  7.1","17","  5.0","17"," 12.0"," 19.0","  42.8","*","  32.0","*","99.99"," ","999.9","011000"
"71890099999","2020-01-19","49.052333","-123.870167","28.34","NANAIMO, CA","  39.5","16","  39.3","16","1021.4","16","018.5","16","  3.0","16","  2.9","16","  8.0","999.9","  42.8","*","  35.6","*","99.99"," ","999.9","110000"
"71890099999","2020-01-20","49.052333","-123.870167","28.34","NANAIMO, CA","  39.2","17","  39.1","17","1014.0","17","011.1","17","  1.3","17","  1.5","17","  4.1","999.9","  42.8","*","  37.4","*","99.99"," ","999.9","110000"
"71890099999","2020-01-21","49.052333","-123.870167","28.34","NANAIMO, CA","  41.4","17","  40.0","17","1004.2","17","001.4","17","  9.1","17","  5.8","17"," 15.0"," 22.0","  46.4","*","  37.4","*","99.99"," ","999.9","110000"
"71890099999","2020-01-22","49.052333","-123.870167","28.34","NANAIMO, CA","  39.1","16","  38.2","16","1010.8","16","007.9","16","  9.1","16","  4.6","16"," 13.0"," 21.0","  42.8","*","  32.0","*","99.99"," ","999.9","010000"
"71890099999","2020-01-23","49.052333","-123.870167","28.34","NANAIMO, CA","  46.3","16","  45.2","16","1011.7","16","008.9","16","  4.6","16","  5.4","16"," 11.1","999.9","  51.8","*","  42.8","*","99.99"," ","999.9","010000"
"71890099999","2020-01-24","49.052333","-123.870167","28.34","NANAIMO, CA","  49.1","16","  46.7","16","1008.4","16","005.6","16"," 10.1","16","  7.2","16","  9.9"," 15.0","  51.8","*","  46.4","*","99.99"," ","999.9","010000"
"71890099999","2020-01-25","49.052333","-123.870167","28.34","NANAIMO, CA","  43.1","16","  42.6","16","1014.4","16","011.6","16","  7.3","16","  3.3","16","  8.0","999.9","  48.2","*","  37.4","*","99.99"," ","999.9","010000"
"71890099999","2020-01-26","49.052333","-123.870167","28.34","NANAIMO, CA","  46.7","16","  43.8","16","1011.9","16","009.1","16"," 10.7","16","  5.7","16"," 13.0"," 19.0","  50.0","*","  44.6","*","99.99"," ","999.9","010000"
"71890099999","2020-01-27","49.052333","-123.870167","28.34","NANAIMO, CA","  42.8","16","  40.1","16","1016.5","16","013.7","16"," 17.8","16","  6.1","16"," 15.9"," 22.9","  50.0","*","  32.0","*","99.99"," ","999.9","010000"
"71890099999","2020-01-28","49.052333","-123.870167","28.34","NANAIMO, CA","  43.1","16","  41.6","16","1014.2","16","011.4","16","  5.2","16","  4.1","16"," 15.0"," 21.0","  46.4","*","  41.0","*","99.99"," ","999.9","010000"
"71890099999","2020-01-29","49.052333","-123.870167","28.34","NANAIMO, CA","  45.2","16","  43.3","16","1017.4","16","014.5","16"," 10.1","16","  3.5","16","  9.9","999.9","  53.6","*","  39.2","*","99.99"," ","999.9","110000"
"71890099999","2020-01-30","49.052333","-123.870167","28.34","NANAIMO, CA","  40.8","15","  37.2","15","1022.3","15","019.5","15"," 16.7","15","  4.5","15","  9.9"," 18.1","  51.8","*","  33.8","*","99.99"," ","999.9","010000"
"71890099999","2020-01-31","49.052333","-123.870167","28.34","NANAIMO, CA","  45.2","16","  44.6","16","1013.8","16","011.0","16","  6.7","16","  3.7","16","  8.9"," 15.0","  53.6","*","  42.8","*","99.99"," ","999.9","010000"
"71890099999","2020-02-01","49.052333","-123.870167","28.34","NANAIMO, CA","  48.8","16","  41.8","16","1012.3","16","009.5","16"," 15.3","16","  7.1","16"," 11.1"," 24.1","  55.4","*","  41.0","*","99.99"," ","999.9","010000"
"71890099999","2020-02-02","49.052333","-123.870167","28.34","NANAIMO, CA","  37.4","16","  28.0","16","1021.9","16","019.0","16"," 21.9","16","  5.9","16"," 13.0"," 18.1","  46.4","*","  26.6","*"," 0.00","I","999.9","000000"
"71890099999","2020-02-03","49.052333","-123.870167","28.34","NANAIMO, CA","  38.1","16","  26.3","16","1025.2","16","022.3","16"," 21.6","16","  6.3","16","  9.9"," 15.0","  41.0","*","  33.8","*"," 0.00","I","999.9","000000"
"71890099999","2020-02-04","49.052333","-123.870167","28.34","NANAIMO, CA","  33.8","15","  29.0","15","1028.9","15","026.0","15"," 12.2","15","  4.4","15","  9.9","999.9","  39.2","*","  30.2","*","99.99"," ","999.9","011000"
"71890099999","2020-02-05","49.052333","-123.870167","28.34","NANAIMO, CA","  35.3","17","  34.9","17","1019.7","17","016.8","17","  1.5","17","  2.4","17","  7.0","999.9","  39.2","*","  33.8","*","99.99"," ","999.9","011000"
"71890099999","2020-02-06","49.052333","-123.870167","28.34","NANAIMO, CA","  38.8","16","  38.5","16","1018.0","16","015.1","16","  3.7","16","  1.9","16","  4.1","999.9","  41.0","*","  35.6","*","99.99"," ","999.9","010000"
"71890099999","2020-02-07","49.052333","-123.870167","28.34","NANAIMO, CA","  41.2","17","  40.9","17","1014.1","17","011.2","17","  2.6","17","  4.1","17"," 12.0"," 19.0","  44.6","*","  39.2","*","99.99"," ","999.9","010000"
"71890099999","2020-02-08","49.052333","-123.870167","28.34","NANAIMO, CA","  44.3","16","  36.4","16","1012.5","16","009.7","16"," 19.8","16","  7.4","16"," 13.0"," 22.9","  48.2","*","  41.0","*","99.99"," ","999.9","010000"
"71890099999","2020-02-09","49.052333","-123.870167","28.34","NANAIMO, CA","  40.1","16","  31.5","16","1031.3","16","028.4","16"," 21.9","16","  4.7","16"," 11.1","999.9","  48.2","*","  30.2","*"," 0.00","I","999.9","000000"
"71890099999","2020-02-10","49.052333","-123.870167","28.34","NANAIMO, CA","  41.0","16","  36.3","16","1032.5","16","029.6","16"," 19.7","16","  2.4","16","  5.1","999.9","  46.4","*","  37.4","*"," 0.00","I","999.9","000000"
"71890099999","2020-02-11","49.052333","-123.870167","28.34","NANAIMO, CA","  42.4","16","  37.4","16","1026.7","16","023.8","16"," 17.2","16","  3.2","16","  8.0","999.9","  48.2","*","  35.6","*","99.99"," ","999.9","010000"
"71890099999","2020-02-12","49.052333","-123.870167","28.34","NANAIMO, CA","  41.9","16","  38.4","16","1026.0","16","023.1","16"," 14.4","16","  2.1","16","  4.1","999.9","  48.2","*","  35.6","*"," 0.00","I","999.9","000000"
"71890099999","2020-02-13","49.052333","-123.870167","28.34","NANAIMO, CA","  44.6","16","  38.0","16","1016.3","16","013.5","16"," 15.5","16","  5.5","16"," 14.0"," 18.1","  51.8","*","  41.0","*","99.99"," ","999.9","010000"
"71890099999","2020-02-14","49.052333","-123.870167","28.34","NANAIMO, CA","  42.3","15","  31.5","15","1015.5","15","012.7","15"," 21.7","15","  3.9","15","  8.9","999.9","  48.2","*","  30.2","*"," 0.00","I","999.9","000000"
"71890099999","2020-02-15","49.052333","-123.870167","28.34","NANAIMO, CA","  44.2","16","  38.9","16","1016.9","16","014.1","16"," 19.2","16","  5.9","16"," 13.0"," 15.9","  48.2","*","  41.0","*","99.99"," ","999.9","010000"
"71890099999","2020-02-16","49.052333","-123.870167","28.34","NANAIMO, CA","  40.0","16","  35.9","16","1018.1","16","015.2","16"," 18.8","16","  3.7","16","  8.9","999.9","  48.2","*","  28.4","*","99.99"," ","999.9","010000"
"71890099999","2020-02-17","49.052333","-123.870167","28.34","NANAIMO, CA","  39.2","16","  33.9","16","1026.6","16","023.7","16"," 23.1","16","  4.1","16","  8.9","999.9","  44.6","*","  32.0","*","99.99"," ","999.9","010000"
"71890099999","2020-02-18","49.052333","-123.870167","28.34","NANAIMO, CA","  39.1","16","  32.0","16","1030.6","16","027.7","16"," 21.9","16","  2.2","16","  7.0","999.9","  44.6","*","  32.0","*"," 0.00","I","999.9","000000"
"71890099999","2020-02-19","49.052333","-123.870167","28.34","NANAIMO, CA","  37.1","16","  29.9","16","1028.6","16","025.7","16"," 26.2","16","  3.3","16","  6.0","999.9","  46.4","*","  26.6","*"," 0.00","I","999.9","000000"
"71890099999","2020-02-20","49.052333","-123.870167","28.34","NANAIMO, CA","  38.5","16","  29.5","16","1025.3","16","022.4","16"," 28.1","16","  2.6","16","  5.1","999.9","  50.0","*","  26.6","*"," 0.00","I","999.9","000000"
"71890099999","2020-02-21","49.052333","-123.870167","28.34","NANAIMO, CA","  38.2","16","  32.0","16","1023.1","16","020.3","16"," 25.3","16","  2.4","16","  5.1","999.9","  50.0","*","  26.6","*"," 0.00","I","999.9","000000"
"71890099999","2020-02-22","49.052333","-123.870167","28.34","NANAIMO, CA","  44.7","15","  36.3","15","1020.2","15","017.3","15"," 26.0","15","  4.6","15"," 11.1"," 15.9","  50.0","*","  39.2","*"," 0.00","I","999.9","000000"
"71890099999","2020-02-23","49.052333","-123.870167","28.34","NANAIMO, CA","  42.5","16","  37.7","16","1012.2","16","009.4","16"," 15.3","16","  4.6","16","  9.9","999.9","  48.2","*","  37.4","*","99.99"," ","999.9","010000"
"71890099999","2020-02-24","49.052333","-123.870167","28.34","NANAIMO, CA","  43.1","14","  33.4","14","1026.5","14","023.7","14"," 22.1","14","  4.6","14"," 13.0"," 15.9","  50.0","*","  35.6","*","99.99"," ","999.9","010000"
"71890099999","2020-02-25","49.052333","-123.870167","28.34","NANAIMO, CA","  40.1","16","  32.6","16","1035.4","16","032.5","16"," 17.5","16","  4.2","16","  9.9","999.9","  42.8","*","  37.4","*","99.99"," ","999.9","010000"
"71890099999","2020-02-26","49.052333","-123.870167","28.34","NANAIMO, CA","  41.8","16","  36.7","16","1032.9","16","030.0","16"," 16.6","16","  3.4","16","  8.0","999.9","  48.2","*","  37.4","*","99.99"," ","999.9","010000"
"71890099999","2020-02-27","49.052333","-123.870167","28.34","NANAIMO, CA","  44.1","15","  41.2","15","1031.0","15","028.1","15"," 15.5","15","  3.1","15","  7.0","999.9","  48.2","*","  39.2","*"," 0.00","I","999.9","000000"
"71890099999","2020-02-28","49.052333","-123.870167","28.34","NANAIMO, CA","  43.9","16","  41.2","16","1019.3","16","016.4","16"," 14.9","16","  2.9","16"," 12.0"," 18.1","  48.2","*","  37.4","*","99.99"," ","999.9","010000"
"71890099999","2020-02-29","49.052333","-123.870167","28.34","NANAIMO, CA","  41.9","16","  35.3","16","1013.4","16","010.6","16"," 21.1","16","  4.2","16","  9.9"," 15.9","  48.2","*","  30.2","*","99.99"," ","999.9","010000"
"71890099999","2020-03-01","49.052333","-123.870167","28.34","NANAIMO, CA","  40.1","16","  31.6","16","1025.8","16","022.9","16"," 22.5","16","  4.6","16","  7.0","999.9","  46.4","*","  33.8","*","99.99"," ","999.9","010000"
"71890099999","2020-03-02","49.052333","-123.870167","28.34","NANAIMO, CA","  39.3","16","  38.2","16","1024.8","16","021.9","16","  9.3","16","  1.7","16","  4.1","999.9","  42.8","*","  37.4","*","99.99"," ","999.9","010000"
"71890099999","2020-03-03","49.052333","-123.870167","28.34","NANAIMO, CA","  44.3","16","  41.7","16","1019.2","16","016.3","16","  8.3","16","  3.8","16"," 13.0"," 19.0","  51.8","*","  41.0","*","99.99"," ","999.9","010000"
"71890099999","2020-03-04","49.052333","-123.870167","28.34","NANAIMO, CA","  45.1","16","  30.9","16","1019.9","16","017.1","16"," 22.2","16","  6.7","16"," 15.0"," 22.0","  50.0","*","  30.2","*"," 0.00","I","999.9","000000"
"71890099999","2020-03-05","49.052333","-123.870167","28.34","NANAIMO, CA","  44.9","16","  35.1","16","1016.0","16","013.2","16"," 17.7","16","  6.0","16"," 12.0"," 18.1","  46.4","*","  42.8","*","99.99"," ","999.9","010000"
"71890099999","2020-03-06","49.052333","-123.870167","28.34","NANAIMO, CA","  41.2","16","  31.9","16","1015.3","16","012.5","16"," 22.2","16","  2.9","16","  8.0","999.9","  46.4","*","  26.6","*"," 0.00","I","999.9","000000"
"71890099999","2020-03-07","49.052333","-123.870167","28.34","NANAIMO, CA","  38.3","16","  32.6","16","1011.5","16","008.6","16"," 18.8","16","  3.0","16","  8.0","999.9","  46.4","*","  32.0","*","99.99"," ","999.9","010000"
"71890099999","2020-03-08","49.052333","-123.870167","28.34","NANAIMO, CA","  37.1","17","  31.7","17","1017.9","17","015.0","17"," 15.3","17","  4.0","17","  7.0","999.9","  44.6","*","  28.4","*","99.99"," ","999.9","010000"
"71890099999","2020-03-09","49.052333","-123.870167","28.34","NANAIMO, CA","  37.8","16","  28.9","16","1024.1","16","021.2","16"," 23.4","16","  3.8","16","  7.0","999.9","  46.4","*","  28.4","*"," 0.00","I","999.9","000000"
"71890099999","2020-03-10","49.052333","-123.870167","28.34","NANAIMO, CA","  41.7","16","  35.2","16","1022.2","16","019.3","16"," 22.6","16","  5.9","16"," 12.0"," 17.1","  46.4","*","  35.6","*","99.99"," ","999.9","010000"
"71890099999","2020-03-11","49.052333","-123.870167","28.34","NANAIMO, CA","  47.5","13","  35.0","13","1020.7","13","017.9","13"," 23.3","13","  7.7","13"," 13.0"," 22.0","  51.8","*","  42.8","*","99.99"," ","999.9","010000"
"71890099999","2020-03-12","49.052333","-123.870167","28.34","NANAIMO, CA","  43.9","16","  25.6","16","1027.0","16","024.1","16"," 28.1","16","  7.8","16"," 13.0"," 20.0","  51.8","*","  33.8","*"," 0.00","I","999.9","000000"
"71890099999","2020-03-13","49.052333","-123.870167","28.34","NANAIMO, CA","  41.6","15","  27.3","15","1015.8","15","012.9","15"," 23.6","15","  5.2","15","  8.9"," 15.9","  46.4","*","  33.8","*","99.99"," ","999.9","010000"
"71890099999","2020-03-14","49.052333","-123.870167","28.34","NANAIMO, CA","  37.7","16","  12.2","16","1014.0","16","011.1","16"," 24.7","16","  8.2","16"," 12.0"," 18.1","  44.6","*","  28.4","*"," 0.00","I","999.9","000000"
"71890099999","2020-03-15","49.052333","-123.870167","28.34","NANAIMO, CA","  36.5","16","  13.2","16","1023.5","16","020.6","16"," 29.4","16","  5.7","16","  8.9"," 15.0","  46.4","*","  24.8","*"," 0.00","I","999.9","000000"
"71890099999","2020-03-16","49.052333","-123.870167","28.34","NANAIMO, CA","  42.2","16","  21.0","16","1024.3","16","021.4","16"," 29.1","16","  4.4","16","  9.9","999.9","  53.6","*","  28.4","*"," 0.00","I","999.9","000000"
"71890099999","2020-03-17","49.052333","-123.870167","28.34","NANAIMO, CA","  44.3","16","  30.2","16","1014.7","16","011.9","16"," 27.9","16","  4.2","16","  9.9","999.9","  55.4","*","  28.4","*"," 0.00","I","999.9","000000"
"71890099999","2020-03-18","49.052333","-123.870167","28.34","NANAIMO, CA","  46.5","16","  32.4","16","1011.4","16","008.5","16"," 28.1","16","  3.5","16","  8.9","999.9","  57.2","*","  30.2","*"," 0.00","I","999.9","000000"
"71890099999","2020-03-19","49.052333","-123.870167","28.34","NANAIMO, CA","  45.8","16","  36.3","16","1015.4","16","012.5","16"," 18.6","16","  2.1","16","  5.1","999.9","  57.2","*","  28.4","*"," 0.00","I","999.9","000000"
"71890099999","2020-03-20","49.052333","-123.870167","28.34","NANAIMO, CA","  47.8","16","  36.4","16","1023.7","16","020.8","16"," 25.3","16","  2.9","16","  7.0","999.9","  59.0","*","  32.0","*"," 0.00","I","999.9","000000"
"71890099999","2020-03-21","49.052333","-123.870167","28.34","NANAIMO, CA","  48.9","16","  35.6","16","1024.9","16","022.1","16"," 27.5","16","  4.1","16","  9.9","999.9","  59.0","*","  32.0","*"," 0.00","I","999.9","000000"
"71890099999","2020-03-22","49.052333","-123.870167","28.34","NANAIMO, CA","  44.2","16","  36.7","16","1019.0","16","016.1","16"," 17.8","16","  3.1","16","  9.9","999.9","  55.4","*","  32.0","*"," 0.00","I","999.9","000000"
"71890099999","2020-03-23","49.052333","-123.870167","28.34","NANAIMO, CA","  44.5","16","  32.4","16","1008.1","16","005.3","16"," 20.6","16","  5.3","16"," 11.1"," 17.1","  51.8","*","  32.0","*"," 0.00","I","999.9","000000"
"71890099999","2020-03-24","49.052333","-123.870167","28.34","NANAIMO, CA","  42.0","16","  36.5","16","1012.9","16","010.1","16"," 15.1","16","  3.1","16","  7.0","999.9","  46.4","*","  33.8","*","99.99"," ","999.9","010000"
"71890099999","2020-03-25","49.052333","-123.870167","28.34","NANAIMO, CA","  44.3","16","  32.7","16","1016.0","16","013.2","16"," 23.1","16","  4.6","16","  8.9","999.9","  53.6","*","  33.8","*"," 0.00","I","999.9","000000"
"71890099999","2020-03-26","49.052333","-123.870167","28.34","NANAIMO, CA","  42.6","16","  32.3","16","1016.1","16","013.3","16"," 19.7","16","  4.0","16","  8.0","999.9","  51.8","*","  30.2","*"," 0.00","I","999.9","000000"
"71890099999","2020-03-27","49.052333","-123.870167","28.34","NANAIMO, CA","  45.4","16","  40.9","16","1014.9","16","012.1","16"," 11.9","16","  3.7","16","  9.9","999.9","  50.0","*","  39.2","*","99.99"," ","999.9","010000"
"71890099999","2020-03-28","49.052333","-123.870167","28.34","NANAIMO, CA","  48.4","16","  44.7","16","1012.1","16","009.3","16"," 14.6","16","  5.2","16"," 12.0","999.9","  51.8","*","  44.6","*","99.99"," ","999.9","010000"
"71890099999","2020-03-29","49.052333","-123.870167","28.34","NANAIMO, CA","  48.9","16","  38.0","16","1008.3","16","005.5","16"," 21.3","16","  6.5","16"," 15.0"," 21.0","  53.6","*","  37.4","*"," 0.00","I","999.9","000000"
"71890099999","2020-03-30","49.052333","-123.870167","28.34","NANAIMO, CA","  45.6","16","  34.5","16","1005.6","16","002.8","16"," 20.6","16","  7.2","16"," 15.9"," 26.0","  50.0","*","  37.4","*","99.99"," ","999.9","010000"
"71890099999","2020-03-31","49.052333","-123.870167","28.34","NANAIMO, CA","  42.3","15","  35.1","15","1013.0","15","010.2","15"," 18.0","15","  4.0","15","  8.9"," 15.0","  48.2","*","  30.2","*","99.99"," ","999.9","010000"
"71890099999","2020-04-01","49.052333","-123.870167","28.34","NANAIMO, CA","  42.2","16","  36.3","16","1018.4","16","015.5","16"," 15.8","16","  4.1","16","  9.9","999.9","  48.2","*","  35.6","*","99.99"," ","999.9","010000"
"71890099999","2020-04-02","49.052333","-123.870167","28.34","NANAIMO, CA","  41.0","15","  34.4","15","1021.3","15","018.4","15"," 18.8","15","  4.3","15","  9.9","999.9","  48.2","*","  33.8","*","99.99"," ","999.9","010000"
"71890099999","2020-04-03","49.052333","-123.870167","28.34","NANAIMO, CA","  40.1","16","  33.5","16","1018.3","16","015.4","16"," 14.6","16","  3.1","16","  8.0","999.9","  44.6","*","  32.0","*","99.99"," ","999.9","010000"
"71890099999","2020-04-04","49.052333","-123.870167","28.34","NANAIMO, CA","  40.3","15","  33.7","15","1011.8","15","009.0","15"," 16.7","15","  3.3","15","  8.0","999.9","  48.2","*","  33.8","*","99.99"," ","999.9","010000"
"71890099999","2020-04-05","49.052333","-123.870167","28.34","NANAIMO, CA","  45.9","16","  30.9","16","1005.7","16","002.9","16"," 24.1","16","  4.9","16","  8.9","999.9","  53.6","*","  39.2","*"," 0.00","I","999.9","000000"
"71890099999","2020-04-06","49.052333","-123.870167","28.34","NANAIMO, CA","  45.5","14","  30.7","14","1010.3","14","007.5","14"," 27.5","14","  3.5","14","  7.0","999.9","  53.6","*","  30.2","*"," 0.00","I","999.9","000000"
"71890099999","2020-04-07","49.052333","-123.870167","28.34","NANAIMO, CA","  49.8","16","  33.7","16","1020.8","16","018.0","16"," 27.5","16","  5.0","16","  8.0","999.9","  55.4","*","  41.0","*"," 0.00","I","999.9","000000"
"71890099999","2020-04-08","49.052333","-123.870167","28.34","NANAIMO, CA","  49.2","15","  33.7","15","1026.5","15","023.6","15"," 29.0","15","  4.9","15","  8.0","999.9","  59.0","*","  30.2","*"," 0.00","I","999.9","000000"
"71890099999","2020-04-09","49.052333","-123.870167","28.34","NANAIMO, CA","  52.8","16","  34.8","16","1022.5","16","019.7","16"," 28.4","16","  3.5","16","  8.9","999.9","  64.4","*","  33.8","*"," 0.00","I","999.9","000000"
"71890099999","2020-04-10","49.052333","-123.870167","28.34","NANAIMO, CA","  57.6","16","  41.1","16","1018.1","16","015.4","16"," 29.1","16","  4.5","16","  7.0","999.9","  64.4","*","  46.4","*"," 0.00","I","999.9","000000"
"71890099999","2020-04-11","49.052333","-123.870167","28.34","NANAIMO, CA","  55.2","16","  35.5","16","1020.1","16","017.3","16"," 28.1","16","  5.3","16"," 11.1"," 15.0","  60.8","*","  41.0","*"," 0.00","I","999.9","000000"
"71890099999","2020-04-12","49.052333","-123.870167","28.34","NANAIMO, CA","  51.7","16","  19.4","16","1026.0","16","023.2","16"," 29.7","16","  5.1","16"," 13.0","999.9","  60.8","*","  32.0","*"," 0.00","I","999.9","000000"
"71890099999","2020-04-13","49.052333","-123.870167","28.34","NANAIMO, CA","  52.4","16","  24.4","16","1028.8","16","026.0","16"," 29.7","16","  4.7","16"," 11.1","999.9","  62.6","*","  32.0","*"," 0.00","I","999.9","000000"
"71890099999","2020-04-14","49.052333","-123.870167","28.34","NANAIMO, CA","  54.7","16","  33.6","16","1027.0","16","024.2","16"," 30.0","16","  4.4","16","  8.0","999.9","  62.6","*","  39.2","*"," 0.00","I","999.9","000000"
"71890099999","2020-04-15","49.052333","-123.870167","28.34","NANAIMO, CA","  57.1","16","  41.2","16","1024.9","16","022.1","16"," 29.1","16","  3.7","16","  7.0","999.9","  68.0","*","  37.4","*"," 0.00","I","999.9","000000"
"71890099999","2020-04-16","49.052333","-123.870167","28.34","NANAIMO, CA","  58.5","16","  32.8","16","1024.7","16","021.9","16"," 29.1","16","  4.7","16"," 11.1","999.9","  69.8","*","  37.4","*"," 0.00","I","999.9","000000"
"71890099999","2020-04-17","49.052333","-123.870167","28.34","NANAIMO, CA","  55.8","16","  36.6","16","1017.0","16","014.3","16"," 27.8","16","  2.8","16","  7.0","999.9","  66.2","*","  41.0","*"," 0.00","I","999.9","000000"
"71890099999","2020-04-18","49.052333","-123.870167","28.34","NANAIMO, CA","  56.7","16","  46.6","16","1012.8","16","010.0","16"," 25.9","16","  4.0","16"," 11.1","999.9","  62.6","*","  48.2","*","99.99"," ","999.9","010000"
"71890099999","2020-04-19","49.052333","-123.870167","28.34","NANAIMO, CA","  55.7","16","  46.4","16","1017.5","16","014.7","16"," 20.6","16","  4.6","16","  8.9","999.9","  62.6","*","  42.8","*"," 0.00","I","999.9","000000"
"71890099999","2020-04-20","49.052333","-123.870167","28.34","NANAIMO, CA","  55.2","16","  46.6","16","1019.1","16","016.3","16"," 22.5","16","  3.5","16","  6.0","999.9","  60.8","*","  42.8","*"," 0.00","I","999.9","000000"
"71890099999","2020-04-21","49.052333","-123.870167","28.34","NANAIMO, CA","  55.1","16","  42.5","16","1022.0","16","019.2","16"," 24.7","16","  4.9","16","  8.9","999.9","  59.0","*","  48.2","*"," 0.00","I","999.9","000000"
"71890099999","2020-04-22","49.052333","-123.870167","28.34","NANAIMO, CA","  51.2","16","  46.0","16","1020.9","16","018.1","16"," 10.3","16","  2.5","16","  6.0","999.9","  57.2","*","  48.2","*","99.99"," ","999.9","010000"
"71890099999","2020-04-23","49.052333","-123.870167","28.34","NANAIMO, CA","  52.7","16","  47.8","16","1021.7","16","018.9","16"," 19.2","16","  3.4","16","  8.9","999.9","  60.8","*","  42.8","*","99.99"," ","999.9","010000"
"71890099999","2020-04-24","49.052333","-123.870167","28.34","NANAIMO, CA","  52.8","15","  44.8","15","1023.0","15","020.2","15"," 24.0","15","  4.9","15","  8.9","999.9","  60.8","*","  39.2","*"," 0.00","I","999.9","000000"
"71890099999","2020-04-25","49.052333","-123.870167","28.34","NANAIMO, CA","  54.8","16","  45.8","16","1014.8","16","012.0","16"," 20.0","16","  8.3","16"," 18.1"," 31.1","  60.8","*","  48.2","*","99.99"," ","999.9","010000"
"71890099999","2020-04-26","49.052333","-123.870167","28.34","NANAIMO, CA","  52.1","16","  41.6","16","1017.4","16","014.6","16"," 24.7","16","  7.3","16"," 14.0"," 22.0","  59.0","*","  39.2","*"," 0.00","I","999.9","000000"
"71890099999","2020-04-27","49.052333","-123.870167","28.34","NANAIMO, CA","  53.7","16","  41.6","16","1013.6","16","010.8","16"," 18.3","16","  6.8","16"," 14.0"," 22.9","  59.0","*","  41.0","*","99.99"," ","999.9","010000"
"71890099999","2020-04-28","49.052333","-123.870167","28.34","NANAIMO, CA","  51.1","16","  38.8","16","1023.1","16","020.3","16"," 20.2","16","  3.9","16","  9.9"," 15.0","  59.0","*","  41.0","*","99.99"," ","999.9","010000"
"71890099999","2020-04-29","49.052333","-123.870167","28.34","NANAIMO, CA","  51.1","16","  46.0","16","1016.7","16","013.9","16"," 20.9","16","  3.2","16","  8.0","999.9","  57.2","*","  44.6","*","99.99"," ","999.9","010000"
"71890099999","2020-04-30","49.052333","-123.870167","28.34","NANAIMO, CA","  54.4","16","  44.8","16","1014.9","16","012.1","16"," 19.2","16","  5.0","16","  8.9"," 15.0","  59.0","*","  48.2","*","99.99"," ","999.9","010000"
"71890099999","2020-05-01","49.052333","-123.870167","28.34","NANAIMO, CA","  53.4","16","  43.5","16","1018.0","16","015.2","16"," 25.6","16","  5.2","16"," 13.0"," 19.0","  59.0","*","  44.6","*","99.99"," ","999.9","010000"
"71890099999","2020-05-02","49.052333","-123.870167","28.34","NANAIMO, CA","  52.1","16","  46.7","16","1010.7","16","007.9","16"," 15.6","16","  4.6","16"," 11.1"," 15.9","  57.2","*","  46.4","*","99.99"," ","999.9","010000"
"71890099999","2020-05-03","49.052333","-123.870167","28.34","NANAIMO, CA","  50.8","16","  39.8","16","1018.6","16","015.8","16"," 17.8","16","  5.9","16"," 13.0"," 22.9","  57.2","*","  39.2","*","99.99"," ","999.9","010010"
"71890099999","2020-05-04","49.052333","-123.870167","28.34","NANAIMO, CA","  49.4","16","  41.1","16","1023.7","16","020.9","16"," 25.3","16","  4.5","16","  8.9"," 15.9","  55.4","*","  39.2","*"," 0.00","I","999.9","000000"
"71890099999","2020-05-05","49.052333","-123.870167","28.34","NANAIMO, CA","  54.1","16","  41.8","16","1021.2","16","018.4","16"," 27.8","16","  4.5","16","  8.9"," 15.0","  64.4","*","  35.6","*","99.99"," ","999.9","010000"
"71890099999","2020-05-06","49.052333","-123.870167","28.34","NANAIMO, CA","  59.0","16","  39.1","16","1022.0","16","019.2","16"," 24.7","16","  6.1","16"," 11.1"," 20.0","  66.2","*","  48.2","*"," 0.00","I","999.9","000000"
"71890099999","2020-05-07","49.052333","-123.870167","28.34","NANAIMO, CA","  55.9","16","  39.7","16","1031.2","16","028.4","16"," 29.7","16","  4.4","16"," 11.1"," 15.9","  64.4","*","  39.2","*"," 0.00","I","999.9","000000"
"71890099999","2020-05-08","49.052333","-123.870167","28.34","NANAIMO, CA","  63.3","16","  40.4","16","1024.3","16","021.6","16"," 30.0","16","  5.6","16"," 11.1","999.9","  75.2","*","  46.4","*"," 0.00","I","999.9","000000"
"71890099999","2020-05-09","49.052333","-123.870167","28.34","NANAIMO, CA","  67.8","16","  42.3","16","1018.4","16","015.7","16"," 30.0","16","  3.7","16","  7.0","999.9","  77.0","*","  48.2","*"," 0.00","I","999.9","000000"
"71890099999","2020-05-10","49.052333","-123.870167","28.34","NANAIMO, CA","  70.0","16","  48.1","16","1013.2","16","010.5","16"," 30.0","16","  3.7","16","  7.0","999.9","  80.6","*","  50.0","*"," 0.00","I","999.9","000000"
"71890099999","2020-05-11","49.052333","-123.870167","28.34","NANAIMO, CA","  69.2","16","  48.2","16","1007.1","16","004.4","16"," 30.0","16","  4.7","16","  8.9","999.9","  78.8","*","  55.4","*"," 0.00","I","999.9","000000"
"71890099999","2020-05-12","49.052333","-123.870167","28.34","NANAIMO, CA","  60.3","16","  51.2","16","1004.5","16","001.8","16"," 16.3","16","  5.0","16","  8.9","999.9","  71.6","*","  51.8","*","99.99"," ","999.9","010000"
"71890099999","2020-05-13","49.052333","-123.870167","28.34","NANAIMO, CA","  58.1","16","  51.3","16","1008.3","16","005.5","16"," 19.1","16","  5.6","16"," 11.1","999.9","  62.6","*","  55.4","*","99.99"," ","999.9","010000"
"71890099999","2020-05-14","49.052333","-123.870167","28.34","NANAIMO, CA","  57.2","16","  48.3","16","1013.8","16","011.0","16"," 18.1","16","  3.9","16","  7.0","999.9","  62.6","*","  46.4","*","99.99"," ","999.9","010000"
"71890099999","2020-05-15","49.052333","-123.870167","28.34","NANAIMO, CA","  58.6","16","  48.1","16","1018.4","16","015.6","16"," 25.9","16","  5.2","16","  9.9"," 15.9","  64.4","*","  46.4","*"," 0.00","I","999.9","000000"
"71890099999","2020-05-16","49.052333","-123.870167","28.34","NANAIMO, CA","  56.3","16","  49.5","16","1012.6","16","009.8","16"," 14.5","16","  4.0","16","  9.9","999.9","  64.4","*","  50.0","*","99.99"," ","999.9","010000"
"71890099999","2020-05-17","49.052333","-123.870167","28.34","NANAIMO, CA","  56.6","16","  54.0","16","1006.4","16","003.7","16","  8.1","16","  3.9","16","  7.0","999.9","  60.8","*","  53.6","*","99.99"," ","999.9","010010"
"71890099999","2020-05-18","49.052333","-123.870167","28.34","NANAIMO, CA","  59.5","16","  50.4","16","1008.5","16","005.8","16"," 23.8","16","  4.9","16","  8.9"," 15.0","  69.8","*","  48.2","*"," 0.00","I","999.9","000000"
"71890099999","2020-05-19","49.052333","-123.870167","28.34","NANAIMO, CA","  62.1","16","  50.6","16","1013.7","16","011.0","16"," 22.8","16","  4.7","16","  8.0","999.9","  68.0","*","  50.0","*"," 0.00","I","999.9","000000"
"71890099999","2020-05-20","49.052333","-123.870167","28.34","NANAIMO, CA","  60.2","16","  52.8","16","1015.5","16","012.8","16"," 17.2","16","  4.6","16","  7.0","999.9","  68.0","*","  51.8","*"," 0.00","I","999.9","000000"
"71890099999","2020-05-21","49.052333","-123.870167","28.34","NANAIMO, CA","  55.4","16","  43.0","16","1014.7","16","011.9","16"," 19.1","16","  5.5","16","  8.9"," 15.0","  64.4","*","  46.4","*","99.99"," ","999.9","010000"
"71890099999","2020-05-22","49.052333","-123.870167","28.34","NANAIMO, CA","  55.5","16","  43.1","16","1015.3","16","012.5","16"," 26.6","16","  4.9","16","  9.9","999.9","  59.0","*","  44.6","*"," 0.00","I","999.9","000000"
"71890099999","2020-05-23","49.052333","-123.870167","28.34","NANAIMO, CA","  58.2","16","  45.2","16","1020.5","16","017.7","16"," 26.3","16","  5.0","16","  9.9","999.9","  62.6","*","  51.8","*"," 0.00","I","999.9","000000"
"71890099999","2020-05-24","49.052333","-123.870167","28.34","NANAIMO, CA","  57.1","16","  48.2","16","1022.1","16","019.3","16"," 22.8","16","  3.9","16","  8.9","999.9","  60.8","*","  51.8","*","99.99"," ","999.9","010000"
"71890099999","2020-05-25","49.052333","-123.870167","28.34","NANAIMO, CA","  57.8","16","  54.2","16","1018.1","16","015.3","16"," 11.4","16","  3.0","16","  6.0","999.9","  62.6","*","  53.6","*","99.99"," ","999.9","110000"
"71890099999","2020-05-26","49.052333","-123.870167","28.34","NANAIMO, CA","  60.1","16","  48.7","16","1020.0","16","017.2","16"," 21.9","16","  6.0","16","  9.9","999.9","  66.2","*","  55.4","*"," 0.00","I","999.9","000000"
"71890099999","2020-05-27","49.052333","-123.870167","28.34","NANAIMO, CA","  62.8","16","  44.8","16","1022.2","16","019.4","16"," 29.7","16","  3.6","16","  6.0","999.9","  71.6","*","  44.6","*"," 0.00","I","999.9","000000"
"71890099999","2020-05-28","49.052333","-123.870167","28.34","NANAIMO, CA","  68.2","16","  46.5","16","1018.6","16","015.8","16"," 30.0","16","  4.4","16","  7.0","999.9","  77.0","*","  57.2","*"," 0.00","I","999.9","000000"
"71890099999","2020-05-29","49.052333","-123.870167","28.34","NANAIMO, CA","  69.6","16","  50.8","16","1013.9","16","011.2","16"," 26.6","16","  3.2","16","  6.0","999.9","  78.8","*","  55.4","*"," 0.00","I","999.9","000000"
"71890099999","2020-05-30","49.052333","-123.870167","28.34","NANAIMO, CA","  63.7","16","  53.3","16","1009.6","16","006.9","16"," 26.3","16","  3.5","16","  7.0","999.9","  75.2","*","  55.4","*","99.99"," ","999.9","010000"
"71890099999","2020-05-31","49.052333","-123.870167","28.34","NANAIMO, CA","  57.7","16","  48.2","16","1014.1","16","011.3","16"," 16.4","16","  4.4","16","  8.0","999.9","  60.8","*","  53.6","*","99.99"," ","999.9","010000"
"71890099999","2020-06-01","49.052333","-123.870167","28.34","NANAIMO, CA","  59.5","16","  47.4","16","1020.3","16","017.5","16"," 25.9","16","  4.2","16","  8.0","999.9","  66.2","*","  50.0","*","99.99"," ","999.9","010000"
"71890099999","2020-06-02","49.052333","-123.870167","28.34","NANAIMO, CA","  56.9","16","  47.9","16","1021.5","16","018.8","16"," 23.1","16","  3.8","16","  7.0","999.9","  66.2","*","  50.0","*","99.99"," ","999.9","010000"
"71890099999","2020-06-03","49.052333","-123.870167","28.34","NANAIMO, CA","  57.2","16","  49.3","16","1022.9","16","020.1","16"," 18.4","16","  4.4","16","  9.9","999.9","  62.6","*","  48.2","*"," 0.00","I","999.9","000000"
"71890099999","2020-06-04","49.052333","-123.870167","28.34","NANAIMO, CA","  59.6","13","  48.9","13","1018.8","13","016.1","13"," 19.6","13","  4.6","13","  9.9","999.9","  64.4","*","  48.2","*","99.99"," ","999.9","010000"
"71890099999","2020-06-05","49.052333","-123.870167","28.34","NANAIMO, CA","  58.8","16","  50.3","16","1010.4","16","007.7","16"," 18.8","16","  3.4","16","  8.0","999.9","  64.4","*","  48.2","*","99.99"," ","999.9","010000"
"71890099999","2020-06-06","49.052333","-123.870167","28.34","NANAIMO, CA","  56.8","16","  46.7","16","1007.4","16","004.7","16"," 20.3","16","  4.2","16"," 11.1","999.9","  62.6","*","  50.0","*","99.99"," ","999.9","010000"
"71890099999","2020-06-07","49.052333","-123.870167","28.34","NANAIMO, CA","  57.0","16","  47.2","16","1012.2","16","009.5","16"," 25.3","16","  5.8","16","  8.9","999.9","  64.4","*","  48.2","*","99.99"," ","999.9","010000"
"71890099999","2020-06-08","49.052333","-123.870167","28.34","NANAIMO, CA","  57.8","16","  43.8","16","1018.7","16","015.9","16"," 30.0","16","  6.1","16"," 13.0"," 21.0","  64.4","*","  46.4","*","99.99"," ","999.9","010000"
"71890099999","2020-06-09","49.052333","-123.870167","28.34","NANAIMO, CA","  55.5","17","  48.7","17","1017.5","17","014.8","17"," 10.6","17","  6.9","17"," 11.1"," 18.1","  62.6","*","  50.0","*","99.99"," ","999.9","010000"
"71890099999","2020-06-10","49.052333","-123.870167","28.34","NANAIMO, CA","  58.8","16","  55.2","16","1018.7","16","015.9","16","  9.8","16","  4.1","16","  7.0","999.9","  64.4","*","  53.6","*"," 0.00","I","999.9","000000"
"71890099999","2020-06-11","49.052333","-123.870167","28.34","NANAIMO, CA","  62.8","16","  54.0","16","1017.3","16","014.6","16"," 25.0","16","  4.4","16","  8.9","999.9","  66.2","*","  55.4","*"," 0.00","I","999.9","000000"
"71890099999","2020-06-12","49.052333","-123.870167","28.34","NANAIMO, CA","  60.5","16","  52.2","16","1015.3","16","012.6","16"," 15.7","16","  4.2","16","  8.9"," 19.0","  66.2","*","  55.4","*","99.99"," ","999.9","010000"
"71890099999","2020-06-13","49.052333","-123.870167","28.34","NANAIMO, CA","  57.0","16","  46.6","16","1013.6","16","010.9","16"," 20.9","16","  4.9","16","  8.9","999.9","  62.6","*","  50.0","*","99.99"," ","999.9","010000"
"71890099999","2020-06-14","49.052333","-123.870167","28.34","NANAIMO, CA","  55.7","16","  50.1","16","1014.2","16","011.4","16"," 20.3","16","  3.6","16","  7.0","999.9","  64.4","*","  48.2","*","99.99"," ","999.9","010000"
"71890099999","2020-06-15","49.052333","-123.870167","28.34","NANAIMO, CA","  56.9","16","  49.3","16","1012.2","16","009.4","16"," 13.3","16","  5.5","16","  9.9","999.9","  68.0","*","  51.8","*","99.99"," ","999.9","010000"
"71890099999","2020-06-16","49.052333","-123.870167","28.34","NANAIMO, CA","  59.6","16","  48.0","16","1016.5","16","013.8","16"," 16.8","16","  6.6","16"," 13.0"," 17.1","  68.0","*","  48.2","*"," 0.00","I","999.9","000000"
"71890099999","2020-06-17","49.052333","-123.870167","28.34","NANAIMO, CA","  65.5","16","  49.0","16","1023.0","16","020.3","16"," 26.9","16","  5.9","16"," 11.1"," 18.1","  69.8","*","  53.6","*"," 0.00","I","999.9","000000"
"71890099999","2020-06-18","49.052333","-123.870167","28.34","NANAIMO, CA","  66.3","16","  52.5","16","1023.5","16","020.7","16"," 30.0","16","  4.7","16","  7.0","999.9","  75.2","*","  51.8","*"," 0.00","I","999.9","000000"
"71890099999","2020-06-19","49.052333","-123.870167","28.34","NANAIMO, CA","  68.3","16","  55.1","16","1015.9","16","013.2","16"," 30.0","16","  3.3","16","  6.0","999.9","  75.2","*","  55.4","*"," 0.00","I","999.9","000000"
"71890099999","2020-06-20","49.052333","-123.870167","28.34","NANAIMO, CA","  65.6","17","  60.5","17","1012.6","17","009.9","17"," 15.8","17","  5.6","17"," 11.1"," 15.9","  71.6","*","  59.0","*","99.99"," ","999.9","010000"
"71890099999","2020-06-21","49.052333","-123.870167","28.34","NANAIMO, CA","  64.4","16","  57.1","16","1017.4","16","014.7","16"," 22.1","16","  3.9","16","  7.0","999.9","  68.0","*","  59.0","*","99.99"," ","999.9","010000"
"71890099999","2020-06-22","49.052333","-123.870167","28.34","NANAIMO, CA","  63.0","16","  51.0","16","1022.4","16","019.6","16"," 28.8","16","  4.3","16","  7.0","999.9","  69.8","*","  51.8","*"," 0.00","I","999.9","000000"
"71890099999","2020-06-23","49.052333","-123.870167","28.34","NANAIMO, CA","  65.2","16","  56.2","16","1018.6","16","015.9","16"," 25.4","16","  2.3","16","  4.1","999.9","  71.6","*","  57.2","*","99.99"," ","999.9","010000"
"71890099999","2020-06-24","49.052333","-123.870167","28.34","NANAIMO, CA","  67.9","16","  61.5","16","1013.5","16","010.8","16"," 13.4","16","  5.8","16"," 12.0"," 17.1","  73.4","*","  60.8","*","99.99"," ","999.9","010000"
"71890099999","2020-06-25","49.052333","-123.870167","28.34","NANAIMO, CA","  69.5","16","  56.4","16","1017.8","16","015.1","16"," 24.7","16","  5.3","16","  8.9"," 15.0","  77.0","*","  55.4","*"," 0.00","I","999.9","000000"
"71890099999","2020-06-26","49.052333","-123.870167","28.34","NANAIMO, CA","  69.0","16","  55.3","16","1016.6","16","013.9","16"," 26.6","16","  4.0","16","  7.0","999.9","  77.0","*","  55.4","*"," 0.00","I","999.9","000000"
"71890099999","2020-06-27","49.052333","-123.870167","28.34","NANAIMO, CA","  64.4","16","  52.4","16","1014.0","16","011.3","16"," 22.5","16","  5.7","16","  9.9","999.9","  69.8","*","  59.0","*"," 0.00","I","999.9","000000"
"71890099999","2020-06-28","49.052333","-123.870167","28.34","NANAIMO, CA","  65.6","16","  48.9","16","1011.7","16","009.0","16"," 25.9","16","  7.2","16"," 14.0"," 21.0","  78.8","*","  55.4","*","99.99"," ","999.9","010000"
"71890099999","2020-06-29","49.052333","-123.870167","28.34","NANAIMO, CA","  71.5","16","  52.9","16","1013.1","16","010.4","16"," 28.4","16","  6.8","16"," 13.0"," 20.0","  78.8","*","  57.2","*"," 0.00","I","999.9","000000"
"71890099999","2020-06-30","49.052333","-123.870167","28.34","NANAIMO, CA","  66.2","16","  53.3","16","1012.8","16","010.1","16"," 24.1","16","  5.7","16","  9.9"," 15.9","  75.2","*","  60.8","*"," 0.00","I","999.9","000000"
"71890099999","2020-07-01","49.052333","-123.870167","28.34","NANAIMO, CA","  62.3","16","  52.8","16","1012.4","16","009.7","16"," 20.0","16","  3.8","16","  6.0","999.9","  68.0","*","  55.4","*","99.99"," ","999.9","010000"
"71890099999","2020-07-02","49.052333","-123.870167","28.34","NANAIMO, CA","  61.8","16","  48.1","16","1012.5","16","009.8","16"," 19.7","16","  5.6","16"," 11.1"," 18.1","  68.0","*","  55.4","*"," 0.00","I","999.9","000000"
"71890099999","2020-07-03","49.052333","-123.870167","28.34","NANAIMO, CA","  57.7","17","  51.2","17","1017.3","17","014.6","17"," 13.9","17","  3.9","17","  7.0","999.9","  66.2","*","  51.8","*","99.99"," ","999.9","010000"
"71890099999","2020-07-04","49.052333","-123.870167","28.34","NANAIMO, CA","  58.5","16","  53.4","16","1022.3","16","019.5","16"," 14.3","16","  3.4","16","  6.0","999.9","  64.4","*","  51.8","*","99.99"," ","999.9","010000"
"71890099999","2020-07-05","49.052333","-123.870167","28.34","NANAIMO, CA","  63.8","16","  52.8","16","1022.0","16","019.2","16"," 24.1","16","  3.2","16","  7.0","999.9","  71.6","*","  48.2","*"," 0.00","I","999.9","000000"
"71890099999","2020-07-06","49.052333","-123.870167","28.34","NANAIMO, CA","  64.4","16","  53.9","16","1017.4","16","014.7","16"," 25.6","16","  4.3","16","  7.0","999.9","  69.8","*","  51.8","*"," 0.00","I","999.9","000000"
"71890099999","2020-07-07","49.052333","-123.870167","28.34","NANAIMO, CA","  62.2","16","  52.9","16","1016.5","16","013.8","16"," 17.9","16","  4.5","16","  7.0","999.9","  69.8","*","  59.0","*","99.99"," ","999.9","010000"
"71890099999","2020-07-08","49.052333","-123.870167","28.34","NANAIMO, CA","  63.2","15","  53.4","15","1018.4","15","015.7","15"," 24.0","15","  4.2","15","  7.0","999.9","  66.2","*","  50.0","*"," 0.00","I","999.9","000000"
"71890099999","2020-07-09","49.052333","-123.870167","28.34","NANAIMO, CA","  63.4","16","  56.4","16","1015.6","16","012.9","16"," 13.3","16","  4.4","16","  8.9","999.9","  71.6","*","  55.4","*","99.99"," ","999.9","010000"
"71890099999","2020-07-10","49.052333","-123.870167","28.34","NANAIMO, CA","  64.0","16","  52.2","16","1019.3","16","016.5","16"," 23.1","16","  6.3","16"," 12.0"," 15.0","  69.8","*","  50.0","*"," 0.00","I","999.9","000000"
"71890099999","2020-07-11","49.052333","-123.870167","28.34","NANAIMO, CA","  61.2","16","  53.9","16","1018.9","16","016.2","16"," 21.6","16","  3.6","16"," 11.1"," 15.0","  68.0","*","  53.6","*","99.99"," ","999.9","010000"
"71890099999","2020-07-12","49.052333","-123.870167","28.34","NANAIMO, CA","  63.2","16","  50.9","16","1019.4","16","016.6","16"," 18.1","16","  5.1","16","  9.9","999.9","  69.8","*","  48.2","*"," 0.00","I","999.9","000000"
"71890099999","2020-07-13","49.052333","-123.870167","28.34","NANAIMO, CA","  64.8","16","  49.8","16","1020.5","16","017.7","16"," 23.1","16","  3.8","16","  7.0","999.9","  71.6","*","  50.0","*"," 0.00","I","999.9","000000"
"71890099999","2020-07-14","49.052333","-123.870167","28.34","NANAIMO, CA","  69.4","16","  50.7","16","1020.8","16","018.1","16"," 27.8","16","  4.2","16","  8.0","999.9","  77.0","*","  50.0","*"," 0.00","I","999.9","000000"
"71890099999","2020-07-15","49.052333","-123.870167","28.34","NANAIMO, CA","  74.6","15","  55.6","15","1019.8","15","017.1","15"," 27.3","15","  4.7","15","  8.0","999.9","  80.6","*","  60.8","*"," 0.00","I","999.9","000000"
"71890099999","2020-07-16","49.052333","-123.870167","28.34","NANAIMO, CA","  70.5","16","  59.7","16","1015.8","16","013.1","16"," 25.3","16","  4.4","16","  7.0","999.9","  80.6","*","  57.2","*"," 0.00","I","999.9","000000"
"71890099999","2020-07-17","49.052333","-123.870167","28.34","NANAIMO, CA","  69.6","16","  56.4","16","1016.4","16","013.7","16"," 22.8","16","  5.8","16","  8.9","999.9","  75.2","*","  62.6","*"," 0.00","I","999.9","000000"
"71890099999","2020-07-18","49.052333","-123.870167","28.34","NANAIMO, CA","  69.9","16","  55.3","16","1021.9","16","019.2","16"," 27.5","16","  6.6","16"," 15.0"," 17.1","  80.6","*","  51.8","*"," 0.00","I","999.9","000000"
"71890099999","2020-07-19","49.052333","-123.870167","28.34","NANAIMO, CA","  75.8","16","  57.1","16","1019.7","16","017.0","16"," 30.0","16","  9.5","16"," 15.0"," 21.0","  82.4","*","  62.6","*"," 0.00","I","999.9","000000"
"71890099999","2020-07-20","49.052333","-123.870167","28.34","NANAIMO, CA","  77.2","16","  58.5","16","1017.0","16","014.3","16"," 30.0","16","  6.3","16"," 12.0"," 18.1","  86.0","*","  64.4","*"," 0.00","I","999.9","000000"
"71890099999","2020-07-21","49.052333","-123.870167","28.34","NANAIMO, CA","  75.9","16","  59.4","16","1012.2","16","009.5","16"," 30.0","16","  4.0","16","  7.0","999.9","  86.0","*","  59.0","*"," 0.00","I","999.9","000000"
"71890099999","2020-07-22","49.052333","-123.870167","28.34","NANAIMO, CA","  71.5","16","  61.1","16","1009.8","16","007.2","16"," 24.4","16","  3.8","16","  7.0","999.9","  80.6","*","  60.8","*"," 0.00","I","999.9","000000"
"71890099999","2020-07-23","49.052333","-123.870167","28.34","NANAIMO, CA","  68.6","16","  59.3","16","1012.5","16","009.8","16"," 21.3","16","  5.1","16"," 11.1","999.9","  75.2","*","  62.6","*"," 0.00","I","999.9","000000"
"71890099999","2020-07-24","49.052333","-123.870167","28.34","NANAIMO, CA","  66.0","16","  54.0","16","1015.8","16","013.1","16"," 21.6","16","  5.3","16","  9.9","999.9","  71.6","*","  59.0","*"," 0.00","I","999.9","000000"
"71890099999","2020-07-25","49.052333","-123.870167","28.34","NANAIMO, CA","  67.7","16","  50.9","16","1020.4","16","017.7","16"," 29.4","16","  4.6","16","  8.0","999.9","  77.0","*","  53.6","*"," 0.00","I","999.9","000000"
"71890099999","2020-07-26","49.052333","-123.870167","28.34","NANAIMO, CA","  74.2","16","  52.6","16","1020.0","16","017.3","16"," 30.0","16","  5.2","16","  8.9","999.9","  86.0","*","  53.6","*"," 0.00","I","999.9","000000"
"71890099999","2020-07-27","49.052333","-123.870167","28.34","NANAIMO, CA","  80.4","15","  56.0","15","1013.6","15","011.0","15"," 29.3","15","  4.9","15","  8.0","999.9","  89.6","*","  59.0","*"," 0.00","I","999.9","000000"
"71890099999","2020-07-28","49.052333","-123.870167","28.34","NANAIMO, CA","  74.5","16","  58.4","16","1011.6","16","008.9","16"," 29.7","16","  4.0","16","  7.0","999.9","  89.6","*","  57.2","*"," 0.00","I","999.9","000000"
"71890099999","2020-07-29","49.052333","-123.870167","28.34","NANAIMO, CA","  71.6","16","  55.5","16","1013.3","16","010.6","16"," 28.4","16","  4.2","16","  7.0","999.9","  82.4","*","  53.6","*"," 0.00","I","999.9","000000"
"71890099999","2020-07-30","49.052333","-123.870167","28.34","NANAIMO, CA","  77.8","16","  55.5","16","1014.8","16","012.1","16"," 30.0","16","  4.6","16","  7.0","999.9","  89.6","*","  55.4","*"," 0.00","I","999.9","000000"
"71890099999","2020-07-31","49.052333","-123.870167","28.34","NANAIMO, CA","  77.2","16","  58.0","16","1012.4","16","009.8","16"," 26.6","16","  4.5","16","  8.0","999.9","  89.6","*","  64.4","*","99.99"," ","999.9","010000"
"71890099999","2020-08-01","49.052333","-123.870167","28.34","NANAIMO, CA","  71.0","16","  57.0","16","1017.5","16","014.8","16"," 26.3","16","  4.7","16","  8.0","999.9","  78.8","*","  53.6","*"," 0.00","I","999.9","000000"
"71890099999","2020-08-02","49.052333","-123.870167","28.34","NANAIMO, CA","  68.4","16","  57.7","16","1017.2","16","014.5","16"," 30.0","16","  4.0","16","  8.0","999.9","  77.0","*","  53.6","*"," 0.00","I","999.9","100000"
"71890099999","2020-08-03","49.052333","-123.870167","28.34","NANAIMO, CA","  70.6","16","  59.4","16","1019.7","16","017.0","16"," 27.5","16","  4.2","16","  8.0","999.9","  78.8","*","  55.4","*","99.99"," ","999.9","010000"
"71890099999","2020-08-04","49.052333","-123.870167","28.34","NANAIMO, CA","  74.0","16","  58.7","16","1019.4","16","016.7","16"," 28.1","16","  5.0","16","  8.0","999.9","  82.4","*","  62.6","*"," 0.00","I","999.9","000000"
"71890099999","2020-08-05","49.052333","-123.870167","28.34","NANAIMO, CA","  74.0","16","  57.4","16","1013.2","16","010.5","16"," 28.4","16","  4.3","16","  8.0","999.9","  82.4","*","  59.0","*"," 0.00","I","999.9","000000"
"71890099999","2020-08-06","49.052333","-123.870167","28.34","NANAIMO, CA","  68.2","16","  55.2","16","1010.1","16","007.5","16"," 18.6","16","  5.2","16","  9.9","999.9","  78.8","*","  60.8","*","99.99"," ","999.9","010000"
"71890099999","2020-08-07","49.052333","-123.870167","28.34","NANAIMO, CA","  63.8","16","  51.8","16","1018.9","16","016.1","16"," 22.4","16","  4.5","16","  6.0","999.9","  68.0","*","  55.4","*","99.99"," ","999.9","010000"
"71890099999","2020-08-08","49.052333","-123.870167","28.34","NANAIMO, CA","  62.3","16","  53.9","16","1021.9","16","019.2","16"," 16.8","16","  5.5","16"," 12.0"," 17.1","  73.4","*","  53.6","*","99.99"," ","999.9","010000"
"71890099999","2020-08-09","49.052333","-123.870167","28.34","NANAIMO, CA","  67.9","16","  49.2","16","1024.7","16","021.9","16"," 29.7","16","  6.4","16","  8.9"," 17.1","  75.2","*","  55.4","*"," 0.00","I","999.9","000000"
"71890099999","2020-08-10","49.052333","-123.870167","28.34","NANAIMO, CA","  69.3","16","  52.9","16","1020.8","16","018.1","16"," 26.9","16","  5.4","16"," 11.1"," 15.0","  77.0","*","  53.6","*"," 0.00","I","999.9","000000"
"71890099999","2020-08-11","49.052333","-123.870167","28.34","NANAIMO, CA","  66.1","16","  52.1","16","1014.0","16","011.3","16"," 28.4","16","  3.7","16","  7.0","999.9","  77.0","*","  50.0","*"," 0.00","I","999.9","000000"
"71890099999","2020-08-12","49.052333","-123.870167","28.34","NANAIMO, CA","  62.8","16","  47.5","16","1015.4","16","012.6","16"," 28.1","16","  4.5","16","  9.9","999.9","  69.8","*","  51.8","*"," 0.00","I","999.9","000000"
"71890099999","2020-08-13","49.052333","-123.870167","28.34","NANAIMO, CA","  64.3","16","  50.7","16","1019.6","16","016.9","16"," 25.0","16","  4.0","16","  8.0","999.9","  71.6","*","  51.8","*"," 0.00","I","999.9","000000"
"71890099999","2020-08-14","49.052333","-123.870167","28.34","NANAIMO, CA","  67.1","16","  52.7","16","1022.5","16","019.7","16"," 21.9","16","  3.4","16","  6.0","999.9","  77.0","*","  51.8","*"," 0.00","I","999.9","000000"
"71890099999","2020-08-15","49.052333","-123.870167","28.34","NANAIMO, CA","  72.6","15","  57.3","15","1019.2","15","016.5","15"," 28.3","15","  4.2","15","  9.9","999.9","  82.4","*","  57.2","*"," 0.00","I","999.9","000000"
"71890099999","2020-08-16","49.052333","-123.870167","28.34","NANAIMO, CA","  77.6","16","  57.4","16","1012.4","16","009.8","16"," 30.0","16","  3.5","16","  8.0","999.9","  89.6","*","  57.2","*"," 0.00","I","999.9","000000"
"71890099999","2020-08-17","49.052333","-123.870167","28.34","NANAIMO, CA","  81.6","16","  60.1","16","1014.3","16","011.7","16"," 29.1","16","  4.9","16","  8.9","999.9","  91.4","*","  62.6","*"," 0.00","I","999.9","000000"
"71890099999","2020-08-18","49.052333","-123.870167","28.34","NANAIMO, CA","  73.8","16","  57.3","16","1017.2","16","014.5","16"," 29.4","16","  5.6","16","  9.9"," 15.0","  86.0","*","  55.4","*"," 0.00","I","999.9","000000"
"71890099999","2020-08-19","49.052333","-123.870167","28.34","NANAIMO, CA","  68.6","16","  58.1","16","1015.4","16","012.7","16"," 29.4","16","  4.0","16","  8.0","999.9","  77.0","*","  53.6","*"," 0.00","I","999.9","000000"
"71890099999","2020-08-20","49.052333","-123.870167","28.34","NANAIMO, CA","  65.0","16","  61.6","16","1010.9","16","008.2","16"," 16.2","16","  5.3","16","  8.9","999.9","  71.6","*","  60.8","*","99.99"," ","999.9","010000"
"71890099999","2020-08-21","49.052333","-123.870167","28.34","NANAIMO, CA","  64.7","16","  61.2","16","1006.7","16","004.0","16"," 10.8","16","  5.0","16","  8.9"," 15.0","  71.6","*","  60.8","*","99.99"," ","999.9","010000"
"71890099999","2020-08-22","49.052333","-123.870167","28.34","NANAIMO, CA","  65.0","16","  51.6","16","1017.0","16","014.3","16"," 27.8","16","  4.3","16"," 14.0"," 15.0","  71.6","*","  50.0","*"," 0.00","I","999.9","000000"
"71890099999","2020-08-23","49.052333","-123.870167","28.34","NANAIMO, CA","  65.5","16","  51.5","16","1017.4","16","014.7","16"," 29.7","16","  5.2","16","  8.0","999.9","  69.8","*","  57.2","*"," 0.00","I","999.9","000000"
"71890099999","2020-08-24","49.052333","-123.870167","28.34","NANAIMO, CA","  66.2","16","  53.4","16","1015.1","16","012.4","16"," 28.1","16","  4.5","16","  8.9","999.9","  71.6","*","  55.4","*"," 0.00","I","999.9","000000"
"71890099999","2020-08-25","49.052333","-123.870167","28.34","NANAIMO, CA","  66.8","16","  51.9","16","1015.2","16","012.5","16"," 30.0","16","  4.7","16","  9.9","999.9","  75.2","*","  51.8","*"," 0.00","I","999.9","000000"
"71890099999","2020-08-26","49.052333","-123.870167","28.34","NANAIMO, CA","  68.0","16","  50.6","16","1015.8","16","013.1","16"," 30.0","16","  5.7","16"," 11.1"," 15.9","  77.0","*","  50.0","*"," 0.00","I","999.9","000000"
"71890099999","2020-08-27","49.052333","-123.870167","28.34","NANAIMO, CA","  69.1","16","  50.7","16","1015.9","16","013.2","16"," 29.7","16","  4.8","16"," 11.1","999.9","  77.0","*","  55.4","*"," 0.00","I","999.9","000000"
"71890099999","2020-08-28","49.052333","-123.870167","28.34","NANAIMO, CA","  67.2","16","  53.6","16","1016.8","16","014.1","16"," 29.4","16","  3.5","16","  7.0","999.9","  75.2","*","  50.0","*"," 0.00","I","999.9","000000"
"71890099999","2020-08-29","49.052333","-123.870167","28.34","NANAIMO, CA","  67.7","16","  42.6","16","1016.0","16","013.3","16"," 29.4","16","  8.2","16"," 14.0"," 21.0","  77.0","*","  59.0","*"," 0.00","I","999.9","000000"
"71890099999","2020-08-30","49.052333","-123.870167","28.34","NANAIMO, CA","  62.4","16","  45.2","16","1020.0","16","017.3","16"," 27.5","16","  4.1","16","  8.0","999.9","  71.6","*","  46.4","*","99.99"," ","999.9","010000"
"71890099999","2020-08-31","49.052333","-123.870167","28.34","NANAIMO, CA","  60.8","16","  53.6","16","1019.5","16","016.8","16"," 17.8","16","  3.4","16","  7.0","999.9","  66.2","*","  53.6","*","99.99"," ","999.9","010000"
"71890099999","2020-09-01","49.052333","-123.870167","28.34","NANAIMO, CA","  65.8","16","  54.8","16","1021.4","16","018.6","16"," 21.9","16","  3.7","16","  7.0","999.9","  73.4","*","  53.6","*"," 0.00","I","999.9","000000"
"71890099999","2020-09-02","49.052333","-123.870167","28.34","NANAIMO, CA","  68.3","16","  57.1","16","1018.8","16","016.1","16"," 25.0","16","  3.4","16","  7.0","999.9","  77.0","*","  53.6","*"," 0.00","I","999.9","000000"
"71890099999","2020-09-03","49.052333","-123.870167","28.34","NANAIMO, CA","  68.7","16","  54.2","16","1020.8","16","018.1","16"," 28.1","16","  3.6","16","  6.0","999.9","  77.0","*","  51.8","*"," 0.00","I","999.9","000000"
"71890099999","2020-09-04","49.052333","-123.870167","28.34","NANAIMO, CA","  72.4","16","  56.3","16","1016.5","16","013.8","16"," 28.4","16","  4.5","16","  7.0","999.9","  82.4","*","  55.4","*"," 0.00","I","999.9","000000"
"71890099999","2020-09-05","49.052333","-123.870167","28.34","NANAIMO, CA","  67.3","16","  57.1","16","1019.9","16","017.1","16"," 20.6","16","  3.4","16","  7.0","999.9","  80.6","*","  53.6","*"," 0.00","I","999.9","000000"
"71890099999","2020-09-06","49.052333","-123.870167","28.34","NANAIMO, CA","  68.0","15","  55.3","15","1024.7","15","021.9","15"," 27.3","15","  3.8","15","  8.0","999.9","  77.0","*","  51.8","*"," 0.00","I","999.9","000000"
"71890099999","2020-09-07","49.052333","-123.870167","28.34","NANAIMO, CA","  72.2","16","  53.0","16","1023.0","16","020.3","16"," 29.7","16","  4.9","16","  8.0","999.9","  82.4","*","  55.4","*"," 0.00","I","999.9","000000"
"71890099999","2020-09-08","49.052333","-123.870167","28.34","NANAIMO, CA","  69.5","16","  42.0","16","1025.7","16","022.9","16"," 15.7","16","  2.9","16","  7.0","999.9","  82.4","*","  46.4","*"," 0.00","I","999.9","000000"
"71890099999","2020-09-09","49.052333","-123.870167","28.34","NANAIMO, CA","  72.4","16","  42.9","16","1019.0","16","016.3","16"," 25.4","16","  4.3","16","  8.0","999.9","  86.0","*","  50.0","*"," 0.00","I","999.9","000000"
"71890099999","2020-09-10","49.052333","-123.870167","28.34","NANAIMO, CA","  72.7","16","  50.4","16","1015.5","16","012.8","16"," 29.1","16","  2.9","16","  7.0","999.9","  86.0","*","  53.6","*"," 0.00","I","999.9","000000"
"71890099999","2020-09-11","49.052333","-123.870167","28.34","NANAIMO, CA","  70.1","16","  53.9","16","1015.2","16","012.5","16"," 19.0","16","  3.4","16","  8.9","999.9","  82.4","*","  53.6","*"," 0.00","I","999.9","000000"
"71890099999","2020-09-12","49.052333","-123.870167","28.34","NANAIMO, CA","  61.2","16","  53.2","16","1015.3","16","012.6","16","  3.3","16","  3.0","16","  7.0","999.9","  75.2","*","  48.2","*"," 0.00","I","999.9","000000"
"71890099999","2020-09-13","49.052333","-123.870167","28.34","NANAIMO, CA","  57.1","16","  53.7","16","1013.8","16","011.0","16","  1.5","16","  1.6","16","  4.1","999.9","  60.8","*","  53.6","*"," 0.00","I","999.9","000000"
"71890099999","2020-09-14","49.052333","-123.870167","28.34","NANAIMO, CA","  58.4","17","  53.8","17","1014.1","17","011.3","16","  1.4","17","  1.8","17","  4.1","999.9","  64.4","*","  51.8","*","99.99"," ","999.9","010000"
"71890099999","2020-09-15","49.052333","-123.870167","28.34","NANAIMO, CA","  62.8","16","  57.4","16","1018.3","16","015.5","16","  1.0","16","  2.7","16","  8.0","999.9","  73.4","*","  53.6","*","99.99"," ","999.9","010000"
"71890099999","2020-09-16","49.052333","-123.870167","28.34","NANAIMO, CA","  65.5","16","  59.0","16","1017.3","16","014.6","16","  2.2","16","  3.2","16","  8.9","999.9","  75.2","*","  51.8","*","99.99"," ","999.9","010000"
"71890099999","2020-09-17","49.052333","-123.870167","28.34","NANAIMO, CA","  65.4","16","  59.6","16","1015.7","16","012.9","16","  2.5","16","  2.3","16","  7.0","999.9","  73.4","*","  53.6","*"," 0.00","I","999.9","000000"
"71890099999","2020-09-18","49.052333","-123.870167","28.34","NANAIMO, CA","  64.0","16","  60.6","16","1012.2","16","009.5","16","  2.6","16","  2.4","16","  6.0","999.9","  71.6","*","  57.2","*","99.99"," ","999.9","010000"
"71890099999","2020-09-19","49.052333","-123.870167","28.34","NANAIMO, CA","  62.6","16","  59.1","16","1014.2","16","011.4","16","  4.8","16","  2.4","16","  5.1","999.9","  69.8","*","  57.2","*","99.99"," ","999.9","010000"
"71890099999","2020-09-20","49.052333","-123.870167","28.34","NANAIMO, CA","  61.3","16","  53.4","16","1017.7","16","015.0","16"," 20.3","16","  3.3","16","  7.0","999.9","  68.0","*","  48.2","*"," 0.00","I","999.9","000000"
"71890099999","2020-09-21","49.052333","-123.870167","28.34","NANAIMO, CA","  60.1","16","  52.2","16","1014.9","16","012.1","16"," 21.6","16","  3.7","16"," 11.1"," 15.9","  69.8","*","  46.4","*"," 0.00","I","999.9","000000"
"71890099999","2020-09-22","49.052333","-123.870167","28.34","NANAIMO, CA","  60.5","16","  51.3","16","1014.8","16","012.1","16"," 23.4","16","  3.4","16","  8.0","999.9","  66.2","*","  46.4","*","99.99"," ","999.9","010000"
"71890099999","2020-09-23","49.052333","-123.870167","28.34","NANAIMO, CA","  59.9","16","  55.2","16","1007.3","16","004.6","16","  9.4","16","  5.8","16"," 14.0"," 19.0","  66.2","*","  57.2","*","99.99"," ","999.9","010000"
"71890099999","2020-09-24","49.052333","-123.870167","28.34","NANAIMO, CA","  59.4","17","  54.2","17","1007.4","17","004.7","17"," 12.6","17","  4.8","17"," 12.0"," 18.1","  66.2","*","  51.8","*","99.99"," ","999.9","010000"
"71890099999","2020-09-25","49.052333","-123.870167","28.34","NANAIMO, CA","  61.0","16","  50.2","16","1004.9","16","002.2","16"," 16.7","16","  9.3","16"," 14.0"," 25.1","  66.2","*","  55.4","*","99.99"," ","999.9","010000"
"71890099999","2020-09-26","49.052333","-123.870167","28.34","NANAIMO, CA","  56.6","16","  47.2","16","1014.9","16","012.1","16"," 20.6","16","  3.4","16","  7.0"," 15.0","  62.6","*","  48.2","*","99.99"," ","999.9","010000"
"71890099999","2020-09-27","49.052333","-123.870167","28.34","NANAIMO, CA","  56.3","16","  51.3","16","1028.1","16","025.3","16"," 15.3","16","  3.5","16","  8.0","999.9","  62.6","*","  46.4","*","99.99"," ","999.9","010000"
"71890099999","2020-09-28","49.052333","-123.870167","28.34","NANAIMO, CA","  60.0","16","  51.5","16","1029.4","16","026.6","16"," 23.1","16","  1.9","16","  5.1","999.9","  69.8","*","  50.0","*"," 0.00","I","999.9","000000"
"71890099999","2020-09-29","49.052333","-123.870167","28.34","NANAIMO, CA","  63.7","16","  54.2","16","1021.2","16","018.5","16"," 27.2","16","  3.4","16","  6.0","999.9","  75.2","*","  50.0","*"," 0.00","I","999.9","000000"
"71890099999","2020-09-30","49.052333","-123.870167","28.34","NANAIMO, CA","  64.3","16","  55.0","16","1020.5","16","017.7","16"," 27.2","16","  2.4","16","  7.0","999.9","  75.2","*","  50.0","*"," 0.00","I","999.9","000000"
"71890099999","2020-10-01","49.052333","-123.870167","28.34","NANAIMO, CA","  63.2","16","  56.1","16","1022.3","16","019.6","16"," 17.5","16","  2.5","16","  7.0","999.9","  73.4","*","  51.8","*"," 0.00","I","999.9","000000"
"71890099999","2020-10-02","49.052333","-123.870167","28.34","NANAIMO, CA","  63.3","16","  56.8","16","1020.7","16","018.0","16"," 12.6","16","  2.7","16","  6.0","999.9","  73.4","*","  50.0","*"," 0.00","I","999.9","000000"
"71890099999","2020-10-03","49.052333","-123.870167","28.34","NANAIMO, CA","  61.9","16","  55.7","16","1018.5","16","015.8","16","  9.4","16","  2.4","16","  6.0","999.9","  71.6","*","  48.2","*"," 0.00","I","999.9","000000"
"71890099999","2020-10-04","49.052333","-123.870167","28.34","NANAIMO, CA","  58.4","17","  55.2","17","1019.0","17","016.2","17","  4.9","17","  2.5","17","  5.1","999.9","  68.0","*","  55.4","*","99.99"," ","999.9","110000"
"71890099999","2020-10-05","49.052333","-123.870167","28.34","NANAIMO, CA","  58.1","16","  53.9","16","1024.3","16","021.5","16","  9.5","16","  2.2","16","  6.0","999.9","  68.0","*","  50.0","*"," 0.00","I","999.9","100000"
"71890099999","2020-10-06","49.052333","-123.870167","28.34","NANAIMO, CA","  59.3","16","  53.7","16","1021.7","16","019.0","16"," 16.6","16","  2.9","16","  8.0","999.9","  69.8","*","  46.4","*"," 0.00","I","999.9","000000"
"71890099999","2020-10-07","49.052333","-123.870167","28.34","NANAIMO, CA","  61.2","16","  55.3","16","1014.4","16","011.7","16"," 21.3","16","  2.9","16","  6.0","999.9","  68.0","*","  48.2","*"," 0.00","I","999.9","000000"
"71890099999","2020-10-08","49.052333","-123.870167","28.34","NANAIMO, CA","  59.3","16","  55.0","16","1010.0","16","007.3","16"," 13.5","16","  2.7","16","  6.0","999.9","  68.0","*","  53.6","*"," 0.00","I","999.9","000000"
"71890099999","2020-10-09","49.052333","-123.870167","28.34","NANAIMO, CA","  58.4","16","  53.6","16","1008.5","16","005.8","16"," 14.9","16","  5.8","16"," 12.0"," 21.0","  64.4","*","  55.4","*","99.99"," ","999.9","010000"
"71890099999","2020-10-10","49.052333","-123.870167","28.34","NANAIMO, CA","  56.2","16","  47.6","16","1001.2","16","998.5","16"," 11.8","16","  5.9","16"," 13.0"," 19.0","  60.8","*","  51.8","*","99.99"," ","999.9","010000"
"71890099999","2020-10-11","49.052333","-123.870167","28.34","NANAIMO, CA","  48.5","16","  42.6","16","1010.6","16","007.8","16"," 12.5","16","  5.2","16"," 11.1"," 19.0","  59.0","*","  39.2","*","99.99"," ","999.9","010000"
"71890099999","2020-10-12","49.052333","-123.870167","28.34","NANAIMO, CA","  51.0","16","  43.2","16","1015.1","16","012.3","16"," 16.4","16","  4.7","16","  8.0"," 15.9","  57.2","*","  44.6","*","99.99"," ","999.9","010000"
"71890099999","2020-10-13","49.052333","-123.870167","28.34","NANAIMO, CA","  53.3","16","  46.4","16","1008.2","16","005.5","16"," 12.3","16","  5.4","16"," 12.0"," 27.0","  60.8","*","  46.4","*","99.99"," ","999.9","010000"
"71890099999","2020-10-14","49.052333","-123.870167","28.34","NANAIMO, CA","  51.2","16","  43.7","16","1023.2","16","020.3","16"," 21.6","16","  3.7","16","  9.9"," 15.9","  59.0","*","  41.0","*","99.99"," ","999.9","010000"
"71890099999","2020-10-15","49.052333","-123.870167","28.34","NANAIMO, CA","  49.2","16","  43.8","16","1034.5","16","031.6","16"," 20.9","16","  3.2","16","  7.0","999.9","  57.2","*","  39.2","*"," 0.00","I","999.9","000000"
"71890099999","2020-10-16","49.052333","-123.870167","28.34","NANAIMO, CA","  52.1","16","  49.2","16","1021.9","16","019.1","16"," 12.7","16","  3.0","16","  6.0","999.9","  57.2","*","  48.2","*","99.99"," ","999.9","010000"
"71890099999","2020-10-17","49.052333","-123.870167","28.34","NANAIMO, CA","  53.3","16","  46.4","16","1019.9","16","017.1","16"," 25.0","16","  2.0","16","  5.1","999.9","  59.0","*","  46.4","*"," 0.00","I","999.9","000000"
"71890099999","2020-10-18","49.052333","-123.870167","28.34","NANAIMO, CA","  50.2","16","  48.0","16","1017.4","16","014.6","16","  7.8","16","  2.4","16","  5.1","999.9","  53.6","*","  48.2","*","99.99"," ","999.9","010000"
"71890099999","2020-10-19","49.052333","-123.870167","28.34","NANAIMO, CA","  50.9","16","  48.5","16","1018.6","16","015.8","16","  8.7","16","  2.4","16","  6.0","999.9","  55.4","*","  42.8","*","99.99"," ","999.9","110000"
"71890099999","2020-10-20","49.052333","-123.870167","28.34","NANAIMO, CA","  48.9","16","  43.9","16","1022.0","16","019.2","16"," 23.8","16","  3.0","16","  7.0","999.9","  55.4","*","  39.2","*"," 0.00","I","999.9","000000"
"71890099999","2020-10-21","49.052333","-123.870167","28.34","NANAIMO, CA","  48.0","16","  39.3","16","1020.3","16","017.5","16"," 23.8","16","  5.7","16"," 14.0"," 19.0","  53.6","*","  41.0","*","99.99"," ","999.9","010000"
"71890099999","2020-10-22","49.052333","-123.870167","28.34","NANAIMO, CA","  45.0","15","  35.0","15","1027.7","15","024.8","15"," 23.7","15","  3.7","15","  7.0","999.9","  53.6","*","  35.6","*"," 0.00","I","999.9","000000"
"71890099999","2020-10-23","49.052333","-123.870167","28.34","NANAIMO, CA","  42.1","16","  40.3","16","1018.9","16","016.1","16","  7.7","16","  5.2","16","  9.9"," 17.1","  50.0","*","  39.2","*","99.99"," ","999.9","010000"
"71890099999","2020-10-24","49.052333","-123.870167","28.34","NANAIMO, CA","  40.7","16","  33.7","16","1022.7","16","019.8","16"," 20.6","16","  3.2","16","  8.0","999.9","  48.2","*","  30.2","*","99.99"," ","999.9","010000"
"71890099999","2020-10-25","49.052333","-123.870167","28.34","NANAIMO, CA","  36.2","16","  25.1","16","1034.5","16","031.6","16"," 25.0","16","  3.4","16","  7.0","999.9","  46.4","*","  24.8","*"," 0.00","I","999.9","000000"
"71890099999","2020-10-26","49.052333","-123.870167","28.34","NANAIMO, CA","  39.2","16","  32.9","16","1034.1","16","031.2","16"," 16.9","16","  2.3","16","  4.1","999.9","  44.6","*","  33.8","*"," 0.00","I","999.9","000000"
"71890099999","2020-10-27","49.052333","-123.870167","28.34","NANAIMO, CA","  42.8","16","  38.7","16","1029.5","16","026.6","16"," 12.8","16","  2.4","16","  5.1","999.9","  48.2","*","  37.4","*"," 0.00","I","999.9","000000"
"71890099999","2020-10-28","49.052333","-123.870167","28.34","NANAIMO, CA","  49.7","16","  47.6","16","1022.4","16","019.6","16","  7.2","16","  1.9","16","  5.1","999.9","  57.2","*","  46.4","*"," 0.00","I","999.9","100000"
"71890099999","2020-10-29","49.052333","-123.870167","28.34","NANAIMO, CA","  52.4","16","  48.8","16","1019.3","16","016.5","16"," 15.3","16","  2.0","16","  5.1","999.9","  62.6","*","  42.8","*"," 0.00","I","999.9","000000"
"71890099999","2020-10-30","49.052333","-123.870167","28.34","NANAIMO, CA","  53.3","16","  43.9","16","1014.5","16","011.7","16"," 17.5","16","  7.0","16"," 14.0"," 17.1","  57.2","*","  50.0","*"," 0.00","I","999.9","000000"
"71890099999","2020-10-31","49.052333","-123.870167","28.34","NANAIMO, CA","  45.7","16","  37.4","16","1028.0","16","025.1","16"," 22.2","16","  2.8","16","  6.0","999.9","  51.8","*","  35.6","*"," 0.00","I","999.9","000000"
"71890099999","2020-11-01","49.052333","-123.870167","28.34","NANAIMO, CA","  46.3","15","  39.4","15","1026.3","15","023.5","15"," 25.3","15","  2.6","15","  7.0","999.9","  55.4","*","  33.8","*"," 0.00","I","999.9","000000"
"71890099999","2020-11-02","49.052333","-123.870167","28.34","NANAIMO, CA","  44.9","16","  39.9","16","1019.9","16","017.1","16"," 24.0","16","  2.6","16","  7.0","999.9","  57.2","*","  32.0","*"," 0.00","I","999.9","000000"
"71890099999","2020-11-03","49.052333","-123.870167","28.34","NANAIMO, CA","  49.2","16","  47.1","16","1012.0","16","009.2","16"," 10.6","16","  3.4","16","  8.0","999.9","  53.6","*","  42.8","*","99.99"," ","999.9","010000"
"71890099999","2020-11-04","49.052333","-123.870167","28.34","NANAIMO, CA","  55.6","16","  52.7","16","1011.1","16","008.3","16","  7.9","16","  6.1","16"," 12.0"," 18.1","  64.4","*","  50.0","*","99.99"," ","999.9","010000"
"71890099999","2020-11-05","49.052333","-123.870167","28.34","NANAIMO, CA","  54.1","15","  44.5","15","1014.1","15","011.3","15"," 16.1","15","  5.1","15"," 17.1"," 27.0","  60.8","*","  48.2","*","99.99"," ","999.9","010000"
"71890099999","2020-11-06","49.052333","-123.870167","28.34","NANAIMO, CA","  46.4","16","  33.7","16","1014.5","16","011.7","16"," 22.5","16","  5.1","16","  8.0"," 15.0","  51.8","*","  42.8","*"," 0.00","I","999.9","000000"
"71890099999","2020-11-07","49.052333","-123.870167","28.34","NANAIMO, CA","  44.9","16","  30.1","16","1010.2","16","007.4","16"," 22.8","16","  7.6","16"," 12.0"," 22.0","  48.2","*","  41.0","*"," 0.00","I","999.9","000000"
"71890099999","2020-11-08","49.052333","-123.870167","28.34","NANAIMO, CA","  45.4","16","  23.1","16","1015.8","16","013.0","16"," 24.7","16","  8.8","16"," 13.0"," 25.1","  50.0","*","  41.0","*"," 0.00","I","999.9","000000"
"71890099999","2020-11-09","49.052333","-123.870167","28.34","NANAIMO, CA","  38.8","16","  27.7","16","1021.6","16","018.7","16"," 17.2","16","  3.2","16","  8.9","999.9","  48.2","*","  32.0","*"," 0.00","I","999.9","000000"
"71890099999","2020-11-10","49.052333","-123.870167","28.34","NANAIMO, CA","  38.8","17","  35.1","17","1016.2","17","013.3","17"," 12.2","17","  4.9","17"," 15.9"," 22.0","  44.6","*","  30.2","*","99.99"," ","999.9","010000"
"71890099999","2020-11-11","49.052333","-123.870167","28.34","NANAIMO, CA","  39.6","16","  37.4","16","1020.3","16","017.4","16"," 16.1","16","  2.7","16","  5.1","999.9","  42.8","*","  35.6","*","99.99"," ","999.9","010000"
"71890099999","2020-11-12","49.052333","-123.870167","28.34","NANAIMO, CA","  40.0","17","  37.8","17","1016.0","17","013.1","17"," 12.2","17","  3.9","17","  8.0","999.9","  42.8","*","  37.4","*","99.99"," ","999.9","010000"
"71890099999","2020-11-13","49.052333","-123.870167","28.34","NANAIMO, CA","  43.1","16","  39.9","16"," 994.9","16","992.1","16"," 10.5","16","  5.2","16"," 11.1"," 15.9","  50.0","*","  39.2","*","99.99"," ","999.9","010000"
"71890099999","2020-11-14","49.052333","-123.870167","28.34","NANAIMO, CA","  37.4","16","  34.6","16","1009.7","16","006.8","16"," 20.1","16","  2.7","16","  9.9","999.9","  44.6","*","  30.2","*","99.99"," ","999.9","010000"
"71890099999","2020-11-15","49.052333","-123.870167","28.34","NANAIMO, CA","  44.7","16","  39.0","16","1008.7","16","005.9","16"," 10.7","16","  7.4","16"," 13.0"," 28.0","  50.0","*","  39.2","*","99.99"," ","999.9","010000"
"71890099999","2020-11-16","49.052333","-123.870167","28.34","NANAIMO, CA","  41.1","13","  39.5","13","1016.3","13","013.4","13","  9.5","13","  1.8","13","  4.1","999.9","  46.4","*","  35.6","*","99.99"," ","999.9","010000"
"71890099999","2020-11-17","49.052333","-123.870167","28.34","NANAIMO, CA","  46.1","16","  43.7","16"," 995.5","16","992.8","16","  7.8","16","  4.1","16"," 11.1"," 20.0","  55.4","*","  39.2","*","99.99"," ","999.9","010000"
"71890099999","2020-11-18","49.052333","-123.870167","28.34","NANAIMO, CA","  47.8","16","  43.2","16"," 998.4","16","995.7","16"," 10.6","16","  4.4","16","  8.9"," 15.9","  53.6","*","  44.6","*","99.99"," ","999.9","010000"
"71890099999","2020-11-19","49.052333","-123.870167","28.34","NANAIMO, CA","  41.0","16","  38.9","16","1015.0","16","012.1","16"," 15.9","16","  2.9","16"," 11.1","999.9","  48.2","*","  32.0","*","99.99"," ","999.9","010000"
"71890099999","2020-11-20","49.052333","-123.870167","28.34","NANAIMO, CA","  42.9","16","  40.5","16","1026.4","16","023.6","16"," 17.5","16","  5.1","16"," 14.0"," 20.0","  50.0","*","  35.6","*","99.99"," ","999.9","010000"
"71890099999","2020-11-21","49.052333","-123.870167","28.34","NANAIMO, CA","  41.3","16","  39.5","16","1030.6","16","027.7","16"," 14.1","16","  2.9","16","  8.0","999.9","  48.2","*","  32.0","*","99.99"," ","999.9","010000"
"71890099999","2020-11-22","49.052333","-123.870167","28.34","NANAIMO, CA","  38.1","16","  37.8","16","1019.9","16","017.1","16","  7.6","16","  1.5","16","  5.1","999.9","  42.8","*","  33.8","*","99.99"," ","999.9","010000"
"71890099999","2020-11-23","49.052333","-123.870167","28.34","NANAIMO, CA","  41.9","16","  40.0","16","1014.4","16","011.6","16","  6.1","16","  2.0","16","  4.1","999.9","  46.4","*","  39.2","*","99.99"," ","999.9","010000"
"71890099999","2020-11-24","49.052333","-123.870167","28.34","NANAIMO, CA","  44.4","16","  43.0","16","1012.9","16","010.1","16","  9.1","16","  6.3","16"," 15.9"," 28.9","  48.2","*","  41.0","*","99.99"," ","999.9","010000"
"71890099999","2020-11-25","49.052333","-123.870167","28.34","NANAIMO, CA","  39.1","16","  36.6","16","1014.8","16","012.0","16"," 14.4","16","  3.0","16","  9.9"," 15.0","  44.6","*","  32.0","*"," 0.00","I","999.9","000000"
"71890099999","2020-11-26","49.052333","-123.870167","28.34","NANAIMO, CA","  40.9","16","  38.9","16","1026.8","16","023.9","16"," 13.7","16","  2.0","16","  7.0","999.9","  46.4","*","  35.6","*","99.99"," ","999.9","010000"
"71890099999","2020-11-27","49.052333","-123.870167","28.34","NANAIMO, CA","  45.6","16","  43.6","16","1022.7","16","019.9","16"," 13.8","16"," 10.1","16"," 18.1"," 22.9","  46.4","*","  42.8","*","99.99"," ","999.9","010000"
"71890099999","2020-11-28","49.052333","-123.870167","28.34","NANAIMO, CA","  45.2","16","  39.7","16","1023.1","16","020.2","16"," 21.3","16","  6.1","16"," 15.0"," 19.0","  50.0","*","  32.0","*","99.99"," ","999.9","010000"
"71890099999","2020-11-29","49.052333","-123.870167","28.34","NANAIMO, CA","  38.2","16","  35.6","16","1025.7","16","022.8","16"," 20.2","16","  2.1","16","  6.0","999.9","  44.6","*","  32.0","*"," 0.00","I","999.9","000000"
"71890099999","2020-11-30","49.052333","-123.870167","28.34","NANAIMO, CA","  45.6","16","  39.2","16","1014.8","16","012.0","16"," 15.2","16","  5.1","16","  8.9"," 15.9","  51.8","*","  39.2","*","99.99"," ","999.9","010000"
"71890099999","2020-12-01","49.052333","-123.870167","28.34","NANAIMO, CA","  39.0","16","  33.2","16","1033.9","16","031.0","16"," 18.1","16","  3.3","16","  7.0","999.9","  46.4","*","  28.4","*"," 0.00","I","999.9","000000"
"71890099999","2020-12-02","49.052333","-123.870167","28.34","NANAIMO, CA","  36.8","16","  32.8","16","1028.8","16","025.9","16"," 23.4","16","  2.0","16","  5.1","999.9","  48.2","*","  28.4","*"," 0.00","I","999.9","000000"
"71890099999","2020-12-03","49.052333","-123.870167","28.34","NANAIMO, CA","  35.6","16","  34.6","16","1024.7","16","021.8","16"," 19.3","16","  0.8","16","  2.9","999.9","  42.8","*","  30.2","*","99.99"," ","999.9","110000"
"71890099999","2020-12-04","49.052333","-123.870167","28.34","NANAIMO, CA","  41.5","15","  38.6","15","1030.6","15","027.8","15"," 23.3","15","  1.4","15","  6.0","999.9","  51.8","*","  33.8","*"," 0.00","I","999.9","000000"
"71890099999","2020-12-05","49.052333","-123.870167","28.34","NANAIMO, CA","  38.4","16","  34.5","16","1022.0","16","019.1","16"," 23.4","16","  1.3","16","  2.9","999.9","  50.0","*","  28.4","*"," 0.00","I","999.9","000000"
"71890099999","2020-12-06","49.052333","-123.870167","28.34","NANAIMO, CA","  42.0","16","  39.4","16","1024.2","16","021.3","16"," 17.2","16","  2.0","16","  7.0","999.9","  51.8","*","  33.8","*"," 0.00","I","999.9","000000"
"71890099999","2020-12-07","49.052333","-123.870167","28.34","NANAIMO, CA","  47.8","16","  45.6","16","1027.0","16","024.2","16","  9.3","16","  5.4","16"," 12.0"," 15.0","  51.8","*","  46.4","*","99.99"," ","999.9","010000"
"71890099999","2020-12-08","49.052333","-123.870167","28.34","NANAIMO, CA","  47.0","16","  47.0","16","1019.9","16","017.1","16","  4.4","16","  4.0","16","  7.0","999.9","  48.2","*","  46.4","*","99.99"," ","999.9","010000"
"71890099999","2020-12-09","49.052333","-123.870167","28.34","NANAIMO, CA","  43.4","16","  42.1","16","1023.0","16","020.2","16"," 13.5","16","  1.5","16","  6.0","999.9","  50.0","*","  33.8","*","99.99"," ","999.9","010000"
"71890099999","2020-12-10","49.052333","-123.870167","28.34","NANAIMO, CA","  39.9","16","  38.9","16","1020.6","16","017.7","16","  9.2","16","  1.8","16","  4.1","999.9","  44.6","*","  33.8","*"," 0.00","I","999.9","100000"
"71890099999","2020-12-11","49.052333","-123.870167","28.34","NANAIMO, CA","  38.2","17","  37.3","17","1016.6","17","013.7","17"," 11.9","17","  1.9","17","  6.0","999.9","  44.6","*","  32.0","*","99.99"," ","999.9","010000"
"71890099999","2020-12-12","49.052333","-123.870167","28.34","NANAIMO, CA","  36.4","16","  35.7","16","1022.4","16","019.5","16"," 13.4","16","  1.2","16","  2.9","999.9","  41.0","*","  30.2","*","99.99"," ","999.9","010000"
"71890099999","2020-12-13","49.052333","-123.870167","28.34","NANAIMO, CA","  36.3","16","  35.6","16","1015.5","16","012.6","16","  5.6","16","  2.6","16","  7.0"," 17.1","  39.2","*","  30.2","*","99.99"," ","999.9","110000"
"71890099999","2020-12-14","49.052333","-123.870167","28.34","NANAIMO, CA","  40.4","16","  39.3","16","1020.1","16","017.2","16","  6.4","16","  2.2","16","  5.1","999.9","  46.4","*","  37.4","*","99.99"," ","999.9","010000"
"71890099999","2020-12-15","49.052333","-123.870167","28.34","NANAIMO, CA","  42.9","16","  41.2","16","1015.1","16","012.3","16"," 13.1","16","  4.5","16","  8.9"," 15.0","  48.2","*","  37.4","*","99.99"," ","999.9","010000"
"71890099999","2020-12-16","49.052333","-123.870167","28.34","NANAIMO, CA","  44.4","16","  42.9","16","1012.1","16","009.3","16","  7.6","16","  6.3","16"," 11.1"," 17.1","  46.4","*","  41.0","*","99.99"," ","999.9","010000"
"71890099999","2020-12-17","49.052333","-123.870167","28.34","NANAIMO, CA","  45.7","16","  41.6","16","1004.7","16","001.9","16"," 13.8","16","  5.5","16"," 11.1"," 19.0","  48.2","*","  41.0","*","99.99"," ","999.9","010000"
"71890099999","2020-12-18","49.052333","-123.870167","28.34","NANAIMO, CA","  43.2","16","  42.1","16","1015.7","16","012.9","16"," 11.1","16","  8.1","16"," 18.1"," 29.9","  44.6","*","  39.2","*","99.99"," ","999.9","010000"
"71890099999","2020-12-19","49.052333","-123.870167","28.34","NANAIMO, CA","  42.6","16","  40.8","16","1014.5","16","011.7","16","  8.6","16","  7.2","16"," 15.9"," 21.0","  46.4","*","  35.6","*","99.99"," ","999.9","010000"
"71890099999","2020-12-20","49.052333","-123.870167","28.34","NANAIMO, CA","  44.8","16","  39.0","16","1014.5","16","011.7","16"," 13.1","16","  5.4","16","  9.9"," 15.9","  51.8","*","  37.4","*","99.99"," ","999.9","010000"
"71890099999","2020-12-21","49.052333","-123.870167","28.34","NANAIMO, CA","  36.9","16","  34.2","16","1012.3","16","009.4","16","  8.0","16","  3.3","16","  7.0","999.9","  48.2","*","  32.0","*","99.99"," ","999.9","011000"
"71890099999","2020-12-22","49.052333","-123.870167","28.34","NANAIMO, CA","  40.3","16","  29.6","16","1017.3","16","014.4","16"," 21.2","16","  7.2","16"," 11.1"," 21.0","  42.8","*","  37.4","*","99.99"," ","999.9","010000"
"71890099999","2020-12-23","49.052333","-123.870167","28.34","NANAIMO, CA","  34.1","16","  30.9","16","1033.4","16","030.4","16"," 21.6","16","  2.2","16","  6.0","999.9","  39.2","*","  28.4","*"," 0.00","I","999.9","000000"
"71890099999","2020-12-24","49.052333","-123.870167","28.34","NANAIMO, CA","  30.3","16","  28.8","16","1024.5","16","021.5","16"," 21.6","16","  0.8","16","  1.9","999.9","  37.4","*","  23.0","*"," 0.00","I","999.9","000000"
"71890099999","2020-12-25","49.052333","-123.870167","28.34","NANAIMO, CA","  34.4","16","  34.0","16","1012.0","16","009.1","16"," 12.0","16","  1.8","16","  4.1","999.9","  37.4","*","  30.2","*","99.99"," ","999.9","010000"
"71890099999","2020-12-26","49.052333","-123.870167","28.34","NANAIMO, CA","  40.9","16","  38.0","16","1006.2","16","003.4","16"," 10.3","16","  3.8","16","  8.9"," 15.0","  46.4","*","  35.6","*","99.99"," ","999.9","010000"
"71890099999","2020-12-27","49.052333","-123.870167","28.34","NANAIMO, CA","  39.0","16","  38.1","16","1018.1","16","015.2","16","  9.7","16","  2.8","16","  7.0","999.9","  44.6","*","  35.6","*","99.99"," ","999.9","010000"
"71890099999","2020-12-28","49.052333","-123.870167","28.34","NANAIMO, CA","  41.4","16","  39.8","16","1020.3","16","017.4","16","  9.1","16","  4.0","16","  6.0","999.9","  44.6","*","  39.2","*","99.99"," ","999.9","010000"
"71890099999","2020-12-29","49.052333","-123.870167","28.34","NANAIMO, CA","  36.7","16","  35.8","16","1023.8","16","020.9","16"," 12.4","16","  1.7","16","  4.1","999.9","  42.8","*","  30.2","*","99.99"," ","999.9","010000"
"71890099999","2020-12-30","49.052333","-123.870167","28.34","NANAIMO, CA","  41.4","16","  40.8","16","1012.8","16","010.0","16","  4.4","16","  6.7","16"," 11.1"," 15.9","  44.6","*","  39.2","*","99.99"," ","999.9","010000"
"71890099999","2020-12-31","49.052333","-123.870167","28.34","NANAIMO, CA","  42.9","17","  41.6","17","1011.6","17","008.8","17","  5.0","17","  5.0","17"," 11.1"," 20.0","  44.6","*","  39.2","*","99.99"," ","999.9","010000"
