"STATION","DATE","LATITUDE","LONGITUDE","ELEVATION","NAME","TEMP","TEMP_ATTRIBUTES","DEWP","DEWP_ATTRIBUTES","SLP","SLP_ATTRIBUTES","STP","STP_ATTRIBUTES","VISIB","VISIB_ATTRIBUTES","WDSP","WDSP_ATTRIBUTES","MXSPD","GUST","MAX","MAX_ATTRIBUTES","MIN","MIN_ATTRIBUTES","PRCP","PRCP_ATTRIBUTES","SNDP","FRSHTT"
"84691099999","2020-01-01","-13.744864","-76.220284","11.88","PISCO INTERNATIONAL, PE","  72.0","24","  66.6","24","1012.7"," 8","011.5"," 8","  6.0","24","  9.6","24"," 17.1","999.9","  77.0","*","  69.1"," "," 0.00","I","999.9","000000"
"84691099999","2020-01-02","-13.744864","-76.220284","11.88","PISCO INTERNATIONAL, PE","  72.1","24","  66.4","24","1013.7"," 7","012.5"," 7","  5.6","24","  8.5","24"," 18.1","999.9","  78.8","*","  68.0"," "," 0.00","I","999.9","000000"
"84691099999","2020-01-03","-13.744864","-76.220284","11.88","PISCO INTERNATIONAL, PE","  72.5","24","  65.4","24","1014.2"," 8","013.0"," 8","  6.0","24"," 13.7","24"," 18.1","999.9","  79.3"," ","  68.0","*"," 0.00","I","999.9","000000"
"84691099999","2020-01-04","-13.744864","-76.220284","11.88","PISCO INTERNATIONAL, PE","  72.8","24","  67.2","24","1015.3"," 5","014.1"," 5","  6.2","24"," 10.7","24"," 21.0","999.9","  79.7"," ","  69.8","*"," 0.00","I","999.9","000000"
"84691099999","2020-01-05","-13.744864","-76.220284","11.88","PISCO INTERNATIONAL, PE","  72.0","24","  65.9","24","1015.6"," 8","014.4"," 8","  5.7","24"," 11.3","24"," 21.0","999.9","  78.8","*","  68.0","*"," 0.00","I","999.9","000000"
"84691099999","2020-01-06","-13.744864","-76.220284","11.88","PISCO INTERNATIONAL, PE","  71.3","24","  65.6","24","1014.2"," 8","013.0"," 8","  5.9","24"," 10.7","24"," 20.0","999.9","  77.4","*","  65.8"," "," 0.00","I","999.9","000000"
"84691099999","2020-01-07","-13.744864","-76.220284","11.88","PISCO INTERNATIONAL, PE","  70.9","24","  66.6","24","1013.2"," 8","012.0"," 8","  5.1","24","  7.9","24"," 18.1","999.9","  75.7","*","  66.0"," "," 0.00","I","999.9","000000"
"84691099999","2020-01-08","-13.744864","-76.220284","11.88","PISCO INTERNATIONAL, PE","  73.3","24","  67.6","24","1014.4"," 8","013.1"," 8","  6.1","24"," 10.9","24"," 21.0","999.9","  79.2","*","  69.1"," "," 0.00","I","999.9","000000"
"84691099999","2020-01-09","-13.744864","-76.220284","11.88","PISCO INTERNATIONAL, PE","  73.0","24","  67.3","24","1012.9"," 7","011.7"," 7","  6.0","24"," 13.4","24"," 22.0","999.9","  78.8","*","  68.9"," "," 0.00","I","999.9","000000"
"84691099999","2020-01-10","-13.744864","-76.220284","11.88","PISCO INTERNATIONAL, PE","  71.4","24","  65.3","24","1009.6"," 8","008.4"," 8","  4.7","24"," 11.8","24"," 29.9","999.9","  77.4","*","  65.1"," "," 0.00","I","999.9","000000"
"84691099999","2020-01-11","-13.744864","-76.220284","11.88","PISCO INTERNATIONAL, PE","  70.6","22","  64.8","22","1008.7"," 6","007.5"," 6","  4.9","22","  8.9","22"," 20.0","999.9","  77.0","*","  66.2","*"," 0.00","I","999.9","000000"
"84691099999","2020-01-12","-13.744864","-76.220284","11.88","PISCO INTERNATIONAL, PE","  71.2","24","  64.7","24","1009.8"," 8","008.6"," 8","  5.3","24"," 10.0","24"," 21.0","999.9","  77.0","*","  66.2","*"," 0.00","I","999.9","000000"
"84691099999","2020-01-13","-13.744864","-76.220284","11.88","PISCO INTERNATIONAL, PE","  71.5","21","  64.4","21","1010.4"," 6","009.2"," 6","  5.9","21","  6.9","21"," 17.1","999.9","  78.8","*","  66.2"," "," 0.00","I","999.9","000000"
"84691099999","2020-01-14","-13.744864","-76.220284","11.88","PISCO INTERNATIONAL, PE","  71.1","24","  65.3","24","1010.0"," 8","008.8"," 8","  5.9","24","  6.4","24"," 14.0","999.9","  75.2","*","  66.9"," "," 0.00","I","999.9","000000"
"84691099999","2020-01-15","-13.744864","-76.220284","11.88","PISCO INTERNATIONAL, PE","  71.9","24","  66.6","24","1010.2"," 6","009.0"," 6","  5.5","24","  6.9","24"," 12.0","999.9","  77.0","*","  69.8","*"," 0.00","I","999.9","000000"
"84691099999","2020-01-16","-13.744864","-76.220284","11.88","PISCO INTERNATIONAL, PE","  72.7","24","  66.6","24","1010.3"," 8","009.0"," 8","  5.0","24"," 10.7","24"," 24.1","999.9","  78.8","*","  68.0","*"," 0.00","I","999.9","000000"
"84691099999","2020-01-17","-13.744864","-76.220284","11.88","PISCO INTERNATIONAL, PE","  72.0","24","  66.6","24","1009.4"," 7","008.2"," 8","  5.7","24"," 10.9","24"," 21.0","999.9","  78.8","*","  68.9"," "," 0.00","I","999.9","000000"
"84691099999","2020-01-18","-13.744864","-76.220284","11.88","PISCO INTERNATIONAL, PE","  71.1","24","  66.4","24","1009.8"," 8","008.5"," 8","  5.2","24","  8.7","24"," 19.0","999.9","  75.2","*","  68.0","*"," 0.00","I","999.9","000000"
"84691099999","2020-01-19","-13.744864","-76.220284","11.88","PISCO INTERNATIONAL, PE","  72.7","23","  66.8","23","1011.3"," 7","010.1"," 7","  6.0","23","  8.6","23"," 15.0","999.9","  78.8","*","  69.3"," "," 0.00","I","999.9","000000"
"84691099999","2020-01-20","-13.744864","-76.220284","11.88","PISCO INTERNATIONAL, PE","  72.8","24","  66.7","24","1011.2"," 8","010.0"," 8","  5.6","24","  9.4","24"," 15.9","999.9","  77.2","*","  69.3"," "," 0.00","I","999.9","000000"
"84691099999","2020-01-21","-13.744864","-76.220284","11.88","PISCO INTERNATIONAL, PE","  71.3","24","  67.9","24","1012.2"," 8","011.0"," 8","  5.1","24","  6.5","24"," 14.0","999.9","  75.2","*","  68.9"," "," 0.00","I","999.9","000000"
"84691099999","2020-01-22","-13.744864","-76.220284","11.88","PISCO INTERNATIONAL, PE","  72.8","24","  68.6","24","1013.2"," 7","012.0"," 7","  5.2","24","  3.5","24","  8.0","999.9","  76.3"," ","  69.8","*","99.99"," ","999.9","010000"
"84691099999","2020-01-23","-13.744864","-76.220284","11.88","PISCO INTERNATIONAL, PE","  77.4","24","  68.6","24","1014.0"," 7","012.8"," 7","  5.8","24","  4.9","24"," 12.0","999.9","  84.2","*","  73.0"," "," 0.00","I","999.9","000000"
"84691099999","2020-01-24","-13.744864","-76.220284","11.88","PISCO INTERNATIONAL, PE","  77.4","24","  69.5","24","1013.5"," 7","012.3"," 7","  6.1","24","  5.2","24","  9.9","999.9","  82.4","*","  73.4","*"," 0.00","I","999.9","000000"
"84691099999","2020-01-25","-13.744864","-76.220284","11.88","PISCO INTERNATIONAL, PE","  76.1","24","  67.8","24","1014.4"," 7","013.2"," 7","  6.2","24","  9.0","24"," 18.1","999.9","  82.8","*","  70.9","*"," 0.00","I","999.9","000000"
"84691099999","2020-01-26","-13.744864","-76.220284","11.88","PISCO INTERNATIONAL, PE","  74.2","24","  67.8","24","1013.9"," 8","012.7"," 8","  6.2","24"," 12.9","24"," 22.9","999.9","  80.6","*","  69.8","*"," 0.00","I","999.9","000000"
"84691099999","2020-01-27","-13.744864","-76.220284","11.88","PISCO INTERNATIONAL, PE","  73.8","24","  68.2","24","1013.3"," 7","012.1"," 7","  5.4","24"," 10.5","24"," 21.0","999.9","  78.8","*","  68.9"," "," 0.00","I","999.9","000000"
"84691099999","2020-01-28","-13.744864","-76.220284","11.88","PISCO INTERNATIONAL, PE","  72.7","24","  68.8","24","1014.2"," 8","013.0"," 8","  5.1","24","  6.3","24"," 15.0","999.9","  77.0","*","  69.8"," "," 0.00","I","999.9","000000"
"84691099999","2020-01-29","-13.744864","-76.220284","11.88","PISCO INTERNATIONAL, PE","  76.6","24","  69.2","24","1013.8"," 7","012.4"," 8","  5.5","24","  7.6","24"," 19.0","999.9","  82.4","*","  70.9"," "," 0.00","I","999.9","000000"
"84691099999","2020-01-30","-13.744864","-76.220284","11.88","PISCO INTERNATIONAL, PE","  74.7","24","  69.3","24","9999.9"," 0","999.9"," 0","  6.1","24"," 12.1","24"," 22.9","999.9","  82.4","*","  69.8","*"," 0.00","I","999.9","000000"
"84691099999","2020-01-31","-13.744864","-76.220284","11.88","PISCO INTERNATIONAL, PE","  74.3","23","  68.2","23","9999.9"," 0","999.9"," 0","  6.0","23"," 10.6","23"," 25.1","999.9","  80.6","*","  69.8","*"," 0.00","I","999.9","000000"
"84691099999","2020-02-01","-13.744864","-76.220284","11.88","PISCO INTERNATIONAL, PE","  73.8","24","  69.3","24","1012.2"," 5","011.0"," 5","  5.1","24","  8.2","24"," 21.0","999.9","  78.8","*","  69.8","*"," 0.00","I","999.9","000000"
"84691099999","2020-02-02","-13.744864","-76.220284","11.88","PISCO INTERNATIONAL, PE","  74.9","24","  67.1","24","1012.0"," 8","010.8"," 8","  5.9","24"," 11.2","24"," 22.9","999.9","  82.4","*","  69.8","*"," 0.00","I","999.9","000000"
"84691099999","2020-02-03","-13.744864","-76.220284","11.88","PISCO INTERNATIONAL, PE","  73.1","24","  66.5","24","1012.6"," 7","011.4"," 7","  5.5","24","  7.1","24"," 17.1","999.9","  77.0","*","  68.9"," "," 0.00","I","999.9","000000"
"84691099999","2020-02-04","-13.744864","-76.220284","11.88","PISCO INTERNATIONAL, PE","  73.9","23","  65.0","23","1012.2"," 5","011.0"," 5","  6.0","23"," 11.5","23"," 25.1","999.9","  78.8","*","  67.5"," "," 0.00","I","999.9","000000"
"84691099999","2020-02-05","-13.744864","-76.220284","11.88","PISCO INTERNATIONAL, PE","  72.3","24","  65.2","24","1011.3"," 8","010.1"," 8","  4.9","24","  9.2","24"," 19.0","999.9","  80.6","*","  68.0","*"," 0.00","I","999.9","000000"
"84691099999","2020-02-06","-13.744864","-76.220284","11.88","PISCO INTERNATIONAL, PE","  72.1","24","  67.1","24","1011.6"," 8","010.4"," 8","  5.1","24","  6.3","24"," 17.1","999.9","  75.6","*","  67.6"," "," 0.00","I","999.9","000000"
"84691099999","2020-02-07","-13.744864","-76.220284","11.88","PISCO INTERNATIONAL, PE","  75.4","24","  66.8","24","1011.7"," 8","010.5"," 8","  6.0","24","  6.3","24"," 20.0","999.9","  81.1","*","  69.8","*"," 0.00","I","999.9","000000"
"84691099999","2020-02-08","-13.744864","-76.220284","11.88","PISCO INTERNATIONAL, PE","  74.7","24","  65.7","24","1011.9"," 8","010.7"," 8","  5.5","24","  9.4","24"," 21.0","999.9","  82.4","*","  68.9"," "," 0.00","I","999.9","000000"
"84691099999","2020-02-09","-13.744864","-76.220284","11.88","PISCO INTERNATIONAL, PE","  72.8","23","  65.0","23","1012.6"," 7","011.4"," 7","  6.2","23"," 10.2","23"," 22.0","999.9","  78.8","*","  68.4"," "," 0.00","I","999.9","000000"
"84691099999","2020-02-10","-13.744864","-76.220284","11.88","PISCO INTERNATIONAL, PE","  72.1","24","  65.5","24","1012.0"," 6","010.8"," 6","  6.2","24","  9.4","24"," 18.1","999.9","  78.8","*","  68.0","*"," 0.00","I","999.9","000000"
"84691099999","2020-02-11","-13.744864","-76.220284","11.88","PISCO INTERNATIONAL, PE","  72.7","24","  64.2","24","1010.8"," 7","009.6"," 7","  6.2","24","  7.1","24"," 20.0","999.9","  77.7","*","  68.9"," "," 0.00","I","999.9","000000"
"84691099999","2020-02-12","-13.744864","-76.220284","11.88","PISCO INTERNATIONAL, PE","  72.3","24","  64.9","24","1010.6"," 8","009.4"," 8","  5.9","24","  8.8","24"," 22.0","999.9","  78.8","*","  67.8"," "," 0.00","I","999.9","000000"
"84691099999","2020-02-13","-13.744864","-76.220284","11.88","PISCO INTERNATIONAL, PE","  71.1","24","  66.6","24","1010.0"," 8","008.8"," 8","  5.8","24","  7.6","24"," 20.0","999.9","  75.2","*","  68.0","*"," 0.00","I","999.9","000000"
"84691099999","2020-02-14","-13.744864","-76.220284","11.88","PISCO INTERNATIONAL, PE","  73.5","24","  68.3","24","1010.6"," 8","009.4"," 8","  5.3","24","  7.9","24"," 17.1","999.9","  80.6","*","  68.0","*"," 0.00","I","999.9","000000"
"84691099999","2020-02-15","-13.744864","-76.220284","11.88","PISCO INTERNATIONAL, PE","  74.1","24","  69.3","24","1010.7"," 8","009.5"," 8","  4.5","24","  7.0","24"," 15.9","999.9","  80.6","*","  69.8","*"," 0.00","I","999.9","000000"
"84691099999","2020-02-16","-13.744864","-76.220284","11.88","PISCO INTERNATIONAL, PE","  75.9","24","  69.8","24","1009.9"," 8","008.7"," 8","  5.7","24","  8.1","24"," 22.0","999.9","  84.2","*","  71.6","*"," 0.00","I","999.9","000000"
"84691099999","2020-02-17","-13.744864","-76.220284","11.88","PISCO INTERNATIONAL, PE","  75.4","24","  69.1","24","1008.0"," 8","006.8"," 8","  5.8","24"," 10.9","24"," 24.1","999.9","  82.4","*","  71.1"," "," 0.00","I","999.9","000000"
"84691099999","2020-02-18","-13.744864","-76.220284","11.88","PISCO INTERNATIONAL, PE","  74.4","24","  69.0","24","1008.0"," 8","006.8"," 8","  5.5","24","  8.1","24"," 20.0","999.9","  80.6","*","  71.2"," "," 0.00","I","999.9","000000"
"84691099999","2020-02-19","-13.744864","-76.220284","11.88","PISCO INTERNATIONAL, PE","  76.1","24","  68.8","24","1009.3"," 7","008.3"," 7","  5.4","24","  8.7","24"," 19.0","999.9","  82.4","*","  72.9"," "," 0.00","I","999.9","000000"
"84691099999","2020-02-20","-13.744864","-76.220284","11.88","PISCO INTERNATIONAL, PE","  75.0","24","  68.8","24","1009.8"," 7","008.9"," 7","  5.0","24","  9.7","24"," 19.0","999.9","  84.2","*","  71.6","*"," 0.00","I","999.9","000000"
"84691099999","2020-02-21","-13.744864","-76.220284","11.88","PISCO INTERNATIONAL, PE","  75.3","23","  69.1","23","1011.9"," 7","010.4"," 6","  5.9","23","  7.1","23"," 17.1","999.9","  82.4","*","  71.6","*"," 0.00","I","999.9","000000"
"84691099999","2020-02-22","-13.744864","-76.220284","11.88","PISCO INTERNATIONAL, PE","  76.5","24","  69.3","24","1012.6"," 7","011.4"," 7","  5.9","24","  6.4","24"," 13.0","999.9","  82.4","*","  71.4"," "," 0.00","I","999.9","000000"
"84691099999","2020-02-23","-13.744864","-76.220284","11.88","PISCO INTERNATIONAL, PE","  76.8","24","  70.8","24","1012.9"," 8","011.7"," 8","  5.7","24","  6.3","24"," 11.1","999.9","  80.8","*","  73.2"," "," 0.00","I","999.9","000000"
"84691099999","2020-02-24","-13.744864","-76.220284","11.88","PISCO INTERNATIONAL, PE","  77.9","24","  70.6","24","1012.6"," 7","011.4"," 7","  6.2","24","  7.9","24"," 20.0","999.9","  86.0","*","  73.9"," "," 0.00","I","999.9","000000"
"84691099999","2020-02-25","-13.744864","-76.220284","11.88","PISCO INTERNATIONAL, PE","  75.3","24","  69.9","24","1012.3"," 8","011.1"," 8","  5.4","24","  9.2","24"," 22.0","999.9","  82.4","*","  71.4"," "," 0.00","I","999.9","000000"
"84691099999","2020-02-26","-13.744864","-76.220284","11.88","PISCO INTERNATIONAL, PE","  75.0","23","  69.2","23","1013.2"," 8","012.0"," 8","  5.7","23"," 10.5","23"," 21.0","999.9","  82.4","*","  71.2"," "," 0.00","I","999.9","000000"
"84691099999","2020-02-27","-13.744864","-76.220284","11.88","PISCO INTERNATIONAL, PE","  74.7","24","  69.7","24","1012.9"," 8","011.7"," 8","  5.9","24","  8.0","24"," 17.1","999.9","  77.7","*","  72.9"," "," 0.00","I","999.9","100000"
"84691099999","2020-02-28","-13.744864","-76.220284","11.88","PISCO INTERNATIONAL, PE","  75.1","24","  70.2","24","1013.3"," 7","012.1"," 7","  5.4","24","  7.1","24"," 18.1","999.9","  82.4","*","  71.6","*"," 0.00","I","999.9","000000"
"84691099999","2020-02-29","-13.744864","-76.220284","11.88","PISCO INTERNATIONAL, PE","  75.9","24","  68.6","24","1012.7"," 7","011.5"," 7","  5.9","24","  8.4","24"," 17.1","999.9","  80.6","*","  71.6","*"," 0.00","I","999.9","000000"
"84691099999","2020-03-01","-13.744864","-76.220284","11.88","PISCO INTERNATIONAL, PE","  75.1","24","  68.7","24","1012.6"," 7","011.4"," 7","  4.9","24","  9.4","24"," 20.0","999.9","  82.4","*","  71.6","*"," 0.00","I","999.9","000000"
"84691099999","2020-03-02","-13.744864","-76.220284","11.88","PISCO INTERNATIONAL, PE","  76.0","24","  68.3","24","1012.1"," 6","010.9"," 6","  6.0","24"," 10.1","24"," 20.0","999.9","  84.2","*","  70.9"," "," 0.00","I","999.9","000000"
"84691099999","2020-03-03","-13.744864","-76.220284","11.88","PISCO INTERNATIONAL, PE","  75.4","24","  68.1","24","1011.0"," 8","009.8"," 8","  5.9","24","  8.9","24"," 19.0","999.9","  80.6","*","  72.5"," "," 0.00","I","999.9","000000"
"84691099999","2020-03-04","-13.744864","-76.220284","11.88","PISCO INTERNATIONAL, PE","  73.8","24","  66.3","24","1010.5"," 8","009.3"," 8","  5.9","24","  8.2","24"," 19.0","999.9","  80.6","*","  68.7"," "," 0.00","I","999.9","000000"
"84691099999","2020-03-05","-13.744864","-76.220284","11.88","PISCO INTERNATIONAL, PE","  74.4","24","  66.3","24","1011.1"," 8","009.9"," 8","  5.7","24","  9.2","24"," 18.1","999.9","  82.4","*","  69.8"," "," 0.00","I","999.9","000000"
"84691099999","2020-03-06","-13.744864","-76.220284","11.88","PISCO INTERNATIONAL, PE","  74.5","24","  65.9","24","1011.7"," 8","010.5"," 8","  5.6","24","  7.7","24"," 17.1","999.9","  79.2","*","  69.6"," "," 0.00","I","999.9","000000"
"84691099999","2020-03-07","-13.744864","-76.220284","11.88","PISCO INTERNATIONAL, PE","  75.1","24","  66.3","24","1011.0"," 8","009.8"," 8","  5.8","24","  8.1","24"," 15.0","999.9","  81.3","*","  69.8","*"," 0.00","I","999.9","000000"
"84691099999","2020-03-08","-13.744864","-76.220284","11.88","PISCO INTERNATIONAL, PE","  75.6","24","  67.3","24","1011.3"," 8","010.1"," 8","  6.1","24","  7.3","24"," 15.0","999.9","  81.3","*","  71.6","*"," 0.00","I","999.9","000000"
"84691099999","2020-03-09","-13.744864","-76.220284","11.88","PISCO INTERNATIONAL, PE","  76.2","24","  67.5","24","1012.5"," 7","011.1"," 7","  5.9","24","  8.3","24"," 17.1","999.9","  84.2","*","  71.6","*"," 0.00","I","999.9","000000"
"84691099999","2020-03-10","-13.744864","-76.220284","11.88","PISCO INTERNATIONAL, PE","  74.2","24","  68.9","24","1012.5"," 8","011.3"," 8","  5.8","24","  6.6","24"," 15.0","999.9","  78.8","*","  69.4"," "," 0.00","I","999.9","000000"
"84691099999","2020-03-11","-13.744864","-76.220284","11.88","PISCO INTERNATIONAL, PE","  76.8","19","  68.8","19","1010.9"," 6","009.7"," 6","  5.9","19","  7.6","19"," 15.9","999.9","  84.2","*","  70.7"," "," 0.00","I","999.9","000000"
"84691099999","2020-03-12","-13.744864","-76.220284","11.88","PISCO INTERNATIONAL, PE","  77.1","24","  67.8","24","1009.9"," 7","008.7"," 7","  5.8","24","  7.8","24"," 18.1","999.9","  84.2","*","  71.6","*"," 0.00","I","999.9","000000"
"84691099999","2020-03-13","-13.744864","-76.220284","11.88","PISCO INTERNATIONAL, PE","  77.0","21","  68.4","21","1011.7"," 7","010.5"," 7","  5.9","21","  9.5","21"," 22.9","999.9","  82.4","*","  72.7"," "," 0.00","I","999.9","000000"
"84691099999","2020-03-14","-13.744864","-76.220284","11.88","PISCO INTERNATIONAL, PE","  76.3","19","  67.2","19","1012.0"," 7","010.8"," 7","  6.0","19"," 11.0","19"," 20.0","999.9","  82.4","*","  70.9"," "," 0.00","I","999.9","000000"
"84691099999","2020-03-15","-13.744864","-76.220284","11.88","PISCO INTERNATIONAL, PE","  74.2","24","  67.6","24","1012.9"," 8","011.7"," 8","  5.8","24"," 10.3","24"," 19.0","999.9","  80.6","*","  70.5"," "," 0.00","I","999.9","000000"
"84691099999","2020-03-16","-13.744864","-76.220284","11.88","PISCO INTERNATIONAL, PE","  74.6","23","  67.5","23","1012.1"," 8","010.9"," 8","  5.7","23","  8.4","23"," 20.0","999.9","  80.6","*","  71.6"," "," 0.00","I","999.9","000000"
"84691099999","2020-03-17","-13.744864","-76.220284","11.88","PISCO INTERNATIONAL, PE","  74.1","24","  66.1","24","1012.1"," 8","010.9"," 8","  5.7","24"," 10.9","24"," 19.0","999.9","  79.0","*","  69.8"," "," 0.00","I","999.9","000000"
"84691099999","2020-03-18","-13.744864","-76.220284","11.88","PISCO INTERNATIONAL, PE","  75.4","24","  66.7","24","1012.7"," 7","011.5"," 7","  6.0","24","  6.9","24"," 18.1","999.9","  82.4","*","  69.4"," "," 0.00","I","999.9","000000"
"84691099999","2020-03-19","-13.744864","-76.220284","11.88","PISCO INTERNATIONAL, PE","  74.1","24","  67.4","24","1013.5"," 8","012.3"," 8","  5.9","24","  9.8","24"," 19.0","999.9","  84.6"," ","  69.8"," "," 0.00","I","999.9","000000"
"84691099999","2020-03-20","-13.744864","-76.220284","11.88","PISCO INTERNATIONAL, PE","  73.6","24","  68.8","24","1013.1"," 7","011.9"," 7","  5.9","24","  7.6","24"," 15.9","999.9","  77.7","*","  69.8","*"," 0.00","I","999.9","000000"
"84691099999","2020-03-21","-13.744864","-76.220284","11.88","PISCO INTERNATIONAL, PE","  76.1","24","  68.2","24","1013.4"," 8","012.2"," 8","  5.9","24","  7.9","24"," 15.9","999.9","  84.2","*","  69.6"," "," 0.00","I","999.9","000000"
"84691099999","2020-03-22","-13.744864","-76.220284","11.88","PISCO INTERNATIONAL, PE","  76.0","24","  66.0","24","1013.2"," 8","012.0"," 8","  5.5","24","  8.8","24"," 18.1","999.9","  86.0","*","  68.0","*"," 0.00","I","999.9","000000"
"84691099999","2020-03-23","-13.744864","-76.220284","11.88","PISCO INTERNATIONAL, PE","  75.1","24","  67.3","24","1013.1"," 8","012.0"," 8","  5.5","24"," 10.8","24"," 25.1","999.9","  82.4","*","  70.7"," "," 0.00","I","999.9","000000"
"84691099999","2020-03-24","-13.744864","-76.220284","11.88","PISCO INTERNATIONAL, PE","  72.5","24","  67.6","24","1013.0"," 7","011.5"," 6","  5.6","24"," 11.6","24"," 24.1","999.9","  78.8","*","  68.9"," "," 0.00","I","999.9","000000"
"84691099999","2020-03-25","-13.744864","-76.220284","11.88","PISCO INTERNATIONAL, PE","  72.5","24","  67.6","24","1011.7"," 8","010.5"," 8","  5.1","24","  8.8","24"," 18.1","999.9","  78.8","*","  68.7"," "," 0.00","I","999.9","000000"
"84691099999","2020-03-26","-13.744864","-76.220284","11.88","PISCO INTERNATIONAL, PE","  72.2","24","  67.2","24","1011.3"," 7","010.1"," 7","  5.1","24","  7.1","24"," 15.9","999.9","  77.5","*","  69.6"," "," 0.00","I","999.9","000000"
"84691099999","2020-03-27","-13.744864","-76.220284","11.88","PISCO INTERNATIONAL, PE","  73.2","24","  66.7","24","1010.2"," 6","009.1"," 7","  5.2","24","  6.9","24"," 15.0","999.9","  78.8","*","  67.6"," "," 0.00","I","999.9","000000"
"84691099999","2020-03-28","-13.744864","-76.220284","11.88","PISCO INTERNATIONAL, PE","  73.6","24","  66.6","24","1010.4"," 8","009.2"," 8","  5.8","24","  6.4","24"," 13.0","999.9","  80.6","*","  69.3"," "," 0.00","I","999.9","000000"
"84691099999","2020-03-29","-13.744864","-76.220284","11.88","PISCO INTERNATIONAL, PE","  73.1","24","  66.2","24","1011.0"," 7","009.8"," 7","  5.2","24","  6.1","24"," 15.9","999.9","  78.8","*","  69.3"," "," 0.00","I","999.9","000000"
"84691099999","2020-03-30","-13.744864","-76.220284","11.88","PISCO INTERNATIONAL, PE","  73.2","24","  66.2","24","1011.6"," 6","010.4"," 6","  5.5","24","  5.6","24"," 12.0","999.9","  77.0","*","  70.9"," "," 0.00","I","999.9","000000"
"84691099999","2020-03-31","-13.744864","-76.220284","11.88","PISCO INTERNATIONAL, PE","  72.6","24","  66.5","24","1011.2"," 8","010.0"," 8","  5.7","24","  5.5","24"," 11.1","999.9","  75.2","*","  68.4"," "," 0.00","I","999.9","000000"
"84691099999","2020-04-01","-13.744864","-76.220284","11.88","PISCO INTERNATIONAL, PE","  74.5","24","  66.4","24","1011.8"," 8","010.6"," 8","  5.9","24","  6.8","24"," 15.9","999.9","  82.4","*","  70.9"," "," 0.00","I","999.9","000000"
"84691099999","2020-04-02","-13.744864","-76.220284","11.88","PISCO INTERNATIONAL, PE","  73.7","24","  66.6","24","1012.4"," 8","011.2"," 8","  5.6","24","  5.9","24","  9.9","999.9","  78.8","*","  68.9"," "," 0.00","I","999.9","000000"
"84691099999","2020-04-03","-13.744864","-76.220284","11.88","PISCO INTERNATIONAL, PE","  72.4","24","  66.1","24","1010.6"," 8","009.4"," 8","  5.3","24","  9.7","24"," 21.0","999.9","  78.8","*","  67.3"," "," 0.00","I","999.9","000000"
"84691099999","2020-04-04","-13.744864","-76.220284","11.88","PISCO INTERNATIONAL, PE","  70.6","24","  65.9","24","1009.5"," 8","008.3"," 8","  5.5","24","  6.9","24"," 12.0","999.9","  75.2","*","  67.5"," "," 0.00","I","999.9","000000"
"84691099999","2020-04-05","-13.744864","-76.220284","11.88","PISCO INTERNATIONAL, PE","  72.6","24","  67.4","24","1011.8"," 8","010.6"," 8","  5.2","24","  6.9","24"," 18.1","999.9","  78.8","*","  69.8","*"," 0.00","I","999.9","000000"
"84691099999","2020-04-06","-13.744864","-76.220284","11.88","PISCO INTERNATIONAL, PE","  72.7","22","  67.4","22","1012.1"," 8","010.9"," 8","  5.0","22","  6.4","22"," 14.0","999.9","  78.8","*","  68.0","*"," 0.00","I","999.9","000000"
"84691099999","2020-04-07","-13.744864","-76.220284","11.88","PISCO INTERNATIONAL, PE","  73.2","24","  68.7","24","1011.6"," 8","010.4"," 8","  4.8","24","  6.7","24"," 15.9","999.9","  79.3","*","  69.8","*"," 0.00","I","999.9","000000"
"84691099999","2020-04-08","-13.744864","-76.220284","11.88","PISCO INTERNATIONAL, PE","  72.8","23","  68.8","23","1012.8"," 7","011.6"," 7","  5.1","23","  6.4","23"," 12.0","999.9","  77.0","*","  69.8","*"," 0.00","I","999.9","000000"
"84691099999","2020-04-09","-13.744864","-76.220284","11.88","PISCO INTERNATIONAL, PE","  71.6","24","  67.1","24","1012.1"," 7","010.9"," 7","  4.7","24","  6.9","24"," 21.0","999.9","  78.8","*","  65.3"," "," 0.00","I","999.9","000000"
"84691099999","2020-04-10","-13.744864","-76.220284","11.88","PISCO INTERNATIONAL, PE","  73.5","24","  67.5","23","1010.8"," 7","009.5"," 7","  5.2","24","  7.2","24"," 22.0","999.9","  77.0","*","  69.8","*"," 0.00","I","999.9","000000"
"84691099999","2020-04-11","-13.744864","-76.220284","11.88","PISCO INTERNATIONAL, PE","  72.6","24","  67.4","24","1013.2"," 8","012.0"," 8","  5.8","24","  6.4","24"," 15.0","999.9","  75.2","*","  69.8","*"," 0.00","I","999.9","000000"
"84691099999","2020-04-12","-13.744864","-76.220284","11.88","PISCO INTERNATIONAL, PE","  73.3","24","  65.7","24","1013.7"," 8","012.5"," 8","  5.1","24","  8.1","24"," 20.0","999.9","  80.6","*","  66.2","*"," 0.00","I","999.9","000000"
"84691099999","2020-04-13","-13.744864","-76.220284","11.88","PISCO INTERNATIONAL, PE","  70.9","24","  65.1","24","1014.4"," 7","013.2"," 7","  5.0","24","  8.4","24"," 20.0","999.9","  77.0","*","  66.9"," "," 0.00","I","999.9","000000"
"84691099999","2020-04-14","-13.744864","-76.220284","11.88","PISCO INTERNATIONAL, PE","  71.7","24","  65.8","24","1015.3"," 7","014.1"," 7","  4.6","24","  5.1","24"," 13.0","999.9","  78.8","*","  65.5"," "," 0.00","I","999.9","000000"
"84691099999","2020-04-15","-13.744864","-76.220284","11.88","PISCO INTERNATIONAL, PE","  74.2","24","  64.9","24","1014.1"," 7","012.9"," 7","  4.8","24","  6.5","24"," 15.0","999.9","  82.4","*","  68.0"," "," 0.00","I","999.9","000000"
"84691099999","2020-04-16","-13.744864","-76.220284","11.88","PISCO INTERNATIONAL, PE","  75.5","24","  63.2","24","1013.5"," 8","012.3"," 8","  5.9","24","  8.3","24"," 19.0","999.9","  86.0","*","  66.2","*"," 0.00","I","999.9","000000"
"84691099999","2020-04-17","-13.744864","-76.220284","11.88","PISCO INTERNATIONAL, PE","  72.7","24","  63.2","24","1012.9"," 8","011.7"," 8","  5.9","24","  9.9","24"," 21.0","999.9","  80.6","*","  66.2","*"," 0.00","I","999.9","000000"
"84691099999","2020-04-18","-13.744864","-76.220284","11.88","PISCO INTERNATIONAL, PE","  70.8","24","  62.3","24","1013.7"," 8","012.5"," 8","  6.0","24","  8.6","24"," 15.9","999.9","  77.0","*","  65.8"," "," 0.00","I","999.9","000000"
"84691099999","2020-04-19","-13.744864","-76.220284","11.88","PISCO INTERNATIONAL, PE","  71.0","24","  62.8","24","1014.4"," 8","013.2"," 8","  6.2","24","  8.5","24"," 18.1","999.9","  77.0","*","  67.5","*"," 0.00","I","999.9","000000"
"84691099999","2020-04-20","-13.744864","-76.220284","11.88","PISCO INTERNATIONAL, PE","  70.2","24","  61.7","24","1013.7"," 8","012.5"," 8","  5.8","24","  9.6","24"," 19.0","999.9","  77.2","*","  63.5"," "," 0.00","I","999.9","000000"
"84691099999","2020-04-21","-13.744864","-76.220284","11.88","PISCO INTERNATIONAL, PE","  68.9","24","  61.3","24","1013.5"," 8","012.3"," 8","  6.1","24","  9.5","24"," 17.1","999.9","  75.6","*","  64.2"," "," 0.00","I","999.9","000000"
"84691099999","2020-04-22","-13.744864","-76.220284","11.88","PISCO INTERNATIONAL, PE","  67.4","24","  61.1","24","1014.2"," 8","013.0"," 8","  4.5","24","  6.2","24"," 13.0","999.9","  75.7","*","  59.9"," "," 0.00","I","999.9","000000"
"84691099999","2020-04-23","-13.744864","-76.220284","11.88","PISCO INTERNATIONAL, PE","  68.7","24","  61.1","24","1014.3"," 8","013.1"," 8","  4.8","24","  5.6","24"," 13.0","999.9","  77.0","*","  60.8","*"," 0.00","I","999.9","000000"
"84691099999","2020-04-24","-13.744864","-76.220284","11.88","PISCO INTERNATIONAL, PE","  69.8","23","  62.5","23","1013.4"," 8","012.2"," 8","  5.7","23","  7.7","23"," 15.9","999.9","  77.0","*","  62.2"," "," 0.00","I","999.9","000000"
"84691099999","2020-04-25","-13.744864","-76.220284","11.88","PISCO INTERNATIONAL, PE","  70.1","24","  62.3","24","1013.4"," 6","012.5"," 7","  6.1","24","  7.4","24"," 19.0","999.9","  77.0","*","  62.2"," "," 0.00","I","999.9","000000"
"84691099999","2020-04-26","-13.744864","-76.220284","11.88","PISCO INTERNATIONAL, PE","  70.9","24","  62.2","24","1013.9"," 8","012.7"," 8","  6.2","24"," 11.4","24"," 21.0","999.9","  78.8","*","  65.5"," "," 0.00","I","999.9","000000"
"84691099999","2020-04-27","-13.744864","-76.220284","11.88","PISCO INTERNATIONAL, PE","  70.2","24","  60.6","24","1012.9"," 8","011.7"," 8","  5.5","24"," 10.5","24"," 20.0","999.9","  82.4","*","  63.1"," "," 0.00","I","999.9","000000"
"84691099999","2020-04-28","-13.744864","-76.220284","11.88","PISCO INTERNATIONAL, PE","  68.6","24","  59.6","24","1012.7"," 8","011.5"," 8","  5.4","24","  8.8","24"," 18.1","999.9","  84.0"," ","  61.5"," "," 0.00","I","999.9","000000"
"84691099999","2020-04-29","-13.744864","-76.220284","11.88","PISCO INTERNATIONAL, PE","  68.1","24","  59.6","24","1013.4"," 8","012.2"," 8","  5.2","24","  5.5","24"," 14.0","999.9","  75.2","*","  60.4"," "," 0.00","I","999.9","000000"
"84691099999","2020-04-30","-13.744864","-76.220284","11.88","PISCO INTERNATIONAL, PE","  69.7","24","  60.3","24","1013.9"," 6","012.7"," 6","  5.4","24","  7.1","24"," 15.0","999.9","  78.8","*","  62.6","*"," 0.00","I","999.9","000000"
"84691099999","2020-05-01","-13.744864","-76.220284","11.88","PISCO INTERNATIONAL, PE","  68.6","23","  61.0","23","1013.1"," 8","011.9"," 8","  6.2","23","  8.3","23"," 17.1","999.9","  73.4","*","  64.4","*"," 0.00","I","999.9","000000"
"84691099999","2020-05-02","-13.744864","-76.220284","11.88","PISCO INTERNATIONAL, PE","  69.3","24","  61.5","24","1013.9"," 7","012.6"," 8","  6.2","23","  7.8","23"," 15.9","999.9","  75.2","*","  65.3"," "," 0.00","I","999.9","000000"
"84691099999","2020-05-03","-13.744864","-76.220284","11.88","PISCO INTERNATIONAL, PE","  68.7","24","  61.5","24","1013.0"," 7","011.8"," 7","  5.7","24","  9.2","24"," 20.0","999.9","  77.0","*","  63.7"," "," 0.00","I","999.9","000000"
"84691099999","2020-05-04","-13.744864","-76.220284","11.88","PISCO INTERNATIONAL, PE","  68.0","24","  61.3","24","1012.1"," 8","010.9"," 8","  5.9","24","  7.5","24"," 18.1","999.9","  73.4","*","  64.0"," "," 0.00","I","999.9","000000"
"84691099999","2020-05-05","-13.744864","-76.220284","11.88","PISCO INTERNATIONAL, PE","  67.3","24","  60.8","24","1010.8"," 7","009.6"," 7","  5.6","24","  8.0","24"," 15.9","999.9","  71.6","*","  63.5"," "," 0.00","I","999.9","000000"
"84691099999","2020-05-06","-13.744864","-76.220284","11.88","PISCO INTERNATIONAL, PE","  67.3","24","  60.9","24","1011.7"," 8","010.5"," 8","  5.2","24","  5.9","24"," 13.0","999.9","  73.4","*","  61.2"," "," 0.00","I","999.9","000000"
"84691099999","2020-05-07","-13.744864","-76.220284","11.88","PISCO INTERNATIONAL, PE","  68.2","24","  61.4","24","1012.9"," 8","011.7"," 8","  6.0","24","  5.3","24","  9.9","999.9","  73.4","*","  64.4","*"," 0.00","I","999.9","000000"
"84691099999","2020-05-08","-13.744864","-76.220284","11.88","PISCO INTERNATIONAL, PE","  68.7","24","  61.4","24","1012.6"," 6","011.4"," 6","  5.0","24","  7.6","24"," 19.0","999.9","  75.2","*","  64.4","*"," 0.00","I","999.9","000000"
"84691099999","2020-05-09","-13.744864","-76.220284","11.88","PISCO INTERNATIONAL, PE","  66.6","24","  61.8","24","1012.7"," 8","011.5"," 8","  4.3","24","  7.4","24"," 19.0","999.9","  73.4","*","  60.3"," "," 0.00","I","999.9","000000"
"84691099999","2020-05-10","-13.744864","-76.220284","11.88","PISCO INTERNATIONAL, PE","  67.2","24","  61.3","24","1013.2"," 5","012.0"," 5","  4.7","24","  7.1","24"," 15.9","999.9","  75.2","*","  60.1"," "," 0.00","I","999.9","000000"
"84691099999","2020-05-11","-13.744864","-76.220284","11.88","PISCO INTERNATIONAL, PE","  68.3","24","  61.1","24","1014.9"," 6","013.7"," 6","  4.7","24","  6.4","24"," 15.0","999.9","  75.2","*","  62.6","*"," 0.00","I","999.9","000000"
"84691099999","2020-05-12","-13.744864","-76.220284","11.88","PISCO INTERNATIONAL, PE","  67.9","24","  60.4","24","1015.2"," 7","014.0"," 7","  5.3","24","  8.0","24"," 15.0","999.9","  75.2","*","  61.7"," "," 0.00","I","999.9","000000"
"84691099999","2020-05-13","-13.744864","-76.220284","11.88","PISCO INTERNATIONAL, PE","  67.7","24","  60.8","24","1014.7"," 7","013.5"," 7","  4.4","24","  8.7","24"," 19.0","999.9","  75.2","*","  61.5"," "," 0.00","I","999.9","000000"
"84691099999","2020-05-14","-13.744864","-76.220284","11.88","PISCO INTERNATIONAL, PE","  67.6","24","  61.1","24","1012.8"," 8","011.6"," 8","  4.6","24","  9.3","24"," 15.0","999.9","  73.4","*","  61.5"," "," 0.00","I","999.9","000000"
"84691099999","2020-05-15","-13.744864","-76.220284","11.88","PISCO INTERNATIONAL, PE","  65.4","24","  60.4","24","1012.6"," 7","011.4"," 7","  4.4","24","  6.6","24"," 13.0","999.9","  69.8","*","  60.1","*"," 0.00","I","999.9","000000"
"84691099999","2020-05-16","-13.744864","-76.220284","11.88","PISCO INTERNATIONAL, PE","  65.3","24","  61.8","24","1013.4"," 7","012.2"," 7","  3.7","24","  5.8","24","  9.9","999.9","  68.0","*","  62.6","*","99.99"," ","999.9","010000"
"84691099999","2020-05-17","-13.744864","-76.220284","11.88","PISCO INTERNATIONAL, PE","  64.7","24","  59.4","24","1013.2"," 7","012.0"," 7","  3.7","24","  5.9","24"," 14.0","999.9","  69.8","*","  60.3"," "," 0.00","I","999.9","000000"
"84691099999","2020-05-18","-13.744864","-76.220284","11.88","PISCO INTERNATIONAL, PE","  64.3","24","  61.1","24","1015.2"," 8","014.0"," 8","  3.8","24","  4.7","24"," 14.0","999.9","  68.0","*","  62.6","*","99.99"," ","999.9","010000"
"84691099999","2020-05-19","-13.744864","-76.220284","11.88","PISCO INTERNATIONAL, PE","  63.2","24","  58.3","24","1015.0"," 7","013.8"," 7","  3.9","24","  5.0","24","  9.9","999.9","  68.0","*","  56.8"," "," 0.00","I","999.9","000000"
"84691099999","2020-05-20","-13.744864","-76.220284","11.88","PISCO INTERNATIONAL, PE","  65.0","24","  59.4","24","1014.8"," 8","013.6"," 8","  5.1","24","  5.2","24","  8.9","999.9","  68.0","*","  61.7"," "," 0.00","I","999.9","000000"
"84691099999","2020-05-21","-13.744864","-76.220284","11.88","PISCO INTERNATIONAL, PE","  65.3","24","  58.6","24","1014.5"," 6","013.2"," 6","  4.6","24","  6.5","24"," 15.9","999.9","  71.6","*","  62.6","*"," 0.00","I","999.9","000000"
"84691099999","2020-05-22","-13.744864","-76.220284","11.88","PISCO INTERNATIONAL, PE","  62.9","24","  57.1","24","1014.1"," 8","012.9"," 8","  4.6","24","  5.2","24"," 11.1","999.9","  68.2","*","  56.1"," "," 0.00","I","999.9","000000"
"84691099999","2020-05-23","-13.744864","-76.220284","11.88","PISCO INTERNATIONAL, PE","  62.1","24","  57.1","24","1014.3"," 7","013.4"," 8","  3.7","24","  4.5","24","  8.9","999.9","  66.4","*","  55.4"," "," 0.00","I","999.9","000000"
"84691099999","2020-05-24","-13.744864","-76.220284","11.88","PISCO INTERNATIONAL, PE","  63.0","23","  58.3","23","1014.0"," 7","012.8"," 7","  3.7","23","  4.6","23","  9.9","999.9","  66.2","*","  57.2","*"," 0.00","I","999.9","000000"
"84691099999","2020-05-25","-13.744864","-76.220284","11.88","PISCO INTERNATIONAL, PE","  63.2","23","  59.8","23","1013.4"," 8","012.2"," 8","  3.6","23","  4.3","23","  8.0","999.9","  64.4","*","  61.9"," "," 0.00","I","999.9","000000"
"84691099999","2020-05-26","-13.744864","-76.220284","11.88","PISCO INTERNATIONAL, PE","  64.7","24","  60.6","24","1013.5"," 5","012.3"," 5","  5.3","24","  4.9","24","  8.9","999.9","  68.0","*","  62.6","*"," 0.00","I","999.9","000000"
"84691099999","2020-05-27","-13.744864","-76.220284","11.88","PISCO INTERNATIONAL, PE","  66.1","24","  60.4","24","1014.2"," 8","013.0"," 8","  6.0","24","  5.3","24","  8.0","999.9","  69.8","*","  63.3"," "," 0.00","I","999.9","000000"
"84691099999","2020-05-28","-13.744864","-76.220284","11.88","PISCO INTERNATIONAL, PE","  66.7","24","  59.8","24","1015.9"," 7","014.7"," 7","  6.1","24","  4.3","24","  8.9","999.9","  69.8","*","  64.2"," "," 0.00","I","999.9","000000"
"84691099999","2020-05-29","-13.744864","-76.220284","11.88","PISCO INTERNATIONAL, PE","  68.0","22","  61.1","22","1016.9"," 7","015.7"," 7","  6.1","22","  6.9","22"," 11.1","999.9","  71.1"," ","  66.2","*"," 0.00","I","999.9","000000"
"84691099999","2020-05-30","-13.744864","-76.220284","11.88","PISCO INTERNATIONAL, PE","  65.9","24","  60.6","24","1016.5"," 8","015.3"," 8","  5.7","24","  6.4","24"," 13.0","999.9","  68.4","*","  64.4","*"," 0.00","I","999.9","000000"
"84691099999","2020-05-31","-13.744864","-76.220284","11.88","PISCO INTERNATIONAL, PE","  64.8","24","  60.2","24","1016.8"," 8","015.6"," 8","  5.0","24","  6.0","24"," 15.9","999.9","  69.8","*","  59.0","*"," 0.00","I","999.9","000000"
"84691099999","2020-06-01","-13.744864","-76.220284","11.88","PISCO INTERNATIONAL, PE","  65.7","24","  61.0","24","1016.6"," 8","015.4"," 8","  4.6","24","  4.7","24","  8.9","999.9","  71.6","*","  60.8","*"," 0.00","I","999.9","000000"
"84691099999","2020-06-02","-13.744864","-76.220284","11.88","PISCO INTERNATIONAL, PE","  64.3","24","  61.4","24","9999.9"," 0","999.9"," 0","  3.7","24","  4.5","24","  8.0","999.9","  66.2","*","  62.6","*"," 0.00","I","999.9","000000"
"84691099999","2020-06-03","-13.744864","-76.220284","11.88","PISCO INTERNATIONAL, PE","  65.5","24","  61.2","24","9999.9"," 0","015.1"," 4","  4.3","24","  5.3","24"," 12.0","999.9","  71.6","*","  62.6","*","99.99"," ","999.9","010000"
"84691099999","2020-06-04","-13.744864","-76.220284","11.88","PISCO INTERNATIONAL, PE","  64.7","23","  58.7","23","1014.6"," 7","013.4"," 7","  5.3","23","  5.2","23"," 11.1","999.9","  69.8","*","  57.2","*"," 0.00","I","999.9","000000"
"84691099999","2020-06-05","-13.744864","-76.220284","11.88","PISCO INTERNATIONAL, PE","  64.9","24","  59.2","24","1013.8"," 4","012.6"," 4","  4.3","24","  4.4","24"," 12.0","999.9","  68.0","*","  60.8","*"," 0.00","I","999.9","000000"
"84691099999","2020-06-06","-13.744864","-76.220284","11.88","PISCO INTERNATIONAL, PE","  64.6","24","  59.3","24","1015.6"," 5","014.6"," 6","  5.2","24","  6.8","24"," 14.0","999.9","  68.0","*","  59.0","*"," 0.00","I","999.9","000000"
"84691099999","2020-06-07","-13.744864","-76.220284","11.88","PISCO INTERNATIONAL, PE","  65.6","24","  59.4","24","9999.9"," 0","999.9"," 0","  5.5","24","  7.0","24"," 15.0","999.9","  69.8","*","  64.4","*"," 0.00","I","999.9","000000"
"84691099999","2020-06-08","-13.744864","-76.220284","11.88","PISCO INTERNATIONAL, PE","  64.2","24","  58.1","24","1014.7"," 7","013.5"," 7","  4.6","24","  5.4","24"," 11.1","999.9","  68.4","*","  59.0","*"," 0.00","I","999.9","000000"
"84691099999","2020-06-09","-13.744864","-76.220284","11.88","PISCO INTERNATIONAL, PE","  65.0","24","  58.9","24","1015.0"," 7","013.8"," 7","  5.3","24","  4.6","24","  9.9","999.9","  66.2","*","  63.9","*"," 0.00","I","999.9","000000"
"84691099999","2020-06-10","-13.744864","-76.220284","11.88","PISCO INTERNATIONAL, PE","  65.3","24","  59.4","24","9999.9"," 0","999.9"," 0","  5.4","24","  5.5","24"," 11.1","999.9","  69.8","*","  62.6","*"," 0.00","I","999.9","000000"
"84691099999","2020-06-11","-13.744864","-76.220284","11.88","PISCO INTERNATIONAL, PE","  63.7","24","  57.7","24","1016.7"," 5","015.5"," 5","  4.4","24","  7.0","24"," 15.9","999.9","  69.8","*","  57.2","*"," 0.00","I","999.9","000000"
"84691099999","2020-06-12","-13.744864","-76.220284","11.88","PISCO INTERNATIONAL, PE","  62.7","24","  58.0","24","9999.9"," 0","999.9"," 0","  4.8","24","  6.7","24"," 14.0","999.9","  68.0","*","  55.4","*"," 0.00","I","999.9","000000"
"84691099999","2020-06-13","-13.744864","-76.220284","11.88","PISCO INTERNATIONAL, PE","  62.9","24","  57.9","24","1013.9"," 7","012.7"," 7","  3.7","24","  4.9","24","  8.9","999.9","  66.2","*","  57.2","*"," 0.00","I","999.9","000000"
"84691099999","2020-06-14","-13.744864","-76.220284","11.88","PISCO INTERNATIONAL, PE","  64.7","24","  59.4","24","1013.9"," 7","012.7"," 7","  5.7","24","  4.9","24","  7.0","999.9","  66.2","*","  62.6","*"," 0.00","I","999.9","000000"
"84691099999","2020-06-15","-13.744864","-76.220284","11.88","PISCO INTERNATIONAL, PE","  64.3","24","  58.0","24","1015.4"," 5","014.2"," 5","  5.7","24","  6.3","24"," 11.1","999.9","  69.8","*","  60.8"," "," 0.00","I","999.9","000000"
"84691099999","2020-06-16","-13.744864","-76.220284","11.88","PISCO INTERNATIONAL, PE","  64.7","24","  59.0","24","1016.2"," 7","015.0"," 7","  5.5","24","  5.4","24"," 15.0","999.9","  68.0","*","  60.8","*"," 0.00","I","999.9","000000"
"84691099999","2020-06-17","-13.744864","-76.220284","11.88","PISCO INTERNATIONAL, PE","  62.7","24","  56.3","24","9999.9"," 0","999.9"," 0","  4.7","24","  8.5","24"," 22.0","999.9","  71.6","*","  55.4","*"," 0.00","I","999.9","000000"
"84691099999","2020-06-18","-13.744864","-76.220284","11.88","PISCO INTERNATIONAL, PE","  63.4","24","  58.6","24","1014.7"," 8","013.5"," 8","  4.3","24","  6.1","24"," 12.0","999.9","  68.0","*","  57.7"," ","99.99"," ","999.9","010000"
"84691099999","2020-06-19","-13.744864","-76.220284","11.88","PISCO INTERNATIONAL, PE","  65.3","24","  57.8","24","1015.8"," 8","014.6"," 8","  5.2","24","  7.8","24"," 14.0","999.9","  69.8","*","  62.6","*"," 0.00","I","999.9","000000"
"84691099999","2020-06-20","-13.744864","-76.220284","11.88","PISCO INTERNATIONAL, PE","  62.2","24","  56.8","24","1013.6"," 4","012.4"," 4","  5.3","24","  6.9","24"," 13.0","999.9","  66.2","*","  55.4","*"," 0.00","I","999.9","000000"
"84691099999","2020-06-21","-13.744864","-76.220284","11.88","PISCO INTERNATIONAL, PE","  63.8","24","  58.2","24","1014.4"," 8","013.2"," 8","  5.7","24","  5.5","24","  8.0","999.9","  64.8","*","  62.6"," "," 0.00","I","999.9","000000"
"84691099999","2020-06-22","-13.744864","-76.220284","11.88","PISCO INTERNATIONAL, PE","  60.9","24","  55.2","24","9999.9"," 0","999.9"," 0","  4.2","24","  4.5","24","  8.9","999.9","  66.2","*","  54.9","*"," 0.00","I","999.9","000000"
"84691099999","2020-06-23","-13.744864","-76.220284","11.88","PISCO INTERNATIONAL, PE","  60.9","23","  56.5","23","1014.4"," 8","013.2"," 8","  3.4","23","  4.6","23","  8.9","999.9","  64.4","*","  53.4"," "," 0.00","I","999.9","000000"
"84691099999","2020-06-24","-13.744864","-76.220284","11.88","PISCO INTERNATIONAL, PE","  62.6","24","  58.9","24","1013.8"," 7","012.6"," 7","  3.6","24","  4.1","24","  8.9","999.9","  64.4","*","  60.8","*","99.99"," ","999.9","010000"
"84691099999","2020-06-25","-13.744864","-76.220284","11.88","PISCO INTERNATIONAL, PE","  61.8","24","  57.6","24","9999.9"," 0","999.9"," 0","  3.9","24","  3.8","24","  7.0","999.9","  64.4","*","  59.0","*","99.99"," ","999.9","010000"
"84691099999","2020-06-26","-13.744864","-76.220284","11.88","PISCO INTERNATIONAL, PE","  61.8","24","  56.8","24","1015.3"," 8","014.1"," 8","  4.6","24","  5.7","24","  8.9","999.9","  66.2","*","  55.9"," "," 0.00","I","999.9","000000"
"84691099999","2020-06-27","-13.744864","-76.220284","11.88","PISCO INTERNATIONAL, PE","  62.6","24","  58.2","24","1014.7"," 4","013.4"," 4","  3.8","24","  4.6","24"," 14.0","999.9","  66.2","*","  57.2","*"," 0.00","I","999.9","000000"
"84691099999","2020-06-28","-13.744864","-76.220284","11.88","PISCO INTERNATIONAL, PE","  61.3","23","  56.8","23","1013.5"," 7","012.3"," 8","  4.0","23","  6.0","23"," 12.0","999.9","  65.1","*","  55.4"," "," 0.00","I","999.9","000000"
"84691099999","2020-06-29","-13.744864","-76.220284","11.88","PISCO INTERNATIONAL, PE","  63.0","24","  57.2","24","1015.0"," 8","014.3"," 8","  4.4","24","  6.2","24"," 17.1","999.9","  66.2","*","  60.8","*"," 0.00","I","999.9","000000"
"84691099999","2020-06-30","-13.744864","-76.220284","11.88","PISCO INTERNATIONAL, PE","  60.4","24","  54.8","24","9999.9"," 0","999.9"," 0","  4.6","24","  5.7","24"," 15.0","999.9","  66.2","*","  51.8","*"," 0.00","I","999.9","000000"
"84691099999","2020-07-01","-13.744864","-76.220284","11.88","PISCO INTERNATIONAL, PE","  62.6","24","  57.1","24","1014.5"," 8","013.3"," 8","  4.6","24","  4.2","24"," 14.0","999.9","  66.2","*","  60.3"," ","99.99"," ","999.9","010000"
"84691099999","2020-07-02","-13.744864","-76.220284","11.88","PISCO INTERNATIONAL, PE","  59.6","24","  53.4","24","1014.1"," 8","012.9"," 8","  4.9","24","  6.9","24"," 13.0","999.9","  66.2","*","  51.8","*"," 0.00","I","999.9","000000"
"84691099999","2020-07-03","-13.744864","-76.220284","11.88","PISCO INTERNATIONAL, PE","  62.2","24","  56.3","23","1014.8"," 7","013.6"," 7","  5.0","24","  5.2","24","  8.0","999.9","  63.3","*","  60.8","*"," 0.00","I","999.9","000000"
"84691099999","2020-07-04","-13.744864","-76.220284","11.88","PISCO INTERNATIONAL, PE","  60.3","24","  54.9","24","1015.3"," 8","014.1"," 8","  3.9","24","  5.2","24","  8.9","999.9","  66.6","*","  53.6","*"," 0.00","I","999.9","000000"
"84691099999","2020-07-05","-13.744864","-76.220284","11.88","PISCO INTERNATIONAL, PE","  59.2","24","  55.0","24","1015.0"," 7","013.8"," 7","  3.6","24","  4.3","24","  8.0","999.9","  64.4","*","  51.8","*"," 0.00","I","999.9","000000"
"84691099999","2020-07-06","-13.744864","-76.220284","11.88","PISCO INTERNATIONAL, PE","  60.4","24","  56.7","24","1015.4"," 8","014.2"," 8","  3.3","24","  4.6","24","  8.9","999.9","  66.2","*","  53.6","*"," 0.00","I","999.9","000000"
"84691099999","2020-07-07","-13.744864","-76.220284","11.88","PISCO INTERNATIONAL, PE","  62.3","24","  55.7","24","1016.3"," 8","015.1"," 8","  4.3","24","  7.4","24"," 18.1","999.9","  71.6","*","  55.4","*"," 0.00","I","999.9","000000"
"84691099999","2020-07-08","-13.744864","-76.220284","11.88","PISCO INTERNATIONAL, PE","  62.4","24","  55.9","24","1015.7"," 8","014.5"," 8","  4.2","24","  8.3","24"," 22.9","999.9","  69.8","*","  56.3"," "," 0.00","I","999.9","000000"
"84691099999","2020-07-09","-13.744864","-76.220284","11.88","PISCO INTERNATIONAL, PE","  62.8","24","  55.4","24","1014.7"," 6","013.5"," 6","  4.5","24","  6.3","24"," 13.0","999.9","  68.0","*","  57.2","*"," 0.00","I","999.9","000000"
"84691099999","2020-07-10","-13.744864","-76.220284","11.88","PISCO INTERNATIONAL, PE","  59.7","24","  51.4","24","1015.0"," 8","013.8"," 8","  4.9","24","  7.5","24"," 15.9","999.9","  68.0","*","  50.9"," "," 0.00","I","999.9","000000"
"84691099999","2020-07-11","-13.744864","-76.220284","11.88","PISCO INTERNATIONAL, PE","  60.1","24","  54.7","24","1015.9"," 7","014.7"," 7","  4.2","24","  4.2","24","  8.9","999.9","  62.8","*","  54.3"," "," 0.00","I","999.9","000000"
"84691099999","2020-07-12","-13.744864","-76.220284","11.88","PISCO INTERNATIONAL, PE","  58.4","24","  53.4","24","1015.8"," 8","014.2"," 8","  4.3","24","  5.5","24","  8.9","999.9","  64.8","*","  49.5"," "," 0.00","I","999.9","000000"
"84691099999","2020-07-13","-13.744864","-76.220284","11.88","PISCO INTERNATIONAL, PE","  59.8","24","  56.7","24","1016.2"," 8","015.0"," 8","  2.4","24","  4.1","24","  8.0","999.9","  62.6","*","  55.4"," "," 0.00","I","999.9","100000"
"84691099999","2020-07-14","-13.744864","-76.220284","11.88","PISCO INTERNATIONAL, PE","  61.2","24","  57.4","24","1014.9"," 7","013.7"," 7","  3.5","24","  5.1","24"," 13.0","999.9","  66.2","*","  59.0"," "," 0.00","I","999.9","000000"
"84691099999","2020-07-15","-13.744864","-76.220284","11.88","PISCO INTERNATIONAL, PE","  60.9","24","  57.0","24","1013.7"," 8","012.7"," 8","  4.4","24","  5.6","24"," 12.0","999.9","  64.4","*","  57.7"," "," 0.00","I","999.9","000000"
"84691099999","2020-07-16","-13.744864","-76.220284","11.88","PISCO INTERNATIONAL, PE","  60.5","24","  56.6","24","1013.0"," 8","011.8"," 8","  4.2","24","  3.8","24","  9.9","999.9","  62.6","*","  59.0"," ","99.99"," ","999.9","010000"
"84691099999","2020-07-17","-13.744864","-76.220284","11.88","PISCO INTERNATIONAL, PE","  62.0","24","  55.3","24","1014.5"," 8","013.3"," 8","  5.2","24","  6.3","24"," 14.0","999.9","  66.2","*","  60.1"," "," 0.00","I","999.9","000000"
"84691099999","2020-07-18","-13.744864","-76.220284","11.88","PISCO INTERNATIONAL, PE","  60.8","24","  53.9","24","1014.5"," 8","013.2"," 8","  5.2","24","  6.5","24"," 13.0","999.9","  66.2","*","  53.2"," "," 0.00","I","999.9","000000"
"84691099999","2020-07-19","-13.744864","-76.220284","11.88","PISCO INTERNATIONAL, PE","  61.1","24","  54.1","24","1013.9"," 8","012.7"," 8","  4.7","24","  7.0","24"," 15.9","999.9","  68.0","*","  53.4"," "," 0.00","I","999.9","000000"
"84691099999","2020-07-20","-13.744864","-76.220284","11.88","PISCO INTERNATIONAL, PE","  60.9","24","  56.2","24","1013.6"," 8","012.6"," 8","  4.7","24","  4.1","24"," 11.1","999.9","  62.6","*","  57.2","*"," 0.00","I","999.9","000000"
"84691099999","2020-07-21","-13.744864","-76.220284","11.88","PISCO INTERNATIONAL, PE","  59.3","24","  54.4","24","1014.9"," 8","013.7"," 8","  4.5","24","  6.1","24"," 19.4","999.9","  64.6","*","  53.1"," ","99.99"," ","999.9","010000"
"84691099999","2020-07-22","-13.744864","-76.220284","11.88","PISCO INTERNATIONAL, PE","  60.4","24","  54.8","23","1015.6"," 6","014.6"," 7","  4.5","24","  4.9","24"," 12.0","999.9","  68.0","*","  53.4","*"," 0.00","I","999.9","000000"
"84691099999","2020-07-23","-13.744864","-76.220284","11.88","PISCO INTERNATIONAL, PE","  62.6","24","  55.9","24","1015.8"," 8","014.6"," 8","  4.8","24","  6.1","24"," 14.0","999.9","  69.8","*","  53.6","*"," 0.00","I","999.9","000000"
"84691099999","2020-07-24","-13.744864","-76.220284","11.88","PISCO INTERNATIONAL, PE","  62.1","24","  55.1","24","1015.3"," 6","014.1"," 6","  3.4","24","  9.7","24"," 25.1","999.9","  71.6","*","  52.7"," "," 0.00","I","999.9","000000"
"84691099999","2020-07-25","-13.744864","-76.220284","11.88","PISCO INTERNATIONAL, PE","  60.5","24","  55.2","24","1014.0"," 7","013.0"," 6","  3.8","24","  7.6","24"," 18.1","999.9","  66.9","*","  51.8","*"," 0.00","I","999.9","100000"
"84691099999","2020-07-26","-13.744864","-76.220284","11.88","PISCO INTERNATIONAL, PE","  62.1","24","  55.2","24","1015.6"," 7","014.4"," 7","  5.5","24","  6.6","24"," 11.7","999.9","  64.4","*","  57.0"," "," 0.00","I","999.9","000000"
"84691099999","2020-07-27","-13.744864","-76.220284","11.88","PISCO INTERNATIONAL, PE","  61.5","23","  55.7","23","1016.6"," 7","015.4"," 7","  5.2","23","  7.2","23"," 15.0","999.9","  66.2","*","  58.8"," "," 0.00","I","999.9","000000"
"84691099999","2020-07-28","-13.744864","-76.220284","11.88","PISCO INTERNATIONAL, PE","  60.4","24","  53.8","24","1015.4"," 8","014.2"," 8","  4.7","24","  5.2","24"," 11.1","999.9","  64.4","*","  56.1"," "," 0.00","I","999.9","000000"
"84691099999","2020-07-29","-13.744864","-76.220284","11.88","PISCO INTERNATIONAL, PE","  61.6","24","  55.3","24","1014.6"," 6","013.4"," 6","  5.7","24","  5.9","24","  9.7","999.9","  64.4","*","  59.7"," "," 0.00","I","999.9","000000"
"84691099999","2020-07-30","-13.744864","-76.220284","11.88","PISCO INTERNATIONAL, PE","  61.3","24","  54.5","24","1014.2"," 7","013.0"," 7","  5.3","24","  5.6","24"," 12.0","999.9","  64.4","*","  59.0","*"," 0.00","I","999.9","000000"
"84691099999","2020-07-31","-13.744864","-76.220284","11.88","PISCO INTERNATIONAL, PE","  58.5","24","  53.7","24","1013.1"," 7","011.9"," 7","  4.0","24","  5.5","24"," 14.0","999.9","  63.5","*","  50.9"," "," 0.00","I","999.9","000000"
"84691099999","2020-08-01","-13.744864","-76.220284","11.88","PISCO INTERNATIONAL, PE","  61.7","24","  55.5","24","1015.8"," 7","014.6"," 7","  4.6","24","  6.5","24"," 15.0","999.9","  68.0","*","  58.6"," "," 0.00","I","999.9","000000"
"84691099999","2020-08-02","-13.744864","-76.220284","11.88","PISCO INTERNATIONAL, PE","  59.3","24","  53.0","24","1014.5"," 8","013.3"," 8","  4.4","24","  7.5","24","999.9","999.9","  66.4","*","  51.1"," "," 0.00","I","999.9","000000"
"84691099999","2020-08-03","-13.744864","-76.220284","11.88","PISCO INTERNATIONAL, PE","  60.9","24","  54.6","24","1015.5"," 8","014.3"," 8","  4.1","24","  5.7","24"," 13.0","999.9","  66.7","*","  53.4"," "," 0.00","I","999.9","000000"
"84691099999","2020-08-04","-13.744864","-76.220284","11.88","PISCO INTERNATIONAL, PE","  62.4","23","  55.7","23","1016.9"," 7","015.8"," 7","  5.0","23","  5.1","23","  8.9","999.9","  66.2","*","  60.3"," "," 0.00","I","999.9","000000"
"84691099999","2020-08-05","-13.744864","-76.220284","11.88","PISCO INTERNATIONAL, PE","  61.4","24","  56.2","24","1015.4"," 6","014.4"," 6","  4.9","24","  5.9","24"," 11.1","999.9","  64.4","*","  57.4"," ","99.99"," ","999.9","010000"
"84691099999","2020-08-06","-13.744864","-76.220284","11.88","PISCO INTERNATIONAL, PE","  60.0","24","  53.4","24","1014.9"," 8","013.7"," 8","  4.4","24","  5.8","24"," 13.0","999.9","  66.2","*","  51.8"," "," 0.00","I","999.9","000000"
"84691099999","2020-08-07","-13.744864","-76.220284","11.88","PISCO INTERNATIONAL, PE","  59.5","24","  54.3","24","1014.1"," 8","012.9"," 8","  3.7","24","  6.1","24"," 14.0","999.9","  66.2","*","  51.4"," "," 0.00","I","999.9","000000"
"84691099999","2020-08-08","-13.744864","-76.220284","11.88","PISCO INTERNATIONAL, PE","  60.9","24","  56.1","24","1015.3"," 8","014.1"," 8","  3.7","24","  5.7","24"," 15.0","999.9","  66.2","*","  55.4"," ","99.99"," ","999.9","010000"
"84691099999","2020-08-09","-13.744864","-76.220284","11.88","PISCO INTERNATIONAL, PE","  59.2","24","  54.6","24","1015.1"," 7","014.0"," 8","  3.7","24","  5.8","24"," 13.0","999.9","  66.2","*","  51.8","*"," 0.00","I","999.9","000000"
"84691099999","2020-08-10","-13.744864","-76.220284","11.88","PISCO INTERNATIONAL, PE","  59.8","24","  55.3","24","1014.5"," 6","013.3"," 6","  4.4","24","  5.1","24","  8.9","999.9","  64.4","*","  54.1"," ","99.99"," ","999.9","010000"
"84691099999","2020-08-11","-13.744864","-76.220284","11.88","PISCO INTERNATIONAL, PE","  58.9","24","  53.1","24","1013.5"," 6","012.3"," 6","  4.4","24","  5.3","24"," 11.1","999.9","  64.4","*","  50.5"," "," 0.00","I","999.9","000000"
"84691099999","2020-08-12","-13.744864","-76.220284","11.88","PISCO INTERNATIONAL, PE","  61.5","22","  53.7","22","1014.0"," 8","012.8"," 8","  5.9","22","  7.0","22"," 11.1","999.9","  68.0","*","  54.7"," "," 0.00","I","999.9","000000"
"84691099999","2020-08-13","-13.744864","-76.220284","11.88","PISCO INTERNATIONAL, PE","  59.1","24","  52.9","24","1013.0"," 6","011.8"," 6","  4.5","24","  7.2","24"," 15.0","999.9","  68.0","*","  48.9"," "," 0.00","I","999.9","000000"
"84691099999","2020-08-14","-13.744864","-76.220284","11.88","PISCO INTERNATIONAL, PE","  59.6","24","  53.0","24","1013.4"," 6","012.2"," 6","  4.1","24","  5.7","24"," 14.0","999.9","  68.4","*","  49.3"," "," 0.00","I","999.9","000000"
"84691099999","2020-08-15","-13.744864","-76.220284","11.88","PISCO INTERNATIONAL, PE","  60.0","24","  53.9","24","1013.7"," 7","012.2"," 7","  4.3","24","  6.2","24"," 13.0","999.9","  66.2","*","  51.1"," "," 0.00","I","999.9","000000"
"84691099999","2020-08-16","-13.744864","-76.220284","11.88","PISCO INTERNATIONAL, PE","  61.5","24","  54.9","24","1015.1"," 6","013.9"," 6","  5.2","24","  5.9","24","  9.9","999.9","  66.2","*","  54.5"," "," 0.00","I","999.9","000000"
"84691099999","2020-08-17","-13.744864","-76.220284","11.88","PISCO INTERNATIONAL, PE","  61.4","24","  55.0","24","1016.2"," 6","015.0"," 6","  4.6","24","  5.1","24"," 11.1","999.9","  64.4","*","  54.3"," "," 0.00","I","999.9","000000"
"84691099999","2020-08-18","-13.744864","-76.220284","11.88","PISCO INTERNATIONAL, PE","  62.6","24","  56.3","24","1017.7"," 7","016.5"," 7","  4.8","24","  6.8","24"," 17.1","999.9","  68.0","*","  57.7"," "," 0.00","I","999.9","000000"
"84691099999","2020-08-19","-13.744864","-76.220284","11.88","PISCO INTERNATIONAL, PE","  62.3","24","  54.9","24","1016.1"," 8","014.8"," 8","  5.2","24","  6.6","24"," 18.1","999.9","  68.0","*","  56.5"," "," 0.00","I","999.9","000000"
"84691099999","2020-08-20","-13.744864","-76.220284","11.88","PISCO INTERNATIONAL, PE","  62.3","24","  55.9","24","1015.9"," 6","014.7"," 6","  5.3","24","  7.1","24"," 15.0","999.9","  68.0","*","  59.0","*"," 0.00","I","999.9","000000"
"84691099999","2020-08-21","-13.744864","-76.220284","11.88","PISCO INTERNATIONAL, PE","  61.0","24","  56.1","24","1014.9"," 8","013.7"," 8","  4.4","24","  4.8","24","  9.9","999.9","  62.8","*","  57.0"," "," 0.00","I","999.9","000000"
"84691099999","2020-08-22","-13.744864","-76.220284","11.88","PISCO INTERNATIONAL, PE","  61.4","24","  55.9","24","1014.9"," 8","013.7"," 8","  5.2","24","  5.1","24"," 12.0","999.9","  64.9","*","  60.1"," "," 0.00","I","999.9","000000"
"84691099999","2020-08-23","-13.744864","-76.220284","11.88","PISCO INTERNATIONAL, PE","  61.6","24","  56.0","24","1015.6"," 8","014.4"," 8","  6.2","24","  6.6","24"," 13.0","999.9","  64.4","*","  60.1"," "," 0.00","I","999.9","000000"
"84691099999","2020-08-24","-13.744864","-76.220284","11.88","PISCO INTERNATIONAL, PE","  62.9","24","  56.8","24","1016.2"," 8","015.0"," 8","  5.9","24","  9.5","24"," 17.1","999.9","  68.0","*","  60.1"," "," 0.00","I","999.9","000000"
"84691099999","2020-08-25","-13.744864","-76.220284","11.88","PISCO INTERNATIONAL, PE","  61.8","24","  56.5","24","1015.8"," 7","014.6"," 7","  5.6","24","  7.2","24"," 18.1","999.9","  66.2","*","  56.3"," "," 0.00","I","999.9","000000"
"84691099999","2020-08-26","-13.744864","-76.220284","11.88","PISCO INTERNATIONAL, PE","  61.3","24","  56.1","24","1014.8"," 6","013.6"," 6","  4.8","24","  6.3","24"," 17.1","999.9","  66.2","*","  55.2"," "," 0.00","I","999.9","000000"
"84691099999","2020-08-27","-13.744864","-76.220284","11.88","PISCO INTERNATIONAL, PE","  62.1","23","  56.2","23","1015.7"," 8","014.5"," 8","  5.2","23","  7.4","23"," 12.0","999.9","  66.2","*","  56.3"," "," 0.00","I","999.9","000000"
"84691099999","2020-08-28","-13.744864","-76.220284","11.88","PISCO INTERNATIONAL, PE","  62.6","24","  57.1","24","1017.7"," 8","016.5"," 8","  5.7","24","  6.1","24"," 15.0","999.9","  66.2","*","  59.7"," ","99.99"," ","999.9","010000"
"84691099999","2020-08-29","-13.744864","-76.220284","11.88","PISCO INTERNATIONAL, PE","  62.1","24","  56.6","24","1016.5"," 8","015.4"," 8","  6.1","24","  6.6","24"," 17.1","999.9","  64.4","*","  60.4"," "," 0.00","I","999.9","000000"
"84691099999","2020-08-30","-13.744864","-76.220284","11.88","PISCO INTERNATIONAL, PE","  61.2","24","  56.2","24","1016.4"," 6","015.2"," 6","  5.4","24","  6.7","24"," 14.0","999.9","  64.4","*","  59.0","*"," 0.00","I","999.9","000000"
"84691099999","2020-08-31","-13.744864","-76.220284","11.88","PISCO INTERNATIONAL, PE","  60.2","24","  53.9","24","1016.3"," 6","015.1"," 6","  4.8","24","  6.6","24"," 15.9","999.9","  68.0","*","  53.2"," "," 0.00","I","999.9","000000"
"84691099999","2020-09-01","-13.744864","-76.220284","11.88","PISCO INTERNATIONAL, PE","  62.2","24","  54.0","24","1016.2"," 7","015.0"," 7","  3.0","24"," 11.2","24"," 27.0","999.9","  73.4","*","  53.6","*"," 0.00","I","999.9","000000"
"84691099999","2020-09-02","-13.744864","-76.220284","11.88","PISCO INTERNATIONAL, PE","  61.3","24","  53.9","24","1015.3"," 8","014.1"," 8","  3.6","24","  8.4","24"," 19.0","999.9","  66.6","*","  54.9"," "," 0.00","I","999.9","000000"
"84691099999","2020-09-03","-13.744864","-76.220284","11.88","PISCO INTERNATIONAL, PE","  62.1","24","  54.5","24","1014.6"," 7","013.4"," 7","  5.2","24","  6.6","24"," 19.0","999.9","  66.2","*","  59.0","*"," 0.00","I","999.9","000000"
"84691099999","2020-09-04","-13.744864","-76.220284","11.88","PISCO INTERNATIONAL, PE","  58.5","24","  52.5","24","1014.6"," 8","013.1"," 8","  5.4","24","  6.1","24"," 12.0","999.9","  66.9"," ","  50.7"," "," 0.00","I","999.9","000000"
"84691099999","2020-09-05","-13.744864","-76.220284","11.88","PISCO INTERNATIONAL, PE","  59.5","24","  53.2","24","1015.3"," 6","014.1"," 6","  5.0","24","  4.9","24"," 13.0","999.9","  68.0","*","  51.3"," "," 0.00","I","999.9","000000"
"84691099999","2020-09-06","-13.744864","-76.220284","11.88","PISCO INTERNATIONAL, PE","  59.6","24","  53.9","24","1016.2"," 6","015.0"," 6","  4.9","24","  7.1","24"," 15.0","999.9","  66.2","*","  52.7"," "," 0.00","I","999.9","000000"
"84691099999","2020-09-07","-13.744864","-76.220284","11.88","PISCO INTERNATIONAL, PE","  60.5","24","  54.5","24","1014.5"," 7","013.3"," 7","  4.4","24","  5.4","24"," 15.0","999.9","  66.2","*","  55.4","*"," 0.00","I","999.9","000000"
"84691099999","2020-09-08","-13.744864","-76.220284","11.88","PISCO INTERNATIONAL, PE","  60.5","24","  53.3","24","1014.6"," 8","013.4"," 8","  4.6","24","  6.2","24"," 14.0","999.9","  68.7","*","  53.6"," "," 0.00","I","999.9","000000"
"84691099999","2020-09-09","-13.744864","-76.220284","11.88","PISCO INTERNATIONAL, PE","  62.2","24","  54.3","24","1014.4"," 7","013.2"," 7","  5.4","24","  9.1","24"," 17.1","999.9","  69.8","*","  53.8"," "," 0.00","I","999.9","000000"
"84691099999","2020-09-10","-13.744864","-76.220284","11.88","PISCO INTERNATIONAL, PE","  61.4","24","  53.5","24","1014.6"," 4","013.6"," 5","  5.2","24","  8.6","24"," 14.0","999.9","  68.0","*","  53.2"," "," 0.00","I","999.9","000000"
"84691099999","2020-09-11","-13.744864","-76.220284","11.88","PISCO INTERNATIONAL, PE","  60.7","24","  55.3","24","1014.7"," 8","013.5"," 8","  4.6","24","  6.0","24"," 13.0","999.9","  64.9","*","  55.4","*","99.99"," ","999.9","010000"
"84691099999","2020-09-12","-13.744864","-76.220284","11.88","PISCO INTERNATIONAL, PE","  61.5","23","  55.9","23","1013.7"," 6","012.4"," 6","  5.7","23","  5.5","23"," 11.1","999.9","  66.0"," ","  59.0","*"," 0.00","I","999.9","000000"
"84691099999","2020-09-13","-13.744864","-76.220284","11.88","PISCO INTERNATIONAL, PE","  62.4","24","  55.7","24","1013.6"," 7","012.4"," 7","  5.1","24","  5.7","24"," 14.0","999.9","  69.8","*","  56.5"," "," 0.00","I","999.9","000000"
"84691099999","2020-09-14","-13.744864","-76.220284","11.88","PISCO INTERNATIONAL, PE","  62.9","24","  56.9","24","1015.2"," 4","014.1"," 4","  5.5","24","  4.9","24"," 13.0","999.9","  68.0","*","  57.2","*"," 0.00","I","999.9","000000"
"84691099999","2020-09-15","-13.744864","-76.220284","11.88","PISCO INTERNATIONAL, PE","  62.3","24","  57.0","24","1016.9"," 7","015.7"," 7","  5.4","24","  7.2","24"," 17.1","999.9","  68.0","*","  56.3"," "," 0.00","I","999.9","000000"
"84691099999","2020-09-16","-13.744864","-76.220284","11.88","PISCO INTERNATIONAL, PE","  63.1","24","  57.6","24","1016.4"," 8","015.2"," 8","  5.5","24","  8.3","24"," 20.0","999.9","  68.0","*","  60.4"," "," 0.00","I","999.9","000000"
"84691099999","2020-09-17","-13.744864","-76.220284","11.88","PISCO INTERNATIONAL, PE","  61.6","24","  57.2","24","1015.5"," 8","014.4"," 8","  5.1","24","  6.9","24"," 15.9","999.9","  64.4","*","  59.0","*","99.99"," ","999.9","010000"
"84691099999","2020-09-18","-13.744864","-76.220284","11.88","PISCO INTERNATIONAL, PE","  60.5","24","  55.9","24","1015.5"," 8","014.3"," 8","  5.0","24","  5.6","24"," 13.0","999.9","  66.2","*","  52.7"," "," 0.00","I","999.9","000000"
"84691099999","2020-09-19","-13.744864","-76.220284","11.88","PISCO INTERNATIONAL, PE","  60.7","24","  55.7","24","1015.1"," 6","013.9"," 6","  4.5","24","  7.3","24"," 15.0","999.9","  68.0","*","  53.4"," "," 0.00","I","999.9","000000"
"84691099999","2020-09-20","-13.744864","-76.220284","11.88","PISCO INTERNATIONAL, PE","  63.2","24","  57.1","24","1014.5"," 8","013.3"," 8","  5.6","24","  7.4","24"," 18.1","999.9","  68.0","*","  60.3"," "," 0.00","I","999.9","000000"
"84691099999","2020-09-21","-13.744864","-76.220284","11.88","PISCO INTERNATIONAL, PE","  61.7","24","  57.3","24","1013.9"," 8","012.7"," 8","  5.0","24","  7.5","24"," 15.0","999.9","  64.9","*","  56.7"," "," 0.00","I","999.9","000000"
"84691099999","2020-09-22","-13.744864","-76.220284","11.88","PISCO INTERNATIONAL, PE","  62.3","24","  56.8","24","1014.3"," 8","013.1"," 8","  5.5","24","  6.3","24"," 11.1","999.9","  65.3","*","  60.4"," "," 0.00","I","999.9","000000"
"84691099999","2020-09-23","-13.744864","-76.220284","11.88","PISCO INTERNATIONAL, PE","  61.6","24","  56.4","24","1015.1"," 8","013.9"," 8","  4.8","24","  5.7","24"," 15.0","999.9","  66.2","*","  56.8"," "," 0.00","I","999.9","000000"
"84691099999","2020-09-24","-13.744864","-76.220284","11.88","PISCO INTERNATIONAL, PE","  60.8","24","  56.2","24","1016.0"," 6","014.8"," 6","  4.7","24","  6.5","24"," 18.1","999.9","  67.3","*","  54.5","*"," 0.00","I","999.9","000000"
"84691099999","2020-09-25","-13.744864","-76.220284","11.88","PISCO INTERNATIONAL, PE","  61.5","22","  55.9","22","1016.8"," 7","015.6"," 7","  5.4","22","  7.9","22"," 19.0","999.9","  68.0","*","  54.5"," "," 0.00","I","999.9","000000"
"84691099999","2020-09-26","-13.744864","-76.220284","11.88","PISCO INTERNATIONAL, PE","  62.3","24","  55.9","24","1016.8"," 7","015.6"," 7","  5.2","24","  7.7","24"," 15.9","999.9","  68.0","*","  55.4","*"," 0.00","I","999.9","000000"
"84691099999","2020-09-27","-13.744864","-76.220284","11.88","PISCO INTERNATIONAL, PE","  63.1","24","  55.4","24","1014.0"," 6","012.9"," 6","  5.3","24","  7.1","24"," 15.9","999.9","  71.6","*","  53.8"," "," 0.00","I","999.9","000000"
"84691099999","2020-09-28","-13.744864","-76.220284","11.88","PISCO INTERNATIONAL, PE","  62.0","24","  56.1","24","1012.4"," 7","011.2"," 7","  4.1","24","  6.1","24"," 15.9","999.9","  66.9","*","  57.2","*"," 0.00","I","999.9","000000"
"84691099999","2020-09-29","-13.744864","-76.220284","11.88","PISCO INTERNATIONAL, PE","  63.1","24","  56.6","24","1013.2"," 7","012.0"," 7","  4.7","24","  8.0","24"," 18.1","999.9","  69.8","*","  57.2","*"," 0.00","I","999.9","000000"
"84691099999","2020-09-30","-13.744864","-76.220284","11.88","PISCO INTERNATIONAL, PE","  63.9","24","  57.9","24","1014.2"," 6","013.0"," 5","  5.4","24","  8.2","24"," 19.0","999.9","  69.8","*","  59.9"," "," 0.00","I","999.9","000000"
"84691099999","2020-10-01","-13.744864","-76.220284","11.88","PISCO INTERNATIONAL, PE","  64.7","24","  58.1","24","9999.9"," 0","999.9"," 0","  6.0","24"," 12.7","24"," 22.0","999.9","  70.3"," ","  60.8","*"," 0.00","I","999.9","000000"
"84691099999","2020-10-02","-13.744864","-76.220284","11.88","PISCO INTERNATIONAL, PE","  63.9","24","  57.6","23","1013.3"," 4","012.4"," 4","  6.0","24"," 11.1","24"," 20.0","999.9","  71.4"," ","  60.3"," "," 0.00","I","999.9","000000"
"84691099999","2020-10-03","-13.744864","-76.220284","11.88","PISCO INTERNATIONAL, PE","  64.2","24","  57.0","24","1013.3"," 4","012.1"," 4","  5.2","24"," 10.8","24"," 22.9","999.9","  73.4","*","  58.6"," "," 0.00","I","999.9","000000"
"84691099999","2020-10-04","-13.744864","-76.220284","11.88","PISCO INTERNATIONAL, PE","  62.4","24","  56.2","24","9999.9"," 0","999.9"," 0","  5.1","24","  6.4","24"," 18.1","999.9","  64.4","*","  57.2","*"," 0.00","I","999.9","000000"
"84691099999","2020-10-05","-13.744864","-76.220284","11.88","PISCO INTERNATIONAL, PE","  62.1","24","  56.7","24","1014.4"," 4","013.2"," 4","  4.9","24","  6.9","24"," 15.9","999.9","  66.6"," ","  58.8"," "," 0.00","A","999.9","000000"
"84691099999","2020-10-06","-13.744864","-76.220284","11.88","PISCO INTERNATIONAL, PE","  63.4","23","  56.9","23","1014.9"," 4","013.7"," 4","  6.1","23","  7.8","23"," 15.0","999.9","  68.0","*","  59.0","*"," 0.00","I","999.9","000000"
"84691099999","2020-10-07","-13.744864","-76.220284","11.88","PISCO INTERNATIONAL, PE","  63.4","23","  56.7","23","1014.7"," 4","013.5"," 4","  5.5","23","  5.8","23","  9.9","999.9","  69.1"," ","  57.2","*"," 0.00","I","999.9","000000"
"84691099999","2020-10-08","-13.744864","-76.220284","11.88","PISCO INTERNATIONAL, PE","  64.0","24","  57.0","24","1014.7"," 4","013.5"," 4","  6.0","24","  7.1","24"," 11.1","999.9","  71.6","*","  58.6"," "," 0.00","I","999.9","000000"
"84691099999","2020-10-09","-13.744864","-76.220284","11.88","PISCO INTERNATIONAL, PE","  62.5","23","  58.2","23","9999.9"," 0","999.9"," 0","  5.4","23","  5.8","23"," 11.1","999.9","  71.1"," ","  58.3"," "," 0.00","I","999.9","000000"
"84691099999","2020-10-10","-13.744864","-76.220284","11.88","PISCO INTERNATIONAL, PE","  63.3","24","  58.8","24","9999.9"," 0","999.9"," 0","  6.0","24","  6.6","24"," 12.0","999.9","  66.2","*","  60.8","*"," 0.00","I","999.9","000000"
"84691099999","2020-10-11","-13.744864","-76.220284","11.88","PISCO INTERNATIONAL, PE","  64.6","24","  57.4","24","1014.5"," 5","013.3"," 5","  6.1","24","  7.4","24"," 15.9","999.9","  71.8","*","  56.5"," "," 0.00","I","999.9","000000"
"84691099999","2020-10-12","-13.744864","-76.220284","11.88","PISCO INTERNATIONAL, PE","  64.8","24","  58.0","24","1013.8"," 4","012.6"," 4","  5.8","24","  6.2","24"," 14.0","999.9","  72.3"," ","  60.4"," "," 0.00","I","999.9","000000"
"84691099999","2020-10-13","-13.744864","-76.220284","11.88","PISCO INTERNATIONAL, PE","  64.0","24","  57.5","24","1012.4"," 4","011.2"," 4","  6.0","24","  9.7","24"," 20.0","999.9","  71.6"," ","  58.3"," "," 0.00","I","999.9","000000"
"84691099999","2020-10-14","-13.744864","-76.220284","11.88","PISCO INTERNATIONAL, PE","  62.9","24","  57.0","24","9999.9"," 0","999.9"," 0","  6.1","24","  7.9","24"," 13.0","999.9","  66.2","*","  57.2","*"," 0.00","I","999.9","000000"
"84691099999","2020-10-15","-13.744864","-76.220284","11.88","PISCO INTERNATIONAL, PE","  64.6","23","  57.9","23","1012.6"," 4","011.4"," 4","  6.2","23","  8.7","23"," 15.0","999.9","  69.8","*","  60.8"," "," 0.00","I","999.9","000000"
"84691099999","2020-10-16","-13.744864","-76.220284","11.88","PISCO INTERNATIONAL, PE","  65.4","24","  58.8","24","1012.6"," 4","011.3"," 4","  5.9","24","  7.3","24"," 19.0","999.9","  75.2","*","  60.8"," "," 0.00","I","999.9","000000"
"84691099999","2020-10-17","-13.744864","-76.220284","11.88","PISCO INTERNATIONAL, PE","  63.5","24","  58.1","24","1012.0"," 4","010.8"," 4","  5.2","24","  9.1","24"," 18.1","999.9","  76.3"," ","  57.2"," "," 0.00","I","999.9","000000"
"84691099999","2020-10-18","-13.744864","-76.220284","11.88","PISCO INTERNATIONAL, PE","  63.3","24","  58.2","24","9999.9"," 0","999.9"," 0","  4.9","24","  6.8","24"," 15.0","999.9","  69.6"," ","  60.8","*"," 0.00","I","999.9","000000"
"84691099999","2020-10-19","-13.744864","-76.220284","11.88","PISCO INTERNATIONAL, PE","  64.8","24","  56.2","24","1013.9"," 5","012.7"," 5","  6.0","24","  8.4","24"," 17.1","999.9","  71.6","*","  56.1"," "," 0.00","I","999.9","000000"
"84691099999","2020-10-20","-13.744864","-76.220284","11.88","PISCO INTERNATIONAL, PE","  62.8","24","  56.1","24","1012.9"," 4","011.7"," 4","  4.7","24","  7.1","24"," 13.0","999.9","  72.5"," ","  55.4"," "," 0.00","I","999.9","000000"
"84691099999","2020-10-21","-13.744864","-76.220284","11.88","PISCO INTERNATIONAL, PE","  64.9","24","  57.1","24","1013.8"," 4","012.6"," 4","  5.8","24"," 10.2","24"," 20.0","999.9","  71.6","*","  60.4"," "," 0.00","I","999.9","000000"
"84691099999","2020-10-22","-13.744864","-76.220284","11.88","PISCO INTERNATIONAL, PE","  64.6","24","  57.3","24","1012.9"," 4","011.7"," 4","  5.5","24"," 13.2","24"," 22.0","999.9","  72.9"," ","  60.4"," "," 0.00","I","999.9","000000"
"84691099999","2020-10-23","-13.744864","-76.220284","11.88","PISCO INTERNATIONAL, PE","  63.2","24","  57.3","24","9999.9"," 0","999.9"," 0","  4.9","24"," 10.0","24"," 21.0","999.9","  73.0"," ","  57.0"," "," 0.00","I","999.9","000000"
"84691099999","2020-10-24","-13.744864","-76.220284","11.88","PISCO INTERNATIONAL, PE","  63.4","24","  57.9","24","1015.5"," 4","014.2"," 4","  5.0","24","  8.0","24"," 17.1","999.9","  66.2","*","  60.8"," "," 0.00","I","999.9","000000"
"84691099999","2020-10-25","-13.744864","-76.220284","11.88","PISCO INTERNATIONAL, PE","  63.9","24","  57.0","24","1014.5"," 5","013.3"," 5","  5.4","24","  8.5","24"," 17.1","999.9","  71.6","*","  56.1"," "," 0.00","I","999.9","000000"
"84691099999","2020-10-26","-13.744864","-76.220284","11.88","PISCO INTERNATIONAL, PE","  65.1","24","  57.7","24","1013.2"," 7","012.0"," 7","  5.8","24","  8.3","24"," 15.9","999.9","  71.6","*","  59.0"," "," 0.00","I","999.9","000000"
"84691099999","2020-10-27","-13.744864","-76.220284","11.88","PISCO INTERNATIONAL, PE","  64.9","24","  57.5","24","1013.6"," 7","012.4"," 7","  6.1","24","  9.7","24"," 18.1","999.9","  71.6","*","  59.9"," "," 0.00","I","999.9","000000"
"84691099999","2020-10-28","-13.744864","-76.220284","11.88","PISCO INTERNATIONAL, PE","  64.0","24","  57.8","24","1014.8"," 6","013.6"," 6","  5.3","24"," 10.2","24"," 22.9","999.9","  71.6","*","  58.5"," "," 0.00","I","999.9","000000"
"84691099999","2020-10-29","-13.744864","-76.220284","11.88","PISCO INTERNATIONAL, PE","  63.4","24","  56.9","24","1014.2"," 7","013.0"," 7","  6.0","24","  8.9","24"," 19.0","999.9","  71.6"," ","  57.2","*"," 0.00","I","999.9","000000"
"84691099999","2020-10-30","-13.744864","-76.220284","11.88","PISCO INTERNATIONAL, PE","  64.1","24","  57.9","24","1013.5"," 8","012.4"," 8","  5.7","24"," 10.3","24"," 18.1","999.9","  69.8","*","  60.1"," "," 0.00","I","999.9","000000"
"84691099999","2020-10-31","-13.744864","-76.220284","11.88","PISCO INTERNATIONAL, PE","  64.8","24","  59.1","24","1014.8"," 7","013.6"," 7","  5.2","24","  7.2","24"," 17.1","999.9","  71.6","*","  60.8","*"," 0.00","I","999.9","000000"
"84691099999","2020-11-01","-13.744864","-76.220284","11.88","PISCO INTERNATIONAL, PE","  63.3","24","  59.4","24","1016.0"," 8","014.8"," 8","  4.6","24","  6.4","24"," 14.0","999.9","  66.2","*","  60.4"," ","99.99"," ","999.9","010000"
"84691099999","2020-11-02","-13.744864","-76.220284","11.88","PISCO INTERNATIONAL, PE","  65.2","24","  59.3","24","1014.6"," 8","013.6"," 8","  6.2","24","  7.2","24"," 13.0","999.9","  68.0","*","  63.7"," "," 0.00","I","999.9","000000"
"84691099999","2020-11-03","-13.744864","-76.220284","11.88","PISCO INTERNATIONAL, PE","  65.6","24","  58.8","24","1015.5"," 8","014.3"," 8","  6.1","24","  8.2","24"," 12.0","999.9","  71.6","*","  60.3"," "," 0.00","I","999.9","000000"
"84691099999","2020-11-04","-13.744864","-76.220284","11.88","PISCO INTERNATIONAL, PE","  62.8","24","  57.5","24","1015.3"," 8","014.1"," 8","  5.2","24","  5.7","24","  9.9","999.9","  66.6","*","  54.7"," "," 0.00","I","999.9","000000"
"84691099999","2020-11-05","-13.744864","-76.220284","11.88","PISCO INTERNATIONAL, PE","  63.8","24","  59.0","24","1015.0"," 8","013.8"," 8","  4.5","24","  6.3","24"," 14.0","999.9","  68.0","*","  59.0"," ","99.99"," ","999.9","010000"
"84691099999","2020-11-06","-13.744864","-76.220284","11.88","PISCO INTERNATIONAL, PE","  64.5","24","  59.5","24","1012.9"," 7","012.0"," 7","  5.4","24","  7.1","24"," 15.9","999.9","  68.0","*","  62.6","*"," 0.02","A","999.9","010000"
"84691099999","2020-11-07","-13.744864","-76.220284","11.88","PISCO INTERNATIONAL, PE","  64.5","24","  58.9","24","1014.0"," 7","012.8"," 7","  5.6","24","  7.4","24"," 13.0","999.9","  68.0","*","  62.1","*","99.99"," ","999.9","010000"
"84691099999","2020-11-08","-13.744864","-76.220284","11.88","PISCO INTERNATIONAL, PE","  65.6","24","  58.8","24","1015.2"," 7","014.0"," 7","  6.2","24"," 11.5","24"," 24.1","999.9","  71.6","*","  62.1"," "," 0.00","I","999.9","000000"
"84691099999","2020-11-09","-13.744864","-76.220284","11.88","PISCO INTERNATIONAL, PE","  63.3","24","  58.6","24","1015.0"," 7","013.8"," 7","  4.9","24","  6.9","24"," 17.1","999.9","  68.0","*","  57.4"," "," 0.00","I","999.9","000000"
"84691099999","2020-11-10","-13.744864","-76.220284","11.88","PISCO INTERNATIONAL, PE","  64.2","24","  59.1","24","1015.9"," 7","014.7"," 7","  5.6","24","  6.3","24"," 14.0","999.9","  68.0","*","  57.9"," "," 0.00","I","999.9","000000"
"84691099999","2020-11-11","-13.744864","-76.220284","11.88","PISCO INTERNATIONAL, PE","  66.4","24","  60.0","24","1016.2"," 7","014.8"," 7","  6.2","24","  8.4","24"," 13.0","999.9","  69.8","*","  63.7"," "," 0.00","I","999.9","000000"
"84691099999","2020-11-12","-13.744864","-76.220284","11.88","PISCO INTERNATIONAL, PE","  64.2","23","  59.5","23","1016.5"," 6","015.3"," 6","  4.9","23","  7.9","23"," 15.0","999.9","  71.8","*","  56.7"," "," 0.00","I","999.9","100000"
"84691099999","2020-11-13","-13.744864","-76.220284","11.88","PISCO INTERNATIONAL, PE","  65.3","24","  59.8","24","1016.2"," 7","015.1"," 7","  4.6","24","  9.1","24"," 21.0","999.9","  73.4","*","  58.5"," "," 0.00","I","999.9","000000"
"84691099999","2020-11-14","-13.744864","-76.220284","11.88","PISCO INTERNATIONAL, PE","  65.1","24","  59.8","24","1015.6"," 6","014.4"," 6","  4.8","24","  6.6","24"," 15.9","999.9","  69.8","*","  60.4"," "," 0.00","B","999.9","010000"
"84691099999","2020-11-15","-13.744864","-76.220284","11.88","PISCO INTERNATIONAL, PE","  66.3","23","  59.5","23","1015.6"," 8","014.7"," 8","  6.1","23","  9.8","23"," 18.1","999.9","  73.4","*","  62.6"," "," 0.00","I","999.9","000000"
"84691099999","2020-11-16","-13.744864","-76.220284","11.88","PISCO INTERNATIONAL, PE","  64.0","21","  57.5","21","1015.6"," 6","014.4"," 6","  4.8","21","  7.4","21"," 15.9","999.9","  73.6"," ","  55.8"," "," 0.00","I","999.9","000000"
"84691099999","2020-11-17","-13.744864","-76.220284","11.88","PISCO INTERNATIONAL, PE","  64.9","24","  58.1","24","1014.7"," 7","013.5"," 7","  4.3","24","  9.4","24"," 22.0","999.9","  73.4","*","  56.5"," "," 0.00","I","999.9","000000"
"84691099999","2020-11-18","-13.744864","-76.220284","11.88","PISCO INTERNATIONAL, PE","  64.2","21","  58.3","21","1014.5"," 7","013.4"," 7","  4.7","21","  6.9","21"," 15.0","999.9","  68.0","*","  59.0","*"," 0.00","I","999.9","000000"
"84691099999","2020-11-19","-13.744864","-76.220284","11.88","PISCO INTERNATIONAL, PE","  63.7","24","  57.6","24","1015.3"," 7","014.1"," 7","  5.0","24","  7.1","24"," 15.0","999.9","  73.4","*","  55.2"," "," 0.00","I","999.9","000000"
"84691099999","2020-11-20","-13.744864","-76.220284","11.88","PISCO INTERNATIONAL, PE","  65.3","24","  57.6","24","1014.9"," 7","013.7"," 7","  5.2","24","  9.0","24"," 20.0","999.9","  71.6","*","  58.6"," "," 0.00","I","999.9","000000"
"84691099999","2020-11-21","-13.744864","-76.220284","11.88","PISCO INTERNATIONAL, PE","  63.8","24","  57.6","24","1013.0"," 7","011.8"," 7","  5.1","24","  7.0","24"," 15.9","999.9","  72.7"," ","  57.2","*"," 0.00","I","999.9","000000"
"84691099999","2020-11-22","-13.744864","-76.220284","11.88","PISCO INTERNATIONAL, PE","  64.1","24","  57.8","24","1012.9"," 7","011.7"," 7","  4.7","24","  7.5","24"," 15.9","999.9","  70.2","*","  56.3"," "," 0.00","I","999.9","000000"
"84691099999","2020-11-23","-13.744864","-76.220284","11.88","PISCO INTERNATIONAL, PE","  65.1","24","  57.3","24","1013.1"," 8","011.9"," 8","  4.9","24","  8.2","24"," 20.0","999.9","  73.4","*","  56.8"," "," 0.00","I","999.9","000000"
"84691099999","2020-11-24","-13.744864","-76.220284","11.88","PISCO INTERNATIONAL, PE","  64.9","24","  57.4","24","1013.2"," 7","012.0"," 7","  5.2","24","  9.9","24"," 19.0","999.9","  75.2","*","  57.2","*"," 0.00","I","999.9","000000"
"84691099999","2020-11-25","-13.744864","-76.220284","11.88","PISCO INTERNATIONAL, PE","  64.0","24","  58.3","24","1014.1"," 8","013.0"," 8","  5.0","24","  8.5","24"," 18.1","999.9","  66.6","*","  58.6"," "," 0.00","I","999.9","000000"
"84691099999","2020-11-26","-13.744864","-76.220284","11.88","PISCO INTERNATIONAL, PE","  63.8","24","  58.8","24","1013.9"," 7","012.7"," 7","  4.2","24","  6.9","24"," 15.9","999.9","  69.8","*","  58.5"," "," 0.00","I","999.9","000000"
"84691099999","2020-11-27","-13.744864","-76.220284","11.88","PISCO INTERNATIONAL, PE","  65.7","24","  59.5","24","1013.2"," 8","012.0"," 8","  4.6","24","  6.5","24"," 14.0","999.9","  71.6","*","  60.1"," "," 0.00","I","999.9","000000"
"84691099999","2020-11-28","-13.744864","-76.220284","11.88","PISCO INTERNATIONAL, PE","  67.8","24","  60.6","24","1013.2"," 7","012.0"," 7","  6.2","24","  8.0","24"," 18.1","999.9","  73.4","*","  64.4","*"," 0.00","I","999.9","000000"
"84691099999","2020-11-29","-13.744864","-76.220284","11.88","PISCO INTERNATIONAL, PE","  66.7","24","  61.4","24","1013.0"," 8","011.6"," 8","  5.3","24"," 10.5","24"," 20.0","999.9","  75.0"," ","  63.7","*"," 0.00","I","999.9","000000"
"84691099999","2020-11-30","-13.744864","-76.220284","11.88","PISCO INTERNATIONAL, PE","  66.3","24","  61.5","24","1013.2"," 8","012.0"," 7","  5.4","24","  7.5","24"," 14.0","999.9","  69.8","*","  63.7"," "," 0.00","I","999.9","000000"
"84691099999","2020-12-01","-13.744864","-76.220284","11.88","PISCO INTERNATIONAL, PE","  68.0","24","  62.2","24","1014.7"," 5","013.5"," 5","  5.6","24","  7.6","24"," 18.1","999.9","  73.4","*","  65.3"," "," 0.00","I","999.9","000000"
"84691099999","2020-12-02","-13.744864","-76.220284","11.88","PISCO INTERNATIONAL, PE","  67.6","24","  61.0","24","1013.2"," 7","011.8"," 8","  6.1","24"," 10.2","24"," 20.0","999.9","  73.4","*","  63.7"," "," 0.00","I","999.9","000000"
"84691099999","2020-12-03","-13.744864","-76.220284","11.88","PISCO INTERNATIONAL, PE","  67.1","24","  60.9","24","1013.1"," 7","011.9"," 7","  6.1","24","  9.7","24"," 21.0","999.9","  73.4","*","  62.6","*"," 0.00","I","999.9","000000"
"84691099999","2020-12-04","-13.744864","-76.220284","11.88","PISCO INTERNATIONAL, PE","  67.1","24","  61.2","24","1013.4"," 6","012.2"," 6","  5.8","24"," 10.8","24"," 19.0","999.9","  73.4","*","  62.6","*"," 0.00","I","999.9","000000"
"84691099999","2020-12-05","-13.744864","-76.220284","11.88","PISCO INTERNATIONAL, PE","  67.4","24","  61.4","24","1014.0"," 7","012.7"," 7","  6.1","24"," 10.9","24"," 18.1","999.9","  73.8","*","  62.6","*"," 0.00","I","999.9","000000"
"84691099999","2020-12-06","-13.744864","-76.220284","11.88","PISCO INTERNATIONAL, PE","  67.2","24","  61.2","23","1013.8"," 5","011.7"," 5","  5.8","24","  9.1","24"," 19.0","999.9","  73.4","*","  64.0","*"," 0.00","I","999.9","000000"
"84691099999","2020-12-07","-13.744864","-76.220284","11.88","PISCO INTERNATIONAL, PE","  66.2","24","  61.3","23","1013.5"," 6","012.4"," 7","  6.2","24","  6.9","24"," 15.9","999.9","  70.0","*","  61.7","*"," 0.00","I","999.9","000000"
"84691099999","2020-12-08","-13.744864","-76.220284","11.88","PISCO INTERNATIONAL, PE","  68.0","24","  61.7","24","1016.0"," 7","014.8"," 7","  6.2","24","  7.9","24"," 17.1","999.9","  73.4","*","  64.4"," "," 0.00","I","999.9","000000"
"84691099999","2020-12-09","-13.744864","-76.220284","11.88","PISCO INTERNATIONAL, PE","  67.6","24","  62.0","24","1014.7"," 7","013.5"," 7","  5.7","24"," 10.6","24"," 19.0","999.9","  73.4","*","  63.9"," "," 0.00","I","999.9","000000"
"84691099999","2020-12-10","-13.744864","-76.220284","11.88","PISCO INTERNATIONAL, PE","  67.3","24","  61.4","24","1013.7"," 8","012.5"," 8","  5.9","24","  9.6","24"," 20.0","999.9","  73.4","*","  63.1"," "," 0.00","I","999.9","000000"
"84691099999","2020-12-11","-13.744864","-76.220284","11.88","PISCO INTERNATIONAL, PE","  68.2","24","  62.1","24","1013.8"," 8","012.6"," 8","  5.4","24","  8.9","24"," 20.0","999.9","  75.2","*","  62.6","*"," 0.00","I","999.9","000000"
"84691099999","2020-12-12","-13.744864","-76.220284","11.88","PISCO INTERNATIONAL, PE","  67.2","24","  61.9","24","1013.5"," 7","012.2"," 7","  5.0","24","  8.8","24"," 20.0","999.9","  72.0","*","  62.6","*"," 0.00","I","999.9","000000"
"84691099999","2020-12-13","-13.744864","-76.220284","11.88","PISCO INTERNATIONAL, PE","  67.5","24","  62.2","24","1013.1"," 8","011.9"," 8","  6.2","24","  9.6","24"," 21.0","999.9","  75.2","*","  62.6","*"," 0.00","I","999.9","000000"
"84691099999","2020-12-14","-13.744864","-76.220284","11.88","PISCO INTERNATIONAL, PE","  68.3","24","  62.9","24","1013.0"," 7","011.8"," 7","  5.2","24","  9.4","24"," 19.0","999.9","  73.4","*","  65.3"," "," 0.00","I","999.9","000000"
"84691099999","2020-12-15","-13.744864","-76.220284","11.88","PISCO INTERNATIONAL, PE","  68.5","24","  63.2","24","1013.2"," 7","011.9"," 6","  5.6","24","  7.8","24"," 15.0","999.9","  73.4","*","  65.7","*"," 0.00","I","999.9","000000"
"84691099999","2020-12-16","-13.744864","-76.220284","11.88","PISCO INTERNATIONAL, PE","  67.5","24","  61.9","24","1012.3"," 7","011.1"," 7","  5.3","24","  7.2","24"," 14.0","999.9","  75.2","*","  60.8","*"," 0.00","I","999.9","000000"
"84691099999","2020-12-17","-13.744864","-76.220284","11.88","PISCO INTERNATIONAL, PE","  68.7","24","  62.2","24","1012.8"," 8","012.0"," 8","  5.9","24","  9.0","24"," 21.0","999.9","  75.2","*","  62.4"," "," 0.00","I","999.9","000000"
"84691099999","2020-12-18","-13.744864","-76.220284","11.88","PISCO INTERNATIONAL, PE","  68.3","24","  62.4","23","1013.0"," 8","011.8"," 8","  6.1","24"," 10.6","24"," 21.0","999.9","  73.8","*","  64.4"," "," 0.00","I","999.9","000000"
"84691099999","2020-12-19","-13.744864","-76.220284","11.88","PISCO INTERNATIONAL, PE","  69.0","24","  63.0","24","1013.2"," 8","012.3"," 8","  5.8","24","  9.2","24"," 15.9","999.9","  75.2","*","  63.9"," "," 0.00","I","999.9","000000"
"84691099999","2020-12-20","-13.744864","-76.220284","11.88","PISCO INTERNATIONAL, PE","  68.6","24","  62.3","24","1012.2"," 5","010.7"," 6","  5.9","24"," 10.7","24"," 19.0","999.9","  75.2","*","  64.4","*"," 0.00","I","999.9","000000"
"84691099999","2020-12-21","-13.744864","-76.220284","11.88","PISCO INTERNATIONAL, PE","  68.7","24","  62.6","24","1012.5"," 6","011.4"," 6","  6.2","24"," 10.8","24"," 20.0","999.9","  73.4","*","  64.4","*"," 0.00","I","999.9","000000"
"84691099999","2020-12-22","-13.744864","-76.220284","11.88","PISCO INTERNATIONAL, PE","  68.7","24","  63.3","24","1013.2"," 6","012.2"," 7","  6.1","24"," 10.5","24"," 20.0","999.9","  75.2","*","  64.4","*"," 0.00","I","999.9","000000"
"84691099999","2020-12-23","-13.744864","-76.220284","11.88","PISCO INTERNATIONAL, PE","  68.5","24","  63.0","24","1013.2"," 7","012.0"," 7","  6.2","24"," 10.7","24"," 20.0","999.9","  74.3","*","  64.4","*"," 0.00","I","999.9","000000"
"84691099999","2020-12-24","-13.744864","-76.220284","11.88","PISCO INTERNATIONAL, PE","  69.2","24","  62.6","24","1012.7"," 8","011.5"," 8","  5.8","24"," 11.2","24"," 21.0","999.9","  75.2","*","  64.4","*"," 0.00","I","999.9","000000"
"84691099999","2020-12-25","-13.744864","-76.220284","11.88","PISCO INTERNATIONAL, PE","  69.4","24","  63.6","24","1013.2"," 6","012.1"," 6","  6.1","24","  9.2","24"," 15.9","999.9","  73.4","*","  66.2"," "," 0.00","I","999.9","000000"
"84691099999","2020-12-26","-13.744864","-76.220284","11.88","PISCO INTERNATIONAL, PE","  69.7","23","  63.2","23","1013.2"," 7","012.0"," 7","  6.2","23","  9.0","23"," 15.9","999.9","  77.0","*","  65.7","*"," 0.00","I","999.9","000000"
"84691099999","2020-12-27","-13.744864","-76.220284","11.88","PISCO INTERNATIONAL, PE","  70.7","24","  64.5","24","1012.9"," 6","011.8"," 7","  6.1","24"," 10.4","24"," 18.1","999.9","  77.0","*","  66.0"," "," 0.00","I","999.9","000000"
"84691099999","2020-12-28","-13.744864","-76.220284","11.88","PISCO INTERNATIONAL, PE","  70.2","24","  64.7","24","1013.5"," 7","012.3"," 8","  6.2","24","  8.8","23"," 15.0","999.9","  75.2","*","  67.6"," "," 0.00","I","999.9","000000"
"84691099999","2020-12-29","-13.744864","-76.220284","11.88","PISCO INTERNATIONAL, PE","  70.6","24","  65.1","24","1014.2"," 7","013.0"," 7","  6.1","24"," 10.5","24"," 20.0","999.9","  77.0","*","  66.2","*"," 0.00","I","999.9","000000"
"84691099999","2020-12-30","-13.744864","-76.220284","11.88","PISCO INTERNATIONAL, PE","  67.4","24","  64.6","24","1012.8"," 5","011.6"," 5","  4.1","24","  5.6","24"," 14.0","999.9","  71.6","*","  63.7"," ","99.99"," ","999.9","110000"
"84691099999","2020-12-31","-13.744864","-76.220284","11.88","PISCO INTERNATIONAL, PE","  69.4","23","  64.6","23","1012.7"," 7","011.5"," 7","  5.2","23","  7.9","23"," 20.0","999.9","  75.2","*","  65.7"," "," 0.00","I","999.9","000000"
