"STATION","DATE","LATITUDE","LONGITUDE","ELEVATION","NAME","TEMP","TEMP_ATTRIBUTES","DEWP","DEWP_ATTRIBUTES","SLP","SLP_ATTRIBUTES","STP","STP_ATTRIBUTES","VISIB","VISIB_ATTRIBUTES","WDSP","WDSP_ATTRIBUTES","MXSPD","GUST","MAX","MAX_ATTRIBUTES","MIN","MIN_ATTRIBUTES","PRCP","PRCP_ATTRIBUTES","SNDP","FRSHTT"
"94599099999","2020-01-01","-28.6333333","153.6333333","98.0","CAPE BYRON AWS, AS","  76.0","16","  67.9","16","1015.5","16","004.3","16","999.9"," 0"," 13.3","16"," 22.0","999.9","  81.5","*","  71.4"," "," 0.00","G","999.9","000000"
"94599099999","2020-01-02","-28.6333333","153.6333333","98.0","CAPE BYRON AWS, AS","  75.8","16","  67.6","16","1016.5","16","005.2","16","999.9"," 0","  9.8","16"," 20.0","999.9","  81.5","*","  70.2","*"," 0.00","G","999.9","000000"
"94599099999","2020-01-03","-28.6333333","153.6333333","98.0","CAPE BYRON AWS, AS","  76.3","16","  66.9","16","1015.7","16","004.5","16","999.9"," 0"," 11.2","16"," 21.0","999.9","  88.7","*","  70.0"," "," 0.00","G","999.9","000000"
"94599099999","2020-01-04","-28.6333333","153.6333333","98.0","CAPE BYRON AWS, AS","  74.4","16","  67.4","16","1014.2","16","002.9","16","999.9"," 0"," 15.3","16"," 18.1","999.9","  79.5","*","  69.8"," "," 0.00","G","999.9","000000"
"94599099999","2020-01-05","-28.6333333","153.6333333","98.0","CAPE BYRON AWS, AS","  73.9","16","  68.1","16","1016.0","16","004.7","16","999.9"," 0"," 12.1","16"," 19.0","999.9","  78.3","*","  69.4","*"," 0.00","G","999.9","000000"
"94599099999","2020-01-06","-28.6333333","153.6333333","98.0","CAPE BYRON AWS, AS","  77.6","16","  68.5","16","1016.3","16","005.0","16","999.9"," 0","  7.8","16"," 14.0","999.9","  88.7","*","  69.3"," "," 0.00","G","999.9","000000"
"94599099999","2020-01-07","-28.6333333","153.6333333","98.0","CAPE BYRON AWS, AS","  77.0","16","  67.3","16","1015.3","16","004.1","16","999.9"," 0","  8.3","16"," 13.0","999.9","  83.7","*","  71.1","*"," 0.00","G","999.9","000000"
"94599099999","2020-01-08","-28.6333333","153.6333333","98.0","CAPE BYRON AWS, AS","  77.6","16","  67.7","16","1014.7","16","003.5","16","999.9"," 0"," 11.6","16"," 18.1","999.9","  86.4","*","  70.7"," "," 0.00","G","999.9","000000"
"94599099999","2020-01-09","-28.6333333","153.6333333","98.0","CAPE BYRON AWS, AS","  77.5","16","  67.9","16","1015.3","16","004.0","16","999.9"," 0"," 12.0","16"," 22.0","999.9","  82.9","*","  71.1"," "," 0.00","G","999.9","000000"
"94599099999","2020-01-10","-28.6333333","153.6333333","98.0","CAPE BYRON AWS, AS","  77.2","16","  70.8","16","1012.0","16","000.8","16","999.9"," 0"," 16.8","16"," 21.0","999.9","  81.7","*","  71.4"," "," 0.02","G","999.9","010000"
"94599099999","2020-01-11","-28.6333333","153.6333333","98.0","CAPE BYRON AWS, AS","  72.9","13","  70.0","13","1010.5","13","999.3","13","999.9"," 0"," 18.9","13"," 24.1","999.9","  80.2","*","  68.7","*"," 0.28","G","999.9","010000"
"94599099999","2020-01-12","-28.6333333","153.6333333","98.0","CAPE BYRON AWS, AS","  68.2","16","  66.1","16","1014.8","16","003.6","16","999.9"," 0"," 16.6","16"," 22.0","999.9","  70.9","*","  66.6","*"," 0.42","G","999.9","010000"
"94599099999","2020-01-13","-28.6333333","153.6333333","98.0","CAPE BYRON AWS, AS","  71.3","15","  66.2","15","1015.3","15","004.1","15","999.9"," 0"," 12.9","15"," 17.1","999.9","  75.6","*","  66.2"," "," 0.00","G","999.9","010000"
"94599099999","2020-01-14","-28.6333333","153.6333333","98.0","CAPE BYRON AWS, AS","  71.3","16","  69.7","16","1013.8","16","002.6","16","999.9"," 0"," 10.7","16"," 24.1","999.9","  74.5","*","  66.9"," "," 0.29","G","999.9","010000"
"94599099999","2020-01-15","-28.6333333","153.6333333","98.0","CAPE BYRON AWS, AS","  78.3","16","  70.4","16","1011.1","16","999.9","16","999.9"," 0"," 10.1","16"," 15.0","999.9","  86.7","*","  69.1"," "," 0.02","G","999.9","010000"
"94599099999","2020-01-16","-28.6333333","153.6333333","98.0","CAPE BYRON AWS, AS","  76.1","16","  69.1","16","1007.3","16","996.2","16","999.9"," 0"," 14.6","16"," 21.0","999.9","  84.6","*","  72.0"," "," 0.67","G","999.9","010000"
"94599099999","2020-01-17","-28.6333333","153.6333333","98.0","CAPE BYRON AWS, AS","  75.3","16","  70.0","16","1005.5","16","994.4","16","999.9"," 0"," 19.3","16"," 28.0","999.9","  84.9","*","  68.7","*"," 1.46","G","999.9","010000"
"94599099999","2020-01-18","-28.6333333","153.6333333","98.0","CAPE BYRON AWS, AS","  72.7","16","  71.9","16","1005.0","16","993.9","16","999.9"," 0"," 11.8","16"," 24.1","999.9","  75.7","*","  67.6"," "," 3.03","G","999.9","010000"
"94599099999","2020-01-19","-28.6333333","153.6333333","98.0","CAPE BYRON AWS, AS","  77.1","16","  73.1","16","1006.1","16","995.0","16","999.9"," 0"," 13.9","16"," 19.0","999.9","  83.8","*","  68.9"," "," 0.08","G","999.9","000000"
"94599099999","2020-01-20","-28.6333333","153.6333333","98.0","CAPE BYRON AWS, AS","  76.1","16","  73.6","16","1007.2","16","996.0","16","999.9"," 0"," 15.3","16"," 19.0","999.9","  80.4","*","  71.8"," "," 0.20","G","999.9","010000"
"94599099999","2020-01-21","-28.6333333","153.6333333","98.0","CAPE BYRON AWS, AS","  76.0","16","  71.6","16","1008.7","16","997.5","16","999.9"," 0"," 13.2","16"," 18.1","999.9","  81.3","*","  71.4","*"," 0.03","G","999.9","000000"
"94599099999","2020-01-22","-28.6333333","153.6333333","98.0","CAPE BYRON AWS, AS","  75.9","16","  73.9","16","1010.9","16","999.7","16","999.9"," 0"," 16.7","16"," 20.0","999.9","  81.0","*","  71.1"," "," 0.01","G","999.9","000000"
"94599099999","2020-01-23","-28.6333333","153.6333333","98.0","CAPE BYRON AWS, AS","  75.8","16","  73.7","16","1010.6","16","999.4","16","999.9"," 0"," 18.8","16"," 22.0","999.9","  79.5","*","  72.3"," "," 0.00","G","999.9","000000"
"94599099999","2020-01-24","-28.6333333","153.6333333","98.0","CAPE BYRON AWS, AS","  76.0","16","  74.1","16","1010.8","16","999.6","16","999.9"," 0"," 16.5","16"," 20.0","999.9","  79.7","*","  72.1"," "," 0.91","G","999.9","010000"
"94599099999","2020-01-25","-28.6333333","153.6333333","98.0","CAPE BYRON AWS, AS","  75.9","16","  72.8","16","1014.0","16","002.8","16","999.9"," 0","  9.7","16"," 15.0","999.9","  79.5","*","  72.5"," "," 0.15","G","999.9","010000"
"94599099999","2020-01-26","-28.6333333","153.6333333","98.0","CAPE BYRON AWS, AS","  78.0","16","  69.6","16","1014.3","16","003.1","16","999.9"," 0"," 10.5","16"," 17.1","999.9","  82.6","*","  72.5"," "," 0.02","G","999.9","000000"
"94599099999","2020-01-27","-28.6333333","153.6333333","98.0","CAPE BYRON AWS, AS","  79.0","16","  69.5","16","1014.4","16","003.2","16","999.9"," 0"," 11.4","16"," 21.0","999.9","  86.7","*","  72.1","*"," 0.13","G","999.9","010000"
"94599099999","2020-01-28","-28.6333333","153.6333333","98.0","CAPE BYRON AWS, AS","  78.1","16","  72.6","16","1013.5","16","002.3","16","999.9"," 0"," 11.8","16"," 15.9","999.9","  84.7","*","  72.0"," "," 0.01","G","999.9","000000"
"94599099999","2020-01-29","-28.6333333","153.6333333","98.0","CAPE BYRON AWS, AS","  79.2","16","  74.1","16","1014.9","16","003.6","16","999.9"," 0","  7.4","16"," 11.1","999.9","  83.3","*","  73.6"," "," 0.00","G","999.9","000000"
"94599099999","2020-01-30","-28.6333333","153.6333333","98.0","CAPE BYRON AWS, AS","  80.0","16","  70.6","16","1016.8","16","005.5","16","999.9"," 0","  9.1","16"," 14.0","999.9","  90.9"," ","  73.2","*"," 0.00","G","999.9","000000"
"94599099999","2020-01-31","-28.6333333","153.6333333","98.0","CAPE BYRON AWS, AS","  80.4","16","  69.4","16","1017.8","16","006.5","16","999.9"," 0"," 10.6","16"," 18.1","999.9","  89.1","*","  71.8","*"," 0.00","G","999.9","000000"
"94599099999","2020-02-01","-28.6333333","153.6333333","98.0","CAPE BYRON AWS, AS","  78.6","16","  70.7","16","1014.5","16","003.3","16","999.9"," 0"," 13.2","16"," 17.1","999.9","  86.5","*","  71.2"," "," 0.00","G","999.9","000000"
"94599099999","2020-02-02","-28.6333333","153.6333333","98.0","CAPE BYRON AWS, AS","  77.6","16","  71.8","16","1008.8","16","997.6","16","999.9"," 0"," 15.6","16"," 22.0","999.9","  81.7","*","  73.4","*"," 0.00","G","999.9","000000"
"94599099999","2020-02-03","-28.6333333","153.6333333","98.0","CAPE BYRON AWS, AS","  73.5","16","  70.0","16","1009.4","16","998.2","16","999.9"," 0"," 17.0","16"," 25.1","999.9","  81.3","*","  68.0","*"," 0.85","G","999.9","010000"
"94599099999","2020-02-04","-28.6333333","153.6333333","98.0","CAPE BYRON AWS, AS","  69.1","16","  65.3","16","1017.9","16","006.6","16","999.9"," 0"," 15.0","16"," 24.1","999.9","  72.7","*","  65.8","*"," 0.17","G","999.9","010000"
"94599099999","2020-02-05","-28.6333333","153.6333333","98.0","CAPE BYRON AWS, AS","  71.9","16","  65.8","16","1017.0","16","005.7","16","999.9"," 0"," 15.4","16"," 19.0","999.9","  75.0","*","  65.3"," "," 0.60","G","999.9","010000"
"94599099999","2020-02-06","-28.6333333","153.6333333","98.0","CAPE BYRON AWS, AS","  71.1","16","  71.1","16","1014.8","16","003.5","16","999.9"," 0"," 10.4","16"," 22.9","999.9","  73.4","*","  67.8"," ","10.84","G","999.9","010000"
"94599099999","2020-02-07","-28.6333333","153.6333333","98.0","CAPE BYRON AWS, AS","  72.8","16","  71.9","16","1013.6","16","002.4","16","999.9"," 0","  6.2","16"," 11.1","999.9","  76.8","*","  68.2"," "," 1.46","G","999.9","010000"
"94599099999","2020-02-08","-28.6333333","153.6333333","98.0","CAPE BYRON AWS, AS","  72.7","16","  72.7","16","1008.5","16","997.3","16","999.9"," 0","  9.4","16"," 18.1","999.9","  75.7","*","  69.3"," "," 4.32","G","999.9","010000"
"94599099999","2020-02-09","-28.6333333","153.6333333","98.0","CAPE BYRON AWS, AS","  73.4","16","  73.4","16","1008.2","16","997.0","16","999.9"," 0","  9.3","16"," 27.0","999.9","  77.0","*","  69.4"," "," 1.43","G","999.9","010000"
"94599099999","2020-02-10","-28.6333333","153.6333333","98.0","CAPE BYRON AWS, AS","  76.2","16","  73.6","16","1009.5","16","998.3","16","999.9"," 0","  9.0","16"," 19.0","999.9","  84.2","*","  69.6","*"," 0.12","G","999.9","010000"
"94599099999","2020-02-11","-28.6333333","153.6333333","98.0","CAPE BYRON AWS, AS","  75.7","16","  74.7","16","1007.7","16","996.5","16","999.9"," 0","  8.6","16"," 20.0","999.9","  78.6","*","  69.4"," "," 1.24","G","999.9","010000"
"94599099999","2020-02-12","-28.6333333","153.6333333","98.0","CAPE BYRON AWS, AS","  73.4","16","  73.4","16","1007.0","16","995.8","16","999.9"," 0","  8.7","16"," 15.0","999.9","  76.1","*","  70.5","*"," 4.80","G","999.9","010000"
"94599099999","2020-02-13","-28.6333333","153.6333333","98.0","CAPE BYRON AWS, AS","  74.9","16","  73.0","16","1005.3","16","994.2","16","999.9"," 0"," 14.9","16"," 25.1","999.9","  79.9","*","  70.2"," "," 0.22","G","999.9","010000"
"94599099999","2020-02-14","-28.6333333","153.6333333","98.0","CAPE BYRON AWS, AS","  75.9","16","  70.8","16","1005.9","16","994.7","16","999.9"," 0","  7.2","16"," 15.9","999.9","  80.6","*","  71.2"," "," 0.02","G","999.9","010000"
"94599099999","2020-02-15","-28.6333333","153.6333333","98.0","CAPE BYRON AWS, AS","  78.7","16","  75.3","16","1008.4","16","997.2","16","999.9"," 0","  7.7","16"," 12.0","999.9","  83.1","*","  72.5"," "," 0.00","G","999.9","000000"
"94599099999","2020-02-16","-28.6333333","153.6333333","98.0","CAPE BYRON AWS, AS","  79.5","16","  75.4","16","1013.0","16","001.8","16","999.9"," 0","  9.8","16"," 17.1","999.9","  85.1","*","  74.8"," "," 0.09","G","999.9","010000"
"94599099999","2020-02-17","-28.6333333","153.6333333","98.0","CAPE BYRON AWS, AS","  77.9","16","  73.2","16","1012.8","16","001.6","16","999.9"," 0","  8.2","16"," 15.0","999.9","  88.2","*","  71.2","*"," 1.27","G","999.9","000000"
"94599099999","2020-02-18","-28.6333333","153.6333333","98.0","CAPE BYRON AWS, AS","  80.8","16","  74.7","16","1008.2","16","997.0","16","999.9"," 0"," 13.4","16"," 17.1","999.9","  85.8","*","  71.1"," "," 0.01","G","999.9","000000"
"94599099999","2020-02-19","-28.6333333","153.6333333","98.0","CAPE BYRON AWS, AS","  79.5","16","  75.2","16","1005.0","16","993.8","16","999.9"," 0"," 15.5","16"," 21.0","999.9","  84.9","*","  75.0","*"," 0.00","G","999.9","000000"
"94599099999","2020-02-20","-28.6333333","153.6333333","98.0","CAPE BYRON AWS, AS","  76.6","16","  68.0","16","1011.4","16","000.2","16","999.9"," 0"," 11.5","16"," 17.1","999.9","  81.5","*","  70.2","*"," 0.20","G","999.9","010000"
"94599099999","2020-02-21","-28.6333333","153.6333333","98.0","CAPE BYRON AWS, AS","  77.0","16","  64.9","16","1016.9","16","005.6","16","999.9"," 0"," 12.2","16"," 20.0","999.9","  82.4","*","  69.4"," "," 0.01","G","999.9","010000"
"94599099999","2020-02-22","-28.6333333","153.6333333","98.0","CAPE BYRON AWS, AS","  75.5","16","  62.6","16","1020.6","16","009.3","16","999.9"," 0"," 18.8","16"," 25.1","999.9","  78.6","*","  71.6","*"," 0.00","G","999.9","000000"
"94599099999","2020-02-23","-28.6333333","153.6333333","98.0","CAPE BYRON AWS, AS","  71.2","16","  67.4","16","1019.6","16","008.3","16","999.9"," 0"," 12.1","16"," 20.0","999.9","  77.7","*","  67.5","*"," 0.12","G","999.9","010000"
"94599099999","2020-02-24","-28.6333333","153.6333333","98.0","CAPE BYRON AWS, AS","  69.9","16","  69.7","16","1017.4","16","006.1","16","999.9"," 0","  9.5","16"," 13.0","999.9","  73.2","*","  67.3"," "," 1.57","G","999.9","010000"
"94599099999","2020-02-25","-28.6333333","153.6333333","98.0","CAPE BYRON AWS, AS","  75.4","16","  70.0","16","1013.5","16","002.3","16","999.9"," 0","  9.6","16"," 14.0","999.9","  83.7","*","  67.6"," "," 0.01","G","999.9","000000"
"94599099999","2020-02-26","-28.6333333","153.6333333","98.0","CAPE BYRON AWS, AS","  76.5","16","  72.5","16","1008.5","16","997.3","16","999.9"," 0"," 10.5","16"," 18.1","999.9","  85.6","*","  70.0"," "," 0.81","G","999.9","010000"
"94599099999","2020-02-27","-28.6333333","153.6333333","98.0","CAPE BYRON AWS, AS","  73.8","16","  71.7","16","1008.1","16","996.9","16","999.9"," 0","  8.9","16"," 15.9","999.9","  78.3","*","  68.9"," "," 0.16","G","999.9","010000"
"94599099999","2020-02-28","-28.6333333","153.6333333","98.0","CAPE BYRON AWS, AS","  76.5","16","  70.6","16","1011.3","16","000.1","16","999.9"," 0"," 13.7","16"," 17.1","999.9","  81.3","*","  69.3","*"," 0.08","G","999.9","010000"
"94599099999","2020-02-29","-28.6333333","153.6333333","98.0","CAPE BYRON AWS, AS","  74.7","16","  68.4","16","1014.2","16","003.0","16","999.9"," 0"," 12.2","16"," 17.1","999.9","  80.1","*","  68.7"," "," 0.05","G","999.9","010000"
"94599099999","2020-03-01","-28.6333333","153.6333333","98.0","CAPE BYRON AWS, AS","  77.6","16","  68.6","16","1013.4","16","002.1","16","999.9"," 0","  6.9","16"," 13.0","999.9","  82.2","*","  69.8"," "," 0.00","G","999.9","000000"
"94599099999","2020-03-02","-28.6333333","153.6333333","98.0","CAPE BYRON AWS, AS","  79.6","16","  73.3","16","1012.7","16","001.4","16","999.9"," 0","  8.6","16"," 12.0","999.9","  85.1","*","  72.9"," "," 0.00","G","999.9","000000"
"94599099999","2020-03-03","-28.6333333","153.6333333","98.0","CAPE BYRON AWS, AS","  78.9","16","  72.6","16","1015.7","16","004.4","16","999.9"," 0"," 19.4","16"," 22.9","999.9","  81.7","*","  73.8"," "," 0.00","G","999.9","000000"
"94599099999","2020-03-04","-28.6333333","153.6333333","98.0","CAPE BYRON AWS, AS","  78.2","16","  70.5","16","1014.2","16","002.9","16","999.9"," 0"," 17.8","16"," 22.0","999.9","  81.3","*","  76.5"," "," 0.00","G","999.9","000000"
"94599099999","2020-03-05","-28.6333333","153.6333333","98.0","CAPE BYRON AWS, AS","  79.2","16","  70.0","16","1010.9","16","999.6","16","999.9"," 0"," 13.8","16"," 18.1","999.9","  82.8","*","  76.1"," "," 0.00","G","999.9","000000"
"94599099999","2020-03-06","-28.6333333","153.6333333","98.0","CAPE BYRON AWS, AS","  77.2","16","  74.6","16","1010.8","16","999.6","16","999.9"," 0"," 10.4","16"," 20.0","999.9","  82.8","*","  72.3","*"," 0.03","G","999.9","010000"
"94599099999","2020-03-07","-28.6333333","153.6333333","98.0","CAPE BYRON AWS, AS","  72.6","16","  66.8","16","1015.9","16","004.6","16","999.9"," 0"," 19.6","16"," 29.9","999.9","  75.0","*","  68.0","*"," 0.39","G","999.9","010000"
"94599099999","2020-03-08","-28.6333333","153.6333333","98.0","CAPE BYRON AWS, AS","  73.7","16","  64.1","16","1016.3","16","005.0","16","999.9"," 0"," 17.1","16"," 22.9","999.9","  77.5","*","  67.3"," "," 0.10","G","999.9","010000"
"94599099999","2020-03-09","-28.6333333","153.6333333","98.0","CAPE BYRON AWS, AS","  70.0","16","  65.8","16","1016.0","16","004.7","16","999.9"," 0"," 21.1","16"," 26.0","999.9","  72.9","*","  66.9"," "," 1.09","G","999.9","010000"
"94599099999","2020-03-10","-28.6333333","153.6333333","98.0","CAPE BYRON AWS, AS","  73.1","15","  61.3","15","1017.4","15","006.1","15","999.9"," 0"," 19.6","15"," 25.1","999.9","  75.7","*","  67.1"," "," 0.05","G","999.9","000000"
"94599099999","2020-03-11","-28.6333333","153.6333333","98.0","CAPE BYRON AWS, AS","  72.7","16","  59.8","16","1019.7","16","008.4","16","999.9"," 0"," 20.1","16"," 26.0","999.9","  75.6","*","  68.4","*"," 0.28","G","999.9","010000"
"94599099999","2020-03-12","-28.6333333","153.6333333","98.0","CAPE BYRON AWS, AS","  69.6","16","  62.3","16","1018.7","16","007.4","16","999.9"," 0"," 18.0","16"," 28.0","999.9","  74.7","*","  64.0","*"," 0.43","G","999.9","010000"
"94599099999","2020-03-13","-28.6333333","153.6333333","98.0","CAPE BYRON AWS, AS","  72.0","16","  59.4","16","1013.5","16","002.2","16","999.9"," 0"," 15.4","16"," 22.0","999.9","  76.8","*","  63.3"," "," 0.02","G","999.9","010000"
"94599099999","2020-03-14","-28.6333333","153.6333333","98.0","CAPE BYRON AWS, AS","  69.8","16","  61.0","16","1011.4","16","000.1","16","999.9"," 0"," 20.1","15"," 24.1","999.9","  75.2","*","  63.7","*"," 0.02","G","999.9","000000"
"94599099999","2020-03-15","-28.6333333","153.6333333","98.0","CAPE BYRON AWS, AS","  71.1","16","  60.8","16","1015.3","16","004.0","16","999.9"," 0"," 29.4","16"," 35.0","999.9","  72.7","*","  63.0"," "," 0.24","G","999.9","010000"
"94599099999","2020-03-16","-28.6333333","153.6333333","98.0","CAPE BYRON AWS, AS","  68.9","16","  59.5","16","1020.4","16","009.0","16","999.9"," 0"," 19.1","16"," 29.9","999.9","  72.9","*","  61.7","*"," 0.09","G","999.9","010000"
"94599099999","2020-03-17","-28.6333333","153.6333333","98.0","CAPE BYRON AWS, AS","  69.7","16","  58.4","16","1023.5","16","012.1","16","999.9"," 0"," 14.3","16"," 25.1","999.9","  73.4","*","  62.4","*"," 0.13","G","999.9","000000"
"94599099999","2020-03-18","-28.6333333","153.6333333","98.0","CAPE BYRON AWS, AS","  69.8","16","  59.0","16","1023.9","16","012.5","16","999.9"," 0"," 12.7","16"," 20.0","999.9","  73.2","*","  62.2"," "," 0.00","G","999.9","000000"
"94599099999","2020-03-19","-28.6333333","153.6333333","98.0","CAPE BYRON AWS, AS","  72.1","16","  61.4","16","1021.6","16","010.2","16","999.9"," 0","  7.0","16"," 11.1","999.9","  79.5","*","  62.4"," "," 0.00","G","999.9","000000"
"94599099999","2020-03-20","-28.6333333","153.6333333","98.0","CAPE BYRON AWS, AS","  75.2","16","  65.1","16","1017.2","16","005.9","16","999.9"," 0"," 11.3","16"," 15.9","999.9","  79.9","*","  64.4"," "," 0.00","G","999.9","000000"
"94599099999","2020-03-21","-28.6333333","153.6333333","98.0","CAPE BYRON AWS, AS","  74.0","16","  68.0","16","1019.0","16","007.7","16","999.9"," 0"," 12.8","16"," 21.0","999.9","  79.2","*","  68.4"," "," 0.00","G","999.9","000000"
"94599099999","2020-03-22","-28.6333333","153.6333333","98.0","CAPE BYRON AWS, AS","  76.7","16","  71.0","16","1017.6","16","006.3","16","999.9"," 0"," 11.8","16"," 22.0","999.9","  84.6","*","  68.2"," "," 0.06","G","999.9","010000"
"94599099999","2020-03-23","-28.6333333","153.6333333","98.0","CAPE BYRON AWS, AS","  73.5","16","  63.9","16","1021.6","16","010.2","16","999.9"," 0"," 16.5","16"," 24.1","999.9","  78.1","*","  70.3","*"," 0.02","G","999.9","010000"
"94599099999","2020-03-24","-28.6333333","153.6333333","98.0","CAPE BYRON AWS, AS","  68.1","16","  65.5","16","1021.7","16","010.3","16","999.9"," 0","  6.7","16"," 13.0","999.9","  71.8","*","  65.5","*"," 0.24","G","999.9","010000"
"94599099999","2020-03-25","-28.6333333","153.6333333","98.0","CAPE BYRON AWS, AS","  74.2","16","  62.8","16","1019.8","16","008.4","16","999.9"," 0","  7.5","16"," 12.0","999.9","  80.2","*","  65.1"," "," 0.00","G","999.9","000000"
"94599099999","2020-03-26","-28.6333333","153.6333333","98.0","CAPE BYRON AWS, AS","  70.2","16","  65.1","16","1020.6","16","009.3","16","999.9"," 0"," 11.7","16"," 17.1","999.9","  78.1","*","  64.6","*"," 1.10","G","999.9","010000"
"94599099999","2020-03-27","-28.6333333","153.6333333","98.0","CAPE BYRON AWS, AS","  65.8","16","  63.4","16","1020.8","16","009.5","16","999.9"," 0"," 17.6","16"," 22.9","999.9","  70.5","*","  62.2","*"," 0.95","G","999.9","010000"
"94599099999","2020-03-28","-28.6333333","153.6333333","98.0","CAPE BYRON AWS, AS","  69.6","16","  66.8","16","1019.3","16","008.0","16","999.9"," 0","  9.9","16"," 15.0","999.9","  74.3","*","  61.9"," "," 0.02","G","999.9","010000"
"94599099999","2020-03-29","-28.6333333","153.6333333","98.0","CAPE BYRON AWS, AS","  71.5","16","  66.5","16","1017.7","16","006.4","16","999.9"," 0","  7.9","16"," 13.0","999.9","  75.7","*","  64.4"," "," 0.16","G","999.9","000000"
"94599099999","2020-03-30","-28.6333333","153.6333333","98.0","CAPE BYRON AWS, AS","  75.1","16","  68.3","16","1015.1","16","003.8","16","999.9"," 0","  7.4","16"," 13.0","999.9","  79.9","*","  67.1"," "," 0.00","G","999.9","000000"
"94599099999","2020-03-31","-28.6333333","153.6333333","98.0","CAPE BYRON AWS, AS","  73.2","16","  68.2","16","1016.3","16","005.0","16","999.9"," 0"," 12.6","16"," 17.1","999.9","  77.4","*","  68.4","*"," 0.00","G","999.9","000000"
"94599099999","2020-04-01","-28.6333333","153.6333333","98.0","CAPE BYRON AWS, AS","  74.0","16","  66.6","16","1017.3","16","005.9","16","999.9"," 0","  9.8","16"," 15.9","999.9","  77.0","*","  68.2"," "," 0.00","G","999.9","000000"
"94599099999","2020-04-02","-28.6333333","153.6333333","98.0","CAPE BYRON AWS, AS","  74.9","16","  68.9","16","1013.9","16","002.5","16","999.9"," 0"," 11.1","16"," 19.0","999.9","  79.7","*","  68.2"," "," 0.00","G","999.9","000000"
"94599099999","2020-04-03","-28.6333333","153.6333333","98.0","CAPE BYRON AWS, AS","  76.7","16","  70.6","16","1009.4","16","998.1","16","999.9"," 0"," 14.0","16"," 17.1","999.9","  79.5","*","  72.0"," "," 0.00","G","999.9","000000"
"94599099999","2020-04-04","-28.6333333","153.6333333","98.0","CAPE BYRON AWS, AS","  73.0","16","  64.7","16","1010.4","16","999.1","16","999.9"," 0","  9.5","16"," 14.0","999.9","  79.5","*","  65.8","*"," 0.01","G","999.9","010000"
"94599099999","2020-04-05","-28.6333333","153.6333333","98.0","CAPE BYRON AWS, AS","  69.6","16","  59.4","16","1015.7","16","004.3","16","999.9"," 0","  9.3","16"," 17.1","999.9","  73.2","*","  64.9","*"," 0.00","G","999.9","000000"
"94599099999","2020-04-06","-28.6333333","153.6333333","98.0","CAPE BYRON AWS, AS","  70.0","16","  60.3","16","1016.9","16","005.5","16","999.9"," 0"," 14.1","16"," 17.1","999.9","  73.6","*","  62.4"," "," 0.00","C","999.9","000000"
"94599099999","2020-04-07","-28.6333333","153.6333333","98.0","CAPE BYRON AWS, AS","  66.1","16","  64.2","16","1017.9","16","006.5","16","999.9"," 0"," 15.5","16"," 24.1","999.9","  72.0","*","  62.1","*"," 0.66","G","999.9","010000"
"94599099999","2020-04-08","-28.6333333","153.6333333","98.0","CAPE BYRON AWS, AS","  70.5","15","  61.2","15","1020.8","15","009.4","15","999.9"," 0"," 12.2","15"," 15.9","999.9","  72.9","*","  61.9"," "," 0.06","G","999.9","010000"
"94599099999","2020-04-09","-28.6333333","153.6333333","98.0","CAPE BYRON AWS, AS","  69.8","16","  64.9","16","1022.6","16","011.1","16","999.9"," 0"," 10.3","16"," 18.1","999.9","  73.9","*","  65.1"," "," 0.39","G","999.9","010000"
"94599099999","2020-04-10","-28.6333333","153.6333333","98.0","CAPE BYRON AWS, AS","  70.6","16","  67.8","16","1015.2","16","003.8","16","999.9"," 0","  7.6","16"," 12.0","999.9","  75.2","*","  65.1"," "," 0.04","G","999.9","010000"
"94599099999","2020-04-11","-28.6333333","153.6333333","98.0","CAPE BYRON AWS, AS","  73.8","16","  54.2","16","1009.5","16","998.2","16","999.9"," 0"," 10.1","16"," 17.1","999.9","  81.7","*","  66.4"," "," 0.00","G","999.9","000000"
"94599099999","2020-04-12","-28.6333333","153.6333333","98.0","CAPE BYRON AWS, AS","  66.0","16","  52.4","16","1017.9","16","006.5","16","999.9"," 0"," 12.2","16"," 21.0","999.9","  69.4","*","  59.4","*"," 0.00","G","999.9","000000"
"94599099999","2020-04-13","-28.6333333","153.6333333","98.0","CAPE BYRON AWS, AS","  69.3","16","  57.1","16","1022.2","16","010.7","16","999.9"," 0","  7.0","16"," 11.1","999.9","  73.8","*","  59.0"," "," 0.00","G","999.9","000000"
"94599099999","2020-04-14","-28.6333333","153.6333333","98.0","CAPE BYRON AWS, AS","  70.4","16","  60.6","16","1023.8","16","012.3","16","999.9"," 0","  5.4","16","  9.9","999.9","  75.2","*","  63.9"," "," 0.00","G","999.9","000000"
"94599099999","2020-04-15","-28.6333333","153.6333333","98.0","CAPE BYRON AWS, AS","  70.6","16","  61.4","16","1021.3","16","009.8","16","999.9"," 0","  4.5","16","  8.9","999.9","  76.6","*","  64.6"," "," 0.00","G","999.9","000000"
"94599099999","2020-04-16","-28.6333333","153.6333333","98.0","CAPE BYRON AWS, AS","  73.1","16","  65.0","16","1015.3","16","003.9","16","999.9"," 0","  6.8","16"," 15.0","999.9","  78.4","*","  64.4"," "," 0.00","G","999.9","000000"
"94599099999","2020-04-17","-28.6333333","153.6333333","98.0","CAPE BYRON AWS, AS","  74.6","16","  70.0","16","1011.1","16","999.8","16","999.9"," 0","  9.2","16"," 14.0","999.9","  82.6","*","  68.4"," "," 0.00","G","999.9","000000"
"94599099999","2020-04-18","-28.6333333","153.6333333","98.0","CAPE BYRON AWS, AS","  70.7","16","  62.0","16","1011.7","16","000.3","16","999.9"," 0","  8.6","16"," 15.9","999.9","  75.7","*","  65.8","*"," 0.00","G","999.9","000000"
"94599099999","2020-04-19","-28.6333333","153.6333333","98.0","CAPE BYRON AWS, AS","  68.7","16","  60.8","16","1013.4","16","002.0","16","999.9"," 0","  6.2","16"," 15.0","999.9","  76.3","*","  63.9","*"," 0.00","G","999.9","000000"
"94599099999","2020-04-20","-28.6333333","153.6333333","98.0","CAPE BYRON AWS, AS","  69.7","16","  49.5","16","1016.8","16","005.4","16","999.9"," 0","  5.0","16"," 11.1","999.9","  76.3","*","  63.7"," "," 0.00","G","999.9","000000"
"94599099999","2020-04-21","-28.6333333","153.6333333","98.0","CAPE BYRON AWS, AS","  71.9","15","  61.3","15","1017.8","15","006.4","15","999.9"," 0","  6.1","15"," 11.1","999.9","  78.8","*","  68.0","*"," 0.00","G","999.9","000000"
"94599099999","2020-04-22","-28.6333333","153.6333333","98.0","CAPE BYRON AWS, AS","  71.5","16","  58.2","16","1018.7","16","007.3","16","999.9"," 0"," 11.0","16"," 17.1","999.9","  77.2","*","  66.0","*"," 0.00","G","999.9","000000"
"94599099999","2020-04-23","-28.6333333","153.6333333","98.0","CAPE BYRON AWS, AS","  71.0","16","  60.8","16","1018.9","16","007.4","16","999.9"," 0","  6.7","16"," 11.1","999.9","  78.1","*","  65.5"," "," 0.00","G","999.9","000000"
"94599099999","2020-04-24","-28.6333333","153.6333333","98.0","CAPE BYRON AWS, AS","  71.9","15","  60.7","15","1019.7","15","008.3","15","999.9"," 0","  6.9","15"," 11.1","999.9","  80.4","*","  64.8"," "," 0.00","G","999.9","000000"
"94599099999","2020-04-25","-28.6333333","153.6333333","98.0","CAPE BYRON AWS, AS","  70.5","16","  61.0","16","1020.9","16","009.4","16","999.9"," 0","  6.8","16","  8.9","999.9","  74.3","*","  65.8"," "," 0.00","G","999.9","000000"
"94599099999","2020-04-26","-28.6333333","153.6333333","98.0","CAPE BYRON AWS, AS","  71.7","16","  62.2","16","1018.5","16","007.1","16","999.9"," 0","  9.7","16"," 15.9","999.9","  76.3","*","  65.5"," "," 0.00","G","999.9","000000"
"94599099999","2020-04-27","-28.6333333","153.6333333","98.0","CAPE BYRON AWS, AS","  69.4","16","  64.3","16","1021.5","16","010.0","16","999.9"," 0"," 10.7","16"," 17.1","999.9","  74.7","*","  65.1","*"," 0.05","G","999.9","000000"
"94599099999","2020-04-28","-28.6333333","153.6333333","98.0","CAPE BYRON AWS, AS","  66.7","16","  65.0","16","1021.2","16","009.7","16","999.9"," 0","  7.3","16","  9.9","999.9","  72.1","*","  63.0","*"," 0.32","G","999.9","010000"
"94599099999","2020-04-29","-28.6333333","153.6333333","98.0","CAPE BYRON AWS, AS","  71.8","16","  65.9","16","1016.9","16","005.5","16","999.9"," 0","  7.2","16"," 12.0","999.9","  76.3","*","  62.8"," "," 0.00","G","999.9","000000"
"94599099999","2020-04-30","-28.6333333","153.6333333","98.0","CAPE BYRON AWS, AS","  67.7","16","  57.6","16","1011.3","16","999.9","16","999.9"," 0"," 14.3","16"," 21.0","999.9","  75.4","*","  57.0","*"," 0.00","G","999.9","000000"
"94599099999","2020-05-01","-28.6333333","153.6333333","98.0","CAPE BYRON AWS, AS","  60.4","16","  40.0","16","1012.8","16","001.2","16","999.9"," 0"," 11.9","16"," 21.0","999.9","  68.7","*","  56.1","*"," 0.00","G","999.9","000000"
"94599099999","2020-05-02","-28.6333333","153.6333333","98.0","CAPE BYRON AWS, AS","  62.2","16","  42.9","16","1012.4","16","000.9","16","999.9"," 0"," 11.0","16"," 15.9","999.9","  70.7","*","  55.6"," "," 0.00","G","999.9","000000"
"94599099999","2020-05-03","-28.6333333","153.6333333","98.0","CAPE BYRON AWS, AS","  60.8","16","  43.3","16","1019.4","16","007.8","16","999.9"," 0"," 17.0","16"," 21.0","999.9","  67.5","*","  55.9","*"," 0.00","G","999.9","000000"
"94599099999","2020-05-04","-28.6333333","153.6333333","98.0","CAPE BYRON AWS, AS","  62.2","16","  52.0","16","1023.8","16","012.2","16","999.9"," 0"," 17.2","16"," 21.0","999.9","  66.9","*","  55.4"," "," 0.00","G","999.9","000000"
"94599099999","2020-05-05","-28.6333333","153.6333333","98.0","CAPE BYRON AWS, AS","  60.0","16","  59.1","16","1026.4","16","014.8","16","999.9"," 0"," 14.1","16"," 19.0","999.9","  64.6","*","  55.9"," "," 1.16","G","999.9","010000"
"94599099999","2020-05-06","-28.6333333","153.6333333","98.0","CAPE BYRON AWS, AS","  65.4","16","  56.8","16","1025.7","16","014.1","16","999.9"," 0"," 12.3","16"," 21.0","999.9","  70.5","*","  57.0"," "," 0.02","G","999.9","000000"
"94599099999","2020-05-07","-28.6333333","153.6333333","98.0","CAPE BYRON AWS, AS","  66.5","16","  60.6","16","1022.8","16","011.2","16","999.9"," 0","  6.4","16","  8.0","999.9","  70.2","*","  60.1"," "," 0.00","G","999.9","000000"
"94599099999","2020-05-08","-28.6333333","153.6333333","98.0","CAPE BYRON AWS, AS","  70.8","16","  60.0","16","1020.5","16","008.9","16","999.9"," 0","  9.0","16"," 14.0","999.9","  75.4","*","  62.4"," "," 0.00","G","999.9","000000"
"94599099999","2020-05-09","-28.6333333","153.6333333","98.0","CAPE BYRON AWS, AS","  68.5","16","  60.7","16","1017.3","16","005.8","16","999.9"," 0","  8.9","16"," 14.0","999.9","  74.3","*","  62.6","*"," 0.06","G","999.9","000000"
"94599099999","2020-05-10","-28.6333333","153.6333333","98.0","CAPE BYRON AWS, AS","  65.5","16","  52.6","16","1019.5","16","007.9","16","999.9"," 0"," 17.4","16"," 27.0","999.9","  71.8","*","  56.1","*"," 0.01","G","999.9","010000"
"94599099999","2020-05-11","-28.6333333","153.6333333","98.0","CAPE BYRON AWS, AS","  60.0","16","  49.7","16","1023.9","16","012.3","16","999.9"," 0"," 19.4","16"," 25.1","999.9","  65.5","*","  54.1","*"," 0.00","G","999.9","000000"
"94599099999","2020-05-12","-28.6333333","153.6333333","98.0","CAPE BYRON AWS, AS","  60.3","16","  55.1","16","1024.1","16","012.5","16","999.9"," 0"," 12.9","16"," 17.1","999.9","  63.3","*","  53.8"," "," 0.00","G","999.9","000000"
"94599099999","2020-05-13","-28.6333333","153.6333333","98.0","CAPE BYRON AWS, AS","  64.7","16","  57.3","16","1022.4","16","010.8","16","999.9"," 0","  6.8","16","  9.9","999.9","  68.5","*","  57.0"," "," 0.00","G","999.9","000000"
"94599099999","2020-05-14","-28.6333333","153.6333333","98.0","CAPE BYRON AWS, AS","  62.7","16","  54.9","16","1023.2","16","011.7","16","999.9"," 0"," 16.5","16"," 20.0","999.9","  69.1","*","  56.1","*"," 0.17","G","999.9","000000"
"94599099999","2020-05-15","-28.6333333","153.6333333","98.0","CAPE BYRON AWS, AS","  60.9","16","  56.6","16","1024.0","16","012.4","16","999.9"," 0"," 19.6","16"," 29.9","999.9","  67.1","*","  55.8"," "," 0.98","G","999.9","010000"
"94599099999","2020-05-16","-28.6333333","153.6333333","98.0","CAPE BYRON AWS, AS","  60.2","16","  59.5","16","1025.6","16","014.0","16","999.9"," 0"," 15.4","16"," 17.1","999.9","  67.3","*","  56.3"," "," 2.72","G","999.9","010000"
"94599099999","2020-05-17","-28.6333333","153.6333333","98.0","CAPE BYRON AWS, AS","  64.5","16","  59.7","16","1026.8","16","015.2","16","999.9"," 0"," 16.0","16"," 22.0","999.9","  68.7","*","  57.0"," "," 0.30","G","999.9","010000"
"94599099999","2020-05-18","-28.6333333","153.6333333","98.0","CAPE BYRON AWS, AS","  66.5","16","  55.0","16","1027.7","16","016.1","16","999.9"," 0"," 16.7","16"," 22.9","999.9","  70.5","*","  59.4","*"," 0.04","G","999.9","010000"
"94599099999","2020-05-19","-28.6333333","153.6333333","98.0","CAPE BYRON AWS, AS","  63.0","16","  60.8","16","1024.3","16","012.7","16","999.9"," 0","  9.3","16"," 14.0","999.9","  68.9","*","  58.3"," "," 0.76","G","999.9","010000"
"94599099999","2020-05-20","-28.6333333","153.6333333","98.0","CAPE BYRON AWS, AS","  65.0","16","  62.7","16","1018.7","16","007.2","16","999.9"," 0","  5.1","16","  8.9","999.9","  68.0","*","  59.2"," "," 0.02","G","999.9","010000"
"94599099999","2020-05-21","-28.6333333","153.6333333","98.0","CAPE BYRON AWS, AS","  62.4","16","  56.9","16","1011.6","16","000.1","16","999.9"," 0","  9.4","16"," 20.0","999.9","  68.7","*","  55.2","*"," 0.14","G","999.9","010000"
"94599099999","2020-05-22","-28.6333333","153.6333333","98.0","CAPE BYRON AWS, AS","  56.3","16","  40.6","16","1010.8","16","999.3","16","999.9"," 0"," 11.7","16"," 15.9","999.9","  60.8","*","  52.9","*"," 0.00","G","999.9","000000"
"94599099999","2020-05-23","-28.6333333","153.6333333","98.0","CAPE BYRON AWS, AS","  54.9","16","  41.2","16","1008.6","16","997.2","16","999.9"," 0"," 14.1","16"," 19.0","999.9","  58.5","*","  51.3","*"," 0.00","G","999.9","000000"
"94599099999","2020-05-24","-28.6333333","153.6333333","98.0","CAPE BYRON AWS, AS","  60.0","16","  48.5","16","1011.0","16","999.5","16","999.9"," 0"," 12.6","16"," 15.9","999.9","  63.7","*","  51.3"," "," 0.00","G","999.9","000000"
"94599099999","2020-05-25","-28.6333333","153.6333333","98.0","CAPE BYRON AWS, AS","  63.3","16","  49.3","16","1015.4","16","003.9","16","999.9"," 0","  9.5","16"," 18.1","999.9","  69.8","*","  57.0"," "," 0.00","G","999.9","000000"
"94599099999","2020-05-26","-28.6333333","153.6333333","98.0","CAPE BYRON AWS, AS","  66.5","16","  55.2","16","1017.9","16","006.4","16","999.9"," 0"," 10.8","16"," 17.1","999.9","  72.0","*","  58.8"," "," 0.00","G","999.9","000000"
"94599099999","2020-05-27","-28.6333333","153.6333333","98.0","CAPE BYRON AWS, AS","  64.3","16","  59.6","16","1019.5","16","007.9","16","999.9"," 0"," 11.1","16"," 15.0","999.9","  68.0","*","  61.3","*"," 0.00","G","999.9","000000"
"94599099999","2020-05-28","-28.6333333","153.6333333","98.0","CAPE BYRON AWS, AS","  65.1","16","  61.9","16","1020.6","16","009.0","16","999.9"," 0"," 10.2","16"," 15.0","999.9","  68.9","*","  60.4","*"," 0.33","G","999.9","010000"
"94599099999","2020-05-29","-28.6333333","153.6333333","98.0","CAPE BYRON AWS, AS","  62.1","16","  57.9","16","1023.8","16","012.2","16","999.9"," 0"," 17.7","16"," 25.1","999.9","  67.3","*","  56.8","*"," 0.13","G","999.9","010000"
"94599099999","2020-05-30","-28.6333333","153.6333333","98.0","CAPE BYRON AWS, AS","  61.9","16","  60.4","16","1023.5","16","011.9","16","999.9"," 0"," 10.1","16"," 13.0","999.9","  67.1","*","  56.7"," "," 0.09","G","999.9","010000"
"94599099999","2020-05-31","-28.6333333","153.6333333","98.0","CAPE BYRON AWS, AS","  64.2","16","  59.0","16","1019.5","16","008.0","16","999.9"," 0","  6.6","16"," 12.0","999.9","  68.2","*","  58.1"," "," 0.00","G","999.9","000000"
"94599099999","2020-06-01","-28.6333333","153.6333333","98.0","CAPE BYRON AWS, AS","  64.6","16","  55.0","16","1014.9","16","003.3","16","999.9"," 0"," 10.1","16"," 15.9","999.9","  72.9","*","  55.4","*"," 0.02","G","999.9","010000"
"94599099999","2020-06-02","-28.6333333","153.6333333","98.0","CAPE BYRON AWS, AS","  56.5","16","  35.3","16","1018.1","16","006.5","16","999.9"," 0"," 14.2","16"," 21.0","999.9","  63.0","*","  51.8","*"," 0.00","G","999.9","000000"
"94599099999","2020-06-03","-28.6333333","153.6333333","98.0","CAPE BYRON AWS, AS","  59.7","16","  44.2","16","1024.3","16","012.6","16","999.9"," 0"," 16.6","16"," 22.9","999.9","  65.1","*","  51.3"," "," 0.00","G","999.9","000000"
"94599099999","2020-06-04","-28.6333333","153.6333333","98.0","CAPE BYRON AWS, AS","  57.8","14","  52.7","14","1027.9","14","016.2","14","999.9"," 0"," 17.1","14"," 22.0","999.9","  61.7","*","  53.8"," "," 0.04","G","999.9","010000"
"94599099999","2020-06-05","-28.6333333","153.6333333","98.0","CAPE BYRON AWS, AS","  60.4","16","  54.2","16","1025.7","16","014.0","16","999.9"," 0"," 12.9","16"," 20.0","999.9","  64.0","*","  54.0"," "," 0.01","G","999.9","000000"
"94599099999","2020-06-06","-28.6333333","153.6333333","98.0","CAPE BYRON AWS, AS","  62.5","16","  54.7","16","1022.4","16","010.7","16","999.9"," 0","  8.0","16"," 13.0","999.9","  66.6","*","  56.8"," "," 0.00","G","999.9","000000"
"94599099999","2020-06-07","-28.6333333","153.6333333","98.0","CAPE BYRON AWS, AS","  61.7","16","  54.9","16","1021.7","16","010.0","16","999.9"," 0","  9.8","16"," 15.9","999.9","  66.6","*","  55.8","*"," 0.00","G","999.9","000000"
"94599099999","2020-06-08","-28.6333333","153.6333333","98.0","CAPE BYRON AWS, AS","  58.9","16","  51.7","16","1025.3","16","013.6","16","999.9"," 0"," 15.6","16"," 19.0","999.9","  62.4","*","  54.9","*"," 0.04","G","999.9","000000"
"94599099999","2020-06-09","-28.6333333","153.6333333","98.0","CAPE BYRON AWS, AS","  64.4","16","  61.0","16","1026.5","16","014.8","16","999.9"," 0"," 14.5","16"," 22.9","999.9","  66.4","*","  54.0"," "," 0.43","G","999.9","010000"
"94599099999","2020-06-10","-28.6333333","153.6333333","98.0","CAPE BYRON AWS, AS","  63.8","16","  63.5","16","1023.1","16","011.4","16","999.9"," 0","  9.5","16"," 14.0","999.9","  66.6","*","  58.1"," "," 0.76","G","999.9","010000"
"94599099999","2020-06-11","-28.6333333","153.6333333","98.0","CAPE BYRON AWS, AS","  63.3","16","  62.1","16","1020.8","16","009.1","16","999.9"," 0"," 12.9","16"," 19.0","999.9","  68.2","*","  60.1"," "," 0.00","G","999.9","000000"
"94599099999","2020-06-12","-28.6333333","153.6333333","98.0","CAPE BYRON AWS, AS","  62.9","16","  61.2","16","1022.0","16","010.3","16","999.9"," 0"," 12.3","16"," 17.1","999.9","  67.3","*","  60.1"," "," 0.01","G","999.9","000000"
"94599099999","2020-06-13","-28.6333333","153.6333333","98.0","CAPE BYRON AWS, AS","  68.1","16","  65.7","16","1020.3","16","008.6","16","999.9"," 0","  9.2","16"," 17.1","999.9","  71.8","*","  60.3"," "," 0.08","G","999.9","010000"
"94599099999","2020-06-14","-28.6333333","153.6333333","98.0","CAPE BYRON AWS, AS","  65.9","16","  62.3","16","1019.6","16","007.9","16","999.9"," 0","  9.7","16"," 15.9","999.9","  70.7","*","  62.1","*"," 0.93","G","999.9","010000"
"94599099999","2020-06-15","-28.6333333","153.6333333","98.0","CAPE BYRON AWS, AS","  64.7","16","  59.9","16","1023.0","16","011.3","16","999.9"," 0"," 11.6","16"," 14.0","999.9","  68.5","*","  59.4","*"," 0.00","G","999.9","000000"
"94599099999","2020-06-16","-28.6333333","153.6333333","98.0","CAPE BYRON AWS, AS","  63.1","16","  59.3","16","1025.2","16","013.5","16","999.9"," 0"," 10.1","16"," 15.0","999.9","  66.9","*","  58.8","*"," 0.00","G","999.9","000000"
"94599099999","2020-06-17","-28.6333333","153.6333333","98.0","CAPE BYRON AWS, AS","  61.5","16","  56.6","16","1030.0","16","018.2","16","999.9"," 0"," 13.5","16"," 15.9","999.9","  66.0","*","  57.4","*"," 0.02","G","999.9","010000"
"94599099999","2020-06-18","-28.6333333","153.6333333","98.0","CAPE BYRON AWS, AS","  63.2","16","  56.7","16","1030.6","16","018.8","16","999.9"," 0"," 20.3","16"," 29.9","999.9","  66.0","*","  56.8"," "," 0.20","G","999.9","010000"
"94599099999","2020-06-19","-28.6333333","153.6333333","98.0","CAPE BYRON AWS, AS","  60.0","16","  57.2","16","1027.8","16","016.1","16","999.9"," 0"," 10.2","16"," 14.0","999.9","  64.8","*","  56.1","*"," 0.42","G","999.9","010000"
"94599099999","2020-06-20","-28.6333333","153.6333333","98.0","CAPE BYRON AWS, AS","  60.7","16","  56.5","16","1021.6","16","009.9","16","999.9"," 0","  6.8","16","  9.9","999.9","  64.2","*","  55.8"," "," 0.00","G","999.9","000000"
"94599099999","2020-06-21","-28.6333333","153.6333333","98.0","CAPE BYRON AWS, AS","  62.9","16","  54.5","16","1013.9","16","002.3","16","999.9"," 0","  9.9","16"," 15.0","999.9","  68.4","*","  56.7"," "," 0.02","G","999.9","010000"
"94599099999","2020-06-22","-28.6333333","153.6333333","98.0","CAPE BYRON AWS, AS","  57.3","16","  40.7","16","1013.7","16","002.1","16","999.9"," 0","  8.3","16"," 13.0","999.9","  65.1","*","  52.3","*"," 0.00","G","999.9","000000"
"94599099999","2020-06-23","-28.6333333","153.6333333","98.0","CAPE BYRON AWS, AS","  55.1","16","  39.2","16","1015.2","16","003.6","16","999.9"," 0"," 12.6","16"," 15.0","999.9","  62.4","*","  50.0","*"," 0.00","G","999.9","000000"
"94599099999","2020-06-24","-28.6333333","153.6333333","98.0","CAPE BYRON AWS, AS","  57.3","16","  41.4","16","1016.5","16","004.9","16","999.9"," 0"," 12.1","16"," 19.0","999.9","  64.2","*","  49.5"," "," 0.00","G","999.9","000000"
"94599099999","2020-06-25","-28.6333333","153.6333333","98.0","CAPE BYRON AWS, AS","  59.7","16","  49.9","16","1019.2","16","007.6","16","999.9"," 0"," 11.1","16"," 15.9","999.9","  64.4","*","  55.9","*"," 0.00","G","999.9","000000"
"94599099999","2020-06-26","-28.6333333","153.6333333","98.0","CAPE BYRON AWS, AS","  58.8","16","  50.5","16","1022.7","16","011.0","16","999.9"," 0"," 14.3","16"," 19.0","999.9","  63.7","*","  54.3"," "," 0.00","G","999.9","000000"
"94599099999","2020-06-27","-28.6333333","153.6333333","98.0","CAPE BYRON AWS, AS","  56.5","16","  56.2","16","1024.6","16","012.9","16","999.9"," 0"," 12.6","16"," 15.0","999.9","  58.8","*","  54.1"," "," 0.61","G","999.9","010000"
"94599099999","2020-06-28","-28.6333333","153.6333333","98.0","CAPE BYRON AWS, AS","  56.3","16","  54.8","16","1024.6","16","012.9","16","999.9"," 0"," 13.4","16"," 18.1","999.9","  60.1","*","  52.9","*"," 0.22","G","999.9","010000"
"94599099999","2020-06-29","-28.6333333","153.6333333","98.0","CAPE BYRON AWS, AS","  57.4","16","  53.9","16","1024.7","16","013.0","16","999.9"," 0"," 12.7","16"," 17.1","999.9","  62.4","*","  52.5"," "," 0.00","G","999.9","000000"
"94599099999","2020-06-30","-28.6333333","153.6333333","98.0","CAPE BYRON AWS, AS","  60.2","16","  53.2","16","1023.7","16","012.0","16","999.9"," 0","  8.9","16"," 13.0","999.9","  64.4","*","  53.4"," "," 0.00","G","999.9","000000"
"94599099999","2020-07-01","-28.6333333","153.6333333","98.0","CAPE BYRON AWS, AS","  61.9","16","  56.7","16","1022.3","16","010.6","16","999.9"," 0","  5.4","16","  8.0","999.9","  68.9","*","  55.8"," "," 0.00","G","999.9","000000"
"94599099999","2020-07-02","-28.6333333","153.6333333","98.0","CAPE BYRON AWS, AS","  65.1","16","  58.1","16","1021.9","16","010.2","16","999.9"," 0","  8.2","16"," 13.0","999.9","  70.9","*","  56.8"," "," 0.00","G","999.9","000000"
"94599099999","2020-07-03","-28.6333333","153.6333333","98.0","CAPE BYRON AWS, AS","  63.2","16","  53.7","16","1019.4","16","007.7","16","999.9"," 0"," 10.3","16"," 15.9","999.9","  73.0","*","  53.4","*"," 0.09","G","999.9","000000"
"94599099999","2020-07-04","-28.6333333","153.6333333","98.0","CAPE BYRON AWS, AS","  56.1","16","  33.4","16","1019.6","16","007.9","16","999.9"," 0"," 14.6","16"," 17.1","999.9","  63.9","*","  51.3","*"," 0.00","G","999.9","000000"
"94599099999","2020-07-05","-28.6333333","153.6333333","98.0","CAPE BYRON AWS, AS","  57.5","16","  41.0","16","1023.1","16","011.4","16","999.9"," 0"," 11.3","16"," 18.1","999.9","  62.4","*","  48.9"," "," 0.00","G","999.9","000000"
"94599099999","2020-07-06","-28.6333333","153.6333333","98.0","CAPE BYRON AWS, AS","  58.1","16","  48.7","16","1026.3","16","014.5","16","999.9"," 0"," 13.1","16"," 18.1","999.9","  64.2","*","  51.8"," "," 0.00","G","999.9","000000"
"94599099999","2020-07-07","-28.6333333","153.6333333","98.0","CAPE BYRON AWS, AS","  58.3","16","  50.7","16","1027.0","16","015.2","16","999.9"," 0"," 14.3","16"," 18.1","999.9","  63.9","*","  53.4"," "," 0.01","G","999.9","000000"
"94599099999","2020-07-08","-28.6333333","153.6333333","98.0","CAPE BYRON AWS, AS","  57.3","16","  56.6","16","1028.0","16","016.2","16","999.9"," 0"," 12.2","16"," 17.1","999.9","  60.6","*","  53.2"," "," 0.40","G","999.9","010000"
"94599099999","2020-07-09","-28.6333333","153.6333333","98.0","CAPE BYRON AWS, AS","  59.2","16","  59.1","16","1028.2","16","016.4","16","999.9"," 0","  8.9","16"," 15.0","999.9","  61.0","*","  54.5"," "," 0.35","G","999.9","010000"
"94599099999","2020-07-10","-28.6333333","153.6333333","98.0","CAPE BYRON AWS, AS","  61.6","16","  60.6","16","1023.7","16","012.0","16","999.9"," 0","  5.3","16"," 14.0","999.9","  64.8","*","  57.0"," "," 0.00","G","999.9","000000"
"94599099999","2020-07-11","-28.6333333","153.6333333","98.0","CAPE BYRON AWS, AS","  65.3","16","  62.0","16","1017.0","16","005.4","16","999.9"," 0","  8.1","16"," 15.9","999.9","  67.8","*","  57.9"," "," 0.00","G","999.9","000000"
"94599099999","2020-07-12","-28.6333333","153.6333333","98.0","CAPE BYRON AWS, AS","  62.0","16","  57.3","16","1016.0","16","004.4","16","999.9"," 0","  7.3","16"," 13.0","999.9","  68.4","*","  58.3","*"," 0.03","G","999.9","010000"
"94599099999","2020-07-13","-28.6333333","153.6333333","98.0","CAPE BYRON AWS, AS","  56.3","16","  40.9","16","1015.7","16","004.0","16","999.9"," 0"," 13.1","16"," 22.0","999.9","  64.9","*","  49.8","*"," 0.00","G","999.9","000000"
"94599099999","2020-07-14","-28.6333333","153.6333333","98.0","CAPE BYRON AWS, AS","  56.9","16","  41.0","16","1013.7","16","002.1","16","999.9"," 0"," 16.1","16"," 18.1","999.9","  62.8","*","  49.5"," "," 0.00","G","999.9","000000"
"94599099999","2020-07-15","-28.6333333","153.6333333","98.0","CAPE BYRON AWS, AS","  58.4","16","  40.1","16","1013.8","16","002.2","16","999.9"," 0"," 13.8","16"," 18.1","999.9","  65.8","*","  52.0","*"," 0.00","G","999.9","000000"
"94599099999","2020-07-16","-28.6333333","153.6333333","98.0","CAPE BYRON AWS, AS","  58.4","16","  43.2","16","1013.7","16","002.1","16","999.9"," 0"," 13.9","16"," 19.0","999.9","  65.1","*","  51.4"," "," 0.00","G","999.9","000000"
"94599099999","2020-07-17","-28.6333333","153.6333333","98.0","CAPE BYRON AWS, AS","  60.5","16","  50.8","16","1017.5","16","005.9","16","999.9"," 0"," 20.1","16"," 27.0","999.9","  64.9","*","  52.9"," "," 0.00","G","999.9","000000"
"94599099999","2020-07-18","-28.6333333","153.6333333","98.0","CAPE BYRON AWS, AS","  59.5","16","  55.4","16","1019.0","16","007.3","16","999.9"," 0"," 14.0","16"," 15.9","999.9","  63.0","*","  55.0"," "," 0.00","G","999.9","000000"
"94599099999","2020-07-19","-28.6333333","153.6333333","98.0","CAPE BYRON AWS, AS","  62.4","16","  55.8","16","1017.3","16","005.7","16","999.9"," 0","  7.6","16"," 14.0","999.9","  68.5","*","  55.9"," "," 0.00","G","999.9","000000"
"94599099999","2020-07-20","-28.6333333","153.6333333","98.0","CAPE BYRON AWS, AS","  61.2","16","  46.9","16","1020.0","16","008.3","16","999.9"," 0"," 13.5","16"," 15.9","999.9","  66.0","*","  54.5","*"," 0.00","G","999.9","000000"
"94599099999","2020-07-21","-28.6333333","153.6333333","98.0","CAPE BYRON AWS, AS","  57.7","20","  47.1","20","1024.9","20","013.2","20","999.9"," 0"," 16.4","20"," 21.0","999.9","  63.3","*","  53.8"," "," 0.00","G","999.9","000000"
"94599099999","2020-07-22","-28.6333333","153.6333333","98.0","CAPE BYRON AWS, AS","  56.5","20","  49.0","20","1024.7","20","013.0","20","999.9"," 0"," 12.0","20"," 15.0","999.9","  58.6","*","  53.4"," "," 0.00","G","999.9","000000"
"94599099999","2020-07-23","-28.6333333","153.6333333","98.0","CAPE BYRON AWS, AS","  59.0","20","  56.9","17","1023.6","20","012.0","20","999.9"," 0"," 11.8","20"," 18.1","999.9","  61.3","*","  54.1"," "," 0.79","G","999.9","010000"
"94599099999","2020-07-24","-28.6333333","153.6333333","98.0","CAPE BYRON AWS, AS","  62.4","20","9999.9"," 0","1023.4","20","011.7","20","999.9"," 0"," 14.3","20"," 25.1","999.9","  64.2","*","  57.2"," "," 0.72","G","999.9","010000"
"94599099999","2020-07-25","-28.6333333","153.6333333","98.0","CAPE BYRON AWS, AS","  61.7","20","9999.9"," 0","1017.8","20","006.2","20","999.9"," 0"," 12.5","20"," 21.0","999.9","  66.9","*","  59.9","*"," 1.45","G","999.9","010000"
"94599099999","2020-07-26","-28.6333333","153.6333333","98.0","CAPE BYRON AWS, AS","  61.6","20","  52.9","17","1008.3","20","996.7","20","999.9"," 0"," 11.8","20"," 22.9","999.9","  67.5","*","  57.7","*"," 0.75","G","999.9","010000"
"94599099999","2020-07-27","-28.6333333","153.6333333","98.0","CAPE BYRON AWS, AS","  60.7","19","  46.4","19","1009.0","19","997.4","19","999.9"," 0","  9.1","19"," 19.0","999.9","  65.3","*","  56.5"," "," 0.00","G","999.9","000000"
"94599099999","2020-07-28","-28.6333333","153.6333333","98.0","CAPE BYRON AWS, AS","  60.0","22","  45.2","22","1013.2","22","001.6","22","999.9"," 0"," 12.7","22"," 18.1","999.9","  67.3","*","  55.8"," "," 0.00","G","999.9","000000"
"94599099999","2020-07-29","-28.6333333","153.6333333","98.0","CAPE BYRON AWS, AS","  61.4","22","  55.3","22","1016.5","22","004.9","22","999.9"," 0"," 12.5","22"," 18.1","999.9","  65.3","*","  55.6"," "," 0.00","G","999.9","000000"
"94599099999","2020-07-30","-28.6333333","153.6333333","98.0","CAPE BYRON AWS, AS","  61.2","22","  51.0","22","1022.0","22","010.3","22","999.9"," 0"," 22.0","22"," 32.1","999.9","  64.2","*","  56.1","*"," 0.00","G","999.9","000000"
"94599099999","2020-07-31","-28.6333333","153.6333333","98.0","CAPE BYRON AWS, AS","  57.2","22","  56.3","10","1024.8","22","013.1","22","999.9"," 0"," 16.4","22"," 25.1","999.9","  62.8","*","  53.1","*"," 0.14","G","999.9","010000"
"94599099999","2020-08-01","-28.6333333","153.6333333","98.0","CAPE BYRON AWS, AS","  59.3","22","  54.9","22","1024.8","22","013.1","22","999.9"," 0"," 11.2","22"," 15.9","999.9","  63.1","*","  52.9"," "," 0.00","G","999.9","000000"
"94599099999","2020-08-02","-28.6333333","153.6333333","98.0","CAPE BYRON AWS, AS","  62.6","22","  53.7","22","1022.8","22","011.1","22","999.9"," 0","  6.9","22"," 13.0","999.9","  68.7","*","  55.9"," "," 0.00","G","999.9","000000"
"94599099999","2020-08-03","-28.6333333","153.6333333","98.0","CAPE BYRON AWS, AS","  62.9","22","  53.9","22","1018.2","22","006.6","22","999.9"," 0","  6.2","22","  9.9","999.9","  70.2","*","  55.4"," "," 0.00","G","999.9","000000"
"94599099999","2020-08-04","-28.6333333","153.6333333","98.0","CAPE BYRON AWS, AS","  63.5","22","  50.2","22","1013.9","22","002.3","22","999.9"," 0","  9.0","22"," 15.9","999.9","  70.2","*","  57.0","*"," 0.00","G","999.9","000000"
"94599099999","2020-08-05","-28.6333333","153.6333333","98.0","CAPE BYRON AWS, AS","  65.1","22","  46.8","22","1014.8","22","003.2","22","999.9"," 0","  8.9","22"," 15.0","999.9","  73.6","*","  56.3"," "," 0.00","G","999.9","000000"
"94599099999","2020-08-06","-28.6333333","153.6333333","98.0","CAPE BYRON AWS, AS","  63.6","22","  51.3","22","1018.7","22","007.1","22","999.9"," 0"," 13.2","22"," 20.0","999.9","  65.1","*","  57.0"," "," 0.00","G","999.9","000000"
"94599099999","2020-08-07","-28.6333333","153.6333333","98.0","CAPE BYRON AWS, AS","  58.3","22","9999.9"," 0","1015.9","22","004.3","22","999.9"," 0","  8.2","22"," 15.9","999.9","  63.3","*","  55.6","*"," 0.87","G","999.9","010000"
"94599099999","2020-08-08","-28.6333333","153.6333333","98.0","CAPE BYRON AWS, AS","  60.3","22","  49.9","21","1012.6","22","001.0","22","999.9"," 0","  9.8","22"," 15.9","999.9","  68.0","*","  52.3","*"," 0.00","G","999.9","000000"
"94599099999","2020-08-09","-28.6333333","153.6333333","98.0","CAPE BYRON AWS, AS","  56.5","22","  40.8","22","1011.1","22","999.6","22","999.9"," 0","  9.8","22"," 14.0","999.9","  63.9","*","  51.3","*"," 0.00","G","999.9","000000"
"94599099999","2020-08-10","-28.6333333","153.6333333","98.0","CAPE BYRON AWS, AS","  59.2","22","  43.0","22","1013.2","22","001.7","22","999.9"," 0"," 18.5","22"," 22.0","999.9","  63.9","*","  51.1"," "," 0.00","G","999.9","000000"
"94599099999","2020-08-11","-28.6333333","153.6333333","98.0","CAPE BYRON AWS, AS","  61.2","22","  55.4","22","1018.7","22","007.1","22","999.9"," 0"," 10.3","22"," 21.0","999.9","  64.6","*","  56.3"," "," 0.00","G","999.9","000000"
"94599099999","2020-08-12","-28.6333333","153.6333333","98.0","CAPE BYRON AWS, AS","  64.6","20","  60.7","20","1016.5","20","004.9","20","999.9"," 0"," 10.3","20"," 15.9","999.9","  68.5","*","  58.1"," "," 0.00","C","999.9","000000"
"94599099999","2020-08-13","-28.6333333","153.6333333","98.0","CAPE BYRON AWS, AS","  65.3","22","  60.8","20","1015.5","22","003.9","22","999.9"," 0","  9.2","22"," 14.0","999.9","  70.9","*","  58.6","*"," 0.00","G","999.9","000000"
"94599099999","2020-08-14","-28.6333333","153.6333333","98.0","CAPE BYRON AWS, AS","  66.5","22","  65.7","10","1013.4","22","001.8","22","999.9"," 0"," 10.4","22"," 20.0","999.9","  70.9","*","  58.1"," "," 0.26","G","999.9","010000"
"94599099999","2020-08-15","-28.6333333","153.6333333","98.0","CAPE BYRON AWS, AS","  61.8","22","  53.1","21","1010.5","22","999.0","22","999.9"," 0","  9.4","22"," 14.0","999.9","  68.5","*","  55.6","*"," 0.09","G","999.9","010000"
"94599099999","2020-08-16","-28.6333333","153.6333333","98.0","CAPE BYRON AWS, AS","  60.5","22","  41.6","22","1010.3","22","998.8","22","999.9"," 0"," 11.3","22"," 15.0","999.9","  69.6","*","  53.4","*"," 0.00","G","999.9","000000"
"94599099999","2020-08-17","-28.6333333","153.6333333","98.0","CAPE BYRON AWS, AS","  60.3","22","  41.5","22","1010.3","22","998.8","22","999.9"," 0","  9.7","22"," 14.0","999.9","  69.1","*","  52.5"," "," 0.00","G","999.9","000000"
"94599099999","2020-08-18","-28.6333333","153.6333333","98.0","CAPE BYRON AWS, AS","  65.2","22","  50.7","22","1006.0","22","994.5","22","999.9"," 0","  8.1","22"," 13.0","999.9","  70.0","*","  54.3"," "," 0.00","G","999.9","000000"
"94599099999","2020-08-19","-28.6333333","153.6333333","98.0","CAPE BYRON AWS, AS","  67.5","22","  34.6","21","1004.0","22","992.5","22","999.9"," 0","  9.4","22"," 15.9","999.9","  75.9","*","  59.4","*"," 0.00","G","999.9","000000"
"94599099999","2020-08-20","-28.6333333","153.6333333","98.0","CAPE BYRON AWS, AS","  61.6","22","  36.8","22","1009.8","22","998.3","22","999.9"," 0"," 11.7","22"," 18.1","999.9","  69.8","*","  54.7","*"," 0.00","G","999.9","000000"
"94599099999","2020-08-21","-28.6333333","153.6333333","98.0","CAPE BYRON AWS, AS","  61.0","22","  39.0","22","1011.6","22","000.1","22","999.9"," 0","  8.4","22"," 14.0","999.9","  66.4","*","  54.0"," "," 0.00","G","999.9","000000"
"94599099999","2020-08-22","-28.6333333","153.6333333","98.0","CAPE BYRON AWS, AS","  57.9","22","  35.0","22","1011.1","22","999.6","22","999.9"," 0"," 12.5","22"," 25.1","999.9","  68.7","*","  50.5","*"," 0.00","G","999.9","000000"
"94599099999","2020-08-23","-28.6333333","153.6333333","98.0","CAPE BYRON AWS, AS","  57.2","22","  28.6","22","1015.1","22","003.5","22","999.9"," 0"," 13.2","22"," 20.0","999.9","  66.9","*","  48.6","*"," 0.00","G","999.9","000000"
"94599099999","2020-08-24","-28.6333333","153.6333333","98.0","CAPE BYRON AWS, AS","  58.4","22","  37.9","22","1022.0","22","010.4","22","999.9"," 0","  7.7","22"," 13.0","999.9","  63.5","*","  48.4"," "," 0.00","G","999.9","000000"
"94599099999","2020-08-25","-28.6333333","153.6333333","98.0","CAPE BYRON AWS, AS","  60.5","22","  50.1","21","1025.4","22","013.7","22","999.9"," 0","  8.3","22"," 12.0","999.9","  69.1","*","  52.5","*"," 0.06","G","999.9","010000"
"94599099999","2020-08-26","-28.6333333","153.6333333","98.0","CAPE BYRON AWS, AS","  59.0","22","  49.3","22","1027.3","22","015.6","22","999.9"," 0"," 11.0","22"," 19.0","999.9","  62.4","*","  51.6"," "," 0.02","G","999.9","010000"
"94599099999","2020-08-27","-28.6333333","153.6333333","98.0","CAPE BYRON AWS, AS","  62.1","22","  52.3","22","1024.8","22","013.1","22","999.9"," 0","  6.8","22","  9.9","999.9","  68.4","*","  52.9"," "," 0.00","G","999.9","000000"
"94599099999","2020-08-28","-28.6333333","153.6333333","98.0","CAPE BYRON AWS, AS","  64.0","22","  47.2","22","1026.2","22","014.4","22","999.9"," 0"," 13.6","22"," 20.0","999.9","  71.1","*","  54.9"," "," 0.00","G","999.9","000000"
"94599099999","2020-08-29","-28.6333333","153.6333333","98.0","CAPE BYRON AWS, AS","  61.9","22","  54.3","22","1028.7","22","017.0","22","999.9"," 0"," 12.0","22"," 17.1","999.9","  64.8","*","  54.7"," "," 0.00","G","999.9","000000"
"94599099999","2020-08-30","-28.6333333","153.6333333","98.0","CAPE BYRON AWS, AS","  63.3","22","  54.1","22","1023.9","22","012.2","22","999.9"," 0","  7.1","22"," 11.1","999.9","  71.1","*","  55.6"," "," 0.00","G","999.9","000000"
"94599099999","2020-08-31","-28.6333333","153.6333333","98.0","CAPE BYRON AWS, AS","  65.8","22","  61.4","22","1018.9","22","007.3","22","999.9"," 0"," 11.0","22"," 17.1","999.9","  71.6","*","  58.1"," "," 0.00","G","999.9","000000"
"94599099999","2020-09-01","-28.6333333","153.6333333","98.0","CAPE BYRON AWS, AS","  64.2","22","  57.5","22","1022.9","22","011.3","22","999.9"," 0"," 13.4","22"," 19.0","999.9","  68.7","*","  59.9"," "," 0.03","G","999.9","000000"
"94599099999","2020-09-02","-28.6333333","153.6333333","98.0","CAPE BYRON AWS, AS","  66.5","22","  61.0","22","1023.8","22","012.2","22","999.9"," 0"," 11.0","22"," 17.1","999.9","  69.6","*","  62.2"," "," 0.00","G","999.9","000000"
"94599099999","2020-09-03","-28.6333333","153.6333333","98.0","CAPE BYRON AWS, AS","  67.8","22","  61.2","22","1022.5","22","010.9","22","999.9"," 0"," 12.1","22"," 17.1","999.9","  72.7","*","  62.6"," "," 0.00","G","999.9","000000"
"94599099999","2020-09-04","-28.6333333","153.6333333","98.0","CAPE BYRON AWS, AS","  67.8","22","  59.9","22","1019.0","22","007.5","22","999.9"," 0"," 14.3","22"," 19.0","999.9","  72.5","*","  64.0"," "," 0.00","G","999.9","000000"
"94599099999","2020-09-05","-28.6333333","153.6333333","98.0","CAPE BYRON AWS, AS","  67.1","22","  63.5","19","1019.1","22","007.6","22","999.9"," 0"," 13.1","22"," 25.1","999.9","  72.5","*","  63.0","*"," 0.03","G","999.9","010000"
"94599099999","2020-09-06","-28.6333333","153.6333333","98.0","CAPE BYRON AWS, AS","  64.7","22","  57.1","20","1027.8","22","016.1","22","999.9"," 0"," 17.3","22"," 22.9","999.9","  68.2","*","  59.5","*"," 0.43","G","999.9","010000"
"94599099999","2020-09-07","-28.6333333","153.6333333","98.0","CAPE BYRON AWS, AS","  63.6","22","  55.3","22","1030.5","22","018.8","22","999.9"," 0"," 12.1","22"," 15.9","999.9","  68.2","*","  57.4","*"," 0.00","G","999.9","000000"
"94599099999","2020-09-08","-28.6333333","153.6333333","98.0","CAPE BYRON AWS, AS","  65.2","22","  54.8","22","1027.7","22","016.1","22","999.9"," 0","  7.0","22"," 13.0","999.9","  69.3","*","  56.8"," "," 0.01","G","999.9","000000"
"94599099999","2020-09-09","-28.6333333","153.6333333","98.0","CAPE BYRON AWS, AS","  64.7","22","  52.7","20","1022.2","22","010.6","22","999.9"," 0","  7.6","22"," 19.0","999.9","  73.6","*","  57.7","*"," 0.04","G","999.9","000000"
"94599099999","2020-09-10","-28.6333333","153.6333333","98.0","CAPE BYRON AWS, AS","  62.1","22","  57.6","16","1022.7","22","011.1","22","999.9"," 0"," 21.6","22"," 27.0","999.9","  65.8","*","  57.7"," "," 0.46","G","999.9","010000"
"94599099999","2020-09-11","-28.6333333","153.6333333","98.0","CAPE BYRON AWS, AS","  64.3","22","  51.1","22","1026.8","22","015.2","22","999.9"," 0"," 20.2","22"," 25.1","999.9","  67.5","*","  58.1"," "," 0.00","G","999.9","000000"
"94599099999","2020-09-12","-28.6333333","153.6333333","98.0","CAPE BYRON AWS, AS","  64.0","22","  55.9","22","1026.7","22","015.1","22","999.9"," 0"," 10.8","22"," 15.9","999.9","  68.4","*","  60.6"," "," 0.00","G","999.9","000000"
"94599099999","2020-09-13","-28.6333333","153.6333333","98.0","CAPE BYRON AWS, AS","  64.3","22","  58.5","22","1024.5","22","012.9","22","999.9"," 0","  6.8","22"," 13.0","999.9","  71.8","*","  59.0"," "," 0.00","G","999.9","000000"
"94599099999","2020-09-14","-28.6333333","153.6333333","98.0","CAPE BYRON AWS, AS","  66.7","22","  61.7","19","1025.1","22","013.5","22","999.9"," 0","  7.3","22","  9.9","999.9","  75.9","*","  58.6"," "," 0.00","G","999.9","000000"
"94599099999","2020-09-15","-28.6333333","153.6333333","98.0","CAPE BYRON AWS, AS","  64.9","22","  60.2","22","1027.2","22","015.6","22","999.9"," 0"," 10.1","22"," 14.0","999.9","  69.3","*","  59.7","*"," 0.04","G","999.9","010000"
"94599099999","2020-09-16","-28.6333333","153.6333333","98.0","CAPE BYRON AWS, AS","  66.1","22","  62.2","22","1025.2","22","013.6","22","999.9"," 0","  6.8","22"," 15.0","999.9","  72.0","*","  59.5"," "," 0.00","G","999.9","000000"
"94599099999","2020-09-17","-28.6333333","153.6333333","98.0","CAPE BYRON AWS, AS","  67.6","22","  63.4","21","1025.6","22","014.0","22","999.9"," 0","  7.4","22"," 13.0","999.9","  74.7","*","  60.4"," "," 0.00","G","999.9","000000"
"94599099999","2020-09-18","-28.6333333","153.6333333","98.0","CAPE BYRON AWS, AS","  67.8","22","  63.6","22","1026.9","22","015.3","22","999.9"," 0"," 11.5","22"," 15.9","999.9","  72.7","*","  62.8"," "," 0.00","G","999.9","000000"
"94599099999","2020-09-19","-28.6333333","153.6333333","98.0","CAPE BYRON AWS, AS","  69.4","22","  61.0","22","1022.9","22","011.3","22","999.9"," 0"," 11.4","22"," 19.0","999.9","  76.5","*","  63.7","*"," 0.02","G","999.9","010000"
"94599099999","2020-09-20","-28.6333333","153.6333333","98.0","CAPE BYRON AWS, AS","  69.6","22","  68.2","10","1016.9","22","005.4","22","999.9"," 0"," 11.6","22"," 15.0","999.9","  75.2","*","  63.1"," "," 0.00","G","999.9","000000"
"94599099999","2020-09-21","-28.6333333","153.6333333","98.0","CAPE BYRON AWS, AS","  69.9","22","  69.1"," 8","1014.6","22","003.1","22","999.9"," 0"," 18.1","22"," 21.0","999.9","  73.0","*","  67.1"," "," 0.01","G","999.9","010000"
"94599099999","2020-09-22","-28.6333333","153.6333333","98.0","CAPE BYRON AWS, AS","  69.8","22","  59.3"," 9","1013.8","22","002.3","22","999.9"," 0"," 13.8","22"," 22.9","999.9","  72.9","*","  67.8"," "," 0.00","G","999.9","000000"
"94599099999","2020-09-23","-28.6333333","153.6333333","98.0","CAPE BYRON AWS, AS","  69.8","22","  52.1","21","1013.8","22","002.3","22","999.9"," 0","  9.9","22"," 15.0","999.9","  77.9","*","  66.4","*"," 0.00","G","999.9","000000"
"94599099999","2020-09-24","-28.6333333","153.6333333","98.0","CAPE BYRON AWS, AS","  67.4","22","  51.6","22","1014.7","22","003.2","22","999.9"," 0","  7.6","22"," 14.0","999.9","  76.5","*","  60.8","*"," 0.00","G","999.9","000000"
"94599099999","2020-09-25","-28.6333333","153.6333333","98.0","CAPE BYRON AWS, AS","  68.4","22","  56.9","19","1009.2","22","997.8","22","999.9"," 0"," 14.5","22"," 21.0","999.9","  72.3","*","  60.4"," "," 0.00","G","999.9","000000"
"94599099999","2020-09-26","-28.6333333","153.6333333","98.0","CAPE BYRON AWS, AS","  63.1","22","  27.2","22","1016.9","22","005.4","22","999.9"," 0"," 13.1","22"," 17.1","999.9","  73.0","*","  54.9","*"," 0.00","G","999.9","000000"
"94599099999","2020-09-27","-28.6333333","153.6333333","98.0","CAPE BYRON AWS, AS","  60.8","22","  45.5","22","1023.0","22","011.4","22","999.9"," 0"," 12.5","22"," 17.1","999.9","  64.9","*","  54.0","*"," 0.00","G","999.9","000000"
"94599099999","2020-09-28","-28.6333333","153.6333333","98.0","CAPE BYRON AWS, AS","  62.7","22","  49.5","22","1024.8","22","013.2","22","999.9"," 0"," 12.4","22"," 18.1","999.9","  65.8","*","  53.8"," "," 0.01","G","999.9","000000"
"94599099999","2020-09-29","-28.6333333","153.6333333","98.0","CAPE BYRON AWS, AS","  63.8","22","  48.3","22","1023.5","22","011.9","22","999.9"," 0","  8.1","22"," 14.0","999.9","  69.4","*","  57.6"," "," 0.00","G","999.9","000000"
"94599099999","2020-09-30","-28.6333333","153.6333333","98.0","CAPE BYRON AWS, AS","  66.8","22","  55.2","22","1019.3","22","007.7","22","999.9"," 0","  9.9","22"," 13.0","999.9","  72.7","*","  63.7","*"," 0.00","G","999.9","000000"
"94599099999","2020-10-01","-28.6333333","153.6333333","98.0","CAPE BYRON AWS, AS","  67.4","22","  61.5","22","1019.4","22","007.9","22","999.9"," 0"," 11.2","22"," 18.1","999.9","  72.3","*","  63.0","*"," 0.00","G","999.9","000000"
"94599099999","2020-10-02","-28.6333333","153.6333333","98.0","CAPE BYRON AWS, AS","  67.3","22","9999.9"," 0","1025.4","22","013.9","22","999.9"," 0"," 12.0","22"," 17.1","999.9","  70.5","*","  62.1","*"," 0.00","G","999.9","000000"
"94599099999","2020-10-03","-28.6333333","153.6333333","98.0","CAPE BYRON AWS, AS","  68.1","22","  55.7","22","1026.3","22","014.8","22","999.9"," 0","  8.2","22"," 13.0","999.9","  76.8","*","  61.2","*"," 0.00","G","999.9","000000"
"94599099999","2020-10-04","-28.6333333","153.6333333","98.0","CAPE BYRON AWS, AS","  70.3","22","  57.1","22","1023.7","22","012.2","22","999.9"," 0"," 10.3","22"," 20.0","999.9","  74.8","*","  61.2"," "," 0.00","G","999.9","000000"
"94599099999","2020-10-05","-28.6333333","153.6333333","98.0","CAPE BYRON AWS, AS","  70.2","22","  62.1","22","1021.0","22","009.5","22","999.9"," 0","  9.4","22"," 21.0","999.9","  77.5","*","  63.5","*"," 0.00","G","999.9","000000"
"94599099999","2020-10-06","-28.6333333","153.6333333","98.0","CAPE BYRON AWS, AS","  69.7","22","  55.9","22","1020.5","22","009.0","22","999.9"," 0","  8.9","22"," 14.0","999.9","  76.8","*","  63.3"," "," 0.00","G","999.9","000000"
"94599099999","2020-10-07","-28.6333333","153.6333333","98.0","CAPE BYRON AWS, AS","  69.6","22","  57.4","22","1018.8","22","007.3","22","999.9"," 0"," 10.0","22"," 15.9","999.9","  77.7","*","  64.0"," "," 0.00","G","999.9","000000"
"94599099999","2020-10-08","-28.6333333","153.6333333","98.0","CAPE BYRON AWS, AS","  68.7","22","  61.6","22","1014.2","22","002.8","22","999.9"," 0"," 16.2","22"," 19.0","999.9","  72.0","*","  63.9"," "," 0.00","G","999.9","000000"
"94599099999","2020-10-09","-28.6333333","153.6333333","98.0","CAPE BYRON AWS, AS","  68.0","22","  65.1","12","1015.2","22","003.8","22","999.9"," 0"," 12.8","22"," 19.0","999.9","  73.8","*","  62.1","*"," 0.00","G","999.9","000000"
"94599099999","2020-10-10","-28.6333333","153.6333333","98.0","CAPE BYRON AWS, AS","  67.5","22","  59.4","22","1020.2","22","008.7","22","999.9"," 0","  8.3","22"," 15.0","999.9","  72.7","*","  62.1"," "," 0.00","G","999.9","000000"
"94599099999","2020-10-11","-28.6333333","153.6333333","98.0","CAPE BYRON AWS, AS","  69.2","22","  59.1","22","1021.8","22","010.3","22","999.9"," 0","  7.7","22"," 11.1","999.9","  76.8","*","  64.0"," "," 0.00","G","999.9","000000"
"94599099999","2020-10-12","-28.6333333","153.6333333","98.0","CAPE BYRON AWS, AS","  69.7","22","  56.6","22","1022.2","22","010.7","22","999.9"," 0","  7.8","22","  9.9","999.9","  79.2","*","  63.5","*"," 0.00","G","999.9","000000"
"94599099999","2020-10-13","-28.6333333","153.6333333","98.0","CAPE BYRON AWS, AS","  68.8","22","  54.9","22","1022.8","22","011.3","22","999.9"," 0"," 12.0","22"," 15.9","999.9","  73.9","*","  61.9","*"," 0.00","G","999.9","000000"
"94599099999","2020-10-14","-28.6333333","153.6333333","98.0","CAPE BYRON AWS, AS","  66.9","22","  54.6","22","1022.9","22","011.4","22","999.9"," 0"," 13.6","22"," 17.1","999.9","  73.9","*","  59.4","*"," 0.00","G","999.9","000000"
"94599099999","2020-10-15","-28.6333333","153.6333333","98.0","CAPE BYRON AWS, AS","  68.2","22","  59.1","22","1018.8","22","007.3","22","999.9"," 0","  7.3","22"," 15.0","999.9","  77.2","*","  58.8"," "," 0.00","G","999.9","000000"
"94599099999","2020-10-16","-28.6333333","153.6333333","98.0","CAPE BYRON AWS, AS","  69.7","22","  62.2","22","1017.7","22","006.2","22","999.9"," 0","  7.8","22"," 12.0","999.9","  75.6","*","  60.4"," "," 0.00","G","999.9","000000"
"94599099999","2020-10-17","-28.6333333","153.6333333","98.0","CAPE BYRON AWS, AS","  70.6","22","  61.9","22","1014.7","22","003.3","22","999.9"," 0"," 16.7","22"," 21.0","999.9","  76.5","*","  63.3"," "," 0.00","G","999.9","000000"
"94599099999","2020-10-18","-28.6333333","153.6333333","98.0","CAPE BYRON AWS, AS","  68.4","22","  64.9","17","1011.9","22","000.5","22","999.9"," 0"," 12.3","22"," 22.0","999.9","  73.6","*","  61.5","*"," 0.34","G","999.9","010000"
"94599099999","2020-10-19","-28.6333333","153.6333333","98.0","CAPE BYRON AWS, AS","  65.8","22","  61.9","17","1014.4","22","003.0","22","999.9"," 0"," 17.1","22"," 25.1","999.9","  70.9","*","  60.8","*"," 0.00","G","999.9","000000"
"94599099999","2020-10-20","-28.6333333","153.6333333","98.0","CAPE BYRON AWS, AS","  65.9","21","  54.7","21","1017.2","21","005.7","21","999.9"," 0"," 12.8","21"," 19.0","999.9","  70.5","*","  60.1","*"," 0.00","G","999.9","000000"
"94599099999","2020-10-21","-28.6333333","153.6333333","98.0","CAPE BYRON AWS, AS","  68.9","22","  58.2","22","1015.8","22","004.4","22","999.9"," 0","  7.2","22"," 13.0","999.9","  74.7","*","  59.9"," "," 0.00","G","999.9","000000"
"94599099999","2020-10-22","-28.6333333","153.6333333","98.0","CAPE BYRON AWS, AS","  68.9","22","  62.5","21","1015.5","22","004.1","22","999.9"," 0","  9.4","22"," 19.0","999.9","  74.1","*","  64.6"," "," 0.17","G","999.9","000000"
"94599099999","2020-10-23","-28.6333333","153.6333333","98.0","CAPE BYRON AWS, AS","  71.7","22","  68.4","22","1013.4","22","002.0","22","999.9"," 0"," 13.9","22"," 17.1","999.9","  77.4","*","  65.3"," "," 0.00","G","999.9","000000"
"94599099999","2020-10-24","-28.6333333","153.6333333","98.0","CAPE BYRON AWS, AS","  68.8","22","9999.9"," 0","1010.1","22","998.7","22","999.9"," 0"," 14.2","22"," 19.0","999.9","  72.7","*","  66.7","*"," 0.64","G","999.9","010000"
"94599099999","2020-10-25","-28.6333333","153.6333333","98.0","CAPE BYRON AWS, AS","  68.1","22","9999.9"," 0","1010.2","22","998.9","22","999.9"," 0"," 12.7","22"," 22.9","999.9","  74.7","*","  64.0","*"," 0.33","G","999.9","010000"
"94599099999","2020-10-26","-28.6333333","153.6333333","98.0","CAPE BYRON AWS, AS","  68.2","22","9999.9"," 0","1013.5","22","002.1","22","999.9"," 0"," 12.5","22"," 24.1","999.9","  72.5","*","  63.9"," "," 0.01","G","999.9","000000"
"94599099999","2020-10-27","-28.6333333","153.6333333","98.0","CAPE BYRON AWS, AS","  66.1","22","9999.9"," 0","1016.5","22","005.1","22","999.9"," 0"," 12.5","22"," 20.0","999.9","  70.3","*","  62.1","*"," 0.80","G","999.9","010000"
"94599099999","2020-10-28","-28.6333333","153.6333333","98.0","CAPE BYRON AWS, AS","  68.2","22","9999.9"," 0","1013.4","22","002.0","22","999.9"," 0","  6.6","22"," 13.0","999.9","  73.0","*","  61.9"," "," 0.12","G","999.9","010000"
"94599099999","2020-10-29","-28.6333333","153.6333333","98.0","CAPE BYRON AWS, AS","  68.1","22","9999.9"," 0","1010.4","22","999.0","22","999.9"," 0","  8.1","22"," 13.0","999.9","  78.8"," ","  62.4","*"," 0.04","G","999.9","000000"
"94599099999","2020-10-30","-28.6333333","153.6333333","98.0","CAPE BYRON AWS, AS","  74.4","22","9999.9"," 0","1009.5","22","998.1","22","999.9"," 0"," 16.5","22"," 26.0","999.9","  80.4","*","  62.4"," "," 0.00","G","999.9","000000"
"94599099999","2020-10-31","-28.6333333","153.6333333","98.0","CAPE BYRON AWS, AS","  70.8","22","9999.9"," 0","1010.5","22","999.1","22","999.9"," 0"," 12.9","22"," 22.9","999.9","  75.6","*","  67.1","*"," 1.02","G","999.9","010000"
"94599099999","2020-11-01","-28.6333333","153.6333333","98.0","CAPE BYRON AWS, AS","  71.7","22","9999.9"," 0","1017.8","22","006.4","22","999.9"," 0"," 12.2","22"," 22.0","999.9","  79.9","*","  63.0"," "," 0.00","G","999.9","000000"
"94599099999","2020-11-02","-28.6333333","153.6333333","98.0","CAPE BYRON AWS, AS","  67.1","22","  59.0","21","1022.3","22","010.9","22","999.9"," 0"," 25.1","22"," 34.0","999.9","  70.0","*","  60.6","*"," 0.00","G","999.9","000000"
"94599099999","2020-11-03","-28.6333333","153.6333333","98.0","CAPE BYRON AWS, AS","  66.3","22","  56.8","22","1020.5","22","009.0","22","999.9"," 0"," 17.0","22"," 27.0","999.9","  70.0","*","  60.3"," "," 0.00","G","999.9","000000"
"94599099999","2020-11-04","-28.6333333","153.6333333","98.0","CAPE BYRON AWS, AS","  70.3","22","  60.7","22","1013.2","22","001.9","22","999.9"," 0"," 10.1","22"," 15.9","999.9","  77.4","*","  61.0"," "," 0.00","G","999.9","000000"
"94599099999","2020-11-05","-28.6333333","153.6333333","98.0","CAPE BYRON AWS, AS","  69.2","22","  62.9","22","1008.8","22","997.6","22","999.9"," 0"," 17.4","22"," 25.1","999.9","  75.6","*","  60.6","*"," 0.00","G","999.9","000000"
"94599099999","2020-11-06","-28.6333333","153.6333333","98.0","CAPE BYRON AWS, AS","  67.2","22","  56.7","22","1016.1","22","004.7","22","999.9"," 0"," 15.6","22"," 26.0","999.9","  72.0","*","  60.6"," "," 0.00","G","999.9","000000"
"94599099999","2020-11-07","-28.6333333","153.6333333","98.0","CAPE BYRON AWS, AS","  67.4","22","  59.9","22","1021.7","22","010.3","22","999.9"," 0"," 14.3","22"," 21.0","999.9","  72.9","*","  60.4","*"," 1.03","G","999.9","010000"
"94599099999","2020-11-08","-28.6333333","153.6333333","98.0","CAPE BYRON AWS, AS","  66.4","22","  54.7","22","1025.2","22","013.7","22","999.9"," 0"," 17.0","22"," 22.0","999.9","  70.7","*","  60.1"," "," 0.01","G","999.9","000000"
"94599099999","2020-11-09","-28.6333333","153.6333333","98.0","CAPE BYRON AWS, AS","  64.6","22","  58.4","22","1023.5","22","012.1","22","999.9"," 0"," 11.2","22"," 18.1","999.9","  72.5","*","  60.4","*"," 0.01","G","999.9","010000"
"94599099999","2020-11-10","-28.6333333","153.6333333","98.0","CAPE BYRON AWS, AS","  69.5","22","  59.0","22","1021.1","22","009.7","22","999.9"," 0","  6.7","22"," 11.1","999.9","  77.0","*","  60.4"," "," 0.01","G","999.9","000000"
"94599099999","2020-11-11","-28.6333333","153.6333333","98.0","CAPE BYRON AWS, AS","  71.7","22","  60.8","22","1017.8","22","006.4","22","999.9"," 0"," 11.2","22"," 17.1","999.9","  81.0","*","  64.6"," "," 0.00","G","999.9","000000"
"94599099999","2020-11-12","-28.6333333","153.6333333","98.0","CAPE BYRON AWS, AS","  71.9","22","  64.2","22","1013.0","22","001.7","22","999.9"," 0"," 16.9","22"," 22.0","999.9","  74.3","*","  64.9"," "," 0.00","G","999.9","000000"
"94599099999","2020-11-13","-28.6333333","153.6333333","98.0","CAPE BYRON AWS, AS","  72.1","22","  66.8","22","1009.5","22","998.2","22","999.9"," 0"," 15.0","22"," 20.0","999.9","  75.7","*","  69.3","*"," 0.01","G","999.9","000000"
"94599099999","2020-11-14","-28.6333333","153.6333333","98.0","CAPE BYRON AWS, AS","  73.6","22","  71.0","22","1011.1","22","999.8","22","999.9"," 0"," 14.8","22"," 19.0","999.9","  77.0","*","  69.3"," "," 0.00","G","999.9","000000"
"94599099999","2020-11-15","-28.6333333","153.6333333","98.0","CAPE BYRON AWS, AS","  74.3","22","  73.3","22","1017.6","22","006.2","22","999.9"," 0","  7.7","22"," 17.1","999.9","  79.3","*","  70.0"," "," 0.00","G","999.9","000000"
"94599099999","2020-11-16","-28.6333333","153.6333333","98.0","CAPE BYRON AWS, AS","  75.0","19","  74.0","19","1014.0","19","002.7","19","999.9"," 0"," 16.0","19"," 21.0","999.9","  80.2","*","  71.8","*"," 0.00","G","999.9","000000"
"94599099999","2020-11-17","-28.6333333","153.6333333","98.0","CAPE BYRON AWS, AS","  71.5","22","  68.9","22","1019.2","22","007.8","22","999.9"," 0"," 18.9","22"," 26.0","999.9","  77.2","*","  69.8","*"," 0.00","G","999.9","000000"
"94599099999","2020-11-18","-28.6333333","153.6333333","98.0","CAPE BYRON AWS, AS","  71.1","22","  63.6","22","1022.5","22","011.1","22","999.9"," 0"," 11.2","22"," 15.9","999.9","  75.9","*","  65.3","*"," 0.00","G","999.9","000000"
"94599099999","2020-11-19","-28.6333333","153.6333333","98.0","CAPE BYRON AWS, AS","  73.0","22","  65.3","22","1022.2","22","010.8","22","999.9"," 0","  8.0","22"," 13.0","999.9","  81.5","*","  64.9"," "," 0.00","G","999.9","000000"
"94599099999","2020-11-20","-28.6333333","153.6333333","98.0","CAPE BYRON AWS, AS","  73.3","22","  66.8","22","1020.4","22","009.0","22","999.9"," 0"," 10.7","22"," 18.1","999.9","  79.0","*","  67.3","*"," 0.00","G","999.9","000000"
"94599099999","2020-11-21","-28.6333333","153.6333333","98.0","CAPE BYRON AWS, AS","  74.0","22","  68.6","22","1019.9","22","008.5","22","999.9"," 0"," 10.8","22"," 17.1","999.9","  82.9","*","  66.6","*"," 0.00","G","999.9","000000"
"94599099999","2020-11-22","-28.6333333","153.6333333","98.0","CAPE BYRON AWS, AS","  73.1","22","  69.1","22","1015.4","22","004.0","22","999.9"," 0"," 12.3","22"," 17.1","999.9","  79.3","*","  66.4"," "," 0.00","G","999.9","000000"
"94599099999","2020-11-23","-28.6333333","153.6333333","98.0","CAPE BYRON AWS, AS","  72.7","22","  71.1","22","1007.1","22","995.9","22","999.9"," 0"," 15.9","22"," 22.9","999.9","  76.8","*","  68.0"," "," 0.00","G","999.9","000000"
"94599099999","2020-11-24","-28.6333333","153.6333333","98.0","CAPE BYRON AWS, AS","  70.8","22","  68.6","22","1010.8","22","999.5","22","999.9"," 0"," 16.2","22"," 26.0","999.9","  72.9","*","  66.7","*"," 0.04","G","999.9","010000"
"94599099999","2020-11-25","-28.6333333","153.6333333","98.0","CAPE BYRON AWS, AS","  71.0","22","  66.9","22","1013.5","22","002.2","22","999.9"," 0","  9.1","22"," 19.0","999.9","  77.7","*","  66.6"," "," 0.00","G","999.9","000000"
"94599099999","2020-11-26","-28.6333333","153.6333333","98.0","CAPE BYRON AWS, AS","  74.5","22","  69.4","22","1014.9","22","003.5","22","999.9"," 0","  9.6","22"," 17.1","999.9","  84.9","*","  67.1"," "," 0.00","G","999.9","000000"
"94599099999","2020-11-27","-28.6333333","153.6333333","98.0","CAPE BYRON AWS, AS","  75.5","22","  69.3","22","1017.8","22","006.4","22","999.9"," 0","  9.8","22"," 15.0","999.9","  86.0","*","  67.3"," "," 0.00","G","999.9","000000"
"94599099999","2020-11-28","-28.6333333","153.6333333","98.0","CAPE BYRON AWS, AS","  72.5","22","  70.0","22","1013.0","22","001.7","22","999.9"," 0"," 16.9","22"," 18.1","999.9","  76.8","*","  68.4"," "," 0.00","G","999.9","000000"
"94599099999","2020-11-29","-28.6333333","153.6333333","98.0","CAPE BYRON AWS, AS","  71.8","22","  70.2","22","1009.2","22","997.9","22","999.9"," 0"," 20.7","22"," 32.1","999.9","  75.9","*","  68.7"," "," 0.00","G","999.9","000000"
"94599099999","2020-11-30","-28.6333333","153.6333333","98.0","CAPE BYRON AWS, AS","  71.9","22","  70.8","22","1015.5","22","004.1","22","999.9"," 0"," 13.4","22"," 25.1","999.9","  73.6","*","  68.9"," "," 0.00","G","999.9","000000"
"94599099999","2020-12-01","-28.6333333","153.6333333","98.0","CAPE BYRON AWS, AS","  78.0","22","  77.0","22","1013.6","22","002.3","22","999.9"," 0"," 13.4","22"," 19.0","999.9","  86.9","*","  69.6"," "," 0.00","G","999.9","000000"
"94599099999","2020-12-02","-28.6333333","153.6333333","98.0","CAPE BYRON AWS, AS","  74.7","22","  74.7","22","1018.2","22","006.9","22","999.9"," 0"," 13.6","22"," 19.0","999.9","  81.1","*","  69.1","*"," 0.02","G","999.9","010000"
"94599099999","2020-12-03","-28.6333333","153.6333333","98.0","CAPE BYRON AWS, AS","  74.0","22","  73.9","21","1018.3","22","007.0","22","999.9"," 0","  9.0","22"," 15.0","999.9","  78.8","*","  69.1"," "," 0.14","G","999.9","010000"
"94599099999","2020-12-04","-28.6333333","153.6333333","98.0","CAPE BYRON AWS, AS","  76.9","22","9999.9"," 0","1012.4","22","001.1","22","999.9"," 0"," 11.0","22"," 19.0","999.9","  81.7","*","  71.8"," "," 0.00","G","999.9","000000"
"94599099999","2020-12-05","-28.6333333","153.6333333","98.0","CAPE BYRON AWS, AS","  75.5","22","9999.9"," 0","1009.0","22","997.8","22","999.9"," 0"," 17.8","22"," 24.1","999.9","  79.2","*","  72.9","*"," 0.00","G","999.9","000000"
"94599099999","2020-12-06","-28.6333333","153.6333333","98.0","CAPE BYRON AWS, AS","  74.8","22","9999.9"," 0","1006.2","22","995.0","22","999.9"," 0"," 14.9","22"," 24.1","999.9","  78.4","*","  72.0","*"," 0.10","G","999.9","010000"
"94599099999","2020-12-07","-28.6333333","153.6333333","98.0","CAPE BYRON AWS, AS","  72.8","22","9999.9"," 0","1007.6","22","996.4","22","999.9"," 0"," 11.7","22"," 20.0","999.9","  76.1","*","  70.3","*"," 0.09","G","999.9","010000"
"94599099999","2020-12-08","-28.6333333","153.6333333","98.0","CAPE BYRON AWS, AS","  70.3","22","9999.9"," 0","1014.6","22","003.3","22","999.9"," 0"," 13.1","22"," 18.1","999.9","  79.5","*","  63.7","*"," 0.00","G","999.9","000000"
"94599099999","2020-12-09","-28.6333333","153.6333333","98.0","CAPE BYRON AWS, AS","  73.1","22","9999.9"," 0","1018.4","22","007.1","22","999.9"," 0","  9.5","22"," 19.0","999.9","  80.6","*","  63.3"," "," 0.00","G","999.9","000000"
"94599099999","2020-12-10","-28.6333333","153.6333333","98.0","CAPE BYRON AWS, AS","  73.6","22","9999.9"," 0","1018.5","22","007.2","22","999.9"," 0"," 11.8","22"," 15.9","999.9","  79.7","*","  66.7","*"," 0.04","G","999.9","010000"
"94599099999","2020-12-11","-28.6333333","153.6333333","98.0","CAPE BYRON AWS, AS","  64.8","22","9999.9"," 0","1020.8","22","009.4","22","999.9"," 0"," 14.2","22"," 20.0","999.9","  71.6","*","  61.2","*"," 2.37","G","999.9","010000"
"94599099999","2020-12-12","-28.6333333","153.6333333","98.0","CAPE BYRON AWS, AS","  68.4","22","9999.9"," 0","1017.6","22","006.3","22","999.9"," 0"," 29.2","22"," 40.0","999.9","  71.2","*","  61.0"," "," 1.46","G","999.9","010000"
"94599099999","2020-12-13","-28.6333333","153.6333333","98.0","CAPE BYRON AWS, AS","  70.0","22","9999.9"," 0","1012.8","22","001.5","22","999.9"," 0"," 34.3","22"," 42.0","999.9","  71.8","*","  64.8"," "," 0.66","G","999.9","010000"
"94599099999","2020-12-14","-28.6333333","153.6333333","98.0","CAPE BYRON AWS, AS","  72.9","22","9999.9"," 0","1008.8","22","997.6","22","999.9"," 0"," 24.0","22"," 42.9","999.9","  77.0","*","  66.2"," "," 2.26","G","999.9","010000"
"94599099999","2020-12-15","-28.6333333","153.6333333","98.0","CAPE BYRON AWS, AS","  76.0","22","9999.9"," 0","1011.1","22","999.8","22","999.9"," 0"," 13.1","22"," 24.1","999.9","  79.3","*","  69.4"," "," 0.53","G","999.9","010000"
"94599099999","2020-12-16","-28.6333333","153.6333333","98.0","CAPE BYRON AWS, AS","  74.9","22","9999.9"," 0","1010.5","22","999.3","22","999.9"," 0"," 16.5","22"," 27.0","999.9","  81.0","*","  70.9","*"," 1.00","G","999.9","010000"
"94599099999","2020-12-17","-28.6333333","153.6333333","98.0","CAPE BYRON AWS, AS","  75.0","22","9999.9"," 0","1010.0","22","998.8","22","999.9"," 0"," 13.2","22"," 15.9","999.9","  78.3","*","  70.2"," "," 0.57","G","999.9","010000"
"94599099999","2020-12-18","-28.6333333","153.6333333","98.0","CAPE BYRON AWS, AS","  76.0","22","9999.9"," 0","1010.7","22","999.4","22","999.9"," 0"," 13.5","22"," 21.0","999.9","  79.3","*","  72.0"," "," 0.00","G","999.9","000000"
"94599099999","2020-12-19","-28.6333333","153.6333333","98.0","CAPE BYRON AWS, AS","  76.7","22","9999.9"," 0","1012.3","22","001.1","22","999.9"," 0"," 10.6","22"," 18.1","999.9","  81.5","*","  72.7","*"," 0.00","G","999.9","000000"
"94599099999","2020-12-20","-28.6333333","153.6333333","98.0","CAPE BYRON AWS, AS","  75.6","22","9999.9"," 0","1010.0","22","998.8","22","999.9"," 0","  8.9","22"," 18.1","999.9","  80.1","*","  72.3"," "," 0.15","G","999.9","010000"
"94599099999","2020-12-21","-28.6333333","153.6333333","98.0","CAPE BYRON AWS, AS","  76.3","22","9999.9"," 0","1007.5","22","996.3","22","999.9"," 0"," 13.5","22"," 20.0","999.9","  82.0","*","  72.7"," "," 0.00","G","999.9","000000"
"94599099999","2020-12-22","-28.6333333","153.6333333","98.0","CAPE BYRON AWS, AS","  76.5","22","9999.9"," 0","1007.4","22","996.2","22","999.9"," 0"," 11.6","22"," 19.0","999.9","  80.4","*","  72.7"," "," 0.04","G","999.9","010000"
"94599099999","2020-12-23","-28.6333333","153.6333333","98.0","CAPE BYRON AWS, AS","  72.8","22","9999.9"," 0","1014.5","22","003.2","22","999.9"," 0"," 15.0","22"," 24.1","999.9","  77.9","*","  67.1","*"," 0.01","G","999.9","000000"
"94599099999","2020-12-24","-28.6333333","153.6333333","98.0","CAPE BYRON AWS, AS","  73.3","22","9999.9"," 0","1015.3","22","004.0","22","999.9"," 0","  7.6","22"," 14.0","999.9","  76.3","*","  66.6"," "," 0.00","G","999.9","000000"
"94599099999","2020-12-25","-28.6333333","153.6333333","98.0","CAPE BYRON AWS, AS","  75.7","22","9999.9"," 0","1016.9","22","005.6","22","999.9"," 0","  8.4","22"," 13.0","999.9","  83.8","*","  69.4","*"," 0.00","G","999.9","000000"
"94599099999","2020-12-26","-28.6333333","153.6333333","98.0","CAPE BYRON AWS, AS","  76.3","22","9999.9"," 0","1017.2","22","005.9","22","999.9"," 0","  8.8","22"," 13.0","999.9","  84.2","*","  69.1"," "," 0.00","G","999.9","000000"
"94599099999","2020-12-27","-28.6333333","153.6333333","98.0","CAPE BYRON AWS, AS","  76.7","22","9999.9"," 0","1013.3","22","002.0","22","999.9"," 0"," 13.4","22"," 17.1","999.9","  84.6","*","  70.9"," "," 0.00","G","999.9","000000"
"94599099999","2020-12-28","-28.6333333","153.6333333","98.0","CAPE BYRON AWS, AS","  76.1","22","9999.9"," 0","1011.4","22","000.2","22","999.9"," 0"," 13.0","22"," 18.1","999.9","  80.2","*","  72.0","*"," 0.00","G","999.9","000000"
"94599099999","2020-12-29","-28.6333333","153.6333333","98.0","CAPE BYRON AWS, AS","  75.9","22","9999.9"," 0","1012.7","22","001.4","22","999.9"," 0"," 12.2","22"," 27.0","999.9","  81.5","*","  71.2","*"," 0.18","G","999.9","010000"
"94599099999","2020-12-30","-28.6333333","153.6333333","98.0","CAPE BYRON AWS, AS","  73.2","22","9999.9"," 0","1014.4","22","003.1","22","999.9"," 0"," 11.8","22"," 17.1","999.9","  78.3","*","  70.0","*"," 0.35","G","999.9","010000"
"94599099999","2020-12-31","-28.6333333","153.6333333","98.0","CAPE BYRON AWS, AS","  76.5","22","9999.9"," 0","1014.7","22","003.4","22","999.9"," 0"," 14.4","22"," 21.0","999.9","  80.1","*","  68.9"," "," 0.03","G","999.9","000000"
