"STATION","DATE","LATITUDE","LONGITUDE","ELEVATION","NAME","TEMP","TEMP_ATTRIBUTES","DEWP","DEWP_ATTRIBUTES","SLP","SLP_ATTRIBUTES","STP","STP_ATTRIBUTES","VISIB","VISIB_ATTRIBUTES","WDSP","WDSP_ATTRIBUTES","MXSPD","GUST","MAX","MAX_ATTRIBUTES","MIN","MIN_ATTRIBUTES","PRCP","PRCP_ATTRIBUTES","SNDP","FRSHTT"
"99999903067","2020-01-01","38.8701","-100.9627","874.8","OAKLEY 19 SSW, KS US","  31.2","24","9999.9"," 0","9999.9"," 0","999.9"," 0","999.9"," 0","999.9"," 0","999.9","999.9","  57.9"," ","  14.2"," "," 0.00","I","999.9","000000"
"99999903067","2020-01-02","38.8701","-100.9627","874.8","OAKLEY 19 SSW, KS US","  37.3","24","9999.9"," 0","9999.9"," 0","999.9"," 0","999.9"," 0","999.9"," 0","999.9","999.9","  50.2"," ","  24.1"," "," 0.00","I","999.9","000000"
"99999903067","2020-01-03","38.8701","-100.9627","874.8","OAKLEY 19 SSW, KS US","  32.4","24","9999.9"," 0","9999.9"," 0","999.9"," 0","999.9"," 0","999.9"," 0","999.9","999.9","  47.5"," ","  20.5"," "," 0.00","G","999.9","000000"
"99999903067","2020-01-04","38.8701","-100.9627","874.8","OAKLEY 19 SSW, KS US","  36.2","24","9999.9"," 0","9999.9"," 0","999.9"," 0","999.9"," 0","999.9"," 0","999.9","999.9","  58.6"," ","  18.1"," "," 0.00","G","999.9","000000"
"99999903067","2020-01-05","38.8701","-100.9627","874.8","OAKLEY 19 SSW, KS US","  42.0","24","9999.9"," 0","9999.9"," 0","999.9"," 0","999.9"," 0","999.9"," 0","999.9","999.9","  53.2"," ","  26.6"," "," 0.00","I","999.9","000000"
"99999903067","2020-01-06","38.8701","-100.9627","874.8","OAKLEY 19 SSW, KS US","  29.7","24","9999.9"," 0","9999.9"," 0","999.9"," 0","999.9"," 0","999.9"," 0","999.9","999.9","  49.5"," ","  15.3"," "," 0.00","G","999.9","000000"
"99999903067","2020-01-07","38.8701","-100.9627","874.8","OAKLEY 19 SSW, KS US","  31.4","24","9999.9"," 0","9999.9"," 0","999.9"," 0","999.9"," 0","999.9"," 0","999.9","999.9","  57.9"," ","  17.4"," "," 0.00","I","999.9","000000"
"99999903067","2020-01-08","38.8701","-100.9627","874.8","OAKLEY 19 SSW, KS US","  34.7","24","9999.9"," 0","9999.9"," 0","999.9"," 0","999.9"," 0","999.9"," 0","999.9","999.9","  52.9"," ","  20.3"," "," 0.00","I","999.9","000000"
"99999903067","2020-01-09","38.8701","-100.9627","874.8","OAKLEY 19 SSW, KS US","  38.6","24","9999.9"," 0","9999.9"," 0","999.9"," 0","999.9"," 0","999.9"," 0","999.9","999.9","  51.3"," ","  22.8"," "," 0.00","I","999.9","000000"
"99999903067","2020-01-10","38.8701","-100.9627","874.8","OAKLEY 19 SSW, KS US","  31.8","24","9999.9"," 0","9999.9"," 0","999.9"," 0","999.9"," 0","999.9"," 0","999.9","999.9","  44.1"," ","  20.7","*"," 0.00","I","999.9","000000"
"99999903067","2020-01-11","38.8701","-100.9627","874.8","OAKLEY 19 SSW, KS US","  15.4","24","9999.9"," 0","9999.9"," 0","999.9"," 0","999.9"," 0","999.9"," 0","999.9","999.9","  33.4"," ","   2.7"," "," 0.00","G","999.9","000000"
"99999903067","2020-01-12","38.8701","-100.9627","874.8","OAKLEY 19 SSW, KS US","  23.7","24","9999.9"," 0","9999.9"," 0","999.9"," 0","999.9"," 0","999.9"," 0","999.9","999.9","  49.6"," ","   9.1"," "," 0.00","I","999.9","000000"
"99999903067","2020-01-13","38.8701","-100.9627","874.8","OAKLEY 19 SSW, KS US","  33.1","24","9999.9"," 0","9999.9"," 0","999.9"," 0","999.9"," 0","999.9"," 0","999.9","999.9","  52.0"," ","  18.9"," "," 0.00","I","999.9","000000"
"99999903067","2020-01-14","38.8701","-100.9627","874.8","OAKLEY 19 SSW, KS US","  31.7","24","9999.9"," 0","9999.9"," 0","999.9"," 0","999.9"," 0","999.9"," 0","999.9","999.9","  54.0"," ","  15.8"," "," 0.00","I","999.9","000000"
"99999903067","2020-01-15","38.8701","-100.9627","874.8","OAKLEY 19 SSW, KS US","  31.6","24","9999.9"," 0","9999.9"," 0","999.9"," 0","999.9"," 0","999.9"," 0","999.9","999.9","  48.0"," ","  15.4"," "," 0.00","I","999.9","000000"
"99999903067","2020-01-16","38.8701","-100.9627","874.8","OAKLEY 19 SSW, KS US","  19.2","24","9999.9"," 0","9999.9"," 0","999.9"," 0","999.9"," 0","999.9"," 0","999.9","999.9","  42.8"," ","  11.5"," "," 0.00","I","999.9","000000"
"99999903067","2020-01-17","38.8701","-100.9627","874.8","OAKLEY 19 SSW, KS US","  28.1","24","9999.9"," 0","9999.9"," 0","999.9"," 0","999.9"," 0","999.9"," 0","999.9","999.9","  41.9"," ","  21.9"," "," 0.00","I","999.9","000000"
"99999903067","2020-01-18","38.8701","-100.9627","874.8","OAKLEY 19 SSW, KS US","  33.8","24","9999.9"," 0","9999.9"," 0","999.9"," 0","999.9"," 0","999.9"," 0","999.9","999.9","  45.7"," ","  23.4"," "," 0.00","I","999.9","000000"
"99999903067","2020-01-19","38.8701","-100.9627","874.8","OAKLEY 19 SSW, KS US","  26.8","24","9999.9"," 0","9999.9"," 0","999.9"," 0","999.9"," 0","999.9"," 0","999.9","999.9","  42.3"," ","  14.4"," "," 0.00","I","999.9","000000"
"99999903067","2020-01-20","38.8701","-100.9627","874.8","OAKLEY 19 SSW, KS US","  26.8","24","9999.9"," 0","9999.9"," 0","999.9"," 0","999.9"," 0","999.9"," 0","999.9","999.9","  39.9"," ","  14.7"," "," 0.00","I","999.9","000000"
"99999903067","2020-01-21","38.8701","-100.9627","874.8","OAKLEY 19 SSW, KS US","  23.2","24","9999.9"," 0","9999.9"," 0","999.9"," 0","999.9"," 0","999.9"," 0","999.9","999.9","  45.7"," ","  12.4"," "," 0.00","I","999.9","000000"
"99999903067","2020-01-22","38.8701","-100.9627","874.8","OAKLEY 19 SSW, KS US","  41.2","24","9999.9"," 0","9999.9"," 0","999.9"," 0","999.9"," 0","999.9"," 0","999.9","999.9","  59.5"," ","  27.9"," "," 0.00","I","999.9","000000"
"99999903067","2020-01-23","38.8701","-100.9627","874.8","OAKLEY 19 SSW, KS US","  37.0","24","9999.9"," 0","9999.9"," 0","999.9"," 0","999.9"," 0","999.9"," 0","999.9","999.9","  53.1"," ","  23.9"," "," 0.00","I","999.9","000000"
"99999903067","2020-01-24","38.8701","-100.9627","874.8","OAKLEY 19 SSW, KS US","  29.1","24","9999.9"," 0","9999.9"," 0","999.9"," 0","999.9"," 0","999.9"," 0","999.9","999.9","  49.6"," ","  15.4"," "," 0.00","I","999.9","000000"
"99999903067","2020-01-25","38.8701","-100.9627","874.8","OAKLEY 19 SSW, KS US","  32.6","24","9999.9"," 0","9999.9"," 0","999.9"," 0","999.9"," 0","999.9"," 0","999.9","999.9","  54.0"," ","  20.5"," "," 0.00","I","999.9","000000"
"99999903067","2020-01-26","38.8701","-100.9627","874.8","OAKLEY 19 SSW, KS US","  38.3","24","9999.9"," 0","9999.9"," 0","999.9"," 0","999.9"," 0","999.9"," 0","999.9","999.9","  59.7"," ","  26.8"," "," 0.00","I","999.9","000000"
"99999903067","2020-01-27","38.8701","-100.9627","874.8","OAKLEY 19 SSW, KS US","  33.2","24","9999.9"," 0","9999.9"," 0","999.9"," 0","999.9"," 0","999.9"," 0","999.9","999.9","  57.0"," ","  21.9"," "," 0.00","I","999.9","000000"
"99999903067","2020-01-28","38.8701","-100.9627","874.8","OAKLEY 19 SSW, KS US","  33.0","24","9999.9"," 0","9999.9"," 0","999.9"," 0","999.9"," 0","999.9"," 0","999.9","999.9","  39.6"," ","  29.7"," "," 0.00","I","999.9","000000"
"99999903067","2020-01-29","38.8701","-100.9627","874.8","OAKLEY 19 SSW, KS US","  29.5","24","9999.9"," 0","9999.9"," 0","999.9"," 0","999.9"," 0","999.9"," 0","999.9","999.9","  49.1"," ","  18.7"," "," 0.00","I","999.9","000000"
"99999903067","2020-01-30","38.8701","-100.9627","874.8","OAKLEY 19 SSW, KS US","  37.1","24","9999.9"," 0","9999.9"," 0","999.9"," 0","999.9"," 0","999.9"," 0","999.9","999.9","  52.7"," ","  26.4"," "," 0.00","G","999.9","000000"
"99999903067","2020-01-31","38.8701","-100.9627","874.8","OAKLEY 19 SSW, KS US","  36.6","24","9999.9"," 0","9999.9"," 0","999.9"," 0","999.9"," 0","999.9"," 0","999.9","999.9","  50.7"," ","  21.7"," "," 0.00","I","999.9","000000"
"99999903067","2020-02-01","38.8701","-100.9627","874.8","OAKLEY 19 SSW, KS US","  39.3","24","9999.9"," 0","9999.9"," 0","999.9"," 0","999.9"," 0","999.9"," 0","999.9","999.9","  69.1"," ","  25.5"," "," 0.00","I","999.9","000000"
"99999903067","2020-02-02","38.8701","-100.9627","874.8","OAKLEY 19 SSW, KS US","  49.7","24","9999.9"," 0","9999.9"," 0","999.9"," 0","999.9"," 0","999.9"," 0","999.9","999.9","9999.9"," ","  31.5"," "," 0.00","I","999.9","000000"
"99999903067","2020-02-03","38.8701","-100.9627","874.8","OAKLEY 19 SSW, KS US","  39.6","24","9999.9"," 0","9999.9"," 0","999.9"," 0","999.9"," 0","999.9"," 0","999.9","999.9","  63.3","*","  27.5"," "," 0.00","I","999.9","000000"
"99999903067","2020-02-04","38.8701","-100.9627","874.8","OAKLEY 19 SSW, KS US","  24.8","24","9999.9"," 0","9999.9"," 0","999.9"," 0","999.9"," 0","999.9"," 0","999.9","999.9","  31.3"," ","  20.5"," "," 0.00","I","999.9","000000"
"99999903067","2020-02-05","38.8701","-100.9627","874.8","OAKLEY 19 SSW, KS US","  19.8","24","9999.9"," 0","9999.9"," 0","999.9"," 0","999.9"," 0","999.9"," 0","999.9","999.9","  32.9"," ","   7.3"," "," 0.00","I","999.9","000000"
"99999903067","2020-02-06","38.8701","-100.9627","874.8","OAKLEY 19 SSW, KS US","  23.1","24","9999.9"," 0","9999.9"," 0","999.9"," 0","999.9"," 0","999.9"," 0","999.9","999.9","  45.3"," ","  10.6"," "," 0.00","I","999.9","000000"
"99999903067","2020-02-07","38.8701","-100.9627","874.8","OAKLEY 19 SSW, KS US","  33.8","24","9999.9"," 0","9999.9"," 0","999.9"," 0","999.9"," 0","999.9"," 0","999.9","999.9","  46.4"," ","  24.3"," "," 0.00","I","999.9","000000"
"99999903067","2020-02-08","38.8701","-100.9627","874.8","OAKLEY 19 SSW, KS US","  33.7","24","9999.9"," 0","9999.9"," 0","999.9"," 0","999.9"," 0","999.9"," 0","999.9","999.9","  56.1"," ","  19.4"," "," 0.00","I","999.9","000000"
"99999903067","2020-02-09","38.8701","-100.9627","874.8","OAKLEY 19 SSW, KS US","  37.5","24","9999.9"," 0","9999.9"," 0","999.9"," 0","999.9"," 0","999.9"," 0","999.9","999.9","  54.5"," ","  26.1"," "," 0.00","I","999.9","000000"
"99999903067","2020-02-10","38.8701","-100.9627","874.8","OAKLEY 19 SSW, KS US","  25.4","24","9999.9"," 0","9999.9"," 0","999.9"," 0","999.9"," 0","999.9"," 0","999.9","999.9","  43.7"," ","  12.7"," "," 0.00","I","999.9","000000"
"99999903067","2020-02-11","38.8701","-100.9627","874.8","OAKLEY 19 SSW, KS US","  32.9","24","9999.9"," 0","9999.9"," 0","999.9"," 0","999.9"," 0","999.9"," 0","999.9","999.9","  41.9"," ","  23.5"," "," 0.00","I","999.9","000000"
"99999903067","2020-02-12","38.8701","-100.9627","874.8","OAKLEY 19 SSW, KS US","  30.2","24","9999.9"," 0","9999.9"," 0","999.9"," 0","999.9"," 0","999.9"," 0","999.9","999.9","  47.3"," ","  14.9"," "," 0.00","G","999.9","000000"
"99999903067","2020-02-13","38.8701","-100.9627","874.8","OAKLEY 19 SSW, KS US","  16.1","24","9999.9"," 0","9999.9"," 0","999.9"," 0","999.9"," 0","999.9"," 0","999.9","999.9","  37.4"," ","   8.1"," "," 0.00","I","999.9","000000"
"99999903067","2020-02-14","38.8701","-100.9627","874.8","OAKLEY 19 SSW, KS US","  21.6","24","9999.9"," 0","9999.9"," 0","999.9"," 0","999.9"," 0","999.9"," 0","999.9","999.9","  48.4"," ","   8.2"," "," 0.00","I","999.9","000000"
"99999903067","2020-02-15","38.8701","-100.9627","874.8","OAKLEY 19 SSW, KS US","  36.3","24","9999.9"," 0","9999.9"," 0","999.9"," 0","999.9"," 0","999.9"," 0","999.9","999.9","  49.5"," ","  20.7"," "," 0.00","G","999.9","000000"
"99999903067","2020-02-16","38.8701","-100.9627","874.8","OAKLEY 19 SSW, KS US","  35.8","24","9999.9"," 0","9999.9"," 0","999.9"," 0","999.9"," 0","999.9"," 0","999.9","999.9","  54.7"," ","  21.4"," "," 0.00","I","999.9","000000"
"99999903067","2020-02-17","38.8701","-100.9627","874.8","OAKLEY 19 SSW, KS US","  41.9","24","9999.9"," 0","9999.9"," 0","999.9"," 0","999.9"," 0","999.9"," 0","999.9","999.9","  54.5"," ","  32.9"," "," 0.00","I","999.9","000000"
"99999903067","2020-02-18","38.8701","-100.9627","874.8","OAKLEY 19 SSW, KS US","  34.2","24","9999.9"," 0","9999.9"," 0","999.9"," 0","999.9"," 0","999.9"," 0","999.9","999.9","  45.5"," ","  23.5"," "," 0.00","I","999.9","000000"
"99999903067","2020-02-19","38.8701","-100.9627","874.8","OAKLEY 19 SSW, KS US","  32.1","24","9999.9"," 0","9999.9"," 0","999.9"," 0","999.9"," 0","999.9"," 0","999.9","999.9","  42.1"," ","  25.2","*"," 0.00","I","999.9","000000"
"99999903067","2020-02-20","38.8701","-100.9627","874.8","OAKLEY 19 SSW, KS US","  17.7","24","9999.9"," 0","9999.9"," 0","999.9"," 0","999.9"," 0","999.9"," 0","999.9","999.9","  27.7"," ","   6.8"," "," 0.00","I","999.9","000000"
"99999903067","2020-02-21","38.8701","-100.9627","874.8","OAKLEY 19 SSW, KS US","  22.4","24","9999.9"," 0","9999.9"," 0","999.9"," 0","999.9"," 0","999.9"," 0","999.9","999.9","  46.0"," ","   9.5"," "," 0.00","I","999.9","000000"
"99999903067","2020-02-22","38.8701","-100.9627","874.8","OAKLEY 19 SSW, KS US","  36.9","24","9999.9"," 0","9999.9"," 0","999.9"," 0","999.9"," 0","999.9"," 0","999.9","999.9","  63.9"," ","  20.7"," "," 0.00","I","999.9","000000"
"99999903067","2020-02-23","38.8701","-100.9627","874.8","OAKLEY 19 SSW, KS US","  41.6","24","9999.9"," 0","9999.9"," 0","999.9"," 0","999.9"," 0","999.9"," 0","999.9","999.9","  63.1"," ","  28.9"," "," 0.00","I","999.9","000000"
"99999903067","2020-02-24","38.8701","-100.9627","874.8","OAKLEY 19 SSW, KS US","  38.0","24","9999.9"," 0","9999.9"," 0","999.9"," 0","999.9"," 0","999.9"," 0","999.9","999.9","  50.4"," ","  28.9"," "," 0.00","I","999.9","000000"
"99999903067","2020-02-25","38.8701","-100.9627","874.8","OAKLEY 19 SSW, KS US","  31.3","24","9999.9"," 0","9999.9"," 0","999.9"," 0","999.9"," 0","999.9"," 0","999.9","999.9","  40.3"," ","  27.1"," "," 0.08","G","999.9","000000"
"99999903067","2020-02-26","38.8701","-100.9627","874.8","OAKLEY 19 SSW, KS US","  23.0","24","9999.9"," 0","9999.9"," 0","999.9"," 0","999.9"," 0","999.9"," 0","999.9","999.9","  38.3"," ","  10.0"," "," 0.04","G","999.9","000000"
"99999903067","2020-02-27","38.8701","-100.9627","874.8","OAKLEY 19 SSW, KS US","  34.8","24","9999.9"," 0","9999.9"," 0","999.9"," 0","999.9"," 0","999.9"," 0","999.9","999.9","  51.8"," ","  20.8"," "," 0.00","G","999.9","000000"
"99999903067","2020-02-28","38.8701","-100.9627","874.8","OAKLEY 19 SSW, KS US","  36.7","24","9999.9"," 0","9999.9"," 0","999.9"," 0","999.9"," 0","999.9"," 0","999.9","999.9","  60.1"," ","  23.4"," "," 0.00","I","999.9","000000"
"99999903067","2020-02-29","38.8701","-100.9627","874.8","OAKLEY 19 SSW, KS US","  44.0","24","9999.9"," 0","9999.9"," 0","999.9"," 0","999.9"," 0","999.9"," 0","999.9","999.9","  69.6"," ","  27.5"," "," 0.00","G","999.9","000000"
"99999903067","2020-03-01","38.8701","-100.9627","874.8","OAKLEY 19 SSW, KS US","  45.0","24","9999.9"," 0","9999.9"," 0","999.9"," 0","999.9"," 0","999.9"," 0","999.9","999.9","  69.3"," ","  28.2"," "," 0.00","I","999.9","000000"
"99999903067","2020-03-02","38.8701","-100.9627","874.8","OAKLEY 19 SSW, KS US","  38.6","24","9999.9"," 0","9999.9"," 0","999.9"," 0","999.9"," 0","999.9"," 0","999.9","999.9","  55.0"," ","  25.3"," "," 0.00","G","999.9","000000"
"99999903067","2020-03-03","38.8701","-100.9627","874.8","OAKLEY 19 SSW, KS US","  39.6","24","9999.9"," 0","9999.9"," 0","999.9"," 0","999.9"," 0","999.9"," 0","999.9","999.9","  61.2"," ","  22.8"," "," 0.00","I","999.9","000000"
"99999903067","2020-03-04","38.8701","-100.9627","874.8","OAKLEY 19 SSW, KS US","  43.5","24","9999.9"," 0","9999.9"," 0","999.9"," 0","999.9"," 0","999.9"," 0","999.9","999.9","  64.0"," ","  24.6"," "," 0.00","I","999.9","000000"
"99999903067","2020-03-05","38.8701","-100.9627","874.8","OAKLEY 19 SSW, KS US","  45.2","24","9999.9"," 0","9999.9"," 0","999.9"," 0","999.9"," 0","999.9"," 0","999.9","999.9","  63.3"," ","  28.6"," "," 0.00","I","999.9","000000"
"99999903067","2020-03-06","38.8701","-100.9627","874.8","OAKLEY 19 SSW, KS US","  42.5","24","9999.9"," 0","9999.9"," 0","999.9"," 0","999.9"," 0","999.9"," 0","999.9","999.9","9999.9"," ","  21.7"," "," 0.00","G","999.9","000000"
"99999903067","2020-03-07","38.8701","-100.9627","874.8","OAKLEY 19 SSW, KS US","  55.3","24","9999.9"," 0","9999.9"," 0","999.9"," 0","999.9"," 0","999.9"," 0","999.9","999.9","  74.3"," ","  42.6"," "," 0.00","G","999.9","000000"
"99999903067","2020-03-08","38.8701","-100.9627","874.8","OAKLEY 19 SSW, KS US","  58.2","24","9999.9"," 0","9999.9"," 0","999.9"," 0","999.9"," 0","999.9"," 0","999.9","999.9","  74.3"," ","  43.0"," "," 0.00","G","999.9","000000"
"99999903067","2020-03-09","38.8701","-100.9627","874.8","OAKLEY 19 SSW, KS US","  47.9","24","9999.9"," 0","9999.9"," 0","999.9"," 0","999.9"," 0","999.9"," 0","999.9","999.9","  68.4"," ","  35.6"," "," 0.00","I","999.9","000000"
"99999903067","2020-03-10","38.8701","-100.9627","874.8","OAKLEY 19 SSW, KS US","  43.9","24","9999.9"," 0","9999.9"," 0","999.9"," 0","999.9"," 0","999.9"," 0","999.9","999.9","  70.9"," ","  30.9"," "," 0.00","I","999.9","000000"
"99999903067","2020-03-11","38.8701","-100.9627","874.8","OAKLEY 19 SSW, KS US","  51.0","24","9999.9"," 0","9999.9"," 0","999.9"," 0","999.9"," 0","999.9"," 0","999.9","999.9","  72.0"," ","  30.0"," "," 0.00","I","999.9","000000"
"99999903067","2020-03-12","38.8701","-100.9627","874.8","OAKLEY 19 SSW, KS US","  52.1","24","9999.9"," 0","9999.9"," 0","999.9"," 0","999.9"," 0","999.9"," 0","999.9","999.9","  70.5"," ","  40.3"," "," 0.00","I","999.9","000000"
"99999903067","2020-03-13","38.8701","-100.9627","874.8","OAKLEY 19 SSW, KS US","  36.5","24","9999.9"," 0","9999.9"," 0","999.9"," 0","999.9"," 0","999.9"," 0","999.9","999.9","  54.3"," ","  29.5"," "," 0.00","I","999.9","000000"
"99999903067","2020-03-14","38.8701","-100.9627","874.8","OAKLEY 19 SSW, KS US","  31.7","24","9999.9"," 0","9999.9"," 0","999.9"," 0","999.9"," 0","999.9"," 0","999.9","999.9","  35.2"," ","  30.2"," "," 0.00","I","999.9","000000"
"99999903067","2020-03-15","38.8701","-100.9627","874.8","OAKLEY 19 SSW, KS US","  32.6","24","9999.9"," 0","9999.9"," 0","999.9"," 0","999.9"," 0","999.9"," 0","999.9","999.9","  37.0"," ","  30.4"," "," 0.04","G","999.9","000000"
"99999903067","2020-03-16","38.8701","-100.9627","874.8","OAKLEY 19 SSW, KS US","  38.7","24","9999.9"," 0","9999.9"," 0","999.9"," 0","999.9"," 0","999.9"," 0","999.9","999.9","  45.7"," ","  35.6"," "," 0.02","G","999.9","000000"
"99999903067","2020-03-17","38.8701","-100.9627","874.8","OAKLEY 19 SSW, KS US","  38.3","24","9999.9"," 0","9999.9"," 0","999.9"," 0","999.9"," 0","999.9"," 0","999.9","999.9","  44.1"," ","  35.1"," "," 0.00","G","999.9","000000"
"99999903067","2020-03-18","38.8701","-100.9627","874.8","OAKLEY 19 SSW, KS US","  46.9","24","9999.9"," 0","9999.9"," 0","999.9"," 0","999.9"," 0","999.9"," 0","999.9","999.9","  59.4"," ","  41.9"," "," 0.03","G","999.9","000000"
"99999903067","2020-03-19","38.8701","-100.9627","874.8","OAKLEY 19 SSW, KS US","  55.7","24","9999.9"," 0","9999.9"," 0","999.9"," 0","999.9"," 0","999.9"," 0","999.9","999.9","  69.6"," ","  42.8","*"," 0.00","G","999.9","000000"
"99999903067","2020-03-20","38.8701","-100.9627","874.8","OAKLEY 19 SSW, KS US","  29.2","24","9999.9"," 0","9999.9"," 0","999.9"," 0","999.9"," 0","999.9"," 0","999.9","999.9","  42.1","*","  18.9"," "," 0.00","G","999.9","000000"
"99999903067","2020-03-21","38.8701","-100.9627","874.8","OAKLEY 19 SSW, KS US","  32.1","24","9999.9"," 0","9999.9"," 0","999.9"," 0","999.9"," 0","999.9"," 0","999.9","999.9","  58.6"," ","  17.6"," "," 0.00","G","999.9","000000"
"99999903067","2020-03-22","38.8701","-100.9627","874.8","OAKLEY 19 SSW, KS US","  42.4","24","9999.9"," 0","9999.9"," 0","999.9"," 0","999.9"," 0","999.9"," 0","999.9","999.9","  56.5"," ","  36.5"," "," 0.00","I","999.9","000000"
"99999903067","2020-03-23","38.8701","-100.9627","874.8","OAKLEY 19 SSW, KS US","  44.0","24","9999.9"," 0","9999.9"," 0","999.9"," 0","999.9"," 0","999.9"," 0","999.9","999.9","  66.0"," ","  29.1"," "," 0.24","G","999.9","000000"
"99999903067","2020-03-24","38.8701","-100.9627","874.8","OAKLEY 19 SSW, KS US","  52.8","24","9999.9"," 0","9999.9"," 0","999.9"," 0","999.9"," 0","999.9"," 0","999.9","999.9","  70.9"," ","  38.1"," "," 0.00","G","999.9","000000"
"99999903067","2020-03-25","38.8701","-100.9627","874.8","OAKLEY 19 SSW, KS US","  58.0","24","9999.9"," 0","9999.9"," 0","999.9"," 0","999.9"," 0","999.9"," 0","999.9","999.9","  79.5"," ","  39.9"," "," 0.00","I","999.9","000000"
"99999903067","2020-03-26","38.8701","-100.9627","874.8","OAKLEY 19 SSW, KS US","  48.8","24","9999.9"," 0","9999.9"," 0","999.9"," 0","999.9"," 0","999.9"," 0","999.9","999.9","  78.1"," ","  39.9"," "," 0.00","I","999.9","000000"
"99999903067","2020-03-27","38.8701","-100.9627","874.8","OAKLEY 19 SSW, KS US","  44.5","24","9999.9"," 0","9999.9"," 0","999.9"," 0","999.9"," 0","999.9"," 0","999.9","999.9","  49.8"," ","  41.7"," "," 0.00","G","999.9","000000"
"99999903067","2020-03-28","38.8701","-100.9627","874.8","OAKLEY 19 SSW, KS US","  43.7","24","9999.9"," 0","9999.9"," 0","999.9"," 0","999.9"," 0","999.9"," 0","999.9","999.9","  49.5"," ","  37.6"," "," 0.00","G","999.9","000000"
"99999903067","2020-03-29","38.8701","-100.9627","874.8","OAKLEY 19 SSW, KS US","  43.1","24","9999.9"," 0","9999.9"," 0","999.9"," 0","999.9"," 0","999.9"," 0","999.9","999.9","  64.6"," ","  29.8"," "," 0.44","G","999.9","000000"
"99999903067","2020-03-30","38.8701","-100.9627","874.8","OAKLEY 19 SSW, KS US","  49.7","24","9999.9"," 0","9999.9"," 0","999.9"," 0","999.9"," 0","999.9"," 0","999.9","999.9","  63.9"," ","  42.1"," "," 0.00","G","999.9","000000"
"99999903067","2020-03-31","38.8701","-100.9627","874.8","OAKLEY 19 SSW, KS US","  49.4","24","9999.9"," 0","9999.9"," 0","999.9"," 0","999.9"," 0","999.9"," 0","999.9","999.9","  70.0"," ","  35.6"," "," 0.69","G","999.9","000000"
"99999903067","2020-04-01","38.8701","-100.9627","874.8","OAKLEY 19 SSW, KS US","  55.8","24","9999.9"," 0","9999.9"," 0","999.9"," 0","999.9"," 0","999.9"," 0","999.9","999.9","  75.6"," ","  45.3"," "," 0.00","G","999.9","000000"
"99999903067","2020-04-02","38.8701","-100.9627","874.8","OAKLEY 19 SSW, KS US","  43.4","24","9999.9"," 0","9999.9"," 0","999.9"," 0","999.9"," 0","999.9"," 0","999.9","999.9","  67.8","*","  28.2"," "," 0.00","G","999.9","000000"
"99999903067","2020-04-03","38.8701","-100.9627","874.8","OAKLEY 19 SSW, KS US","  27.8","24","9999.9"," 0","9999.9"," 0","999.9"," 0","999.9"," 0","999.9"," 0","999.9","999.9","  43.5","*","  20.7"," "," 0.00","G","999.9","000000"
"99999903067","2020-04-04","38.8701","-100.9627","874.8","OAKLEY 19 SSW, KS US","  34.0","24","9999.9"," 0","9999.9"," 0","999.9"," 0","999.9"," 0","999.9"," 0","999.9","999.9","  55.4"," ","  19.9"," "," 0.00","G","999.9","000000"
"99999903067","2020-04-05","38.8701","-100.9627","874.8","OAKLEY 19 SSW, KS US","  41.4","24","9999.9"," 0","9999.9"," 0","999.9"," 0","999.9"," 0","999.9"," 0","999.9","999.9","  64.0"," ","  30.6"," "," 0.00","G","999.9","000000"
"99999903067","2020-04-06","38.8701","-100.9627","874.8","OAKLEY 19 SSW, KS US","  56.1","24","9999.9"," 0","9999.9"," 0","999.9"," 0","999.9"," 0","999.9"," 0","999.9","999.9","  80.6"," ","  36.3"," "," 0.00","G","999.9","000000"
"99999903067","2020-04-07","38.8701","-100.9627","874.8","OAKLEY 19 SSW, KS US","  62.0","24","9999.9"," 0","9999.9"," 0","999.9"," 0","999.9"," 0","999.9"," 0","999.9","999.9","  81.0"," ","  38.5"," "," 0.00","G","999.9","000000"
"99999903067","2020-04-08","38.8701","-100.9627","874.8","OAKLEY 19 SSW, KS US","  61.6","24","9999.9"," 0","9999.9"," 0","999.9"," 0","999.9"," 0","999.9"," 0","999.9","999.9","  80.1"," ","  41.5"," "," 0.00","G","999.9","000000"
"99999903067","2020-04-09","38.8701","-100.9627","874.8","OAKLEY 19 SSW, KS US","  48.7","24","9999.9"," 0","9999.9"," 0","999.9"," 0","999.9"," 0","999.9"," 0","999.9","999.9","  73.6"," ","  32.7"," "," 0.00","G","999.9","000000"
"99999903067","2020-04-10","38.8701","-100.9627","874.8","OAKLEY 19 SSW, KS US","  47.5","24","9999.9"," 0","9999.9"," 0","999.9"," 0","999.9"," 0","999.9"," 0","999.9","999.9","  76.1"," ","  28.8"," "," 0.00","G","999.9","000000"
"99999903067","2020-04-11","38.8701","-100.9627","874.8","OAKLEY 19 SSW, KS US","  60.7","24","9999.9"," 0","9999.9"," 0","999.9"," 0","999.9"," 0","999.9"," 0","999.9","999.9","  78.8"," ","  41.0"," "," 0.00","G","999.9","000000"
"99999903067","2020-04-12","38.8701","-100.9627","874.8","OAKLEY 19 SSW, KS US","  43.5","24","9999.9"," 0","9999.9"," 0","999.9"," 0","999.9"," 0","999.9"," 0","999.9","999.9","9999.9"," ","  29.5"," "," 0.00","G","999.9","000000"
"99999903067","2020-04-13","38.8701","-100.9627","874.8","OAKLEY 19 SSW, KS US","  27.4","24","9999.9"," 0","9999.9"," 0","999.9"," 0","999.9"," 0","999.9"," 0","999.9","999.9","  38.8"," ","  16.9"," "," 0.00","G","999.9","000000"
"99999903067","2020-04-14","38.8701","-100.9627","874.8","OAKLEY 19 SSW, KS US","  33.8","24","9999.9"," 0","9999.9"," 0","999.9"," 0","999.9"," 0","999.9"," 0","999.9","999.9","  51.6"," ","  18.1"," "," 0.00","G","999.9","000000"
"99999903067","2020-04-15","38.8701","-100.9627","874.8","OAKLEY 19 SSW, KS US","  39.9","24","9999.9"," 0","9999.9"," 0","999.9"," 0","999.9"," 0","999.9"," 0","999.9","999.9","  61.9"," ","  18.9"," "," 0.00","G","999.9","000000"
"99999903067","2020-04-16","38.8701","-100.9627","874.8","OAKLEY 19 SSW, KS US","  43.4","24","9999.9"," 0","9999.9"," 0","999.9"," 0","999.9"," 0","999.9"," 0","999.9","999.9","  61.5"," ","  31.8"," "," 0.00","G","999.9","000000"
"99999903067","2020-04-17","38.8701","-100.9627","874.8","OAKLEY 19 SSW, KS US","  35.8","24","9999.9"," 0","9999.9"," 0","999.9"," 0","999.9"," 0","999.9"," 0","999.9","999.9","  57.2","*","  25.7"," "," 0.00","G","999.9","000000"
"99999903067","2020-04-18","38.8701","-100.9627","874.8","OAKLEY 19 SSW, KS US","  50.2","24","9999.9"," 0","9999.9"," 0","999.9"," 0","999.9"," 0","999.9"," 0","999.9","999.9","  71.4"," ","  34.0"," "," 0.00","G","999.9","000000"
"99999903067","2020-04-19","38.8701","-100.9627","874.8","OAKLEY 19 SSW, KS US","  55.4","24","9999.9"," 0","9999.9"," 0","999.9"," 0","999.9"," 0","999.9"," 0","999.9","999.9","  70.2"," ","  41.5"," "," 0.00","G","999.9","000000"
"99999903067","2020-04-20","38.8701","-100.9627","874.8","OAKLEY 19 SSW, KS US","  54.5","24","9999.9"," 0","9999.9"," 0","999.9"," 0","999.9"," 0","999.9"," 0","999.9","999.9","  71.8"," ","  37.4"," "," 0.00","G","999.9","000000"
"99999903067","2020-04-21","38.8701","-100.9627","874.8","OAKLEY 19 SSW, KS US","  55.8","24","9999.9"," 0","9999.9"," 0","999.9"," 0","999.9"," 0","999.9"," 0","999.9","999.9","  75.6"," ","  34.0"," "," 0.00","G","999.9","000000"
"99999903067","2020-04-22","38.8701","-100.9627","874.8","OAKLEY 19 SSW, KS US","  55.4","24","9999.9"," 0","9999.9"," 0","999.9"," 0","999.9"," 0","999.9"," 0","999.9","999.9","  75.2"," ","  42.1"," "," 0.01","G","999.9","000000"
"99999903067","2020-04-23","38.8701","-100.9627","874.8","OAKLEY 19 SSW, KS US","  57.0","24","9999.9"," 0","9999.9"," 0","999.9"," 0","999.9"," 0","999.9"," 0","999.9","999.9","  78.4"," ","  38.7"," "," 0.00","G","999.9","000000"
"99999903067","2020-04-24","38.8701","-100.9627","874.8","OAKLEY 19 SSW, KS US","  55.2","24","9999.9"," 0","9999.9"," 0","999.9"," 0","999.9"," 0","999.9"," 0","999.9","999.9","  76.8"," ","  47.7"," "," 0.00","G","999.9","000000"
"99999903067","2020-04-25","38.8701","-100.9627","874.8","OAKLEY 19 SSW, KS US","  49.7","24","9999.9"," 0","9999.9"," 0","999.9"," 0","999.9"," 0","999.9"," 0","999.9","999.9","  69.4"," ","  34.3"," "," 0.08","G","999.9","000000"
"99999903067","2020-04-26","38.8701","-100.9627","874.8","OAKLEY 19 SSW, KS US","  56.8","24","9999.9"," 0","9999.9"," 0","999.9"," 0","999.9"," 0","999.9"," 0","999.9","999.9","  81.1"," ","  35.2"," "," 0.00","G","999.9","000000"
"99999903067","2020-04-27","38.8701","-100.9627","874.8","OAKLEY 19 SSW, KS US","  65.3","24","9999.9"," 0","9999.9"," 0","999.9"," 0","999.9"," 0","999.9"," 0","999.9","999.9","  83.8"," ","  43.3"," "," 0.00","G","999.9","000000"
"99999903067","2020-04-28","38.8701","-100.9627","874.8","OAKLEY 19 SSW, KS US","  68.7","24","9999.9"," 0","9999.9"," 0","999.9"," 0","999.9"," 0","999.9"," 0","999.9","999.9","  83.7"," ","  56.5"," "," 0.00","G","999.9","000000"
"99999903067","2020-04-29","38.8701","-100.9627","874.8","OAKLEY 19 SSW, KS US","  54.7","24","9999.9"," 0","9999.9"," 0","999.9"," 0","999.9"," 0","999.9"," 0","999.9","999.9","  73.4"," ","  35.6"," "," 0.00","G","999.9","000000"
"99999903067","2020-04-30","38.8701","-100.9627","874.8","OAKLEY 19 SSW, KS US","  59.2","24","9999.9"," 0","9999.9"," 0","999.9"," 0","999.9"," 0","999.9"," 0","999.9","999.9","  85.6"," ","  35.2"," "," 0.00","I","999.9","000000"
"99999903067","2020-05-01","38.8701","-100.9627","874.8","OAKLEY 19 SSW, KS US","  71.1","24","9999.9"," 0","9999.9"," 0","999.9"," 0","999.9"," 0","999.9"," 0","999.9","999.9","  90.5"," ","  51.1"," "," 0.00","I","999.9","000000"
"99999903067","2020-05-02","38.8701","-100.9627","874.8","OAKLEY 19 SSW, KS US","  66.3","24","9999.9"," 0","9999.9"," 0","999.9"," 0","999.9"," 0","999.9"," 0","999.9","999.9","  89.8"," ","  56.1"," "," 0.00","I","999.9","000000"
"99999903067","2020-05-03","38.8701","-100.9627","874.8","OAKLEY 19 SSW, KS US","  60.4","24","9999.9"," 0","9999.9"," 0","999.9"," 0","999.9"," 0","999.9"," 0","999.9","999.9","  78.6"," ","  43.5"," "," 0.00","G","999.9","000000"
"99999903067","2020-05-04","38.8701","-100.9627","874.8","OAKLEY 19 SSW, KS US","  64.0","24","9999.9"," 0","9999.9"," 0","999.9"," 0","999.9"," 0","999.9"," 0","999.9","999.9","  77.4"," ","  54.0"," "," 0.09","G","999.9","000000"
"99999903067","2020-05-05","38.8701","-100.9627","874.8","OAKLEY 19 SSW, KS US","  53.5","24","9999.9"," 0","9999.9"," 0","999.9"," 0","999.9"," 0","999.9"," 0","999.9","999.9","  76.1"," ","  34.0"," "," 0.00","G","999.9","000000"
"99999903067","2020-05-06","38.8701","-100.9627","874.8","OAKLEY 19 SSW, KS US","  57.0","24","9999.9"," 0","9999.9"," 0","999.9"," 0","999.9"," 0","999.9"," 0","999.9","999.9","  75.9"," ","  36.9"," "," 0.00","I","999.9","000000"
"99999903067","2020-05-07","38.8701","-100.9627","874.8","OAKLEY 19 SSW, KS US","  58.9","24","9999.9"," 0","9999.9"," 0","999.9"," 0","999.9"," 0","999.9"," 0","999.9","999.9","  77.4"," ","  42.6"," "," 0.00","I","999.9","000000"
"99999903067","2020-05-08","38.8701","-100.9627","874.8","OAKLEY 19 SSW, KS US","  53.1","24","9999.9"," 0","9999.9"," 0","999.9"," 0","999.9"," 0","999.9"," 0","999.9","999.9","  75.0"," ","  41.2"," "," 0.00","G","999.9","000000"
"99999903067","2020-05-09","38.8701","-100.9627","874.8","OAKLEY 19 SSW, KS US","  51.4","24","9999.9"," 0","9999.9"," 0","999.9"," 0","999.9"," 0","999.9"," 0","999.9","999.9","  70.0"," ","  37.6"," "," 0.00","G","999.9","000000"
"99999903067","2020-05-10","38.8701","-100.9627","874.8","OAKLEY 19 SSW, KS US","  49.2","24","9999.9"," 0","9999.9"," 0","999.9"," 0","999.9"," 0","999.9"," 0","999.9","999.9","  67.5"," ","  35.4"," "," 0.00","G","999.9","000000"
"99999903067","2020-05-11","38.8701","-100.9627","874.8","OAKLEY 19 SSW, KS US","  43.2","24","9999.9"," 0","9999.9"," 0","999.9"," 0","999.9"," 0","999.9"," 0","999.9","999.9","  61.3"," ","  37.8"," "," 0.00","G","999.9","000000"
"99999903067","2020-05-12","38.8701","-100.9627","874.8","OAKLEY 19 SSW, KS US","  38.9","24","9999.9"," 0","9999.9"," 0","999.9"," 0","999.9"," 0","999.9"," 0","999.9","999.9","  45.0"," ","  36.1"," "," 0.50","G","999.9","000000"
"99999903067","2020-05-13","38.8701","-100.9627","874.8","OAKLEY 19 SSW, KS US","  50.8","24","9999.9"," 0","9999.9"," 0","999.9"," 0","999.9"," 0","999.9"," 0","999.9","999.9","  74.1"," ","  43.7"," "," 0.01","G","999.9","000000"
"99999903067","2020-05-14","38.8701","-100.9627","874.8","OAKLEY 19 SSW, KS US","  62.5","24","9999.9"," 0","9999.9"," 0","999.9"," 0","999.9"," 0","999.9"," 0","999.9","999.9","  78.8"," ","  53.1"," "," 0.02","G","999.9","000000"
"99999903067","2020-05-15","38.8701","-100.9627","874.8","OAKLEY 19 SSW, KS US","  64.5","24","9999.9"," 0","9999.9"," 0","999.9"," 0","999.9"," 0","999.9"," 0","999.9","999.9","  77.9"," ","  55.2"," "," 0.00","G","999.9","000000"
"99999903067","2020-05-16","38.8701","-100.9627","874.8","OAKLEY 19 SSW, KS US","  63.1","24","9999.9"," 0","9999.9"," 0","999.9"," 0","999.9"," 0","999.9"," 0","999.9","999.9","  76.3"," ","  53.6"," "," 0.00","I","999.9","000000"
"99999903067","2020-05-17","38.8701","-100.9627","874.8","OAKLEY 19 SSW, KS US","  58.4","24","9999.9"," 0","9999.9"," 0","999.9"," 0","999.9"," 0","999.9"," 0","999.9","999.9","  73.9"," ","  44.1"," "," 0.30","G","999.9","000000"
"99999903067","2020-05-18","38.8701","-100.9627","874.8","OAKLEY 19 SSW, KS US","  59.7","24","9999.9"," 0","9999.9"," 0","999.9"," 0","999.9"," 0","999.9"," 0","999.9","999.9","  78.3"," ","  42.4"," "," 0.00","G","999.9","000000"
"99999903067","2020-05-19","38.8701","-100.9627","874.8","OAKLEY 19 SSW, KS US","  63.2","24","9999.9"," 0","9999.9"," 0","999.9"," 0","999.9"," 0","999.9"," 0","999.9","999.9","  80.8"," ","  48.2"," "," 0.00","G","999.9","000000"
"99999903067","2020-05-20","38.8701","-100.9627","874.8","OAKLEY 19 SSW, KS US","  65.2","24","9999.9"," 0","9999.9"," 0","999.9"," 0","999.9"," 0","999.9"," 0","999.9","999.9","  79.5"," ","  52.2"," "," 0.00","G","999.9","000000"
"99999903067","2020-05-21","38.8701","-100.9627","874.8","OAKLEY 19 SSW, KS US","  66.5","24","9999.9"," 0","9999.9"," 0","999.9"," 0","999.9"," 0","999.9"," 0","999.9","999.9","  79.9"," ","  60.6"," "," 0.00","G","999.9","000000"
"99999903067","2020-05-22","38.8701","-100.9627","874.8","OAKLEY 19 SSW, KS US","  61.9","24","9999.9"," 0","9999.9"," 0","999.9"," 0","999.9"," 0","999.9"," 0","999.9","999.9","  76.6"," ","  50.0"," "," 0.35","G","999.9","000000"
"99999903067","2020-05-23","38.8701","-100.9627","874.8","OAKLEY 19 SSW, KS US","  63.7","24","9999.9"," 0","9999.9"," 0","999.9"," 0","999.9"," 0","999.9"," 0","999.9","999.9","  89.6","*","  48.2"," "," 0.00","G","999.9","000000"
"99999903067","2020-05-24","38.8701","-100.9627","874.8","OAKLEY 19 SSW, KS US","  68.8","24","9999.9"," 0","9999.9"," 0","999.9"," 0","999.9"," 0","999.9"," 0","999.9","999.9","  90.1"," ","  55.0"," "," 0.00","G","999.9","000000"
"99999903067","2020-05-25","38.8701","-100.9627","874.8","OAKLEY 19 SSW, KS US","  58.2","24","9999.9"," 0","9999.9"," 0","999.9"," 0","999.9"," 0","999.9"," 0","999.9","999.9","  71.6"," ","  52.5"," "," 0.14","G","999.9","000000"
"99999903067","2020-05-26","38.8701","-100.9627","874.8","OAKLEY 19 SSW, KS US","  56.5","24","9999.9"," 0","9999.9"," 0","999.9"," 0","999.9"," 0","999.9"," 0","999.9","999.9","  75.6"," ","  40.8"," "," 0.00","G","999.9","000000"
"99999903067","2020-05-27","38.8701","-100.9627","874.8","OAKLEY 19 SSW, KS US","  62.8","24","9999.9"," 0","9999.9"," 0","999.9"," 0","999.9"," 0","999.9"," 0","999.9","999.9","  78.6"," ","  46.6"," "," 0.00","G","999.9","000000"
"99999903067","2020-05-28","38.8701","-100.9627","874.8","OAKLEY 19 SSW, KS US","  64.2","24","9999.9"," 0","9999.9"," 0","999.9"," 0","999.9"," 0","999.9"," 0","999.9","999.9","  81.5"," ","  47.3"," "," 0.00","G","999.9","000000"
"99999903067","2020-05-29","38.8701","-100.9627","874.8","OAKLEY 19 SSW, KS US","  67.3","24","9999.9"," 0","9999.9"," 0","999.9"," 0","999.9"," 0","999.9"," 0","999.9","999.9","  85.8"," ","  50.9"," "," 0.00","G","999.9","000000"
"99999903067","2020-05-30","38.8701","-100.9627","874.8","OAKLEY 19 SSW, KS US","  74.0","24","9999.9"," 0","9999.9"," 0","999.9"," 0","999.9"," 0","999.9"," 0","999.9","999.9","  94.6"," ","  58.5"," "," 0.00","G","999.9","000000"
"99999903067","2020-05-31","38.8701","-100.9627","874.8","OAKLEY 19 SSW, KS US","  78.5","24","9999.9"," 0","9999.9"," 0","999.9"," 0","999.9"," 0","999.9"," 0","999.9","999.9","  94.5"," ","  64.2"," "," 0.00","G","999.9","000000"
"99999903067","2020-06-01","38.8701","-100.9627","874.8","OAKLEY 19 SSW, KS US","  80.2","24","9999.9"," 0","9999.9"," 0","999.9"," 0","999.9"," 0","999.9"," 0","999.9","999.9","  97.0"," ","  64.8"," "," 0.00","G","999.9","000000"
"99999903067","2020-06-02","38.8701","-100.9627","874.8","OAKLEY 19 SSW, KS US","  79.6","24","9999.9"," 0","9999.9"," 0","999.9"," 0","999.9"," 0","999.9"," 0","999.9","999.9","  98.1"," ","  62.2"," "," 0.00","G","999.9","000000"
"99999903067","2020-06-03","38.8701","-100.9627","874.8","OAKLEY 19 SSW, KS US","  77.9","24","9999.9"," 0","9999.9"," 0","999.9"," 0","999.9"," 0","999.9"," 0","999.9","999.9","  95.0"," ","  60.1"," "," 0.00","G","999.9","000000"
"99999903067","2020-06-04","38.8701","-100.9627","874.8","OAKLEY 19 SSW, KS US","  76.4","24","9999.9"," 0","9999.9"," 0","999.9"," 0","999.9"," 0","999.9"," 0","999.9","999.9","  99.1"," ","  58.5"," "," 0.01","G","999.9","000000"
"99999903067","2020-06-05","38.8701","-100.9627","874.8","OAKLEY 19 SSW, KS US","  81.5","24","9999.9"," 0","9999.9"," 0","999.9"," 0","999.9"," 0","999.9"," 0","999.9","999.9","  99.1"," ","  65.3"," "," 0.00","G","999.9","000000"
"99999903067","2020-06-06","38.8701","-100.9627","874.8","OAKLEY 19 SSW, KS US","  86.0","24","9999.9"," 0","9999.9"," 0","999.9"," 0","999.9"," 0","999.9"," 0","999.9","999.9","  98.6"," ","  71.2"," "," 0.00","G","999.9","000000"
"99999903067","2020-06-07","38.8701","-100.9627","874.8","OAKLEY 19 SSW, KS US","  85.0","24","9999.9"," 0","9999.9"," 0","999.9"," 0","999.9"," 0","999.9"," 0","999.9","999.9","  96.8"," ","  73.9"," "," 0.00","G","999.9","000000"
"99999903067","2020-06-08","38.8701","-100.9627","874.8","OAKLEY 19 SSW, KS US","  83.1","24","9999.9"," 0","9999.9"," 0","999.9"," 0","999.9"," 0","999.9"," 0","999.9","999.9"," 100.8"," ","  68.9"," "," 0.00","G","999.9","000000"
"99999903067","2020-06-09","38.8701","-100.9627","874.8","OAKLEY 19 SSW, KS US","  67.0","24","9999.9"," 0","9999.9"," 0","999.9"," 0","999.9"," 0","999.9"," 0","999.9","999.9","9999.9"," ","  48.2"," "," 0.00","G","999.9","000000"
"99999903067","2020-06-10","38.8701","-100.9627","874.8","OAKLEY 19 SSW, KS US","  58.4","24","9999.9"," 0","9999.9"," 0","999.9"," 0","999.9"," 0","999.9"," 0","999.9","999.9","  80.8","*","  42.8"," "," 0.04","G","999.9","000000"
"99999903067","2020-06-11","38.8701","-100.9627","874.8","OAKLEY 19 SSW, KS US","  72.5","24","9999.9"," 0","9999.9"," 0","999.9"," 0","999.9"," 0","999.9"," 0","999.9","999.9","  91.0"," ","  55.2"," "," 0.00","G","999.9","000000"
"99999903067","2020-06-12","38.8701","-100.9627","874.8","OAKLEY 19 SSW, KS US","  73.9","24","9999.9"," 0","9999.9"," 0","999.9"," 0","999.9"," 0","999.9"," 0","999.9","999.9","  90.5"," ","  55.2"," "," 0.00","G","999.9","000000"
"99999903067","2020-06-13","38.8701","-100.9627","874.8","OAKLEY 19 SSW, KS US","  78.3","24","9999.9"," 0","9999.9"," 0","999.9"," 0","999.9"," 0","999.9"," 0","999.9","999.9"," 101.8"," ","  55.9"," "," 0.00","G","999.9","000000"
"99999903067","2020-06-14","38.8701","-100.9627","874.8","OAKLEY 19 SSW, KS US","  83.8","24","9999.9"," 0","9999.9"," 0","999.9"," 0","999.9"," 0","999.9"," 0","999.9","999.9","  99.0"," ","  66.4"," "," 0.00","G","999.9","000000"
"99999903067","2020-06-15","38.8701","-100.9627","874.8","OAKLEY 19 SSW, KS US","  82.4","24","9999.9"," 0","9999.9"," 0","999.9"," 0","999.9"," 0","999.9"," 0","999.9","999.9","  97.5"," ","  67.8"," "," 0.00","G","999.9","000000"
"99999903067","2020-06-16","38.8701","-100.9627","874.8","OAKLEY 19 SSW, KS US","  81.7","24","9999.9"," 0","9999.9"," 0","999.9"," 0","999.9"," 0","999.9"," 0","999.9","999.9","  95.9"," ","  67.3"," "," 0.00","G","999.9","000000"
"99999903067","2020-06-17","38.8701","-100.9627","874.8","OAKLEY 19 SSW, KS US","  83.5","24","9999.9"," 0","9999.9"," 0","999.9"," 0","999.9"," 0","999.9"," 0","999.9","999.9","  98.6"," ","  71.1"," "," 0.00","G","999.9","000000"
"99999903067","2020-06-18","38.8701","-100.9627","874.8","OAKLEY 19 SSW, KS US","  78.9","24","9999.9"," 0","9999.9"," 0","999.9"," 0","999.9"," 0","999.9"," 0","999.9","999.9","  96.6"," ","  65.8"," "," 0.00","G","999.9","000000"
"99999903067","2020-06-19","38.8701","-100.9627","874.8","OAKLEY 19 SSW, KS US","  65.5","24","9999.9"," 0","9999.9"," 0","999.9"," 0","999.9"," 0","999.9"," 0","999.9","999.9","  81.7"," ","  58.1"," "," 0.00","G","999.9","000000"
"99999903067","2020-06-20","38.8701","-100.9627","874.8","OAKLEY 19 SSW, KS US","  68.4","24","9999.9"," 0","9999.9"," 0","999.9"," 0","999.9"," 0","999.9"," 0","999.9","999.9","  90.9"," ","  54.5"," "," 0.20","G","999.9","000000"
"99999903067","2020-06-21","38.8701","-100.9627","874.8","OAKLEY 19 SSW, KS US","  72.8","20","9999.9"," 0","9999.9"," 0","999.9"," 0","999.9"," 0","999.9"," 0","999.9","999.9","  92.5"," ","  62.8"," "," 0.00","G","999.9","000000"
"99999903067","2020-07-02","38.8701","-100.9627","874.8","OAKLEY 19 SSW, KS US","  88.2"," 8","9999.9"," 0","9999.9"," 0","999.9"," 0","999.9"," 0","999.9"," 0","999.9","999.9","  97.9","*","  69.4","*"," 0.00","I","999.9","000000"
"99999903067","2020-07-03","38.8701","-100.9627","874.8","OAKLEY 19 SSW, KS US","  66.5","17","9999.9"," 0","9999.9"," 0","999.9"," 0","999.9"," 0","999.9"," 0","999.9","999.9","  77.7","*","  59.9"," "," 0.00","I","999.9","000000"
"99999903067","2020-07-04","38.8701","-100.9627","874.8","OAKLEY 19 SSW, KS US","  71.4","13","9999.9"," 0","9999.9"," 0","999.9"," 0","999.9"," 0","999.9"," 0","999.9","999.9","  88.2"," ","  60.8"," "," 0.00","I","999.9","000000"
"99999903067","2020-07-05","38.8701","-100.9627","874.8","OAKLEY 19 SSW, KS US","  72.3","15","9999.9"," 0","9999.9"," 0","999.9"," 0","999.9"," 0","999.9"," 0","999.9","999.9","  83.3","*","  65.1"," "," 0.00","I","999.9","000000"
"99999903067","2020-07-06","38.8701","-100.9627","874.8","OAKLEY 19 SSW, KS US","  66.6","10","9999.9"," 0","9999.9"," 0","999.9"," 0","999.9"," 0","999.9"," 0","999.9","999.9","  78.8"," ","  59.9","*"," 0.00","I","999.9","000000"
"99999903067","2020-07-07","38.8701","-100.9627","874.8","OAKLEY 19 SSW, KS US","  78.6","18","9999.9"," 0","9999.9"," 0","999.9"," 0","999.9"," 0","999.9"," 0","999.9","999.9","  95.9"," ","  65.7"," "," 0.00","I","999.9","000000"
"99999903067","2020-07-08","38.8701","-100.9627","874.8","OAKLEY 19 SSW, KS US","  79.7","18","9999.9"," 0","9999.9"," 0","999.9"," 0","999.9"," 0","999.9"," 0","999.9","999.9"," 100.8","*","  68.5"," "," 0.00","I","999.9","000000"
"99999903067","2020-07-09","38.8701","-100.9627","874.8","OAKLEY 19 SSW, KS US","  80.5","20","9999.9"," 0","9999.9"," 0","999.9"," 0","999.9"," 0","999.9"," 0","999.9","999.9"," 100.9"," ","  65.1"," "," 0.00","I","999.9","000000"
"99999903067","2020-07-10","38.8701","-100.9627","874.8","OAKLEY 19 SSW, KS US","  76.8","19","9999.9"," 0","9999.9"," 0","999.9"," 0","999.9"," 0","999.9"," 0","999.9","999.9","  90.1","*","  72.1"," "," 0.00","I","999.9","000000"
"99999903067","2020-07-11","38.8701","-100.9627","874.8","OAKLEY 19 SSW, KS US","  73.9","14","9999.9"," 0","9999.9"," 0","999.9"," 0","999.9"," 0","999.9"," 0","999.9","999.9","  90.0","*","  63.7"," "," 0.00","I","999.9","000000"
"99999903067","2020-07-12","38.8701","-100.9627","874.8","OAKLEY 19 SSW, KS US","  75.0","19","9999.9"," 0","9999.9"," 0","999.9"," 0","999.9"," 0","999.9"," 0","999.9","999.9","  93.9","*","  59.4"," "," 0.00","I","999.9","000000"
"99999903067","2020-07-13","38.8701","-100.9627","874.8","OAKLEY 19 SSW, KS US","  75.7","20","9999.9"," 0","9999.9"," 0","999.9"," 0","999.9"," 0","999.9"," 0","999.9","999.9","  95.4"," ","  65.8"," "," 0.00","I","999.9","000000"
"99999903067","2020-07-14","38.8701","-100.9627","874.8","OAKLEY 19 SSW, KS US","  75.4","21","9999.9"," 0","9999.9"," 0","999.9"," 0","999.9"," 0","999.9"," 0","999.9","999.9","  93.9"," ","  67.6"," "," 0.00","I","999.9","000000"
"99999903067","2020-07-15","38.8701","-100.9627","874.8","OAKLEY 19 SSW, KS US","  68.6","17","9999.9"," 0","9999.9"," 0","999.9"," 0","999.9"," 0","999.9"," 0","999.9","999.9","  76.6","*","  63.0"," "," 0.00","I","999.9","000000"
"99999903067","2020-07-16","38.8701","-100.9627","874.8","OAKLEY 19 SSW, KS US","  73.1","18","9999.9"," 0","9999.9"," 0","999.9"," 0","999.9"," 0","999.9"," 0","999.9","999.9","  94.5","*","  66.7"," "," 0.00","I","999.9","000000"
"99999903067","2020-07-17","38.8701","-100.9627","874.8","OAKLEY 19 SSW, KS US","  83.8","23","9999.9"," 0","9999.9"," 0","999.9"," 0","999.9"," 0","999.9"," 0","999.9","999.9"," 101.5","*","  70.3"," "," 0.00","I","999.9","000000"
"99999903067","2020-07-18","38.8701","-100.9627","874.8","OAKLEY 19 SSW, KS US","  88.1","24","9999.9"," 0","9999.9"," 0","999.9"," 0","999.9"," 0","999.9"," 0","999.9","999.9"," 104.9"," ","  71.6"," "," 0.00","I","999.9","000000"
"99999903067","2020-07-19","38.8701","-100.9627","874.8","OAKLEY 19 SSW, KS US","  75.8","24","9999.9"," 0","9999.9"," 0","999.9"," 0","999.9"," 0","999.9"," 0","999.9","999.9","  89.4"," ","  63.5"," "," 0.43","G","999.9","000000"
"99999903067","2020-07-20","38.8701","-100.9627","874.8","OAKLEY 19 SSW, KS US","  78.9","24","9999.9"," 0","9999.9"," 0","999.9"," 0","999.9"," 0","999.9"," 0","999.9","999.9","  91.4"," ","  66.6"," "," 0.00","G","999.9","000000"
"99999903067","2020-07-21","38.8701","-100.9627","874.8","OAKLEY 19 SSW, KS US","  73.6","24","9999.9"," 0","9999.9"," 0","999.9"," 0","999.9"," 0","999.9"," 0","999.9","999.9","  90.0"," ","  58.5"," "," 0.42","G","999.9","000000"
"99999903067","2020-07-22","38.8701","-100.9627","874.8","OAKLEY 19 SSW, KS US","  78.3","24","9999.9"," 0","9999.9"," 0","999.9"," 0","999.9"," 0","999.9"," 0","999.9","999.9","  94.1","*","  66.0"," "," 0.03","G","999.9","000000"
"99999903067","2020-07-23","38.8701","-100.9627","874.8","OAKLEY 19 SSW, KS US","  81.9","24","9999.9"," 0","9999.9"," 0","999.9"," 0","999.9"," 0","999.9"," 0","999.9","999.9","  94.8"," ","  69.1"," "," 0.00","G","999.9","000000"
"99999903067","2020-07-24","38.8701","-100.9627","874.8","OAKLEY 19 SSW, KS US","  82.9","24","9999.9"," 0","9999.9"," 0","999.9"," 0","999.9"," 0","999.9"," 0","999.9","999.9","  97.2"," ","  71.1"," "," 0.00","G","999.9","000000"
"99999903067","2020-07-25","38.8701","-100.9627","874.8","OAKLEY 19 SSW, KS US","  85.0","24","9999.9"," 0","9999.9"," 0","999.9"," 0","999.9"," 0","999.9"," 0","999.9","999.9"," 100.0"," ","  71.2"," "," 0.00","G","999.9","000000"
"99999903067","2020-07-26","38.8701","-100.9627","874.8","OAKLEY 19 SSW, KS US","  80.2","24","9999.9"," 0","9999.9"," 0","999.9"," 0","999.9"," 0","999.9"," 0","999.9","999.9","  97.3"," ","  68.2"," "," 0.00","G","999.9","000000"
"99999903067","2020-07-27","38.8701","-100.9627","874.8","OAKLEY 19 SSW, KS US","  73.6","24","9999.9"," 0","9999.9"," 0","999.9"," 0","999.9"," 0","999.9"," 0","999.9","999.9","  83.7"," ","  68.2"," "," 0.70","G","999.9","000000"
"99999903067","2020-07-28","38.8701","-100.9627","874.8","OAKLEY 19 SSW, KS US","  73.7","24","9999.9"," 0","9999.9"," 0","999.9"," 0","999.9"," 0","999.9"," 0","999.9","999.9","  84.6"," ","  63.5"," "," 0.03","G","999.9","000000"
"99999903067","2020-07-29","38.8701","-100.9627","874.8","OAKLEY 19 SSW, KS US","  75.3","24","9999.9"," 0","9999.9"," 0","999.9"," 0","999.9"," 0","999.9"," 0","999.9","999.9","  91.4"," ","  62.8"," "," 0.00","G","999.9","000000"
"99999903067","2020-07-30","38.8701","-100.9627","874.8","OAKLEY 19 SSW, KS US","  69.8","24","9999.9"," 0","9999.9"," 0","999.9"," 0","999.9"," 0","999.9"," 0","999.9","999.9","  82.0"," ","  61.3"," "," 0.47","G","999.9","000000"
"99999903067","2020-07-31","38.8701","-100.9627","874.8","OAKLEY 19 SSW, KS US","  69.1","23","9999.9"," 0","9999.9"," 0","999.9"," 0","999.9"," 0","999.9"," 0","999.9","999.9","  84.6"," ","  57.4"," "," 0.03","G","999.9","000000"
"99999903067","2020-08-01","38.8701","-100.9627","874.8","OAKLEY 19 SSW, KS US","  71.7","24","9999.9"," 0","9999.9"," 0","999.9"," 0","999.9"," 0","999.9"," 0","999.9","999.9","  88.9","*","  57.2"," "," 0.00","G","999.9","000000"
"99999903067","2020-08-02","38.8701","-100.9627","874.8","OAKLEY 19 SSW, KS US","  70.3","24","9999.9"," 0","9999.9"," 0","999.9"," 0","999.9"," 0","999.9"," 0","999.9","999.9","  83.1"," ","  60.4"," "," 0.00","G","999.9","000000"
"99999903067","2020-08-03","38.8701","-100.9627","874.8","OAKLEY 19 SSW, KS US","  67.4","24","9999.9"," 0","9999.9"," 0","999.9"," 0","999.9"," 0","999.9"," 0","999.9","999.9","  80.6"," ","  57.2"," "," 0.00","G","999.9","000000"
"99999903067","2020-08-04","38.8701","-100.9627","874.8","OAKLEY 19 SSW, KS US","  68.9","24","9999.9"," 0","9999.9"," 0","999.9"," 0","999.9"," 0","999.9"," 0","999.9","999.9","  79.7"," ","  58.6"," "," 0.16","G","999.9","000000"
"99999903067","2020-08-05","38.8701","-100.9627","874.8","OAKLEY 19 SSW, KS US","  71.9","24","9999.9"," 0","9999.9"," 0","999.9"," 0","999.9"," 0","999.9"," 0","999.9","999.9","  91.9"," ","  52.3"," "," 0.00","G","999.9","000000"
"99999903067","2020-08-06","38.8701","-100.9627","874.8","OAKLEY 19 SSW, KS US","  76.3","24","9999.9"," 0","9999.9"," 0","999.9"," 0","999.9"," 0","999.9"," 0","999.9","999.9","  89.1"," ","  64.4"," "," 0.02","G","999.9","000000"
"99999903067","2020-08-07","38.8701","-100.9627","874.8","OAKLEY 19 SSW, KS US","  77.2","24","9999.9"," 0","9999.9"," 0","999.9"," 0","999.9"," 0","999.9"," 0","999.9","999.9","  93.4"," ","  67.5"," "," 0.14","G","999.9","000000"
"99999903067","2020-08-08","38.8701","-100.9627","874.8","OAKLEY 19 SSW, KS US","  80.1","24","9999.9"," 0","9999.9"," 0","999.9"," 0","999.9"," 0","999.9"," 0","999.9","999.9"," 100.0"," ","  61.3"," "," 0.03","G","999.9","000000"
"99999903067","2020-08-09","38.8701","-100.9627","874.8","OAKLEY 19 SSW, KS US","  82.4","24","9999.9"," 0","9999.9"," 0","999.9"," 0","999.9"," 0","999.9"," 0","999.9","999.9"," 102.0"," ","  62.2"," "," 0.00","G","999.9","000000"
"99999903067","2020-08-10","38.8701","-100.9627","874.8","OAKLEY 19 SSW, KS US","  76.0","24","9999.9"," 0","9999.9"," 0","999.9"," 0","999.9"," 0","999.9"," 0","999.9","999.9","  99.1"," ","  63.5"," "," 0.04","G","999.9","000000"
"99999903067","2020-08-11","38.8701","-100.9627","874.8","OAKLEY 19 SSW, KS US","  74.9","24","9999.9"," 0","9999.9"," 0","999.9"," 0","999.9"," 0","999.9"," 0","999.9","999.9","  95.4"," ","  55.2"," "," 0.02","G","999.9","000000"
"99999903067","2020-08-12","38.8701","-100.9627","874.8","OAKLEY 19 SSW, KS US","  75.7","24","9999.9"," 0","9999.9"," 0","999.9"," 0","999.9"," 0","999.9"," 0","999.9","999.9","  92.7"," ","  58.3"," "," 0.03","G","999.9","000000"
"99999903067","2020-08-13","38.8701","-100.9627","874.8","OAKLEY 19 SSW, KS US","  77.0","24","9999.9"," 0","9999.9"," 0","999.9"," 0","999.9"," 0","999.9"," 0","999.9","999.9","  91.2","*","  68.5"," "," 0.32","G","999.9","000000"
"99999903067","2020-08-14","38.8701","-100.9627","874.8","OAKLEY 19 SSW, KS US","  76.8","24","9999.9"," 0","9999.9"," 0","999.9"," 0","999.9"," 0","999.9"," 0","999.9","999.9","  89.6","*","  66.2"," "," 0.00","G","999.9","000000"
"99999903067","2020-08-15","38.8701","-100.9627","874.8","OAKLEY 19 SSW, KS US","  76.2","24","9999.9"," 0","9999.9"," 0","999.9"," 0","999.9"," 0","999.9"," 0","999.9","999.9","  89.6"," ","  67.1"," "," 0.00","G","999.9","000000"
"99999903067","2020-08-16","38.8701","-100.9627","874.8","OAKLEY 19 SSW, KS US","  78.0","24","9999.9"," 0","9999.9"," 0","999.9"," 0","999.9"," 0","999.9"," 0","999.9","999.9","  92.7"," ","  65.1"," "," 0.00","G","999.9","000000"
"99999903067","2020-08-17","38.8701","-100.9627","874.8","OAKLEY 19 SSW, KS US","  74.4","24","9999.9"," 0","9999.9"," 0","999.9"," 0","999.9"," 0","999.9"," 0","999.9","999.9","  90.1"," ","  56.7"," "," 0.20","G","999.9","000000"
"99999903067","2020-08-18","38.8701","-100.9627","874.8","OAKLEY 19 SSW, KS US","  76.5","24","9999.9"," 0","9999.9"," 0","999.9"," 0","999.9"," 0","999.9"," 0","999.9","999.9","  94.3"," ","  61.0"," "," 0.00","G","999.9","000000"
"99999903067","2020-08-19","38.8701","-100.9627","874.8","OAKLEY 19 SSW, KS US","  77.4","24","9999.9"," 0","9999.9"," 0","999.9"," 0","999.9"," 0","999.9"," 0","999.9","999.9","  93.7"," ","  63.5"," "," 0.00","G","999.9","000000"
"99999903067","2020-08-20","38.8701","-100.9627","874.8","OAKLEY 19 SSW, KS US","  77.1","24","9999.9"," 0","9999.9"," 0","999.9"," 0","999.9"," 0","999.9"," 0","999.9","999.9","  92.5"," ","  61.5"," "," 0.01","G","999.9","000000"
"99999903067","2020-08-21","38.8701","-100.9627","874.8","OAKLEY 19 SSW, KS US","  77.4","24","9999.9"," 0","9999.9"," 0","999.9"," 0","999.9"," 0","999.9"," 0","999.9","999.9","  91.8"," ","  64.0"," "," 0.00","G","999.9","000000"
"99999903067","2020-08-22","38.8701","-100.9627","874.8","OAKLEY 19 SSW, KS US","  77.3","24","9999.9"," 0","9999.9"," 0","999.9"," 0","999.9"," 0","999.9"," 0","999.9","999.9","  97.9"," ","  61.0"," "," 0.15","G","999.9","000000"
"99999903067","2020-08-23","38.8701","-100.9627","874.8","OAKLEY 19 SSW, KS US","  80.6","24","9999.9"," 0","9999.9"," 0","999.9"," 0","999.9"," 0","999.9"," 0","999.9","999.9","  97.3"," ","  67.5"," "," 0.00","G","999.9","000000"
"99999903067","2020-08-24","38.8701","-100.9627","874.8","OAKLEY 19 SSW, KS US","  81.9","24","9999.9"," 0","9999.9"," 0","999.9"," 0","999.9"," 0","999.9"," 0","999.9","999.9","  98.6"," ","  66.9"," "," 0.00","G","999.9","000000"
"99999903067","2020-08-25","38.8701","-100.9627","874.8","OAKLEY 19 SSW, KS US","  81.2","24","9999.9"," 0","9999.9"," 0","999.9"," 0","999.9"," 0","999.9"," 0","999.9","999.9","  96.4"," ","  67.3"," "," 0.00","G","999.9","000000"
"99999903067","2020-08-26","38.8701","-100.9627","874.8","OAKLEY 19 SSW, KS US","  79.6","24","9999.9"," 0","9999.9"," 0","999.9"," 0","999.9"," 0","999.9"," 0","999.9","999.9","  97.3"," ","  63.3"," "," 0.00","G","999.9","000000"
"99999903067","2020-08-27","38.8701","-100.9627","874.8","OAKLEY 19 SSW, KS US","  80.3","24","9999.9"," 0","9999.9"," 0","999.9"," 0","999.9"," 0","999.9"," 0","999.9","999.9","  98.6"," ","  61.3"," "," 0.00","G","999.9","000000"
"99999903067","2020-08-28","38.8701","-100.9627","874.8","OAKLEY 19 SSW, KS US","  80.5","24","9999.9"," 0","9999.9"," 0","999.9"," 0","999.9"," 0","999.9"," 0","999.9","999.9","  95.2"," ","  65.1"," "," 0.00","G","999.9","000000"
"99999903067","2020-08-29","38.8701","-100.9627","874.8","OAKLEY 19 SSW, KS US","  71.4","24","9999.9"," 0","9999.9"," 0","999.9"," 0","999.9"," 0","999.9"," 0","999.9","999.9","  92.5"," ","  63.9"," "," 1.26","G","999.9","000000"
"99999903067","2020-08-30","38.8701","-100.9627","874.8","OAKLEY 19 SSW, KS US","  70.7","24","9999.9"," 0","9999.9"," 0","999.9"," 0","999.9"," 0","999.9"," 0","999.9","999.9","  91.2"," ","  63.1"," "," 0.27","G","999.9","000000"
"99999903067","2020-08-31","38.8701","-100.9627","874.8","OAKLEY 19 SSW, KS US","  70.2","24","9999.9"," 0","9999.9"," 0","999.9"," 0","999.9"," 0","999.9"," 0","999.9","999.9","  90.7"," ","  55.0"," "," 0.00","G","999.9","000000"
"99999903067","2020-09-01","38.8701","-100.9627","874.8","OAKLEY 19 SSW, KS US","  65.3","24","9999.9"," 0","9999.9"," 0","999.9"," 0","999.9"," 0","999.9"," 0","999.9","999.9","  79.0","*","  56.5"," "," 0.00","G","999.9","000000"
"99999903067","2020-09-02","38.8701","-100.9627","874.8","OAKLEY 19 SSW, KS US","  71.2","24","9999.9"," 0","9999.9"," 0","999.9"," 0","999.9"," 0","999.9"," 0","999.9","999.9","  89.2"," ","  56.8"," "," 0.02","G","999.9","000000"
"99999903067","2020-09-03","38.8701","-100.9627","874.8","OAKLEY 19 SSW, KS US","  72.2","24","9999.9"," 0","9999.9"," 0","999.9"," 0","999.9"," 0","999.9"," 0","999.9","999.9","  88.5"," ","  59.0"," "," 0.00","G","999.9","000000"
"99999903067","2020-09-04","38.8701","-100.9627","874.8","OAKLEY 19 SSW, KS US","  66.5","24","9999.9"," 0","9999.9"," 0","999.9"," 0","999.9"," 0","999.9"," 0","999.9","999.9","  89.4"," ","  48.2"," "," 0.00","G","999.9","000000"
"99999903067","2020-09-05","38.8701","-100.9627","874.8","OAKLEY 19 SSW, KS US","  76.7","24","9999.9"," 0","9999.9"," 0","999.9"," 0","999.9"," 0","999.9"," 0","999.9","999.9","  95.5"," ","  59.4"," "," 0.00","G","999.9","000000"
"99999903067","2020-09-06","38.8701","-100.9627","874.8","OAKLEY 19 SSW, KS US","  81.8","24","9999.9"," 0","9999.9"," 0","999.9"," 0","999.9"," 0","999.9"," 0","999.9","999.9"," 102.2"," ","  68.5"," "," 0.00","G","999.9","000000"
"99999903067","2020-09-07","38.8701","-100.9627","874.8","OAKLEY 19 SSW, KS US","  72.8","24","9999.9"," 0","9999.9"," 0","999.9"," 0","999.9"," 0","999.9"," 0","999.9","999.9","  99.7"," ","  59.9"," "," 0.00","G","999.9","000000"
"99999903067","2020-09-08","38.8701","-100.9627","874.8","OAKLEY 19 SSW, KS US","  51.8","24","9999.9"," 0","9999.9"," 0","999.9"," 0","999.9"," 0","999.9"," 0","999.9","999.9","  81.5","*","  39.6","*"," 0.00","G","999.9","000000"
"99999903067","2020-09-09","38.8701","-100.9627","874.8","OAKLEY 19 SSW, KS US","  38.0","24","9999.9"," 0","9999.9"," 0","999.9"," 0","999.9"," 0","999.9"," 0","999.9","999.9","  42.1","*","  35.8"," "," 0.16","G","999.9","000000"
"99999903067","2020-09-10","38.8701","-100.9627","874.8","OAKLEY 19 SSW, KS US","  45.5","24","9999.9"," 0","9999.9"," 0","999.9"," 0","999.9"," 0","999.9"," 0","999.9","999.9","  57.6"," ","  41.5"," "," 0.67","G","999.9","000000"
"99999903067","2020-09-11","38.8701","-100.9627","874.8","OAKLEY 19 SSW, KS US","  55.4","24","9999.9"," 0","9999.9"," 0","999.9"," 0","999.9"," 0","999.9"," 0","999.9","999.9","  71.1"," ","  50.0"," "," 0.00","G","999.9","000000"
"99999903067","2020-09-12","38.8701","-100.9627","874.8","OAKLEY 19 SSW, KS US","  61.7","24","9999.9"," 0","9999.9"," 0","999.9"," 0","999.9"," 0","999.9"," 0","999.9","999.9","  82.9"," ","  45.3"," "," 0.00","G","999.9","000000"
"99999903067","2020-09-13","38.8701","-100.9627","874.8","OAKLEY 19 SSW, KS US","  63.4","24","9999.9"," 0","9999.9"," 0","999.9"," 0","999.9"," 0","999.9"," 0","999.9","999.9","  84.0"," ","  44.6"," "," 0.00","G","999.9","000000"
"99999903067","2020-09-14","38.8701","-100.9627","874.8","OAKLEY 19 SSW, KS US","  66.2","24","9999.9"," 0","9999.9"," 0","999.9"," 0","999.9"," 0","999.9"," 0","999.9","999.9","  83.1"," ","  48.2"," "," 0.00","G","999.9","000000"
"99999903067","2020-09-15","38.8701","-100.9627","874.8","OAKLEY 19 SSW, KS US","  65.2","24","9999.9"," 0","9999.9"," 0","999.9"," 0","999.9"," 0","999.9"," 0","999.9","999.9","  84.0"," ","  49.6"," "," 0.00","G","999.9","000000"
"99999903067","2020-09-16","38.8701","-100.9627","874.8","OAKLEY 19 SSW, KS US","  64.7","24","9999.9"," 0","9999.9"," 0","999.9"," 0","999.9"," 0","999.9"," 0","999.9","999.9","  82.6"," ","  44.8"," "," 0.00","G","999.9","000000"
"99999903067","2020-09-17","38.8701","-100.9627","874.8","OAKLEY 19 SSW, KS US","  61.1","24","9999.9"," 0","9999.9"," 0","999.9"," 0","999.9"," 0","999.9"," 0","999.9","999.9","  80.4"," ","  44.4"," "," 0.00","G","999.9","000000"
"99999903067","2020-09-18","38.8701","-100.9627","874.8","OAKLEY 19 SSW, KS US","  64.9","24","9999.9"," 0","9999.9"," 0","999.9"," 0","999.9"," 0","999.9"," 0","999.9","999.9","  82.2"," ","  50.9"," "," 0.00","G","999.9","000000"
"99999903067","2020-09-19","38.8701","-100.9627","874.8","OAKLEY 19 SSW, KS US","  67.4","24","9999.9"," 0","9999.9"," 0","999.9"," 0","999.9"," 0","999.9"," 0","999.9","999.9","  83.8"," ","  54.1"," "," 0.00","G","999.9","000000"
"99999903067","2020-09-20","38.8701","-100.9627","874.8","OAKLEY 19 SSW, KS US","  70.8","24","9999.9"," 0","9999.9"," 0","999.9"," 0","999.9"," 0","999.9"," 0","999.9","999.9","  87.1"," ","  59.9"," "," 0.00","G","999.9","000000"
"99999903067","2020-09-21","38.8701","-100.9627","874.8","OAKLEY 19 SSW, KS US","  69.6","24","9999.9"," 0","9999.9"," 0","999.9"," 0","999.9"," 0","999.9"," 0","999.9","999.9","  86.2"," ","  54.9"," "," 0.00","G","999.9","000000"
"99999903067","2020-09-22","38.8701","-100.9627","874.8","OAKLEY 19 SSW, KS US","  67.1","24","9999.9"," 0","9999.9"," 0","999.9"," 0","999.9"," 0","999.9"," 0","999.9","999.9","  86.2"," ","  49.1"," "," 0.00","G","999.9","000000"
"99999903067","2020-09-23","38.8701","-100.9627","874.8","OAKLEY 19 SSW, KS US","  66.5","24","9999.9"," 0","9999.9"," 0","999.9"," 0","999.9"," 0","999.9"," 0","999.9","999.9","  87.1"," ","  54.9"," "," 0.01","G","999.9","000000"
"99999903067","2020-09-24","38.8701","-100.9627","874.8","OAKLEY 19 SSW, KS US","  72.1","24","9999.9"," 0","9999.9"," 0","999.9"," 0","999.9"," 0","999.9"," 0","999.9","999.9","  93.9"," ","  53.1"," "," 0.00","G","999.9","000000"
"99999903067","2020-09-25","38.8701","-100.9627","874.8","OAKLEY 19 SSW, KS US","  71.5","24","9999.9"," 0","9999.9"," 0","999.9"," 0","999.9"," 0","999.9"," 0","999.9","999.9","  96.4"," ","  48.2"," "," 0.00","G","999.9","000000"
"99999903067","2020-09-26","38.8701","-100.9627","874.8","OAKLEY 19 SSW, KS US","  73.0","24","9999.9"," 0","9999.9"," 0","999.9"," 0","999.9"," 0","999.9"," 0","999.9","999.9","  95.5"," ","  54.7"," "," 0.00","G","999.9","000000"
"99999903067","2020-09-27","38.8701","-100.9627","874.8","OAKLEY 19 SSW, KS US","  63.7","24","9999.9"," 0","9999.9"," 0","999.9"," 0","999.9"," 0","999.9"," 0","999.9","999.9","  88.2"," ","  52.9","*"," 0.00","G","999.9","000000"
"99999903067","2020-09-28","38.8701","-100.9627","874.8","OAKLEY 19 SSW, KS US","  53.7","24","9999.9"," 0","9999.9"," 0","999.9"," 0","999.9"," 0","999.9"," 0","999.9","999.9","  67.8"," ","  41.9"," "," 0.01","G","999.9","000000"
"99999903067","2020-09-29","38.8701","-100.9627","874.8","OAKLEY 19 SSW, KS US","  54.0","24","9999.9"," 0","9999.9"," 0","999.9"," 0","999.9"," 0","999.9"," 0","999.9","999.9","  83.7"," ","  35.2"," "," 0.01","G","999.9","000000"
"99999903067","2020-09-30","38.8701","-100.9627","874.8","OAKLEY 19 SSW, KS US","  62.2","24","9999.9"," 0","9999.9"," 0","999.9"," 0","999.9"," 0","999.9"," 0","999.9","999.9","  83.3"," ","  44.2"," "," 0.01","G","999.9","000000"
"99999903067","2020-10-01","38.8701","-100.9627","874.8","OAKLEY 19 SSW, KS US","  53.2","24","9999.9"," 0","9999.9"," 0","999.9"," 0","999.9"," 0","999.9"," 0","999.9","999.9","  74.3"," ","  36.3"," "," 0.01","G","999.9","000000"
"99999903067","2020-10-02","38.8701","-100.9627","874.8","OAKLEY 19 SSW, KS US","  53.1","24","9999.9"," 0","9999.9"," 0","999.9"," 0","999.9"," 0","999.9"," 0","999.9","999.9","  77.5"," ","  37.9"," "," 0.00","G","999.9","000000"
"99999903067","2020-10-03","38.8701","-100.9627","874.8","OAKLEY 19 SSW, KS US","  57.2","24","9999.9"," 0","9999.9"," 0","999.9"," 0","999.9"," 0","999.9"," 0","999.9","999.9","  77.0"," ","  43.3"," "," 0.01","G","999.9","000000"
"99999903067","2020-10-04","38.8701","-100.9627","874.8","OAKLEY 19 SSW, KS US","  55.8","24","9999.9"," 0","9999.9"," 0","999.9"," 0","999.9"," 0","999.9"," 0","999.9","999.9","  82.6"," ","  34.9"," "," 0.00","G","999.9","000000"
"99999903067","2020-10-05","38.8701","-100.9627","874.8","OAKLEY 19 SSW, KS US","  65.1","24","9999.9"," 0","9999.9"," 0","999.9"," 0","999.9"," 0","999.9"," 0","999.9","999.9","  91.6"," ","  47.8"," "," 0.00","G","999.9","000000"
"99999903067","2020-10-06","38.8701","-100.9627","874.8","OAKLEY 19 SSW, KS US","  65.4","24","9999.9"," 0","9999.9"," 0","999.9"," 0","999.9"," 0","999.9"," 0","999.9","999.9","  88.3"," ","  42.6"," "," 0.00","G","999.9","000000"
"99999903067","2020-10-07","38.8701","-100.9627","874.8","OAKLEY 19 SSW, KS US","  68.9","24","9999.9"," 0","9999.9"," 0","999.9"," 0","999.9"," 0","999.9"," 0","999.9","999.9","  91.4"," ","  44.8"," "," 0.00","G","999.9","000000"
"99999903067","2020-10-08","38.8701","-100.9627","874.8","OAKLEY 19 SSW, KS US","  66.0","24","9999.9"," 0","9999.9"," 0","999.9"," 0","999.9"," 0","999.9"," 0","999.9","999.9","  91.4"," ","  42.4"," "," 0.00","G","999.9","000000"
"99999903067","2020-10-09","38.8701","-100.9627","874.8","OAKLEY 19 SSW, KS US","  69.1","24","9999.9"," 0","9999.9"," 0","999.9"," 0","999.9"," 0","999.9"," 0","999.9","999.9","  93.0"," ","  44.2"," "," 0.00","G","999.9","000000"
"99999903067","2020-10-10","38.8701","-100.9627","874.8","OAKLEY 19 SSW, KS US","  64.9","24","9999.9"," 0","9999.9"," 0","999.9"," 0","999.9"," 0","999.9"," 0","999.9","999.9","  90.9"," ","  44.2"," "," 0.01","G","999.9","000000"
"99999903067","2020-10-11","38.8701","-100.9627","874.8","OAKLEY 19 SSW, KS US","  68.6","24","9999.9"," 0","9999.9"," 0","999.9"," 0","999.9"," 0","999.9"," 0","999.9","999.9","  92.8"," ","  55.6"," "," 0.00","G","999.9","000000"
"99999903067","2020-10-12","38.8701","-100.9627","874.8","OAKLEY 19 SSW, KS US","  54.7","24","9999.9"," 0","9999.9"," 0","999.9"," 0","999.9"," 0","999.9"," 0","999.9","999.9","  79.0"," ","  33.4","*"," 0.01","G","999.9","000000"
"99999903067","2020-10-13","38.8701","-100.9627","874.8","OAKLEY 19 SSW, KS US","  59.5","24","9999.9"," 0","9999.9"," 0","999.9"," 0","999.9"," 0","999.9"," 0","999.9","999.9","  74.3"," ","  40.1"," "," 0.00","G","999.9","000000"
"99999903067","2020-10-14","38.8701","-100.9627","874.8","OAKLEY 19 SSW, KS US","  59.5","24","9999.9"," 0","9999.9"," 0","999.9"," 0","999.9"," 0","999.9"," 0","999.9","999.9","  75.9"," ","  42.6"," "," 0.00","G","999.9","000000"
"99999903067","2020-10-15","38.8701","-100.9627","874.8","OAKLEY 19 SSW, KS US","  49.4","24","9999.9"," 0","9999.9"," 0","999.9"," 0","999.9"," 0","999.9"," 0","999.9","999.9","  67.5"," ","  41.5"," "," 0.00","G","999.9","000000"
"99999903067","2020-10-16","38.8701","-100.9627","874.8","OAKLEY 19 SSW, KS US","  49.7","24","9999.9"," 0","9999.9"," 0","999.9"," 0","999.9"," 0","999.9"," 0","999.9","999.9","  66.9"," ","  37.6"," "," 0.00","G","999.9","000000"
"99999903067","2020-10-17","38.8701","-100.9627","874.8","OAKLEY 19 SSW, KS US","  55.7","24","9999.9"," 0","9999.9"," 0","999.9"," 0","999.9"," 0","999.9"," 0","999.9","999.9","  73.6"," ","  36.9"," "," 0.00","G","999.9","000000"
"99999903067","2020-10-18","38.8701","-100.9627","874.8","OAKLEY 19 SSW, KS US","  44.5","24","9999.9"," 0","9999.9"," 0","999.9"," 0","999.9"," 0","999.9"," 0","999.9","999.9","  72.0"," ","  33.3"," "," 0.00","G","999.9","000000"
"99999903067","2020-10-19","38.8701","-100.9627","874.8","OAKLEY 19 SSW, KS US","  43.2","24","9999.9"," 0","9999.9"," 0","999.9"," 0","999.9"," 0","999.9"," 0","999.9","999.9","  53.6"," ","  38.8"," "," 0.00","G","999.9","000000"
"99999903067","2020-10-20","38.8701","-100.9627","874.8","OAKLEY 19 SSW, KS US","  43.6","24","9999.9"," 0","9999.9"," 0","999.9"," 0","999.9"," 0","999.9"," 0","999.9","999.9","  66.2"," ","  31.5"," "," 0.00","G","999.9","000000"
"99999903067","2020-10-21","38.8701","-100.9627","874.8","OAKLEY 19 SSW, KS US","  46.7","24","9999.9"," 0","9999.9"," 0","999.9"," 0","999.9"," 0","999.9"," 0","999.9","999.9","  64.6"," ","  37.0"," "," 0.00","G","999.9","000000"
"99999903067","2020-10-22","38.8701","-100.9627","874.8","OAKLEY 19 SSW, KS US","  48.0","24","9999.9"," 0","9999.9"," 0","999.9"," 0","999.9"," 0","999.9"," 0","999.9","999.9","  53.8"," ","  42.3","*"," 0.05","G","999.9","000000"
"99999903067","2020-10-23","38.8701","-100.9627","874.8","OAKLEY 19 SSW, KS US","  33.8","24","9999.9"," 0","9999.9"," 0","999.9"," 0","999.9"," 0","999.9"," 0","999.9","999.9","  43.9"," ","  29.7"," "," 0.00","G","999.9","000000"
"99999903067","2020-10-24","38.8701","-100.9627","874.8","OAKLEY 19 SSW, KS US","  28.9","24","9999.9"," 0","9999.9"," 0","999.9"," 0","999.9"," 0","999.9"," 0","999.9","999.9","  50.0"," ","  16.9"," "," 0.00","G","999.9","000000"
"99999903067","2020-10-25","38.8701","-100.9627","874.8","OAKLEY 19 SSW, KS US","  29.8","24","9999.9"," 0","9999.9"," 0","999.9"," 0","999.9"," 0","999.9"," 0","999.9","999.9","  48.0"," ","  24.3","*"," 0.00","G","999.9","000000"
"99999903067","2020-10-26","38.8701","-100.9627","874.8","OAKLEY 19 SSW, KS US","  18.1","24","9999.9"," 0","9999.9"," 0","999.9"," 0","999.9"," 0","999.9"," 0","999.9","999.9","  25.3"," ","  14.0"," "," 0.03","G","999.9","000000"
"99999903067","2020-10-27","38.8701","-100.9627","874.8","OAKLEY 19 SSW, KS US","  16.4","24","9999.9"," 0","9999.9"," 0","999.9"," 0","999.9"," 0","999.9"," 0","999.9","999.9","  34.7"," ","   5.7"," "," 0.08","G","999.9","000000"
"99999903067","2020-10-28","38.8701","-100.9627","874.8","OAKLEY 19 SSW, KS US","  30.7","24","9999.9"," 0","9999.9"," 0","999.9"," 0","999.9"," 0","999.9"," 0","999.9","999.9","  44.8"," ","  19.2"," "," 0.00","G","999.9","000000"
"99999903067","2020-10-29","38.8701","-100.9627","874.8","OAKLEY 19 SSW, KS US","  43.1","24","9999.9"," 0","9999.9"," 0","999.9"," 0","999.9"," 0","999.9"," 0","999.9","999.9","  63.5"," ","  29.5"," "," 0.00","G","999.9","000000"
"99999903067","2020-10-30","38.8701","-100.9627","874.8","OAKLEY 19 SSW, KS US","  49.5","24","9999.9"," 0","9999.9"," 0","999.9"," 0","999.9"," 0","999.9"," 0","999.9","999.9","  73.9"," ","  31.5"," "," 0.00","G","999.9","000000"
"99999903067","2020-10-31","38.8701","-100.9627","874.8","OAKLEY 19 SSW, KS US","  50.1","24","9999.9"," 0","9999.9"," 0","999.9"," 0","999.9"," 0","999.9"," 0","999.9","999.9","  67.6"," ","  30.0"," "," 0.00","G","999.9","000000"
"99999903067","2020-11-01","38.8701","-100.9627","874.8","OAKLEY 19 SSW, KS US","  42.2","24","9999.9"," 0","9999.9"," 0","999.9"," 0","999.9"," 0","999.9"," 0","999.9","999.9","  63.1"," ","  23.9"," "," 0.00","G","999.9","000000"
"99999903067","2020-11-02","38.8701","-100.9627","874.8","OAKLEY 19 SSW, KS US","  48.4","24","9999.9"," 0","9999.9"," 0","999.9"," 0","999.9"," 0","999.9"," 0","999.9","999.9","9999.9"," ","  27.0"," "," 0.00","G","999.9","000000"
"99999903067","2020-11-03","38.8701","-100.9627","874.8","OAKLEY 19 SSW, KS US","  54.2","24","9999.9"," 0","9999.9"," 0","999.9"," 0","999.9"," 0","999.9"," 0","999.9","999.9","  82.4"," ","  31.3"," "," 0.00","G","999.9","000000"
"99999903067","2020-11-04","38.8701","-100.9627","874.8","OAKLEY 19 SSW, KS US","  59.2","24","9999.9"," 0","9999.9"," 0","999.9"," 0","999.9"," 0","999.9"," 0","999.9","999.9","  84.9"," ","  38.3"," "," 0.00","G","999.9","000000"
"99999903067","2020-11-05","38.8701","-100.9627","874.8","OAKLEY 19 SSW, KS US","  56.5","24","9999.9"," 0","9999.9"," 0","999.9"," 0","999.9"," 0","999.9"," 0","999.9","999.9","  79.7"," ","  39.0"," "," 0.00","G","999.9","000000"
"99999903067","2020-11-06","38.8701","-100.9627","874.8","OAKLEY 19 SSW, KS US","  58.5","24","9999.9"," 0","9999.9"," 0","999.9"," 0","999.9"," 0","999.9"," 0","999.9","999.9","  84.0"," ","  38.7"," "," 0.00","G","999.9","000000"
"99999903067","2020-11-07","38.8701","-100.9627","874.8","OAKLEY 19 SSW, KS US","  62.9","24","9999.9"," 0","9999.9"," 0","999.9"," 0","999.9"," 0","999.9"," 0","999.9","999.9","  76.3"," ","  49.8"," "," 0.00","G","999.9","000000"
"99999903067","2020-11-08","38.8701","-100.9627","874.8","OAKLEY 19 SSW, KS US","  63.1","24","9999.9"," 0","9999.9"," 0","999.9"," 0","999.9"," 0","999.9"," 0","999.9","999.9","  76.8"," ","  52.9"," "," 0.00","G","999.9","000000"
"99999903067","2020-11-09","38.8701","-100.9627","874.8","OAKLEY 19 SSW, KS US","  54.6","24","9999.9"," 0","9999.9"," 0","999.9"," 0","999.9"," 0","999.9"," 0","999.9","999.9","  74.1"," ","  32.7","*"," 0.00","G","999.9","000000"
"99999903067","2020-11-10","38.8701","-100.9627","874.8","OAKLEY 19 SSW, KS US","  34.4","24","9999.9"," 0","9999.9"," 0","999.9"," 0","999.9"," 0","999.9"," 0","999.9","999.9","  48.0"," ","  24.4"," "," 0.00","G","999.9","000000"
"99999903067","2020-11-11","38.8701","-100.9627","874.8","OAKLEY 19 SSW, KS US","  32.5","24","9999.9"," 0","9999.9"," 0","999.9"," 0","999.9"," 0","999.9"," 0","999.9","999.9","  52.3"," ","  15.8"," "," 0.00","G","999.9","000000"
"99999903067","2020-11-12","38.8701","-100.9627","874.8","OAKLEY 19 SSW, KS US","  33.1","24","9999.9"," 0","9999.9"," 0","999.9"," 0","999.9"," 0","999.9"," 0","999.9","999.9","  49.3"," ","  17.1"," "," 0.00","G","999.9","000000"
"99999903067","2020-11-13","38.8701","-100.9627","874.8","OAKLEY 19 SSW, KS US","  30.6","24","9999.9"," 0","9999.9"," 0","999.9"," 0","999.9"," 0","999.9"," 0","999.9","999.9","  58.5"," ","  12.7"," "," 0.00","G","999.9","000000"
"99999903067","2020-11-14","38.8701","-100.9627","874.8","OAKLEY 19 SSW, KS US","  41.5","24","9999.9"," 0","9999.9"," 0","999.9"," 0","999.9"," 0","999.9"," 0","999.9","999.9","  63.5"," ","  25.5"," "," 0.00","G","999.9","000000"
"99999903067","2020-11-15","38.8701","-100.9627","874.8","OAKLEY 19 SSW, KS US","  38.3","24","9999.9"," 0","9999.9"," 0","999.9"," 0","999.9"," 0","999.9"," 0","999.9","999.9","  55.9"," ","  17.8"," "," 0.00","G","999.9","000000"
"99999903067","2020-11-16","38.8701","-100.9627","874.8","OAKLEY 19 SSW, KS US","  44.1","24","9999.9"," 0","9999.9"," 0","999.9"," 0","999.9"," 0","999.9"," 0","999.9","999.9","  65.5"," ","  25.2"," "," 0.00","G","999.9","000000"
"99999903067","2020-11-17","38.8701","-100.9627","874.8","OAKLEY 19 SSW, KS US","  46.5","24","9999.9"," 0","9999.9"," 0","999.9"," 0","999.9"," 0","999.9"," 0","999.9","999.9","  73.0"," ","  27.0"," "," 0.00","G","999.9","000000"
"99999903067","2020-11-18","38.8701","-100.9627","874.8","OAKLEY 19 SSW, KS US","  52.6","24","9999.9"," 0","9999.9"," 0","999.9"," 0","999.9"," 0","999.9"," 0","999.9","999.9","  81.1"," ","  31.3"," "," 0.00","G","999.9","000000"
"99999903067","2020-11-19","38.8701","-100.9627","874.8","OAKLEY 19 SSW, KS US","  57.6","24","9999.9"," 0","9999.9"," 0","999.9"," 0","999.9"," 0","999.9"," 0","999.9","999.9","  74.1"," ","  36.3"," "," 0.00","G","999.9","000000"
"99999903067","2020-11-20","38.8701","-100.9627","874.8","OAKLEY 19 SSW, KS US","  49.5","24","9999.9"," 0","9999.9"," 0","999.9"," 0","999.9"," 0","999.9"," 0","999.9","999.9","  66.9"," ","  31.8"," "," 0.00","G","999.9","000000"
"99999903067","2020-11-21","38.8701","-100.9627","874.8","OAKLEY 19 SSW, KS US","  43.3","24","9999.9"," 0","9999.9"," 0","999.9"," 0","999.9"," 0","999.9"," 0","999.9","999.9","  54.1"," ","  37.9"," "," 0.00","G","999.9","000000"
"99999903067","2020-11-22","38.8701","-100.9627","874.8","OAKLEY 19 SSW, KS US","  39.7","24","9999.9"," 0","9999.9"," 0","999.9"," 0","999.9"," 0","999.9"," 0","999.9","999.9","  51.1"," ","  26.8"," "," 0.00","G","999.9","000000"
"99999903067","2020-11-23","38.8701","-100.9627","874.8","OAKLEY 19 SSW, KS US","  44.1","24","9999.9"," 0","9999.9"," 0","999.9"," 0","999.9"," 0","999.9"," 0","999.9","999.9","  61.9"," ","  29.1"," "," 0.00","G","999.9","000000"
"99999903067","2020-11-24","38.8701","-100.9627","874.8","OAKLEY 19 SSW, KS US","  46.9","24","9999.9"," 0","9999.9"," 0","999.9"," 0","999.9"," 0","999.9"," 0","999.9","999.9","  57.4"," ","  37.6"," "," 0.00","G","999.9","000000"
"99999903067","2020-11-25","38.8701","-100.9627","874.8","OAKLEY 19 SSW, KS US","  37.7","24","9999.9"," 0","9999.9"," 0","999.9"," 0","999.9"," 0","999.9"," 0","999.9","999.9","  58.1"," ","  19.2"," "," 0.00","G","999.9","000000"
"99999903067","2020-11-26","38.8701","-100.9627","874.8","OAKLEY 19 SSW, KS US","  37.3","24","9999.9"," 0","9999.9"," 0","999.9"," 0","999.9"," 0","999.9"," 0","999.9","999.9","  52.2"," ","  21.4"," "," 0.00","G","999.9","000000"
"99999903067","2020-11-27","38.8701","-100.9627","874.8","OAKLEY 19 SSW, KS US","  32.1","24","9999.9"," 0","9999.9"," 0","999.9"," 0","999.9"," 0","999.9"," 0","999.9","999.9","  51.1"," ","  20.5"," "," 0.00","G","999.9","000000"
"99999903067","2020-11-28","38.8701","-100.9627","874.8","OAKLEY 19 SSW, KS US","  35.6","24","9999.9"," 0","9999.9"," 0","999.9"," 0","999.9"," 0","999.9"," 0","999.9","999.9","  59.0"," ","  17.2"," "," 0.00","G","999.9","000000"
"99999903067","2020-11-29","38.8701","-100.9627","874.8","OAKLEY 19 SSW, KS US","  36.1","24","9999.9"," 0","9999.9"," 0","999.9"," 0","999.9"," 0","999.9"," 0","999.9","999.9","  49.6"," ","  23.0"," "," 0.00","G","999.9","000000"
"99999903067","2020-11-30","38.8701","-100.9627","874.8","OAKLEY 19 SSW, KS US","  22.9","24","9999.9"," 0","9999.9"," 0","999.9"," 0","999.9"," 0","999.9"," 0","999.9","999.9","9999.9"," ","   0.9"," "," 0.00","G","999.9","000000"
"99999903067","2020-12-01","38.8701","-100.9627","874.8","OAKLEY 19 SSW, KS US","  32.9","24","9999.9"," 0","9999.9"," 0","999.9"," 0","999.9"," 0","999.9"," 0","999.9","999.9","  53.1"," ","  17.6"," "," 0.00","G","999.9","000000"
"99999903067","2020-12-02","38.8701","-100.9627","874.8","OAKLEY 19 SSW, KS US","  35.4","24","9999.9"," 0","9999.9"," 0","999.9"," 0","999.9"," 0","999.9"," 0","999.9","999.9","  46.6"," ","  31.3"," "," 0.00","G","999.9","000000"
"99999903067","2020-12-03","38.8701","-100.9627","874.8","OAKLEY 19 SSW, KS US","  32.4","24","9999.9"," 0","9999.9"," 0","999.9"," 0","999.9"," 0","999.9"," 0","999.9","999.9","  45.0"," ","  20.7"," "," 0.00","G","999.9","000000"
"99999903067","2020-12-04","38.8701","-100.9627","874.8","OAKLEY 19 SSW, KS US","  32.7","24","9999.9"," 0","9999.9"," 0","999.9"," 0","999.9"," 0","999.9"," 0","999.9","999.9","  60.4"," ","  18.5"," "," 0.00","G","999.9","000000"
"99999903067","2020-12-05","38.8701","-100.9627","874.8","OAKLEY 19 SSW, KS US","  39.8","24","9999.9"," 0","9999.9"," 0","999.9"," 0","999.9"," 0","999.9"," 0","999.9","999.9","  59.4"," ","  26.8"," "," 0.00","G","999.9","000000"
"99999903067","2020-12-06","38.8701","-100.9627","874.8","OAKLEY 19 SSW, KS US","  35.3","24","9999.9"," 0","9999.9"," 0","999.9"," 0","999.9"," 0","999.9"," 0","999.9","999.9","  57.2"," ","  20.1"," "," 0.00","G","999.9","000000"
"99999903067","2020-12-07","38.8701","-100.9627","874.8","OAKLEY 19 SSW, KS US","  38.8","24","9999.9"," 0","9999.9"," 0","999.9"," 0","999.9"," 0","999.9"," 0","999.9","999.9","  62.4"," ","  24.1"," "," 0.00","G","999.9","000000"
"99999903067","2020-12-08","38.8701","-100.9627","874.8","OAKLEY 19 SSW, KS US","  39.5","24","9999.9"," 0","9999.9"," 0","999.9"," 0","999.9"," 0","999.9"," 0","999.9","999.9","  68.9"," ","  22.6"," "," 0.00","G","999.9","000000"
"99999903067","2020-12-09","38.8701","-100.9627","874.8","OAKLEY 19 SSW, KS US","  44.5","24","9999.9"," 0","9999.9"," 0","999.9"," 0","999.9"," 0","999.9"," 0","999.9","999.9","  70.0"," ","  29.5"," "," 0.00","G","999.9","000000"
"99999903067","2020-12-10","38.8701","-100.9627","874.8","OAKLEY 19 SSW, KS US","  37.9","24","9999.9"," 0","9999.9"," 0","999.9"," 0","999.9"," 0","999.9"," 0","999.9","999.9","  66.7"," ","  19.9"," "," 0.00","G","999.9","000000"
"99999903067","2020-12-11","38.8701","-100.9627","874.8","OAKLEY 19 SSW, KS US","  33.0","24","9999.9"," 0","9999.9"," 0","999.9"," 0","999.9"," 0","999.9"," 0","999.9","999.9","  42.8"," ","  30.0"," "," 0.01","G","999.9","000000"
"99999903067","2020-12-12","38.8701","-100.9627","874.8","OAKLEY 19 SSW, KS US","  28.8","24","9999.9"," 0","9999.9"," 0","999.9"," 0","999.9"," 0","999.9"," 0","999.9","999.9","  31.3"," ","  24.3"," "," 0.09","G","999.9","000000"
"99999903067","2020-12-13","38.8701","-100.9627","874.8","OAKLEY 19 SSW, KS US","  26.8","24","9999.9"," 0","9999.9"," 0","999.9"," 0","999.9"," 0","999.9"," 0","999.9","999.9","  34.2"," ","  13.3"," "," 0.04","G","999.9","000000"
"99999903067","2020-12-14","38.8701","-100.9627","874.8","OAKLEY 19 SSW, KS US","  19.0","24","9999.9"," 0","9999.9"," 0","999.9"," 0","999.9"," 0","999.9"," 0","999.9","999.9","  31.5"," ","   4.1"," "," 0.02","G","999.9","000000"
"99999903067","2020-12-15","38.8701","-100.9627","874.8","OAKLEY 19 SSW, KS US","  25.3","24","9999.9"," 0","9999.9"," 0","999.9"," 0","999.9"," 0","999.9"," 0","999.9","999.9","  28.9"," ","  21.9","*"," 0.00","G","999.9","000000"
"99999903067","2020-12-16","38.8701","-100.9627","874.8","OAKLEY 19 SSW, KS US","  18.6","24","9999.9"," 0","9999.9"," 0","999.9"," 0","999.9"," 0","999.9"," 0","999.9","999.9","  41.5"," ","   3.7"," "," 0.11","G","999.9","000000"
"99999903067","2020-12-17","38.8701","-100.9627","874.8","OAKLEY 19 SSW, KS US","  29.6","24","9999.9"," 0","9999.9"," 0","999.9"," 0","999.9"," 0","999.9"," 0","999.9","999.9","  48.7"," ","  15.8"," "," 0.00","G","999.9","000000"
"99999903067","2020-12-18","38.8701","-100.9627","874.8","OAKLEY 19 SSW, KS US","  36.6","24","9999.9"," 0","9999.9"," 0","999.9"," 0","999.9"," 0","999.9"," 0","999.9","999.9","  46.8"," ","  25.0"," "," 0.00","G","999.9","000000"
"99999903067","2020-12-19","38.8701","-100.9627","874.8","OAKLEY 19 SSW, KS US","  31.9","24","9999.9"," 0","9999.9"," 0","999.9"," 0","999.9"," 0","999.9"," 0","999.9","999.9","  48.9"," ","  19.0"," "," 0.00","G","999.9","000000"
"99999903067","2020-12-20","38.8701","-100.9627","874.8","OAKLEY 19 SSW, KS US","  36.8","24","9999.9"," 0","9999.9"," 0","999.9"," 0","999.9"," 0","999.9"," 0","999.9","999.9","  54.9"," ","  26.8"," "," 0.00","G","999.9","000000"
"99999903067","2020-12-21","38.8701","-100.9627","874.8","OAKLEY 19 SSW, KS US","  40.0","24","9999.9"," 0","9999.9"," 0","999.9"," 0","999.9"," 0","999.9"," 0","999.9","999.9","  57.0"," ","  27.5"," "," 0.00","G","999.9","000000"
"99999903067","2020-12-22","38.8701","-100.9627","874.8","OAKLEY 19 SSW, KS US","  41.9","24","9999.9"," 0","9999.9"," 0","999.9"," 0","999.9"," 0","999.9"," 0","999.9","999.9","  64.0"," ","  29.5"," "," 0.00","G","999.9","000000"
"99999903067","2020-12-23","38.8701","-100.9627","874.8","OAKLEY 19 SSW, KS US","  36.8","24","9999.9"," 0","9999.9"," 0","999.9"," 0","999.9"," 0","999.9"," 0","999.9","999.9","  57.0"," ","  23.4","*"," 0.00","G","999.9","000000"
"99999903067","2020-12-24","38.8701","-100.9627","874.8","OAKLEY 19 SSW, KS US","  26.4","24","9999.9"," 0","9999.9"," 0","999.9"," 0","999.9"," 0","999.9"," 0","999.9","999.9","  47.5"," ","  10.4"," "," 0.00","G","999.9","000000"
"99999903067","2020-12-25","38.8701","-100.9627","874.8","OAKLEY 19 SSW, KS US","  37.5","24","9999.9"," 0","9999.9"," 0","999.9"," 0","999.9"," 0","999.9"," 0","999.9","999.9","  64.8"," ","  24.1"," "," 0.00","G","999.9","000000"
"99999903067","2020-12-26","38.8701","-100.9627","874.8","OAKLEY 19 SSW, KS US","  37.7","24","9999.9"," 0","9999.9"," 0","999.9"," 0","999.9"," 0","999.9"," 0","999.9","999.9","  61.9"," ","  20.8"," "," 0.00","G","999.9","000000"
"99999903067","2020-12-27","38.8701","-100.9627","874.8","OAKLEY 19 SSW, KS US","  40.1","24","9999.9"," 0","9999.9"," 0","999.9"," 0","999.9"," 0","999.9"," 0","999.9","999.9","  56.1"," ","  23.5"," "," 0.00","G","999.9","000000"
"99999903067","2020-12-28","38.8701","-100.9627","874.8","OAKLEY 19 SSW, KS US","  31.4","24","9999.9"," 0","9999.9"," 0","999.9"," 0","999.9"," 0","999.9"," 0","999.9","999.9","  44.8"," ","  23.5"," "," 0.00","G","999.9","000000"
"99999903067","2020-12-29","38.8701","-100.9627","874.8","OAKLEY 19 SSW, KS US","  29.3","24","9999.9"," 0","9999.9"," 0","999.9"," 0","999.9"," 0","999.9"," 0","999.9","999.9","  35.6"," ","  26.6"," "," 0.03","G","999.9","000000"
"99999903067","2020-12-30","38.8701","-100.9627","874.8","OAKLEY 19 SSW, KS US","  27.3","24","9999.9"," 0","9999.9"," 0","999.9"," 0","999.9"," 0","999.9"," 0","999.9","999.9","  41.2"," ","  12.0"," "," 0.04","G","999.9","000000"
"99999903067","2020-12-31","38.8701","-100.9627","874.8","OAKLEY 19 SSW, KS US","  27.9","24","9999.9"," 0","9999.9"," 0","999.9"," 0","999.9"," 0","999.9"," 0","999.9","999.9","  47.5"," ","  12.6"," "," 0.00","G","999.9","000000"
